[{"RN": 1, "QY_ID": "002105291239451908", "QY_ORG_CODE": "91110102754193662F", "QY_NAME": "北京国电德安电力工程有限公司", "QY_FR_NAME": "任胜军", "QY_REGION": "110000", "QY_REGION_NAME": "北京市", "OLD_CODE": "754193662", "COLLECT_TIME": 1622263196000, "QY_SRC_TYPE": "0", "hub_crawl_status": 0}, {"RN": 2, "QY_ID": "002105291241587484", "QY_ORG_CODE": "911100001000114958", "QY_NAME": "中国华电科工集团有限公司", "QY_FR_NAME": "文端超", "QY_REGION": "110000", "QY_REGION_NAME": "北京市", "OLD_CODE": "100011495", "COLLECT_TIME": 1622263277000, "QY_SRC_TYPE": "0", "hub_crawl_status": 0}]