[{"catName": "采购公告", "catNameCode": "001011,001012,001013,001014,001016,001019", "purchaseName": "公开招标", "purchaseCode": "1", "count": 9368}, {"catName": "采购公告", "catNameCode": "001011,001012,001013,001014,001016,001019", "purchaseName": "邀请招标", "purchaseCode": "2", "count": 13}, {"catName": "采购公告", "catNameCode": "001011,001012,001013,001014,001016,001019", "purchaseName": "竞争性谈判", "purchaseCode": "3", "count": 4813}, {"catName": "采购公告", "catNameCode": "001011,001012,001013,001014,001016,001019", "purchaseName": "询价", "purchaseCode": "4", "count": 590}, {"catName": "采购公告", "catNameCode": "001011,001012,001013,001014,001016,001019", "purchaseName": "单一来源", "purchaseCode": "5", "count": 0}, {"catName": "采购公告", "catNameCode": "001011,001012,001013,001014,001016,001019", "purchaseName": "竞争性磋商", "purchaseCode": "6", "count": 14550}, {"catName": "采购公告", "catNameCode": "001011,001012,001013,001014,001016,001019", "purchaseName": "其他", "purchaseCode": "9", "count": 0}, {"catName": "结果公告", "catNameCode": "001021,001022,001023,001024,001025,001026,001029,001006", "purchaseName": "公开招标", "purchaseCode": "1", "count": 9728}, {"catName": "结果公告", "catNameCode": "001021,001022,001023,001024,001025,001026,001029,001006", "purchaseName": "邀请招标", "purchaseCode": "2", "count": 32}, {"catName": "结果公告", "catNameCode": "001021,001022,001023,001024,001025,001026,001029,001006", "purchaseName": "竞争性谈判", "purchaseCode": "3", "count": 4934}, {"catName": "结果公告", "catNameCode": "001021,001022,001023,001024,001025,001026,001029,001006", "purchaseName": "询价", "purchaseCode": "4", "count": 620}, {"catName": "结果公告", "catNameCode": "001021,001022,001023,001024,001025,001026,001029,001006", "purchaseName": "单一来源", "purchaseCode": "5", "count": 1470}, {"catName": "结果公告", "catNameCode": "001021,001022,001023,001024,001025,001026,001029,001006", "purchaseName": "竞争性磋商", "purchaseCode": "6", "count": 14790}, {"catName": "结果公告", "catNameCode": "001021,001022,001023,001024,001025,001026,001029,001006", "purchaseName": "其他", "purchaseCode": "9", "count": 0}, {"catName": "更正公告", "catNameCode": "001031,001032", "purchaseName": "公开招标", "purchaseCode": "1", "count": 3446}, {"catName": "更正公告", "catNameCode": "001031,001032", "purchaseName": "邀请招标", "purchaseCode": "2", "count": 3}, {"catName": "更正公告", "catNameCode": "001031,001032", "purchaseName": "竞争性谈判", "purchaseCode": "3", "count": 959}, {"catName": "更正公告", "catNameCode": "001031,001032", "purchaseName": "询价", "purchaseCode": "4", "count": 102}, {"catName": "更正公告", "catNameCode": "001031,001032", "purchaseName": "单一来源", "purchaseCode": "5", "count": 47}, {"catName": "更正公告", "catNameCode": "001031,001032", "purchaseName": "竞争性磋商", "purchaseCode": "6", "count": 2952}, {"catName": "更正公告", "catNameCode": "001031,001032", "purchaseName": "其他", "purchaseCode": "9", "count": 0}, {"catName": "终止公告", "catNameCode": "001004,001006", "purchaseName": "公开招标", "purchaseCode": "1", "count": 118}, {"catName": "终止公告", "catNameCode": "001004,001006", "purchaseName": "邀请招标", "purchaseCode": "2", "count": 1}, {"catName": "终止公告", "catNameCode": "001004,001006", "purchaseName": "竞争性谈判", "purchaseCode": "3", "count": 54}, {"catName": "终止公告", "catNameCode": "001004,001006", "purchaseName": "询价", "purchaseCode": "4", "count": 6}, {"catName": "终止公告", "catNameCode": "001004,001006", "purchaseName": "单一来源", "purchaseCode": "5", "count": 0}, {"catName": "终止公告", "catNameCode": "001004,001006", "purchaseName": "竞争性磋商", "purchaseCode": "6", "count": 76}, {"catName": "终止公告", "catNameCode": "001004,001006", "purchaseName": "其他", "purchaseCode": "9", "count": 0}, {"catName": "其他", "catNameCode": "001053,001052,00105B", "purchaseName": "公开招标", "purchaseCode": "1", "count": 2}, {"catName": "其他", "catNameCode": "001053,001052,00105B", "purchaseName": "邀请招标", "purchaseCode": "2", "count": 0}, {"catName": "其他", "catNameCode": "001053,001052,00105B", "purchaseName": "竞争性谈判", "purchaseCode": "3", "count": 0}, {"catName": "其他", "catNameCode": "001053,001052,00105B", "purchaseName": "询价", "purchaseCode": "4", "count": 0}, {"catName": "其他", "catNameCode": "001053,001052,00105B", "purchaseName": "单一来源", "purchaseCode": "5", "count": 0}, {"catName": "其他", "catNameCode": "001053,001052,00105B", "purchaseName": "竞争性磋商", "purchaseCode": "6", "count": 0}, {"catName": "其他", "catNameCode": "001053,001052,00105B", "purchaseName": "其他", "purchaseCode": "9", "count": 0}, {"catName": "采购前公示", "catNameCode": "001051,00105F", "purchaseName": "公开招标", "purchaseCode": "1", "count": 0}, {"catName": "采购前公示", "catNameCode": "001051,00105F", "purchaseName": "邀请招标", "purchaseCode": "2", "count": 0}, {"catName": "采购前公示", "catNameCode": "001051,00105F", "purchaseName": "竞争性谈判", "purchaseCode": "3", "count": 0}, {"catName": "采购前公示", "catNameCode": "001051,00105F", "purchaseName": "询价", "purchaseCode": "4", "count": 0}, {"catName": "采购前公示", "catNameCode": "001051,00105F", "purchaseName": "单一来源", "purchaseCode": "5", "count": 226}, {"catName": "采购前公示", "catNameCode": "001051,00105F", "purchaseName": "竞争性磋商", "purchaseCode": "6", "count": 0}, {"catName": "采购前公示", "catNameCode": "001051,00105F", "purchaseName": "其他", "purchaseCode": "9", "count": 0}, {"catName": "意向公开", "catNameCode": "59,5E", "purchaseName": "公开招标", "purchaseCode": "1", "count": 0}, {"catName": "意向公开", "catNameCode": "59,5E", "purchaseName": "邀请招标", "purchaseCode": "2", "count": 0}, {"catName": "意向公开", "catNameCode": "59,5E", "purchaseName": "竞争性谈判", "purchaseCode": "3", "count": 0}, {"catName": "意向公开", "catNameCode": "59,5E", "purchaseName": "询价", "purchaseCode": "4", "count": 0}, {"catName": "意向公开", "catNameCode": "59,5E", "purchaseName": "单一来源", "purchaseCode": "5", "count": 0}, {"catName": "意向公开", "catNameCode": "59,5E", "purchaseName": "竞争性磋商", "purchaseCode": "6", "count": 0}, {"catName": "意向公开", "catNameCode": "59,5E", "purchaseName": "其他", "purchaseCode": "9", "count": 0}, {"catName": "合同公示", "catNameCode": "001054,00100B", "purchaseName": "公开招标", "purchaseCode": "1", "count": 20031}, {"catName": "合同公示", "catNameCode": "001054,00100B", "purchaseName": "邀请招标", "purchaseCode": "2", "count": 162}, {"catName": "合同公示", "catNameCode": "001054,00100B", "purchaseName": "竞争性谈判", "purchaseCode": "3", "count": 6663}, {"catName": "合同公示", "catNameCode": "001054,00100B", "purchaseName": "询价", "purchaseCode": "4", "count": 1495}, {"catName": "合同公示", "catNameCode": "001054,00100B", "purchaseName": "单一来源", "purchaseCode": "5", "count": 2855}, {"catName": "合同公示", "catNameCode": "001054,00100B", "purchaseName": "竞争性磋商", "purchaseCode": "6", "count": 22136}, {"catName": "合同公示", "catNameCode": "001054,00100B", "purchaseName": "其他", "purchaseCode": "9", "count": 15172}, {"catName": "履约验收信息", "catNameCode": "00105A,001009,00100C", "purchaseName": "公开招标", "purchaseCode": "1", "count": 22}, {"catName": "履约验收信息", "catNameCode": "00105A,001009,00100C", "purchaseName": "邀请招标", "purchaseCode": "2", "count": 0}, {"catName": "履约验收信息", "catNameCode": "00105A,001009,00100C", "purchaseName": "竞争性谈判", "purchaseCode": "3", "count": 11}, {"catName": "履约验收信息", "catNameCode": "00105A,001009,00100C", "purchaseName": "询价", "purchaseCode": "4", "count": 2}, {"catName": "履约验收信息", "catNameCode": "00105A,001009,00100C", "purchaseName": "单一来源", "purchaseCode": "5", "count": 1}, {"catName": "履约验收信息", "catNameCode": "00105A,001009,00100C", "purchaseName": "竞争性磋商", "purchaseCode": "6", "count": 7}, {"catName": "履约验收信息", "catNameCode": "00105A,001009,00100C", "purchaseName": "其他", "purchaseCode": "9", "count": 8}, {"catName": "中小企业预留份额执行情况公示", "catNameCode": "001062", "purchaseName": "公开招标", "purchaseCode": "1", "count": 0}, {"catName": "中小企业预留份额执行情况公示", "catNameCode": "001062", "purchaseName": "邀请招标", "purchaseCode": "2", "count": 0}, {"catName": "中小企业预留份额执行情况公示", "catNameCode": "001062", "purchaseName": "竞争性谈判", "purchaseCode": "3", "count": 0}, {"catName": "中小企业预留份额执行情况公示", "catNameCode": "001062", "purchaseName": "询价", "purchaseCode": "4", "count": 0}, {"catName": "中小企业预留份额执行情况公示", "catNameCode": "001062", "purchaseName": "单一来源", "purchaseCode": "5", "count": 0}, {"catName": "中小企业预留份额执行情况公示", "catNameCode": "001062", "purchaseName": "竞争性磋商", "purchaseCode": "6", "count": 0}, {"catName": "中小企业预留份额执行情况公示", "catNameCode": "001062", "purchaseName": "其他", "purchaseCode": "9", "count": 0}]