[{"RN": 1, "QY_ID": "002105291239452140", "QY_ORG_CODE": "91110000400002689G", "QY_NAME": "建设综合勘察研究设计院有限公司", "QY_FR_NAME": "李耀刚", "QY_REGION": "110000", "QY_REGION_NAME": "北京市", "OLD_CODE": "400002689", "COLLECT_TIME": 1622263196000, "QY_SRC_TYPE": "0", "hub_crawl_status": 0}, {"RN": 2, "QY_ID": "002105291239453011", "QY_ORG_CODE": "91110000400009055H", "QY_NAME": "中国城市建设研究院有限公司", "QY_FR_NAME": "王敬民", "QY_REGION": "110100", "QY_REGION_NAME": "北京市-市辖区", "OLD_CODE": "400009055", "COLLECT_TIME": 1622263197000, "QY_SRC_TYPE": "0", "hub_crawl_status": 0}, {"RN": 3, "QY_ID": "002105291240459269", "QY_ORG_CODE": "91110107743339849G", "QY_NAME": "北京中环世纪工程设计有限责任公司", "QY_FR_NAME": "黄诚", "QY_REGION": "110000", "QY_REGION_NAME": "北京市", "OLD_CODE": "743339849", "COLLECT_TIME": 1622263200000, "QY_SRC_TYPE": "0", "hub_crawl_status": 0}, {"RN": 4, "QY_ID": "002105291240496777", "QY_ORG_CODE": "91110108MA019KBJ7J", "QY_NAME": "北京市水利规划设计研究院", "QY_FR_NAME": "沈来新", "QY_REGION": "110100", "QY_REGION_NAME": "北京市-市辖区", "OLD_CODE": "MA019KBJ7", "COLLECT_TIME": 1622263219000, "QY_SRC_TYPE": "0", "hub_crawl_status": 0}, {"RN": 5, "QY_ID": "002105291240508400", "QY_ORG_CODE": "911100004000108304", "QY_NAME": "中国城市规划设计研究院", "QY_FR_NAME": "王凯", "QY_REGION": "110000", "QY_REGION_NAME": "北京市", "OLD_CODE": "400010830", "COLLECT_TIME": 1622263226000, "QY_SRC_TYPE": "0", "hub_crawl_status": 0}, {"RN": 6, "QY_ID": "002105291248697267", "QY_ORG_CODE": "91110115MA01FX2Y01", "QY_NAME": "北京智宇天成设计咨询有限公司", "QY_FR_NAME": "李广全", "QY_REGION": "110000", "QY_REGION_NAME": "北京市", "OLD_CODE": "MA01FX2Y0", "COLLECT_TIME": 1622263733000, "QY_SRC_TYPE": "0", "hub_crawl_status": 0}, {"RN": 7, "QY_ID": "002105291248700319", "QY_ORG_CODE": "91110108102054966E", "QY_NAME": "北京中联环工程股份有限公司", "QY_FR_NAME": "顾达", "QY_REGION": "110000", "QY_REGION_NAME": "北京市", "OLD_CODE": "102054966", "COLLECT_TIME": 1622263739000, "QY_SRC_TYPE": "0", "hub_crawl_status": 0}, {"RN": 8, "QY_ID": "002105291249709315", "QY_ORG_CODE": "91110108600014027P", "QY_NAME": "北京京江国际工程咨询有限公司", "QY_FR_NAME": "李琪", "QY_REGION": "110000", "QY_REGION_NAME": "北京市", "OLD_CODE": "600014027", "COLLECT_TIME": 1622263752000, "QY_SRC_TYPE": "0", "hub_crawl_status": 0}, {"RN": 9, "QY_ID": "002105291254741379", "QY_ORG_CODE": "91110107746722261A", "QY_NAME": "中外建华诚工程技术集团有限公司", "QY_FR_NAME": "李元", "QY_REGION": "110000", "QY_REGION_NAME": "北京市", "OLD_CODE": "746722261", "COLLECT_TIME": 1622264072000, "QY_SRC_TYPE": "0", "hub_crawl_status": 0}, {"RN": 10, "QY_ID": "002105291254759685", "QY_ORG_CODE": "9111011475528550X3", "QY_NAME": "北京特希达交通勘察设计院有限公司", "QY_FR_NAME": "蒋剑彪", "QY_REGION": "110000", "QY_REGION_NAME": "北京市", "OLD_CODE": "75528550X", "COLLECT_TIME": 1622264091000, "QY_SRC_TYPE": "0", "hub_crawl_status": 0}, {"RN": 11, "QY_ID": "002105291254763913", "QY_ORG_CODE": "911101087001457885", "QY_NAME": "北京国环清华环境工程设计研究院有限公司", "QY_FR_NAME": "汪诚文", "QY_REGION": "110000", "QY_REGION_NAME": "北京市", "OLD_CODE": "700145788", "COLLECT_TIME": 1622264097000, "QY_SRC_TYPE": "0", "hub_crawl_status": 0}]