[{"RN": 1, "QY_ID": "002105291240498162", "QY_ORG_CODE": "91110000633700269T", "QY_NAME": "北京首钢建设集团有限公司", "QY_FR_NAME": "杨波", "QY_REGION": "110000", "QY_REGION_NAME": "北京市", "OLD_CODE": "633700269", "COLLECT_TIME": 1622263220000, "QY_SRC_TYPE": "0", "hub_crawl_status": 0}, {"RN": 2, "QY_ID": "002105291240546768", "QY_ORG_CODE": "91110000400835103T", "QY_NAME": "北京中冶设备研究设计总院有限公司", "QY_FR_NAME": "费利东", "QY_REGION": "110000", "QY_REGION_NAME": "北京市", "OLD_CODE": "400835103", "COLLECT_TIME": 1622263249000, "QY_SRC_TYPE": "0", "hub_crawl_status": 0}, {"RN": 3, "QY_ID": "002105291241575938", "QY_ORG_CODE": "91110000717702712T", "QY_NAME": "北京市工业设计研究院有限公司", "QY_FR_NAME": "付军", "QY_REGION": "110000", "QY_REGION_NAME": "北京市", "OLD_CODE": "717702712", "COLLECT_TIME": 1622263269000, "QY_SRC_TYPE": "0", "hub_crawl_status": 0}, {"RN": 4, "QY_ID": "002105291248694458", "QY_ORG_CODE": "91110108401705829C", "QY_NAME": "中钢集团工程设计研究院有限公司", "QY_FR_NAME": "王建", "QY_REGION": "110000", "QY_REGION_NAME": "北京市", "OLD_CODE": "401705829", "COLLECT_TIME": 1622263730000, "QY_SRC_TYPE": "0", "hub_crawl_status": 0}, {"RN": 5, "QY_ID": "002105291255776074", "QY_ORG_CODE": "91110000400000720M", "QY_NAME": "矿冶科技集团有限公司", "QY_FR_NAME": "韩龙", "QY_REGION": "110000", "QY_REGION_NAME": "北京市", "OLD_CODE": "400000720", "COLLECT_TIME": 1622264111000, "QY_SRC_TYPE": "0", "hub_crawl_status": 0}]