[{"RN": 1, "QY_ID": "002105291241583159", "QY_ORG_CODE": "911101077715535355", "QY_NAME": "北京首钢矿山建设工程有限责任公司", "QY_FR_NAME": "周新林", "QY_REGION": "110000", "QY_REGION_NAME": "北京市", "OLD_CODE": "771553535", "COLLECT_TIME": 1622263274000, "QY_SRC_TYPE": "0", "hub_crawl_status": 0}, {"RN": 2, "QY_ID": "002105291329080475", "QY_ORG_CODE": "91110113694969720E", "QY_NAME": "秦冶工程技术（北京）有限责任公司", "QY_FR_NAME": "陈晓光", "QY_REGION": "110000", "QY_REGION_NAME": "北京市", "OLD_CODE": "694969720", "COLLECT_TIME": 1622266147000, "QY_SRC_TYPE": "0", "hub_crawl_status": 0}]