[{"RN": 16, "QY_ID": "002105291259834676", "QY_ORG_CODE": "91110000710929674D", "QY_NAME": "建研地基基础工程有限责任公司", "QY_FR_NAME": "高文生", "QY_REGION": "110000", "QY_REGION_NAME": "北京市", "OLD_CODE": "710929674", "COLLECT_TIME": 1622264369000, "QY_SRC_TYPE": "0", "hub_crawl_status": 0}, {"RN": 17, "QY_ID": "002105291313942041", "QY_ORG_CODE": "91110114101719030C", "QY_NAME": "中电建振冲建设工程股份有限公司", "QY_FR_NAME": "康建民", "QY_REGION": "110000", "QY_REGION_NAME": "北京市", "OLD_CODE": "101719030", "COLLECT_TIME": 1622265205000, "QY_SRC_TYPE": "0", "hub_crawl_status": 0}, {"RN": 18, "QY_ID": "002111211902221162", "QY_ORG_CODE": "111111111111111111", "QY_NAME": "总参工程兵第四设计研究院", "QY_FR_NAME": "沈俊", "QY_REGION": "110100", "QY_REGION_NAME": "北京市-市辖区", "OLD_CODE": "999999269", "COLLECT_TIME": 1637492571000, "QY_SRC_TYPE": "0", "hub_crawl_status": 0}]