[{"RN": 1, "QY_ID": "002105291239452103", "QY_ORG_CODE": "91110108754184301B", "QY_NAME": "北京中机勘岩土工程技术有限公司", "QY_FR_NAME": "范寒光", "QY_REGION": "110000", "QY_REGION_NAME": "北京市", "OLD_CODE": "754184301", "COLLECT_TIME": 1622263196000, "QY_SRC_TYPE": "0", "hub_crawl_status": 0}, {"RN": 2, "QY_ID": "002105291239452136", "QY_ORG_CODE": "91110106101962786J", "QY_NAME": "北京市城乡建设勘察设计院有限公司", "QY_FR_NAME": "郑春霞", "QY_REGION": "110000", "QY_REGION_NAME": "北京市", "OLD_CODE": "101962786", "COLLECT_TIME": 1622263196000, "QY_SRC_TYPE": "0", "hub_crawl_status": 0}, {"RN": 3, "QY_ID": "002105291240520866", "QY_ORG_CODE": "911100001000027329", "QY_NAME": "中国核电工程有限公司", "QY_FR_NAME": "徐鹏飞", "QY_REGION": "110000", "QY_REGION_NAME": "北京市", "OLD_CODE": "100002732", "COLLECT_TIME": 1622263233000, "QY_SRC_TYPE": "0", "hub_crawl_status": 0}, {"RN": 4, "QY_ID": "002105291240521754", "QY_ORG_CODE": "91110000100006856A", "QY_NAME": "中国建筑技术集团有限公司", "QY_FR_NAME": "冯禄", "QY_REGION": "110100", "QY_REGION_NAME": "北京市-市辖区", "OLD_CODE": "100006856", "COLLECT_TIME": 1622263233000, "QY_SRC_TYPE": "0", "hub_crawl_status": 0}, {"RN": 5, "QY_ID": "002105291240521925", "QY_ORG_CODE": "91110000710929148A", "QY_NAME": "中化岩土集团股份有限公司", "QY_FR_NAME": "邓明长", "QY_REGION": "110000", "QY_REGION_NAME": "北京市", "OLD_CODE": "710929148", "COLLECT_TIME": 1622263233000, "QY_SRC_TYPE": "0", "hub_crawl_status": 0}, {"RN": 6, "QY_ID": "002105291240559976", "QY_ORG_CODE": "91110000400000835U", "QY_NAME": "国网经济技术研究院有限公司", "QY_FR_NAME": "潘尔生", "QY_REGION": "110000", "QY_REGION_NAME": "北京市", "OLD_CODE": "400000835", "COLLECT_TIME": 1622263258000, "QY_SRC_TYPE": "0", "hub_crawl_status": 0}, {"RN": 7, "QY_ID": "002105291241578353", "QY_ORG_CODE": "91110302757700076U", "QY_NAME": "中冶京诚工程技术有限公司", "QY_FR_NAME": "岳文彦", "QY_REGION": "110000", "QY_REGION_NAME": "北京市", "OLD_CODE": "757700076", "COLLECT_TIME": 1622263270000, "QY_SRC_TYPE": "0", "hub_crawl_status": 0}, {"RN": 8, "QY_ID": "002105291241593863", "QY_ORG_CODE": "911101061011822294", "QY_NAME": "明达海洋工程有限公司", "QY_FR_NAME": "贺斌", "QY_REGION": "110000", "QY_REGION_NAME": "北京市", "OLD_CODE": "101182229", "COLLECT_TIME": 1622263282000, "QY_SRC_TYPE": "0", "hub_crawl_status": 0}, {"RN": 9, "QY_ID": "002105291241596944", "QY_ORG_CODE": "12345678999999119X", "QY_NAME": "海军研究院海防工程设计研究所", "QY_FR_NAME": "王全胜", "QY_REGION": "110000", "QY_REGION_NAME": "北京市", "OLD_CODE": "999999119", "COLLECT_TIME": 1622263284000, "QY_SRC_TYPE": "0", "hub_crawl_status": 0}, {"RN": 10, "QY_ID": "002105291248652505", "QY_ORG_CODE": "123456789A9999149X", "QY_NAME": "军事科学院国防工程研究院", "QY_FR_NAME": "卫东", "QY_REGION": "110100", "QY_REGION_NAME": "北京市-市辖区", "OLD_CODE": "9A9999149", "COLLECT_TIME": 1622263685000, "QY_SRC_TYPE": "0", "hub_crawl_status": 0}, {"RN": 11, "QY_ID": "002105291248654284", "QY_ORG_CODE": "91110000722604658T", "QY_NAME": "泛华建设集团有限公司", "QY_FR_NAME": "杨文", "QY_REGION": "110000", "QY_REGION_NAME": "北京市", "OLD_CODE": "722604658", "COLLECT_TIME": 1622263687000, "QY_SRC_TYPE": "0", "hub_crawl_status": 0}, {"RN": 12, "QY_ID": "002105291249713693", "QY_ORG_CODE": "91110000726362369Y", "QY_NAME": "北京国道通公路设计研究院股份有限公司", "QY_FR_NAME": "景飒", "QY_REGION": "110100", "QY_REGION_NAME": "北京市-市辖区", "OLD_CODE": "726362369", "COLLECT_TIME": 1622263758000, "QY_SRC_TYPE": "0", "hub_crawl_status": 0}, {"RN": 13, "QY_ID": "002105291254749233", "QY_ORG_CODE": "91110000625910071Y", "QY_NAME": "大地工程开发（集团）有限公司", "QY_FR_NAME": "王冬平", "QY_REGION": "110100", "QY_REGION_NAME": "北京市-市辖区", "OLD_CODE": "625910071", "COLLECT_TIME": 1622264080000, "QY_SRC_TYPE": "0", "hub_crawl_status": 0}, {"RN": 14, "QY_ID": "002105291254756169", "QY_ORG_CODE": "91110113MA01K8T2XG", "QY_NAME": "民航机场规划设计研究总院有限公司", "QY_FR_NAME": "马力", "QY_REGION": "110000", "QY_REGION_NAME": "北京市", "OLD_CODE": "MA01K8T2X", "COLLECT_TIME": 1622264087000, "QY_SRC_TYPE": "0", "hub_crawl_status": 0}, {"RN": 15, "QY_ID": "002105291258784479", "QY_ORG_CODE": "91110105101716593H", "QY_NAME": "北京京岩工程有限公司", "QY_FR_NAME": "贾志远", "QY_REGION": "110000", "QY_REGION_NAME": "北京市", "OLD_CODE": "101716593", "COLLECT_TIME": 1622264310000, "QY_SRC_TYPE": "0", "hub_crawl_status": 0}]