[{"RN": 1, "QY_ID": "002105291239453156", "QY_ORG_CODE": "91110105783992316E", "QY_NAME": "北京兴杰恒业石油化工技术有限公司", "QY_FR_NAME": "杨从秀", "QY_REGION": "110000", "QY_REGION_NAME": "北京市", "OLD_CODE": "783992316", "COLLECT_TIME": 1622263197000, "QY_SRC_TYPE": "0", "hub_crawl_status": 0}, {"RN": 2, "QY_ID": "002105291240508899", "QY_ORG_CODE": "91110114696341099U", "QY_NAME": "洪阳冶化工程科技有限公司", "QY_FR_NAME": "刘骏", "QY_REGION": "110000", "QY_REGION_NAME": "北京市", "OLD_CODE": "696341099", "COLLECT_TIME": 1622263226000, "QY_SRC_TYPE": "0", "hub_crawl_status": 0}, {"RN": 3, "QY_ID": "002105291242644715", "QY_ORG_CODE": "911101147481407831", "QY_NAME": "北京石大东方工程设计有限公司", "QY_FR_NAME": "艾万发", "QY_REGION": "110000", "QY_REGION_NAME": "北京市", "OLD_CODE": "748140783", "COLLECT_TIME": 1622263346000, "QY_SRC_TYPE": "0", "hub_crawl_status": 0}]