[{"RN": 1, "QY_ID": "002105291240508899", "QY_ORG_CODE": "91110114696341099U", "QY_NAME": "洪阳冶化工程科技有限公司", "QY_FR_NAME": "刘骏", "QY_REGION": "110000", "QY_REGION_NAME": "北京市", "OLD_CODE": "696341099", "COLLECT_TIME": 1622263226000, "QY_SRC_TYPE": "0", "hub_crawl_status": 0}, {"RN": 2, "QY_ID": "002105291240523530", "QY_ORG_CODE": "91110115MA008M465G", "QY_NAME": "华商国际工程有限公司", "QY_FR_NAME": "李晓虎", "QY_REGION": "110000", "QY_REGION_NAME": "北京市", "OLD_CODE": "MA008M465", "COLLECT_TIME": 1622263234000, "QY_SRC_TYPE": "0", "hub_crawl_status": 0}, {"RN": 3, "QY_ID": "002105291240524446", "QY_ORG_CODE": "91110000746119630U", "QY_NAME": "北京华福工程有限公司", "QY_FR_NAME": "吴道洪", "QY_REGION": "110100", "QY_REGION_NAME": "北京市-市辖区", "OLD_CODE": "746119630", "COLLECT_TIME": 1622263235000, "QY_SRC_TYPE": "0", "hub_crawl_status": 0}, {"RN": 4, "QY_ID": "002105291241623536", "QY_ORG_CODE": "91110113101171570K", "QY_NAME": "北京中航油工程建设有限公司", "QY_FR_NAME": "白玉波", "QY_REGION": "110000", "QY_REGION_NAME": "北京市", "OLD_CODE": "101171570", "COLLECT_TIME": 1622263311000, "QY_SRC_TYPE": "0", "hub_crawl_status": 0}, {"RN": 5, "QY_ID": "002105291242644715", "QY_ORG_CODE": "911101147481407831", "QY_NAME": "北京石大东方工程设计有限公司", "QY_FR_NAME": "艾万发", "QY_REGION": "110000", "QY_REGION_NAME": "北京市", "OLD_CODE": "748140783", "COLLECT_TIME": 1622263346000, "QY_SRC_TYPE": "0", "hub_crawl_status": 0}, {"RN": 6, "QY_ID": "002105291248676949", "QY_ORG_CODE": "91110108400001643B", "QY_NAME": "中化化工科学技术研究总院有限公司", "QY_FR_NAME": "杨林", "QY_REGION": "110000", "QY_REGION_NAME": "北京市", "OLD_CODE": "400001643", "COLLECT_TIME": 1622263708000, "QY_SRC_TYPE": "0", "hub_crawl_status": 0}, {"RN": 7, "QY_ID": "002105291248695906", "QY_ORG_CODE": "91110000100005255X", "QY_NAME": "中国昆仑工程有限公司", "QY_FR_NAME": "王德义", "QY_REGION": "110000", "QY_REGION_NAME": "北京市", "OLD_CODE": "100005255", "COLLECT_TIME": 1622263732000, "QY_SRC_TYPE": "0", "hub_crawl_status": 0}]