[{"RN": 1, "QY_ID": "002105291241628344", "QY_ORG_CODE": "91110106076632303D", "QY_NAME": "北京迈达斯工程设计有限公司", "QY_FR_NAME": "李伟超", "QY_REGION": "110000", "QY_REGION_NAME": "北京市", "OLD_CODE": "076632303", "COLLECT_TIME": 1622263318000, "QY_SRC_TYPE": "0", "hub_crawl_status": 0}, {"RN": 2, "QY_ID": "002105291242644791", "QY_ORG_CODE": "91110113306750680Q", "QY_NAME": "北京港源幕墙有限公司", "QY_FR_NAME": "强军", "QY_REGION": "110000", "QY_REGION_NAME": "北京市", "OLD_CODE": "306750680", "COLLECT_TIME": 1622263346000, "QY_SRC_TYPE": "0", "hub_crawl_status": 0}, {"RN": 3, "QY_ID": "002105291248682394", "QY_ORG_CODE": "91110105101158210W", "QY_NAME": "北京天图设计工程有限公司", "QY_FR_NAME": "王博", "QY_REGION": "110000", "QY_REGION_NAME": "北京市", "OLD_CODE": "101158210", "COLLECT_TIME": 1622263714000, "QY_SRC_TYPE": "0", "hub_crawl_status": 0}, {"RN": 4, "QY_ID": "002105291254721835", "QY_ORG_CODE": "911101165674930881", "QY_NAME": "北京泰美新源科技发展有限公司", "QY_FR_NAME": "朱中成", "QY_REGION": "110000", "QY_REGION_NAME": "北京市", "OLD_CODE": "567493088", "COLLECT_TIME": 1622264050000, "QY_SRC_TYPE": "0", "hub_crawl_status": 0}, {"RN": 5, "QY_ID": "002105291255766885", "QY_ORG_CODE": "91110115MA001DRW12", "QY_NAME": "中建集成建筑有限公司", "QY_FR_NAME": "张健飞", "QY_REGION": "110000", "QY_REGION_NAME": "北京市", "OLD_CODE": "MA001DRW1", "COLLECT_TIME": 1622264100000, "QY_SRC_TYPE": "0", "hub_crawl_status": 0}, {"RN": 6, "QY_ID": "002105291313948078", "QY_ORG_CODE": "91110108MA01LA7UXD", "QY_NAME": "北京中铠国际工程设计有限公司", "QY_FR_NAME": "李建燎", "QY_REGION": "110000", "QY_REGION_NAME": "北京市", "OLD_CODE": "MA01LA7UX", "COLLECT_TIME": 1622265213000, "QY_SRC_TYPE": "0", "hub_crawl_status": 0}]