[{"RN": 1, "QY_ID": "002105291239451736", "QY_ORG_CODE": "9111010840088321X3", "QY_NAME": "中科院建筑设计研究院有限公司", "QY_FR_NAME": "王全新", "QY_REGION": "110000", "QY_REGION_NAME": "北京市", "OLD_CODE": "40088321X", "COLLECT_TIME": 1622263196000, "QY_SRC_TYPE": "0", "hub_crawl_status": 0}, {"RN": 2, "QY_ID": "002105291239453011", "QY_ORG_CODE": "91110000400009055H", "QY_NAME": "中国城市建设研究院有限公司", "QY_FR_NAME": "王敬民", "QY_REGION": "110100", "QY_REGION_NAME": "北京市-市辖区", "OLD_CODE": "400009055", "COLLECT_TIME": 1622263197000, "QY_SRC_TYPE": "0", "hub_crawl_status": 0}, {"RN": 3, "QY_ID": "002105291240524449", "QY_ORG_CODE": "911101081016246649", "QY_NAME": "中机中电设计研究院有限公司", "QY_FR_NAME": "蔡勖", "QY_REGION": "110000", "QY_REGION_NAME": "北京市", "OLD_CODE": "101624664", "COLLECT_TIME": 1622263235000, "QY_SRC_TYPE": "0", "hub_crawl_status": 0}, {"RN": 4, "QY_ID": "002105291240527987", "QY_ORG_CODE": "911101051011942112", "QY_NAME": "北京蓝图工程设计有限公司", "QY_FR_NAME": "程鸿鸣", "QY_REGION": "110000", "QY_REGION_NAME": "北京市", "OLD_CODE": "101194211", "COLLECT_TIME": 1622263237000, "QY_SRC_TYPE": "0", "hub_crawl_status": 0}, {"RN": 5, "QY_ID": "002105291241599514", "QY_ORG_CODE": "91110102400708526T", "QY_NAME": "北京市煤气热力工程设计院有限公司", "QY_FR_NAME": "王建国", "QY_REGION": "110000", "QY_REGION_NAME": "北京市", "OLD_CODE": "400708526", "COLLECT_TIME": 1622263286000, "QY_SRC_TYPE": "0", "hub_crawl_status": 0}, {"RN": 6, "QY_ID": "002105291258782613", "QY_ORG_CODE": "911101026000377470", "QY_NAME": "北京优奈特能源工程技术有限公司", "QY_FR_NAME": "刘璐", "QY_REGION": "110100", "QY_REGION_NAME": "北京市-市辖区", "OLD_CODE": "600037747", "COLLECT_TIME": 1622264308000, "QY_SRC_TYPE": "0", "hub_crawl_status": 0}, {"RN": 7, "QY_ID": "002105291258783853", "QY_ORG_CODE": "91110105101251722G", "QY_NAME": "北京市热力工程设计有限责任公司", "QY_FR_NAME": "丁军", "QY_REGION": "110000", "QY_REGION_NAME": "北京市", "OLD_CODE": "101251722", "COLLECT_TIME": 1622264309000, "QY_SRC_TYPE": "0", "hub_crawl_status": 0}]