[{"QY_FR_NAME": "刘景元", "QY_REGION": "110000", "QY_NAME": "北京市金宏林建筑有限公司", "QY_REGION_NAME": "北京市", "QY_ORG_CODE": "91110112102462396U", "COLLECT_TIME": 1622263204000, "RN": 16, "QY_ID": "002105291240467267", "QY_SRC_TYPE": "0", "OLD_CODE": "102462396", "hub_crawl_status": 0}, {"QY_FR_NAME": "祖长海", "QY_REGION": "110000", "QY_NAME": "北京天盛建筑工程有限公司", "QY_REGION_NAME": "北京市", "QY_ORG_CODE": "91110000101401444Q", "COLLECT_TIME": 1622263204000, "RN": 17, "QY_ID": "002105291240467273", "QY_SRC_TYPE": "0", "OLD_CODE": "101401444", "hub_crawl_status": 0}, {"QY_FR_NAME": "白文建", "QY_REGION": "110000", "QY_NAME": "北京元鑫建筑工程有限公司", "QY_REGION_NAME": "北京市", "QY_ORG_CODE": "911101157334568653", "COLLECT_TIME": 1622263204000, "RN": 18, "QY_ID": "002105291240467277", "QY_SRC_TYPE": "0", "OLD_CODE": "733456865", "hub_crawl_status": 0}, {"QY_FR_NAME": "张建民", "QY_REGION": "110000", "QY_NAME": "北京兴铁建筑工程公司", "QY_REGION_NAME": "北京市", "QY_ORG_CODE": "91110102101399997J", "COLLECT_TIME": 1622263204000, "RN": 19, "QY_ID": "002105291240467717", "QY_SRC_TYPE": "0", "OLD_CODE": "101399997", "hub_crawl_status": 0}, {"QY_FR_NAME": "阎荣吉", "QY_REGION": "110000", "QY_NAME": "北京市林业建筑工程有限公司", "QY_REGION_NAME": "北京市", "QY_ORG_CODE": "911101024006385990", "COLLECT_TIME": 1622263205000, "RN": 20, "QY_ID": "002105291240468395", "QY_SRC_TYPE": "0", "OLD_CODE": "400638599", "hub_crawl_status": 0}, {"QY_FR_NAME": "刘亦江", "QY_REGION": "110000", "QY_NAME": "北京市北协建设工程公司", "QY_REGION_NAME": "北京市", "QY_ORG_CODE": "91110106102163329P", "COLLECT_TIME": 1622263205000, "RN": 21, "QY_ID": "002105291240469623", "QY_SRC_TYPE": "0", "OLD_CODE": "102163329", "hub_crawl_status": 0}, {"QY_FR_NAME": "梁志全", "QY_REGION": "110000", "QY_NAME": "北京市昌厦建筑工程有限公司", "QY_REGION_NAME": "北京市", "QY_ORG_CODE": "9111011110278976X2", "COLLECT_TIME": 1622263206000, "RN": 22, "QY_ID": "002105291240471837", "QY_SRC_TYPE": "0", "OLD_CODE": "10278976X", "hub_crawl_status": 0}, {"QY_FR_NAME": "唐桥梁", "QY_REGION": "110100", "QY_NAME": "中国港湾工程有限责任公司", "QY_REGION_NAME": "北京市-市辖区", "QY_ORG_CODE": "91110000710933796P", "COLLECT_TIME": 1622263207000, "RN": 23, "QY_ID": "002105291240472627", "QY_SRC_TYPE": "0", "OLD_CODE": "710933796", "hub_crawl_status": 0}, {"QY_FR_NAME": "卢山", "QY_REGION": "110000", "QY_NAME": "中国路桥工程有限责任公司", "QY_REGION_NAME": "北京市", "QY_ORG_CODE": "911100007109338178", "COLLECT_TIME": 1622263207000, "RN": 24, "QY_ID": "002105291240472628", "QY_SRC_TYPE": "0", "OLD_CODE": "710933817", "hub_crawl_status": 0}, {"QY_FR_NAME": "郭主龙", "QY_REGION": "110000", "QY_NAME": "中交路桥建设有限公司", "QY_REGION_NAME": "北京市", "QY_ORG_CODE": "9111000059062789XU", "COLLECT_TIME": 1622263207000, "RN": 25, "QY_ID": "002105291240472894", "QY_SRC_TYPE": "0", "OLD_CODE": "59062789X", "hub_crawl_status": 0}, {"QY_FR_NAME": "孙海疆", "QY_REGION": "110000", "QY_NAME": "北京燕华工程建设有限公司", "QY_REGION_NAME": "北京市", "QY_ORG_CODE": "91110304102767907B", "COLLECT_TIME": 1622263207000, "RN": 26, "QY_ID": "002105291240473182", "QY_SRC_TYPE": "0", "OLD_CODE": "102767907", "hub_crawl_status": 0}, {"QY_FR_NAME": "董玉山", "QY_REGION": "110000", "QY_NAME": "北京市八通市政工程有限公司", "QY_REGION_NAME": "北京市", "QY_ORG_CODE": "91110112802431427E", "COLLECT_TIME": 1622263208000, "RN": 27, "QY_ID": "002105291240474199", "QY_SRC_TYPE": "0", "OLD_CODE": "802431427", "hub_crawl_status": 0}, {"QY_FR_NAME": "邢明杰", "QY_REGION": "110000", "QY_NAME": "北京永联建筑工程有限公司", "QY_REGION_NAME": "北京市", "QY_ORG_CODE": "91110101600007134X", "COLLECT_TIME": 1622263208000, "RN": 28, "QY_ID": "002105291240475395", "QY_SRC_TYPE": "0", "OLD_CODE": "600007134", "hub_crawl_status": 0}, {"QY_FR_NAME": "潘立伟", "QY_REGION": "110000", "QY_NAME": "北京鼎华建筑工程有限公司", "QY_REGION_NAME": "北京市", "QY_ORG_CODE": "91110105723976162W", "COLLECT_TIME": 1622263208000, "RN": 29, "QY_ID": "002105291240475796", "QY_SRC_TYPE": "0", "OLD_CODE": "723976162", "hub_crawl_status": 0}, {"QY_FR_NAME": "贾连庆", "QY_REGION": "110000", "QY_NAME": "北京珍嘉建筑安装工程有限责任公司", "QY_REGION_NAME": "北京市", "QY_ORG_CODE": "911101021013866785", "COLLECT_TIME": 1622263209000, "RN": 30, "QY_ID": "002105291240476279", "QY_SRC_TYPE": "0", "OLD_CODE": "101386678", "hub_crawl_status": 0}]