[{"RN": 181, "QY_ID": "002105291258790521", "QY_ORG_CODE": "9111022980294883XB", "QY_NAME": "北京友创建筑工程有限公司", "QY_FR_NAME": "陈少华", "QY_REGION": "110000", "QY_REGION_NAME": "北京市", "OLD_CODE": "80294883X", "COLLECT_TIME": 1622264316000, "QY_SRC_TYPE": "0", "hub_crawl_status": 0}, {"RN": 182, "QY_ID": "002105291258791485", "QY_ORG_CODE": "911102287754732336", "QY_NAME": "北京恒业源建筑工程有限公司", "QY_FR_NAME": "陈晓峰", "QY_REGION": "110000", "QY_REGION_NAME": "北京市", "OLD_CODE": "775473233", "COLLECT_TIME": 1622264317000, "QY_SRC_TYPE": "0", "hub_crawl_status": 0}, {"RN": 183, "QY_ID": "002105291258793343", "QY_ORG_CODE": "91110108744709733Y", "QY_NAME": "北京城建华宇建设工程有限公司", "QY_FR_NAME": "李浩", "QY_REGION": "110100", "QY_REGION_NAME": "北京市-市辖区", "OLD_CODE": "744709733", "COLLECT_TIME": 1622264319000, "QY_SRC_TYPE": "0", "hub_crawl_status": 0}, {"RN": 184, "QY_ID": "002105291258794632", "QY_ORG_CODE": "911101061021306239", "QY_NAME": "北京恒业宏达建筑工程有限责任公司", "QY_FR_NAME": "吴士英", "QY_REGION": "110000", "QY_REGION_NAME": "北京市", "OLD_CODE": "102130623", "COLLECT_TIME": 1622264320000, "QY_SRC_TYPE": "0", "hub_crawl_status": 0}, {"RN": 185, "QY_ID": "002105291258794633", "QY_ORG_CODE": "91110117102941717U", "QY_NAME": "北京金通远广厦建筑工程有限公司", "QY_FR_NAME": "纪黎明", "QY_REGION": "110000", "QY_REGION_NAME": "北京市", "OLD_CODE": "102941717", "COLLECT_TIME": 1622264320000, "QY_SRC_TYPE": "0", "hub_crawl_status": 0}, {"RN": 186, "QY_ID": "002105291258799232", "QY_ORG_CODE": "91110102633715030E", "QY_NAME": "北京通盈建筑有限责任公司", "QY_FR_NAME": "岳慧娟", "QY_REGION": "110000", "QY_REGION_NAME": "北京市", "OLD_CODE": "633715030", "COLLECT_TIME": 1622264325000, "QY_SRC_TYPE": "0", "hub_crawl_status": 0}, {"RN": 187, "QY_ID": "002105291258799235", "QY_ORG_CODE": "91110105633687340X", "QY_NAME": "北京远新圣联建筑装饰工程有限责任公司", "QY_FR_NAME": "陈浩", "QY_REGION": "110000", "QY_REGION_NAME": "北京市", "OLD_CODE": "633687340", "COLLECT_TIME": 1622264325000, "QY_SRC_TYPE": "0", "hub_crawl_status": 0}, {"RN": 188, "QY_ID": "002105291258800022", "QY_ORG_CODE": "91110000101679403N", "QY_NAME": "中铁十六局集团北京轨道交通工程建设有限公司", "QY_FR_NAME": "周阳宗", "QY_REGION": "110100", "QY_REGION_NAME": "北京市-市辖区", "OLD_CODE": "101679403", "COLLECT_TIME": 1622264326000, "QY_SRC_TYPE": "0", "hub_crawl_status": 0}, {"RN": 189, "QY_ID": "002105291258800025", "QY_ORG_CODE": "91110304788974010L", "QY_NAME": "北京东方富力建筑安装工程有限公司", "QY_FR_NAME": "张满", "QY_REGION": "110000", "QY_REGION_NAME": "北京市", "OLD_CODE": "788974010", "COLLECT_TIME": 1622264326000, "QY_SRC_TYPE": "0", "hub_crawl_status": 0}, {"RN": 190, "QY_ID": "002105291258803113", "QY_ORG_CODE": "91110111585847871P", "QY_NAME": "北京韩建建筑工程有限公司", "QY_FR_NAME": "李虎", "QY_REGION": "110000", "QY_REGION_NAME": "北京市", "OLD_CODE": "585847871", "COLLECT_TIME": 1622264329000, "QY_SRC_TYPE": "0", "hub_crawl_status": 0}, {"RN": 191, "QY_ID": "002105291258809464", "QY_ORG_CODE": "911101018029615834", "QY_NAME": "北京正华天晟建设工程有限责任公司", "QY_FR_NAME": "赵希丰", "QY_REGION": "110000", "QY_REGION_NAME": "北京市", "OLD_CODE": "802961583", "COLLECT_TIME": 1622264338000, "QY_SRC_TYPE": "0", "hub_crawl_status": 0}, {"RN": 192, "QY_ID": "002105291259825280", "QY_ORG_CODE": "91110228697717203E", "QY_NAME": "北京轩宇立坤建筑工程有限公司", "QY_FR_NAME": "刘兴东", "QY_REGION": "110000", "QY_REGION_NAME": "北京市", "OLD_CODE": "697717203", "COLLECT_TIME": 1622264357000, "QY_SRC_TYPE": "0", "hub_crawl_status": 0}, {"RN": 193, "QY_ID": "002105291259831632", "QY_ORG_CODE": "91110112102414183X", "QY_NAME": "北京市胜方建筑工程公司", "QY_FR_NAME": "赵玉宽", "QY_REGION": "110000", "QY_REGION_NAME": "北京市", "OLD_CODE": "102414183", "COLLECT_TIME": 1622264365000, "QY_SRC_TYPE": "0", "hub_crawl_status": 0}, {"RN": 194, "QY_ID": "002105291259831636", "QY_ORG_CODE": "91110108726362967K", "QY_NAME": "北新房屋有限公司", "QY_FR_NAME": "陶铮", "QY_REGION": "110000", "QY_REGION_NAME": "北京市", "OLD_CODE": "726362967", "COLLECT_TIME": 1622264365000, "QY_SRC_TYPE": "0", "hub_crawl_status": 0}, {"RN": 195, "QY_ID": "002105291259832206", "QY_ORG_CODE": "911101177763899570", "QY_NAME": "北京东港建设集团有限公司", "QY_FR_NAME": "崔卫东", "QY_REGION": "110000", "QY_REGION_NAME": "北京市", "OLD_CODE": "776389957", "COLLECT_TIME": 1622264366000, "QY_SRC_TYPE": "0", "hub_crawl_status": 0}]