[{"RN": 91, "QY_ID": "002105291240553592", "QY_ORG_CODE": "91110117102919739N", "QY_NAME": "中城建（北京）建设工程有限公司", "QY_FR_NAME": "张仕海", "QY_REGION": "110000", "QY_REGION_NAME": "北京市", "OLD_CODE": "102919739", "COLLECT_TIME": 1622263253000, "QY_SRC_TYPE": "0", "hub_crawl_status": 0}, {"RN": 92, "QY_ID": "002105291240555733", "QY_ORG_CODE": "911101167906834156", "QY_NAME": "北京谊远达建筑工程有限公司", "QY_FR_NAME": "张富军", "QY_REGION": "110000", "QY_REGION_NAME": "北京市", "OLD_CODE": "790683415", "COLLECT_TIME": 1622263255000, "QY_SRC_TYPE": "0", "hub_crawl_status": 0}, {"RN": 93, "QY_ID": "002105291240557951", "QY_ORG_CODE": "91110108101937214J", "QY_NAME": "北京温泉建筑工程有限公司", "QY_FR_NAME": "王世明", "QY_REGION": "110000", "QY_REGION_NAME": "北京市", "OLD_CODE": "101937214", "COLLECT_TIME": 1622263256000, "QY_SRC_TYPE": "0", "hub_crawl_status": 0}, {"RN": 94, "QY_ID": "002105291240562382", "QY_ORG_CODE": "91110107718729415M", "QY_NAME": "北京华昌建筑工程有限责任公司", "QY_FR_NAME": "肖树峰", "QY_REGION": "110000", "QY_REGION_NAME": "北京市", "OLD_CODE": "718729415", "COLLECT_TIME": 1622263259000, "QY_SRC_TYPE": "0", "hub_crawl_status": 0}, {"RN": 95, "QY_ID": "002105291241564113", "QY_ORG_CODE": "911101128024291914", "QY_NAME": "北京潞城龙兆华建筑有限公司", "QY_FR_NAME": "方维栋", "QY_REGION": "110000", "QY_REGION_NAME": "北京市", "OLD_CODE": "802429191", "COLLECT_TIME": 1622263260000, "QY_SRC_TYPE": "0", "hub_crawl_status": 0}, {"RN": 96, "QY_ID": "002105291241568015", "QY_ORG_CODE": "911101057493687392", "QY_NAME": "北京交远建筑有限公司", "QY_FR_NAME": "彭传毅", "QY_REGION": "110000", "QY_REGION_NAME": "北京市", "OLD_CODE": "749368739", "COLLECT_TIME": 1622263263000, "QY_SRC_TYPE": "0", "hub_crawl_status": 0}, {"RN": 97, "QY_ID": "002105291241574000", "QY_ORG_CODE": "91110111780979407C", "QY_NAME": "北京豪龙恺建设集团有限公司", "QY_FR_NAME": "姜海龙", "QY_REGION": "110000", "QY_REGION_NAME": "北京市", "OLD_CODE": "780979407", "COLLECT_TIME": 1622263267000, "QY_SRC_TYPE": "0", "hub_crawl_status": 0}, {"RN": 98, "QY_ID": "002105291241577024", "QY_ORG_CODE": "911101151028680707", "QY_NAME": "北京圣天博森建设工程有限公司", "QY_FR_NAME": "屈立国", "QY_REGION": "110000", "QY_REGION_NAME": "北京市", "OLD_CODE": "102868070", "COLLECT_TIME": 1622263270000, "QY_SRC_TYPE": "0", "hub_crawl_status": 0}, {"RN": 99, "QY_ID": "002105291241578432", "QY_ORG_CODE": "91110113553089754C", "QY_NAME": "北京蜀东城市建设工程有限公司", "QY_FR_NAME": "何猛", "QY_REGION": "110000", "QY_REGION_NAME": "北京市", "OLD_CODE": "553089754", "COLLECT_TIME": 1622263270000, "QY_SRC_TYPE": "0", "hub_crawl_status": 0}, {"RN": 100, "QY_ID": "002105291241583159", "QY_ORG_CODE": "911101077715535355", "QY_NAME": "北京首钢矿山建设工程有限责任公司", "QY_FR_NAME": "周新林", "QY_REGION": "110000", "QY_REGION_NAME": "北京市", "OLD_CODE": "771553535", "COLLECT_TIME": 1622263274000, "QY_SRC_TYPE": "0", "hub_crawl_status": 0}, {"RN": 101, "QY_ID": "002105291241583589", "QY_ORG_CODE": "91110000100003313T", "QY_NAME": "中国航空国际建设投资有限公司", "QY_FR_NAME": "白海平", "QY_REGION": "110000", "QY_REGION_NAME": "北京市", "OLD_CODE": "100003313", "COLLECT_TIME": 1622263274000, "QY_SRC_TYPE": "0", "hub_crawl_status": 0}, {"RN": 102, "QY_ID": "002105291241586759", "QY_ORG_CODE": "91110102600030481X", "QY_NAME": "北京恺建建筑工程有限公司", "QY_FR_NAME": "秦玉生", "QY_REGION": "110000", "QY_REGION_NAME": "北京市", "OLD_CODE": "600030481", "COLLECT_TIME": 1622263277000, "QY_SRC_TYPE": "0", "hub_crawl_status": 0}, {"RN": 103, "QY_ID": "002105291241590148", "QY_ORG_CODE": "91110115589098214L", "QY_NAME": "北京中厚建设有限公司", "QY_FR_NAME": "向芳时", "QY_REGION": "110000", "QY_REGION_NAME": "北京市", "OLD_CODE": "589098214", "COLLECT_TIME": 1622263279000, "QY_SRC_TYPE": "0", "hub_crawl_status": 0}, {"RN": 104, "QY_ID": "002105291241595998", "QY_ORG_CODE": "91110114102653854F", "QY_NAME": "北京长安建筑工程有限公司", "QY_FR_NAME": "巩文革", "QY_REGION": "110000", "QY_REGION_NAME": "北京市", "OLD_CODE": "102653854", "COLLECT_TIME": 1622263283000, "QY_SRC_TYPE": "0", "hub_crawl_status": 0}, {"RN": 105, "QY_ID": "002105291241596466", "QY_ORG_CODE": "91100000101778284X", "QY_NAME": "中海外建工集团有限公司", "QY_FR_NAME": "高星", "QY_REGION": "110000", "QY_REGION_NAME": "北京市", "OLD_CODE": "101778284", "COLLECT_TIME": 1622263284000, "QY_SRC_TYPE": "0", "hub_crawl_status": 0}]