[{"QY_FR_NAME": "朱立", "QY_REGION": "110000", "QY_NAME": "北京市顺义后沙峪建筑工程公司", "QY_REGION_NAME": "北京市", "QY_ORG_CODE": "9111011310254878XM", "COLLECT_TIME": 1622263235000, "RN": 76, "QY_ID": "002105291240524800", "QY_SRC_TYPE": "0", "OLD_CODE": "10254878X", "hub_crawl_status": 0}, {"QY_FR_NAME": "卢春财", "QY_REGION": "110000", "QY_NAME": "北京市南彩建筑工程公司", "QY_REGION_NAME": "北京市", "QY_ORG_CODE": "911101131025144830", "COLLECT_TIME": 1622263235000, "RN": 77, "QY_ID": "002105291240524802", "QY_SRC_TYPE": "0", "OLD_CODE": "102514483", "hub_crawl_status": 0}, {"QY_FR_NAME": "甄健壮", "QY_REGION": "110000", "QY_NAME": "北京甄氏建筑有限公司", "QY_REGION_NAME": "北京市", "QY_ORG_CODE": "91110113102546717U", "COLLECT_TIME": 1622263235000, "RN": 78, "QY_ID": "002105291240525647", "QY_SRC_TYPE": "0", "OLD_CODE": "102546717", "hub_crawl_status": 0}, {"QY_FR_NAME": "刘晓北", "QY_REGION": "110000", "QY_NAME": "北京市五越建筑有限责任公司", "QY_REGION_NAME": "北京市", "QY_ORG_CODE": "91110106102183426K", "COLLECT_TIME": 1622263236000, "RN": 79, "QY_ID": "002105291240526591", "QY_SRC_TYPE": "0", "OLD_CODE": "102183426", "hub_crawl_status": 0}, {"QY_FR_NAME": "强兵", "QY_REGION": "110000", "QY_NAME": "北京易成市政工程有限责任公司", "QY_REGION_NAME": "北京市", "QY_ORG_CODE": "9111010510286618XR", "COLLECT_TIME": 1622263236000, "RN": 80, "QY_ID": "002105291240527235", "QY_SRC_TYPE": "0", "OLD_CODE": "10286618X", "hub_crawl_status": 0}, {"QY_FR_NAME": "石磊", "QY_REGION": "110100", "QY_NAME": "北京泰德市政工程有限公司", "QY_REGION_NAME": "北京市-市辖区", "QY_ORG_CODE": "91110000802936951T", "COLLECT_TIME": 1622263237000, "RN": 81, "QY_ID": "002105291240528625", "QY_SRC_TYPE": "0", "OLD_CODE": "802936951", "hub_crawl_status": 0}, {"QY_FR_NAME": "杨京位", "QY_REGION": "110000", "QY_NAME": "北京市安泰运源建筑工程有限公司", "QY_REGION_NAME": "北京市", "QY_ORG_CODE": "9111011672148157XG", "COLLECT_TIME": 1622263238000, "RN": 82, "QY_ID": "002105291240529893", "QY_SRC_TYPE": "0", "OLD_CODE": "72148157X", "hub_crawl_status": 0}, {"QY_FR_NAME": "张定宏", "QY_REGION": "110000", "QY_NAME": "中博农畜牧科技股份有限公司", "QY_REGION_NAME": "北京市", "QY_ORG_CODE": "91110108744716036J", "COLLECT_TIME": 1622263242000, "RN": 83, "QY_ID": "002105291240535055", "QY_SRC_TYPE": "0", "OLD_CODE": "744716036", "hub_crawl_status": 0}, {"QY_FR_NAME": "程武", "QY_REGION": "110000", "QY_NAME": "北京轩宇建筑工程有限公司", "QY_REGION_NAME": "北京市", "QY_ORG_CODE": "91110113102561335C", "COLLECT_TIME": 1622263242000, "RN": 84, "QY_ID": "002105291240535253", "QY_SRC_TYPE": "0", "OLD_CODE": "102561335", "hub_crawl_status": 0}, {"QY_FR_NAME": "马超", "QY_REGION": "110000", "QY_NAME": "北京欣程信达建筑工程有限公司", "QY_REGION_NAME": "北京市", "QY_ORG_CODE": "91110112786197983L", "COLLECT_TIME": 1622263243000, "RN": 85, "QY_ID": "002105291240536994", "QY_SRC_TYPE": "0", "OLD_CODE": "786197983", "hub_crawl_status": 0}, {"QY_FR_NAME": "竺海波", "QY_REGION": "110000", "QY_NAME": "北京金基成建筑工程有限公司", "QY_REGION_NAME": "北京市", "QY_ORG_CODE": "91110101633648659A", "COLLECT_TIME": 1622263248000, "RN": 86, "QY_ID": "002105291240544453", "QY_SRC_TYPE": "0", "OLD_CODE": "633648659", "hub_crawl_status": 0}, {"QY_FR_NAME": "付朝朋", "QY_REGION": "110100", "QY_NAME": "中煜建设工程有限公司", "QY_REGION_NAME": "北京市-市辖区", "QY_ORG_CODE": "91110109575232267X", "COLLECT_TIME": 1622263250000, "RN": 87, "QY_ID": "002105291240547231", "QY_SRC_TYPE": "0", "OLD_CODE": "575232267", "hub_crawl_status": 0}, {"QY_FR_NAME": "潘立伟", "QY_REGION": "110000", "QY_NAME": "北京大富源建筑市政工程有限责任公司", "QY_REGION_NAME": "北京市", "QY_ORG_CODE": "91110302101179177Q", "COLLECT_TIME": 1622263250000, "RN": 88, "QY_ID": "002105291240547232", "QY_SRC_TYPE": "0", "OLD_CODE": "101179177", "hub_crawl_status": 0}, {"QY_FR_NAME": "李春雨", "QY_REGION": "110000", "QY_NAME": "北京谷兴建筑工程有限公司", "QY_REGION_NAME": "北京市", "QY_ORG_CODE": "91110117765523487R", "COLLECT_TIME": 1622263251000, "RN": 89, "QY_ID": "002105291240549312", "QY_SRC_TYPE": "0", "OLD_CODE": "765523487", "hub_crawl_status": 0}, {"QY_FR_NAME": "高建林", "QY_REGION": "110000", "QY_NAME": "北京丽贝亚建筑装饰工程有限公司", "QY_REGION_NAME": "北京市", "QY_ORG_CODE": "91110107600018933X", "COLLECT_TIME": 1622263253000, "RN": 90, "QY_ID": "002105291240553334", "QY_SRC_TYPE": "0", "OLD_CODE": "600018933", "hub_crawl_status": 0}]