[{"RN": 106, "QY_ID": "002105291241601574", "QY_ORG_CODE": "91110114102670988E", "QY_NAME": "北京弘高建筑装饰设计工程有限公司", "QY_FR_NAME": "荆明", "QY_REGION": "110000", "QY_REGION_NAME": "北京市", "OLD_CODE": "102670988", "COLLECT_TIME": 1622263288000, "QY_SRC_TYPE": "0", "hub_crawl_status": 0}, {"RN": 107, "QY_ID": "002105291241604845", "QY_ORG_CODE": "9111022972268036X8", "QY_NAME": "北京龙庆建筑工程有限公司", "QY_FR_NAME": "侯银栓", "QY_REGION": "110000", "QY_REGION_NAME": "北京市", "OLD_CODE": "72268036X", "COLLECT_TIME": 1622263292000, "QY_SRC_TYPE": "0", "hub_crawl_status": 0}, {"RN": 108, "QY_ID": "002105291241606503", "QY_ORG_CODE": "911101147614149882", "QY_NAME": "中泰建工（北京）建筑工程有限公司", "QY_FR_NAME": "常占军", "QY_REGION": "110000", "QY_REGION_NAME": "北京市", "OLD_CODE": "761414988", "COLLECT_TIME": 1622263294000, "QY_SRC_TYPE": "0", "hub_crawl_status": 0}, {"RN": 109, "QY_ID": "002105291241608961", "QY_ORG_CODE": "911101170924246780", "QY_NAME": "成昊建设（北京）有限公司", "QY_FR_NAME": "金哲", "QY_REGION": "110000", "QY_REGION_NAME": "北京市", "OLD_CODE": "092424678", "COLLECT_TIME": 1622263296000, "QY_SRC_TYPE": "0", "hub_crawl_status": 0}, {"RN": 110, "QY_ID": "002105291241615490", "QY_ORG_CODE": "91110116565842539B", "QY_NAME": "中工投建设有限公司", "QY_FR_NAME": "李宁", "QY_REGION": "110000", "QY_REGION_NAME": "北京市", "OLD_CODE": "565842539", "COLLECT_TIME": 1622263302000, "QY_SRC_TYPE": "0", "hub_crawl_status": 0}, {"RN": 111, "QY_ID": "002105291241620357", "QY_ORG_CODE": "911101060536009310", "QY_NAME": "北京靖昌盛世建筑工程有限公司", "QY_FR_NAME": "佘海峰", "QY_REGION": "110000", "QY_REGION_NAME": "北京市", "OLD_CODE": "053600931", "COLLECT_TIME": 1622263307000, "QY_SRC_TYPE": "0", "hub_crawl_status": 0}, {"RN": 112, "QY_ID": "002105291241623049", "QY_ORG_CODE": "91110101101311174K", "QY_NAME": "北京中博建设发展有限公司", "QY_FR_NAME": "於翔", "QY_REGION": "110000", "QY_REGION_NAME": "北京市", "OLD_CODE": "101311174", "COLLECT_TIME": 1622263309000, "QY_SRC_TYPE": "0", "hub_crawl_status": 0}, {"RN": 113, "QY_ID": "002105291241625495", "QY_ORG_CODE": "911101131025178526", "QY_NAME": "北京鲁班建筑工程有限公司", "QY_FR_NAME": "蒙连旺", "QY_REGION": "110000", "QY_REGION_NAME": "北京市", "OLD_CODE": "102517852", "COLLECT_TIME": 1622263314000, "QY_SRC_TYPE": "0", "hub_crawl_status": 0}, {"RN": 114, "QY_ID": "002105291241628192", "QY_ORG_CODE": "91110105748813650E", "QY_NAME": "北京宝鸿建设项目管理有限公司", "QY_FR_NAME": "张盟", "QY_REGION": "110000", "QY_REGION_NAME": "北京市", "OLD_CODE": "748813650", "COLLECT_TIME": 1622263318000, "QY_SRC_TYPE": "0", "hub_crawl_status": 0}, {"RN": 115, "QY_ID": "002105291241629759", "QY_ORG_CODE": "91110117801735664B", "QY_NAME": "北京国韵建筑工程有限责任公司", "QY_FR_NAME": "闫名石", "QY_REGION": "110000", "QY_REGION_NAME": "北京市", "OLD_CODE": "801735664", "COLLECT_TIME": 1622263319000, "QY_SRC_TYPE": "0", "hub_crawl_status": 0}, {"RN": 116, "QY_ID": "002105291242631773", "QY_ORG_CODE": "911101121024533264", "QY_NAME": "北京市欣京州建筑公司", "QY_FR_NAME": "杨志忠", "QY_REGION": "110000", "QY_REGION_NAME": "北京市", "OLD_CODE": "102453326", "COLLECT_TIME": 1622263322000, "QY_SRC_TYPE": "0", "hub_crawl_status": 0}, {"RN": 117, "QY_ID": "002105291242636170", "QY_ORG_CODE": "911101133271825550", "QY_NAME": "雅新工程有限公司", "QY_FR_NAME": "李茂生", "QY_REGION": "110000", "QY_REGION_NAME": "北京市", "OLD_CODE": "327182555", "COLLECT_TIME": 1622263329000, "QY_SRC_TYPE": "0", "hub_crawl_status": 0}, {"RN": 118, "QY_ID": "002105291242636622", "QY_ORG_CODE": "91110112102480682G", "QY_NAME": "北京华成建筑公司", "QY_FR_NAME": "周玉和", "QY_REGION": "110000", "QY_REGION_NAME": "北京市", "OLD_CODE": "102480682", "COLLECT_TIME": 1622263330000, "QY_SRC_TYPE": "0", "hub_crawl_status": 0}, {"RN": 119, "QY_ID": "002105291242640553", "QY_ORG_CODE": "91110111102740624T", "QY_NAME": "北京市京航建筑有限责任公司", "QY_FR_NAME": "程秀强", "QY_REGION": "110000", "QY_REGION_NAME": "北京市", "OLD_CODE": "102740624", "COLLECT_TIME": 1622263339000, "QY_SRC_TYPE": "0", "hub_crawl_status": 0}, {"RN": 120, "QY_ID": "002105291242642427", "QY_ORG_CODE": "91110112102476608E", "QY_NAME": "北京市张家湾建筑有限公司", "QY_FR_NAME": "王忠民", "QY_REGION": "110000", "QY_REGION_NAME": "北京市", "OLD_CODE": "102476608", "COLLECT_TIME": 1622263343000, "QY_SRC_TYPE": "0", "hub_crawl_status": 0}]