[{"RN": 1, "QY_ID": "002105291239453548", "QY_ORG_CODE": "91110117740431527W", "QY_NAME": "北京东晓玉成建筑工程有限公司", "QY_FR_NAME": "王永财", "QY_REGION": "110000", "QY_REGION_NAME": "北京市", "OLD_CODE": "740431527", "COLLECT_TIME": 1622263197000, "QY_SRC_TYPE": "0", "hub_crawl_status": 0}, {"RN": 2, "QY_ID": "002105291239455377", "QY_ORG_CODE": "911101177226058297", "QY_NAME": "北京中建岚森建筑工程有限公司", "QY_FR_NAME": "毛军", "QY_REGION": "110000", "QY_REGION_NAME": "北京市", "OLD_CODE": "722605829", "COLLECT_TIME": 1622263198000, "QY_SRC_TYPE": "0", "hub_crawl_status": 0}, {"RN": 3, "QY_ID": "002105291239455757", "QY_ORG_CODE": "91110117102929697Q", "QY_NAME": "北京睿兴建筑工程有限公司", "QY_FR_NAME": "王连吉", "QY_REGION": "110000", "QY_REGION_NAME": "北京市", "OLD_CODE": "102929697", "COLLECT_TIME": 1622263198000, "QY_SRC_TYPE": "0", "hub_crawl_status": 0}, {"RN": 4, "QY_ID": "002105291239455862", "QY_ORG_CODE": "91110114102692829K", "QY_NAME": "北京博力建筑工程有限公司", "QY_FR_NAME": "李志刚", "QY_REGION": "110000", "QY_REGION_NAME": "北京市", "OLD_CODE": "102692829", "COLLECT_TIME": 1622263198000, "QY_SRC_TYPE": "0", "hub_crawl_status": 0}, {"RN": 5, "QY_ID": "002105291239456566", "QY_ORG_CODE": "91110000102422888W", "QY_NAME": "北京神龙盛唐建筑集团有限公司", "QY_FR_NAME": "翟庆然", "QY_REGION": "110000", "QY_REGION_NAME": "北京市", "OLD_CODE": "102422888", "COLLECT_TIME": 1622263199000, "QY_SRC_TYPE": "0", "hub_crawl_status": 0}, {"RN": 6, "QY_ID": "002105291239457473", "QY_ORG_CODE": "91110115102851017C", "QY_NAME": "北京宏伟建筑工程有限公司", "QY_FR_NAME": "王洪增", "QY_REGION": "110000", "QY_REGION_NAME": "北京市", "OLD_CODE": "102851017", "COLLECT_TIME": 1622263199000, "QY_SRC_TYPE": "0", "hub_crawl_status": 0}, {"RN": 7, "QY_ID": "002105291240459214", "QY_ORG_CODE": "91110101735572165K", "QY_NAME": "北京恒成伟业建筑工程有限责任公司", "QY_FR_NAME": "朱京生", "QY_REGION": "110000", "QY_REGION_NAME": "北京市", "OLD_CODE": "735572165", "COLLECT_TIME": 1622263200000, "QY_SRC_TYPE": "0", "hub_crawl_status": 0}, {"RN": 8, "QY_ID": "002105291240459218", "QY_ORG_CODE": "91110117102953398N", "QY_NAME": "北京九洲兴建筑工程公司", "QY_FR_NAME": "赵九洲", "QY_REGION": "110000", "QY_REGION_NAME": "北京市", "OLD_CODE": "102953398", "COLLECT_TIME": 1622263200000, "QY_SRC_TYPE": "0", "hub_crawl_status": 0}, {"RN": 9, "QY_ID": "002105291240459813", "QY_ORG_CODE": "91110114102669696H", "QY_NAME": "北京昌建建筑工程公司", "QY_FR_NAME": "李敬军", "QY_REGION": "110000", "QY_REGION_NAME": "北京市", "OLD_CODE": "102669696", "COLLECT_TIME": 1622263200000, "QY_SRC_TYPE": "0", "hub_crawl_status": 0}, {"RN": 10, "QY_ID": "002105291240462687", "QY_ORG_CODE": "911102281029747381", "QY_NAME": "北京宾阳建筑工程有限公司", "QY_FR_NAME": "王振林", "QY_REGION": "110000", "QY_REGION_NAME": "北京市", "OLD_CODE": "102974738", "COLLECT_TIME": 1622263202000, "QY_SRC_TYPE": "0", "hub_crawl_status": 0}, {"RN": 11, "QY_ID": "002105291240462985", "QY_ORG_CODE": "91110117102956724F", "QY_NAME": "北京嘉铭建设有限责任公司", "QY_FR_NAME": "张保江", "QY_REGION": "110000", "QY_REGION_NAME": "北京市", "OLD_CODE": "102956724", "COLLECT_TIME": 1622263202000, "QY_SRC_TYPE": "0", "hub_crawl_status": 0}, {"RN": 12, "QY_ID": "002105291240463284", "QY_ORG_CODE": "911101021013715721", "QY_NAME": "北京华康欣和建筑工程有限责任公司", "QY_FR_NAME": "杨玉良", "QY_REGION": "110000", "QY_REGION_NAME": "北京市", "OLD_CODE": "101371572", "COLLECT_TIME": 1622263202000, "QY_SRC_TYPE": "0", "hub_crawl_status": 0}, {"RN": 13, "QY_ID": "002105291240463603", "QY_ORG_CODE": "911101057475157668", "QY_NAME": "北京时代中兴建筑有限公司", "QY_FR_NAME": "林书岭", "QY_REGION": "110000", "QY_REGION_NAME": "北京市", "OLD_CODE": "747515766", "COLLECT_TIME": 1622263202000, "QY_SRC_TYPE": "0", "hub_crawl_status": 0}, {"RN": 14, "QY_ID": "002105291240465072", "QY_ORG_CODE": "91110228102966906R", "QY_NAME": "北京国鑫恒泰建筑工程有限公司", "QY_FR_NAME": "陈铁钢", "QY_REGION": "110000", "QY_REGION_NAME": "北京市", "OLD_CODE": "102966906", "COLLECT_TIME": 1622263203000, "QY_SRC_TYPE": "0", "hub_crawl_status": 0}, {"RN": 15, "QY_ID": "002105291240465632", "QY_ORG_CODE": "91110108101994980X", "QY_NAME": "北京清控水木建筑工程有限公司", "QY_FR_NAME": "王元涛", "QY_REGION": "110000", "QY_REGION_NAME": "北京市", "OLD_CODE": "101994980", "COLLECT_TIME": 1622263203000, "QY_SRC_TYPE": "0", "hub_crawl_status": 0}]