[{"RN": 166, "QY_ID": "002105291255766872", "QY_ORG_CODE": "911101157002426176", "QY_NAME": "北京宝源建筑工程有限公司", "QY_FR_NAME": "周浩", "QY_REGION": "110000", "QY_REGION_NAME": "北京市", "OLD_CODE": "700242617", "COLLECT_TIME": 1622264100000, "QY_SRC_TYPE": "0", "hub_crawl_status": 0}, {"RN": 167, "QY_ID": "002105291255767668", "QY_ORG_CODE": "91110106699616641L", "QY_NAME": "中京恒盛建设工程有限公司", "QY_FR_NAME": "吴运峰", "QY_REGION": "110000", "QY_REGION_NAME": "北京市", "OLD_CODE": "699616641", "COLLECT_TIME": 1622264101000, "QY_SRC_TYPE": "0", "hub_crawl_status": 0}, {"RN": 168, "QY_ID": "002105291255768236", "QY_ORG_CODE": "91110111770424053L", "QY_NAME": "北京拱辰建业建筑工程有限公司", "QY_FR_NAME": "焦杨", "QY_REGION": "110000", "QY_REGION_NAME": "北京市", "OLD_CODE": "770424053", "COLLECT_TIME": 1622264102000, "QY_SRC_TYPE": "0", "hub_crawl_status": 0}, {"RN": 169, "QY_ID": "002105291255769833", "QY_ORG_CODE": "911101131015682441", "QY_NAME": "北京市京达建筑工程有限公司", "QY_FR_NAME": "周明军", "QY_REGION": "110000", "QY_REGION_NAME": "北京市", "OLD_CODE": "101568244", "COLLECT_TIME": 1622264103000, "QY_SRC_TYPE": "0", "hub_crawl_status": 0}, {"RN": 170, "QY_ID": "002105291255773478", "QY_ORG_CODE": "911101121024559894", "QY_NAME": "北京东运建筑工程有限公司", "QY_FR_NAME": "刘松柏", "QY_REGION": "110000", "QY_REGION_NAME": "北京市", "OLD_CODE": "102455989", "COLLECT_TIME": 1622264107000, "QY_SRC_TYPE": "0", "hub_crawl_status": 0}, {"RN": 171, "QY_ID": "002105291255774190", "QY_ORG_CODE": "911101121023925780", "QY_NAME": "北京潞城二建建筑有限公司", "QY_FR_NAME": "刘占军", "QY_REGION": "110000", "QY_REGION_NAME": "北京市", "OLD_CODE": "102392578", "COLLECT_TIME": 1622264109000, "QY_SRC_TYPE": "0", "hub_crawl_status": 0}, {"RN": 172, "QY_ID": "002105291255774843", "QY_ORG_CODE": "91110112102462329X", "QY_NAME": "北京市通州觅子店建筑公司", "QY_FR_NAME": "王东芳", "QY_REGION": "110000", "QY_REGION_NAME": "北京市", "OLD_CODE": "102462329", "COLLECT_TIME": 1622264109000, "QY_SRC_TYPE": "0", "hub_crawl_status": 0}, {"RN": 173, "QY_ID": "002105291255776073", "QY_ORG_CODE": "911100007940942471", "QY_NAME": "首投创通建设集团有限公司", "QY_FR_NAME": "秦永余", "QY_REGION": "110000", "QY_REGION_NAME": "北京市", "OLD_CODE": "794094247", "COLLECT_TIME": 1622264111000, "QY_SRC_TYPE": "0", "hub_crawl_status": 0}, {"RN": 174, "QY_ID": "002105291255778038", "QY_ORG_CODE": "911101167214829943", "QY_NAME": "北京日月明建筑工程有限公司", "QY_FR_NAME": "崔文合", "QY_REGION": "110000", "QY_REGION_NAME": "北京市", "OLD_CODE": "721482994", "COLLECT_TIME": 1622264113000, "QY_SRC_TYPE": "0", "hub_crawl_status": 0}, {"RN": 175, "QY_ID": "002105291258780398", "QY_ORG_CODE": "91110116634310502Y", "QY_NAME": "北京起源建筑工程有限责任公司", "QY_FR_NAME": "王春娥", "QY_REGION": "110000", "QY_REGION_NAME": "北京市", "OLD_CODE": "634310502", "COLLECT_TIME": 1622264306000, "QY_SRC_TYPE": "0", "hub_crawl_status": 0}, {"RN": 176, "QY_ID": "002105291258785668", "QY_ORG_CODE": "91110107802889112G", "QY_NAME": "北京中创顺达被动式建筑工程有限公司", "QY_FR_NAME": "张怡英", "QY_REGION": "110000", "QY_REGION_NAME": "北京市", "OLD_CODE": "802889112", "COLLECT_TIME": 1622264311000, "QY_SRC_TYPE": "0", "hub_crawl_status": 0}, {"RN": 177, "QY_ID": "002105291258787191", "QY_ORG_CODE": "9111010810200773X6", "QY_NAME": "北京三元安达建筑有限公司", "QY_FR_NAME": "焦亚栋", "QY_REGION": "110000", "QY_REGION_NAME": "北京市", "OLD_CODE": "10200773X", "COLLECT_TIME": 1622264312000, "QY_SRC_TYPE": "0", "hub_crawl_status": 0}, {"RN": 178, "QY_ID": "002105291258788248", "QY_ORG_CODE": "91110116575246052T", "QY_NAME": "北京华邑建设集团有限公司", "QY_FR_NAME": "林玉江", "QY_REGION": "110100", "QY_REGION_NAME": "北京市-市辖区", "OLD_CODE": "575246052", "COLLECT_TIME": 1622264314000, "QY_SRC_TYPE": "0", "hub_crawl_status": 0}, {"RN": 179, "QY_ID": "002105291258788847", "QY_ORG_CODE": "91110116585899970P", "QY_NAME": "北京宏君达建筑工程有限公司", "QY_FR_NAME": "李高亮", "QY_REGION": "110000", "QY_REGION_NAME": "北京市", "OLD_CODE": "585899970", "COLLECT_TIME": 1622264314000, "QY_SRC_TYPE": "0", "hub_crawl_status": 0}, {"RN": 180, "QY_ID": "002105291258788849", "QY_ORG_CODE": "91110116567429238C", "QY_NAME": "北京盛佳凯奥建筑工程有限公司", "QY_FR_NAME": "李首宏", "QY_REGION": "110000", "QY_REGION_NAME": "北京市", "OLD_CODE": "567429238", "COLLECT_TIME": 1622264314000, "QY_SRC_TYPE": "0", "hub_crawl_status": 0}]