[{"RN": 136, "QY_ID": "002105291248681564", "QY_ORG_CODE": "91110101700043773E", "QY_NAME": "北京中建华通建设发展有限公司", "QY_FR_NAME": "王刚", "QY_REGION": "110000", "QY_REGION_NAME": "北京市", "OLD_CODE": "700043773", "COLLECT_TIME": 1622263713000, "QY_SRC_TYPE": "0", "hub_crawl_status": 0}, {"RN": 137, "QY_ID": "002105291248683395", "QY_ORG_CODE": "91110228736472828D", "QY_NAME": "北京坤宝城市建设工程有限公司", "QY_FR_NAME": "安绍武", "QY_REGION": "110000", "QY_REGION_NAME": "北京市", "OLD_CODE": "736472828", "COLLECT_TIME": 1622263715000, "QY_SRC_TYPE": "0", "hub_crawl_status": 0}, {"RN": 138, "QY_ID": "002105291248684939", "QY_ORG_CODE": "91110105101132037E", "QY_NAME": "北京建总建筑安装工程有限公司", "QY_FR_NAME": "郑丽丽", "QY_REGION": "110000", "QY_REGION_NAME": "北京市", "OLD_CODE": "101132037", "COLLECT_TIME": 1622263717000, "QY_SRC_TYPE": "0", "hub_crawl_status": 0}, {"RN": 139, "QY_ID": "002105291248688005", "QY_ORG_CODE": "91110108101961580A", "QY_NAME": "北京市海淀区信远建筑工程公司", "QY_FR_NAME": "温国信", "QY_REGION": "110000", "QY_REGION_NAME": "北京市", "OLD_CODE": "101961580", "COLLECT_TIME": 1622263720000, "QY_SRC_TYPE": "0", "hub_crawl_status": 0}, {"RN": 140, "QY_ID": "002105291248690918", "QY_ORG_CODE": "91110112102418184X", "QY_NAME": "北京市通州北通建筑总公司", "QY_FR_NAME": "耿全亮", "QY_REGION": "110000", "QY_REGION_NAME": "北京市", "OLD_CODE": "102418184", "COLLECT_TIME": 1622263725000, "QY_SRC_TYPE": "0", "hub_crawl_status": 0}, {"RN": 141, "QY_ID": "002105291248694672", "QY_ORG_CODE": "9111011310251191X0", "QY_NAME": "北京燕雄建筑工程有限公司", "QY_FR_NAME": "张广强", "QY_REGION": "110000", "QY_REGION_NAME": "北京市", "OLD_CODE": "10251191X", "COLLECT_TIME": 1622263730000, "QY_SRC_TYPE": "0", "hub_crawl_status": 0}, {"RN": 142, "QY_ID": "002105291248696627", "QY_ORG_CODE": "911101136336900050", "QY_NAME": "北京振河建筑工程有限公司", "QY_FR_NAME": "张亚林", "QY_REGION": "110000", "QY_REGION_NAME": "北京市", "OLD_CODE": "633690005", "COLLECT_TIME": 1622263732000, "QY_SRC_TYPE": "0", "hub_crawl_status": 0}, {"RN": 143, "QY_ID": "002105291248698019", "QY_ORG_CODE": "91110105764239177G", "QY_NAME": "北京三元长城建筑有限责任公司", "QY_FR_NAME": "吴存刚", "QY_REGION": "110000", "QY_REGION_NAME": "北京市", "OLD_CODE": "764239177", "COLLECT_TIME": 1622263734000, "QY_SRC_TYPE": "0", "hub_crawl_status": 0}, {"RN": 144, "QY_ID": "002105291248698619", "QY_ORG_CODE": "91110102733488525Q", "QY_NAME": "北京德胜新鑫建筑有限公司", "QY_FR_NAME": "苏剑", "QY_REGION": "110000", "QY_REGION_NAME": "北京市", "OLD_CODE": "733488525", "COLLECT_TIME": 1622263736000, "QY_SRC_TYPE": "0", "hub_crawl_status": 0}, {"RN": 145, "QY_ID": "002105291249702364", "QY_ORG_CODE": "91110115740059550C", "QY_NAME": "北京盛久屹城建筑工程有限公司", "QY_FR_NAME": "周国平", "QY_REGION": "110000", "QY_REGION_NAME": "北京市", "OLD_CODE": "740059550", "COLLECT_TIME": 1622263742000, "QY_SRC_TYPE": "0", "hub_crawl_status": 0}, {"RN": 146, "QY_ID": "002105291249702816", "QY_ORG_CODE": "9111022867426060X6", "QY_NAME": "北京三人成建设工程有限公司", "QY_FR_NAME": "李国强", "QY_REGION": "110000", "QY_REGION_NAME": "北京市", "OLD_CODE": "67426060X", "COLLECT_TIME": 1622263742000, "QY_SRC_TYPE": "0", "hub_crawl_status": 0}, {"RN": 147, "QY_ID": "002105291249703151", "QY_ORG_CODE": "91110000102489329E", "QY_NAME": "中铁十六局集团第一工程有限公司", "QY_FR_NAME": "夏雷", "QY_REGION": "110100", "QY_REGION_NAME": "北京市-市辖区", "OLD_CODE": "102489329", "COLLECT_TIME": 1622263743000, "QY_SRC_TYPE": "0", "hub_crawl_status": 0}, {"RN": 148, "QY_ID": "002105291249704958", "QY_ORG_CODE": "91110112MA00670U4C", "QY_NAME": "北京云亮琛轩建筑工程有限公司", "QY_FR_NAME": "卫芸", "QY_REGION": "110000", "QY_REGION_NAME": "北京市", "OLD_CODE": "MA00670U4", "COLLECT_TIME": 1622263744000, "QY_SRC_TYPE": "0", "hub_crawl_status": 0}, {"RN": 149, "QY_ID": "002105291249706897", "QY_ORG_CODE": "91110106683566256B", "QY_NAME": "北京润亚建设工程发展有限责任公司", "QY_FR_NAME": "宋海民", "QY_REGION": "110000", "QY_REGION_NAME": "北京市", "OLD_CODE": "683566256", "COLLECT_TIME": 1622263748000, "QY_SRC_TYPE": "0", "hub_crawl_status": 0}, {"RN": 150, "QY_ID": "002105291249710410", "QY_ORG_CODE": "91110000102079653X", "QY_NAME": "建峰建设集团股份有限公司", "QY_FR_NAME": "庄大刚", "QY_REGION": "110000", "QY_REGION_NAME": "北京市", "OLD_CODE": "102079653", "COLLECT_TIME": 1622263753000, "QY_SRC_TYPE": "0", "hub_crawl_status": 0}]