[{"RN": 46, "QY_ID": "002105291240499008", "QY_ORG_CODE": "911101151011440462", "QY_NAME": "北京华商绘都建筑有限责任公司", "QY_FR_NAME": "黄迅", "QY_REGION": "110000", "QY_REGION_NAME": "北京市", "OLD_CODE": "101144046", "COLLECT_TIME": 1622263221000, "QY_SRC_TYPE": "0", "hub_crawl_status": 0}, {"RN": 47, "QY_ID": "002105291240501468", "QY_ORG_CODE": "911102297226820824", "QY_NAME": "北京玉森建筑有限公司", "QY_FR_NAME": "吴爱春", "QY_REGION": "110000", "QY_REGION_NAME": "北京市", "OLD_CODE": "722682082", "COLLECT_TIME": 1622263222000, "QY_SRC_TYPE": "0", "hub_crawl_status": 0}, {"RN": 48, "QY_ID": "002105291240501713", "QY_ORG_CODE": "9111011680258233X8", "QY_NAME": "北京怀建集团辰辉建筑工程有限公司", "QY_FR_NAME": "雒玉山", "QY_REGION": "110000", "QY_REGION_NAME": "北京市", "OLD_CODE": "80258233X", "COLLECT_TIME": 1622263222000, "QY_SRC_TYPE": "0", "hub_crawl_status": 0}, {"RN": 49, "QY_ID": "002105291240501822", "QY_ORG_CODE": "91110113102562928X", "QY_NAME": "北京市建升建筑工程有限公司", "QY_FR_NAME": "赵民", "QY_REGION": "110000", "QY_REGION_NAME": "北京市", "OLD_CODE": "102562928", "COLLECT_TIME": 1622263223000, "QY_SRC_TYPE": "0", "hub_crawl_status": 0}, {"RN": 50, "QY_ID": "002105291240503572", "QY_ORG_CODE": "911101136976966682", "QY_NAME": "北京国建天成建设工程有限责任公司", "QY_FR_NAME": "侯广松", "QY_REGION": "110000", "QY_REGION_NAME": "北京市", "OLD_CODE": "697696668", "COLLECT_TIME": 1622263223000, "QY_SRC_TYPE": "0", "hub_crawl_status": 0}, {"RN": 51, "QY_ID": "002105291240503699", "QY_ORG_CODE": "9111011210243984XM", "QY_NAME": "北京梨园建筑工程有限公司", "QY_FR_NAME": "高名旺", "QY_REGION": "110000", "QY_REGION_NAME": "北京市", "OLD_CODE": "10243984X", "COLLECT_TIME": 1622263223000, "QY_SRC_TYPE": "0", "hub_crawl_status": 0}, {"RN": 52, "QY_ID": "002105291240504254", "QY_ORG_CODE": "91110116102587623C", "QY_NAME": "北京市盛东阳建筑安装工程有限责任公司", "QY_FR_NAME": "肖海民", "QY_REGION": "110000", "QY_REGION_NAME": "北京市", "OLD_CODE": "102587623", "COLLECT_TIME": 1622263224000, "QY_SRC_TYPE": "0", "hub_crawl_status": 0}, {"RN": 53, "QY_ID": "002105291240505516", "QY_ORG_CODE": "911101066337068129", "QY_NAME": "北京市开元长泰建筑工程有限责任公司", "QY_FR_NAME": "李永胜", "QY_REGION": "110000", "QY_REGION_NAME": "北京市", "OLD_CODE": "633706812", "COLLECT_TIME": 1622263225000, "QY_SRC_TYPE": "0", "hub_crawl_status": 0}, {"RN": 54, "QY_ID": "002105291240506051", "QY_ORG_CODE": "91110114553112491E", "QY_NAME": "北京金丰环球建筑装饰有限公司", "QY_FR_NAME": "陈康胜", "QY_REGION": "110000", "QY_REGION_NAME": "北京市", "OLD_CODE": "553112491", "COLLECT_TIME": 1622263225000, "QY_SRC_TYPE": "0", "hub_crawl_status": 0}, {"RN": 55, "QY_ID": "002105291240506520", "QY_ORG_CODE": "91110117672375673U", "QY_NAME": "北京思创蓝石建设有限公司", "QY_FR_NAME": "杨靖涛", "QY_REGION": "110000", "QY_REGION_NAME": "北京市", "OLD_CODE": "672375673", "COLLECT_TIME": 1622263225000, "QY_SRC_TYPE": "0", "hub_crawl_status": 0}, {"RN": 56, "QY_ID": "002105291240506781", "QY_ORG_CODE": "911102297226803863", "QY_NAME": "北京明泰建筑工程有限公司", "QY_FR_NAME": "李建珍", "QY_REGION": "110000", "QY_REGION_NAME": "北京市", "OLD_CODE": "722680386", "COLLECT_TIME": 1622263225000, "QY_SRC_TYPE": "0", "hub_crawl_status": 0}, {"RN": 57, "QY_ID": "002105291240507515", "QY_ORG_CODE": "91110113102517705L", "QY_NAME": "北京永强建筑有限公司", "QY_FR_NAME": "王辉", "QY_REGION": "110000", "QY_REGION_NAME": "北京市", "OLD_CODE": "102517705", "COLLECT_TIME": 1622263226000, "QY_SRC_TYPE": "0", "hub_crawl_status": 0}, {"RN": 58, "QY_ID": "002105291240507749", "QY_ORG_CODE": "91110108723952187D", "QY_NAME": "北京天惠建筑有限责任公司", "QY_FR_NAME": "陈玉杰", "QY_REGION": "110000", "QY_REGION_NAME": "北京市", "OLD_CODE": "723952187", "COLLECT_TIME": 1622263226000, "QY_SRC_TYPE": "0", "hub_crawl_status": 0}, {"RN": 59, "QY_ID": "002105291240508897", "QY_ORG_CODE": "91110106102147820M", "QY_NAME": "北京市丰台三益建筑工程有限责任公司", "QY_FR_NAME": "周文起", "QY_REGION": "110000", "QY_REGION_NAME": "北京市", "OLD_CODE": "102147820", "COLLECT_TIME": 1622263226000, "QY_SRC_TYPE": "0", "hub_crawl_status": 0}, {"RN": 60, "QY_ID": "002105291240509015", "QY_ORG_CODE": "91110108723950800Q", "QY_NAME": "北京中创建设工程有限公司", "QY_FR_NAME": "代京凯", "QY_REGION": "110000", "QY_REGION_NAME": "北京市", "OLD_CODE": "723950800", "COLLECT_TIME": 1622263226000, "QY_SRC_TYPE": "0", "hub_crawl_status": 0}]