[{"RN": 196, "QY_ID": "002105291259834528", "QY_ORG_CODE": "91110117074108778K", "QY_NAME": "北京华创空港工程有限公司", "QY_FR_NAME": "万学龙", "QY_REGION": "110100", "QY_REGION_NAME": "北京市-市辖区", "OLD_CODE": "074108778", "COLLECT_TIME": 1622264369000, "QY_SRC_TYPE": "0", "hub_crawl_status": 0}, {"RN": 197, "QY_ID": "002105291259837913", "QY_ORG_CODE": "91110228059238929L", "QY_NAME": "九洋建设集团有限公司", "QY_FR_NAME": "李霞", "QY_REGION": "110000", "QY_REGION_NAME": "北京市", "OLD_CODE": "059238929", "COLLECT_TIME": 1622264373000, "QY_SRC_TYPE": "0", "hub_crawl_status": 0}, {"RN": 198, "QY_ID": "002105291259838829", "QY_ORG_CODE": "91110111102755981L", "QY_NAME": "北京顺腾建筑工程有限责任公司", "QY_FR_NAME": "张凯", "QY_REGION": "110000", "QY_REGION_NAME": "北京市", "OLD_CODE": "102755981", "COLLECT_TIME": 1622264374000, "QY_SRC_TYPE": "0", "hub_crawl_status": 0}, {"RN": 199, "QY_ID": "002105291305843872", "QY_ORG_CODE": "911101087334626915", "QY_NAME": "六建兴泰建设集团有限公司", "QY_FR_NAME": "李玉洁", "QY_REGION": "110000", "QY_REGION_NAME": "北京市", "OLD_CODE": "733462691", "COLLECT_TIME": 1622264718000, "QY_SRC_TYPE": "0", "hub_crawl_status": 0}, {"RN": 200, "QY_ID": "002105291305843873", "QY_ORG_CODE": "91110105101929484G", "QY_NAME": "北京城五工程建设有限公司", "QY_FR_NAME": "肖飞", "QY_REGION": "110000", "QY_REGION_NAME": "北京市", "OLD_CODE": "101929484", "COLLECT_TIME": 1622264718000, "QY_SRC_TYPE": "0", "hub_crawl_status": 0}, {"RN": 201, "QY_ID": "002105291305849642", "QY_ORG_CODE": "91110106669145826A", "QY_NAME": "安辰建设开发集团有限公司", "QY_FR_NAME": "常改英", "QY_REGION": "110000", "QY_REGION_NAME": "北京市", "OLD_CODE": "669145826", "COLLECT_TIME": 1622264726000, "QY_SRC_TYPE": "0", "hub_crawl_status": 0}, {"RN": 202, "QY_ID": "002105291305859820", "QY_ORG_CODE": "9111010780295544XN", "QY_NAME": "北京融城建设工程有限公司", "QY_FR_NAME": "杨健永", "QY_REGION": "110000", "QY_REGION_NAME": "北京市", "OLD_CODE": "80295544X", "COLLECT_TIME": 1622264737000, "QY_SRC_TYPE": "0", "hub_crawl_status": 0}, {"RN": 203, "QY_ID": "002105291305861875", "QY_ORG_CODE": "911101061025212027", "QY_NAME": "北京市冠京先河建筑工程有限公司", "QY_FR_NAME": "王若雄", "QY_REGION": "110000", "QY_REGION_NAME": "北京市", "OLD_CODE": "102521202", "COLLECT_TIME": 1622264739000, "QY_SRC_TYPE": "0", "hub_crawl_status": 0}, {"RN": 204, "QY_ID": "002105291305862996", "QY_ORG_CODE": "911101146750785513", "QY_NAME": "北京良盛弘达建设工程有限公司", "QY_FR_NAME": "杨大虎", "QY_REGION": "110000", "QY_REGION_NAME": "北京市", "OLD_CODE": "675078551", "COLLECT_TIME": 1622264741000, "QY_SRC_TYPE": "0", "hub_crawl_status": 0}, {"RN": 205, "QY_ID": "002105291305862997", "QY_ORG_CODE": "91110105789960550T", "QY_NAME": "北京盈果建筑工程有限公司", "QY_FR_NAME": "樊永伟", "QY_REGION": "110000", "QY_REGION_NAME": "北京市", "OLD_CODE": "789960550", "COLLECT_TIME": 1622264741000, "QY_SRC_TYPE": "0", "hub_crawl_status": 0}, {"RN": 206, "QY_ID": "002105291305862998", "QY_ORG_CODE": "91110000098695364F", "QY_NAME": "北京淳正建设集团有限公司", "QY_FR_NAME": "王文涛", "QY_REGION": "110000", "QY_REGION_NAME": "北京市", "OLD_CODE": "098695364", "COLLECT_TIME": 1622264741000, "QY_SRC_TYPE": "0", "hub_crawl_status": 0}, {"RN": 207, "QY_ID": "002105291305873213", "QY_ORG_CODE": "911101157214982083", "QY_NAME": "北京中铁兴都建筑工程有限公司", "QY_FR_NAME": "刘海英", "QY_REGION": "110000", "QY_REGION_NAME": "北京市", "OLD_CODE": "721498208", "COLLECT_TIME": 1622264755000, "QY_SRC_TYPE": "0", "hub_crawl_status": 0}, {"RN": 208, "QY_ID": "002105291305873882", "QY_ORG_CODE": "91110114102697099H", "QY_NAME": "北京劲旅建筑工程有限公司", "QY_FR_NAME": "洪夙", "QY_REGION": "110000", "QY_REGION_NAME": "北京市", "OLD_CODE": "102697099", "COLLECT_TIME": 1622264755000, "QY_SRC_TYPE": "0", "hub_crawl_status": 0}, {"RN": 209, "QY_ID": "002105291306882282", "QY_ORG_CODE": "91110114MA01GTAF0J", "QY_NAME": "北京兴坤建筑有限公司", "QY_FR_NAME": "吕海生", "QY_REGION": "110000", "QY_REGION_NAME": "北京市", "OLD_CODE": "MA01GTAF0", "COLLECT_TIME": 1622264763000, "QY_SRC_TYPE": "0", "hub_crawl_status": 0}, {"RN": 210, "QY_ID": "002105291306888814", "QY_ORG_CODE": "911101087577348316", "QY_NAME": "北京泉润建设工程有限公司", "QY_FR_NAME": "王永利", "QY_REGION": "110000", "QY_REGION_NAME": "北京市", "OLD_CODE": "757734831", "COLLECT_TIME": 1622264769000, "QY_SRC_TYPE": "0", "hub_crawl_status": 0}]