[{"RN": 121, "QY_ID": "002105291242643730", "QY_ORG_CODE": "91110108700238335G", "QY_NAME": "北京当代创新建设工程有限责任公司", "QY_FR_NAME": "王国良", "QY_REGION": "110000", "QY_REGION_NAME": "北京市", "OLD_CODE": "700238335", "COLLECT_TIME": 1622263344000, "QY_SRC_TYPE": "0", "hub_crawl_status": 0}, {"RN": 122, "QY_ID": "002105291242643748", "QY_ORG_CODE": "91110105563642322R", "QY_NAME": "北京城建亚泰宏禹建筑装饰工程有限公司", "QY_FR_NAME": "李守彬", "QY_REGION": "110000", "QY_REGION_NAME": "北京市", "OLD_CODE": "563642322", "COLLECT_TIME": 1622263344000, "QY_SRC_TYPE": "0", "hub_crawl_status": 0}, {"RN": 123, "QY_ID": "002105291248652047", "QY_ORG_CODE": "911100001000094165", "QY_NAME": "中国安能建设集团有限公司", "QY_FR_NAME": "周国平", "QY_REGION": "110100", "QY_REGION_NAME": "北京市-市辖区", "OLD_CODE": "100009416", "COLLECT_TIME": 1622263685000, "QY_SRC_TYPE": "0", "hub_crawl_status": 0}, {"RN": 124, "QY_ID": "002105291248652768", "QY_ORG_CODE": "911101147214488093", "QY_NAME": "北京商宇建筑工程有限公司", "QY_FR_NAME": "吴建生", "QY_REGION": "110000", "QY_REGION_NAME": "北京市", "OLD_CODE": "721448809", "COLLECT_TIME": 1622263685000, "QY_SRC_TYPE": "0", "hub_crawl_status": 0}, {"RN": 125, "QY_ID": "002105291248654177", "QY_ORG_CODE": "91110114600000717F", "QY_NAME": "北京港源建筑装饰工程有限公司", "QY_FR_NAME": "符剑平", "QY_REGION": "110000", "QY_REGION_NAME": "北京市", "OLD_CODE": "600000717", "COLLECT_TIME": 1622263687000, "QY_SRC_TYPE": "0", "hub_crawl_status": 0}, {"RN": 126, "QY_ID": "002105291248658767", "QY_ORG_CODE": "91110105101637852F", "QY_NAME": "北京东航建筑工程有限公司", "QY_FR_NAME": "刘辉", "QY_REGION": "110000", "QY_REGION_NAME": "北京市", "OLD_CODE": "101637852", "COLLECT_TIME": 1622263691000, "QY_SRC_TYPE": "0", "hub_crawl_status": 0}, {"RN": 127, "QY_ID": "002105291248667037", "QY_ORG_CODE": "91110113MA009QLY91", "QY_NAME": "北京建工建筑产业化投资建设发展有限公司", "QY_FR_NAME": "刘迎杰", "QY_REGION": "110000", "QY_REGION_NAME": "北京市", "OLD_CODE": "MA009QLY9", "COLLECT_TIME": 1622263699000, "QY_SRC_TYPE": "0", "hub_crawl_status": 0}, {"RN": 128, "QY_ID": "002105291248668365", "QY_ORG_CODE": "911101166000120999", "QY_NAME": "北京侨信装饰工程有限公司", "QY_FR_NAME": "刘丽江", "QY_REGION": "110000", "QY_REGION_NAME": "北京市", "OLD_CODE": "600012099", "COLLECT_TIME": 1622263700000, "QY_SRC_TYPE": "0", "hub_crawl_status": 0}, {"RN": 129, "QY_ID": "002105291248670037", "QY_ORG_CODE": "9111010510112378XY", "QY_NAME": "北京市建筑装饰设计工程有限公司", "QY_FR_NAME": "田巍", "QY_REGION": "110000", "QY_REGION_NAME": "北京市", "OLD_CODE": "10112378X", "COLLECT_TIME": 1622263702000, "QY_SRC_TYPE": "0", "hub_crawl_status": 0}, {"RN": 130, "QY_ID": "002105291248670153", "QY_ORG_CODE": "9111011480265900X5", "QY_NAME": "北京市未来建筑工程有限公司", "QY_FR_NAME": "肖学龙", "QY_REGION": "110000", "QY_REGION_NAME": "北京市", "OLD_CODE": "80265900X", "COLLECT_TIME": 1622263703000, "QY_SRC_TYPE": "0", "hub_crawl_status": 0}, {"RN": 131, "QY_ID": "002105291248670999", "QY_ORG_CODE": "911101161026181270", "QY_NAME": "北京市长兴旺建筑工程有限公司", "QY_FR_NAME": "彭明松", "QY_REGION": "110000", "QY_REGION_NAME": "北京市", "OLD_CODE": "102618127", "COLLECT_TIME": 1622263703000, "QY_SRC_TYPE": "0", "hub_crawl_status": 0}, {"RN": 132, "QY_ID": "002105291248673866", "QY_ORG_CODE": "91110114102674567F", "QY_NAME": "北京昌房建筑工程有限责任公司", "QY_FR_NAME": "董士平", "QY_REGION": "110000", "QY_REGION_NAME": "北京市", "OLD_CODE": "102674567", "COLLECT_TIME": 1622263705000, "QY_SRC_TYPE": "0", "hub_crawl_status": 0}, {"RN": 133, "QY_ID": "002105291248674668", "QY_ORG_CODE": "91110116634311169B", "QY_NAME": "北京诚信建筑工程公司", "QY_FR_NAME": "高金东", "QY_REGION": "110000", "QY_REGION_NAME": "北京市", "OLD_CODE": "634311169", "COLLECT_TIME": 1622263706000, "QY_SRC_TYPE": "0", "hub_crawl_status": 0}, {"RN": 134, "QY_ID": "002105291248678049", "QY_ORG_CODE": "911103041027671498", "QY_NAME": "北京燕山华龙建筑工程有限公司", "QY_FR_NAME": "贾春斌", "QY_REGION": "110000", "QY_REGION_NAME": "北京市", "OLD_CODE": "102767149", "COLLECT_TIME": 1622263709000, "QY_SRC_TYPE": "0", "hub_crawl_status": 0}, {"RN": 135, "QY_ID": "002105291248679087", "QY_ORG_CODE": "911101127587366870", "QY_NAME": "北京隆盛翔建设集团有限公司", "QY_FR_NAME": "刘福祥", "QY_REGION": "110000", "QY_REGION_NAME": "北京市", "OLD_CODE": "758736687", "COLLECT_TIME": 1622263710000, "QY_SRC_TYPE": "0", "hub_crawl_status": 0}]