[{"RN": 31, "QY_ID": "002105291240476862", "QY_ORG_CODE": "91110116790699660A", "QY_NAME": "北京昌德建筑工程有限公司", "QY_FR_NAME": "高文玉", "QY_REGION": "110000", "QY_REGION_NAME": "北京市", "OLD_CODE": "790699660", "COLLECT_TIME": 1622263209000, "QY_SRC_TYPE": "0", "hub_crawl_status": 0}, {"RN": 32, "QY_ID": "002105291240476866", "QY_ORG_CODE": "9111011679513655XB", "QY_NAME": "北京智恒兴业建筑工程有限公司", "QY_FR_NAME": "黄显民", "QY_REGION": "110000", "QY_REGION_NAME": "北京市", "OLD_CODE": "79513655X", "COLLECT_TIME": 1622263209000, "QY_SRC_TYPE": "0", "hub_crawl_status": 0}, {"RN": 33, "QY_ID": "002105291240477286", "QY_ORG_CODE": "911101051021011609", "QY_NAME": "北京英达利城建有限公司", "QY_FR_NAME": "张济民", "QY_REGION": "110000", "QY_REGION_NAME": "北京市", "OLD_CODE": "102101160", "COLLECT_TIME": 1622263209000, "QY_SRC_TYPE": "0", "hub_crawl_status": 0}, {"RN": 34, "QY_ID": "002105291240481083", "QY_ORG_CODE": "911100007109272067", "QY_NAME": "安通建设有限公司", "QY_FR_NAME": "傅凌", "QY_REGION": "110000", "QY_REGION_NAME": "北京市", "OLD_CODE": "710927206", "COLLECT_TIME": 1622263211000, "QY_SRC_TYPE": "0", "hub_crawl_status": 0}, {"RN": 35, "QY_ID": "002105291240481882", "QY_ORG_CODE": "911100006336916147", "QY_NAME": "北京国安建设有限公司", "QY_FR_NAME": "郑国华", "QY_REGION": "110000", "QY_REGION_NAME": "北京市", "OLD_CODE": "633691614", "COLLECT_TIME": 1622263211000, "QY_SRC_TYPE": "0", "hub_crawl_status": 0}, {"RN": 36, "QY_ID": "002105291240486236", "QY_ORG_CODE": "91110117802945807W", "QY_NAME": "北京中标建设工程有限公司", "QY_FR_NAME": "陈永军", "QY_REGION": "110000", "QY_REGION_NAME": "北京市", "OLD_CODE": "802945807", "COLLECT_TIME": 1622263213000, "QY_SRC_TYPE": "0", "hub_crawl_status": 0}, {"RN": 37, "QY_ID": "002105291240487831", "QY_ORG_CODE": "91110112102457642P", "QY_NAME": "北京华强建筑有限公司", "QY_FR_NAME": "张秀芳", "QY_REGION": "110000", "QY_REGION_NAME": "北京市", "OLD_CODE": "102457642", "COLLECT_TIME": 1622263214000, "QY_SRC_TYPE": "0", "hub_crawl_status": 0}, {"RN": 38, "QY_ID": "002105291240487835", "QY_ORG_CODE": "91110229103030982G", "QY_NAME": "北京鼎力建筑工程公司", "QY_FR_NAME": "钱志良", "QY_REGION": "110000", "QY_REGION_NAME": "北京市", "OLD_CODE": "103030982", "COLLECT_TIME": 1622263214000, "QY_SRC_TYPE": "0", "hub_crawl_status": 0}, {"RN": 39, "QY_ID": "002105291240488132", "QY_ORG_CODE": "91110102101552808A", "QY_NAME": "北京陶然建筑有限公司", "QY_FR_NAME": "林玉琇", "QY_REGION": "110000", "QY_REGION_NAME": "北京市", "OLD_CODE": "101552808", "COLLECT_TIME": 1622263214000, "QY_SRC_TYPE": "0", "hub_crawl_status": 0}, {"RN": 40, "QY_ID": "002105291240488904", "QY_ORG_CODE": "911101051016424592", "QY_NAME": "北京华阳市政建筑工程有限公司", "QY_FR_NAME": "陈庚", "QY_REGION": "110000", "QY_REGION_NAME": "北京市", "OLD_CODE": "101642459", "COLLECT_TIME": 1622263215000, "QY_SRC_TYPE": "0", "hub_crawl_status": 0}, {"RN": 41, "QY_ID": "002105291240491609", "QY_ORG_CODE": "9111011480266292XF", "QY_NAME": "北京新龙伟业建筑工程有限公司", "QY_FR_NAME": "郝海涛", "QY_REGION": "110000", "QY_REGION_NAME": "北京市", "OLD_CODE": "80266292X", "COLLECT_TIME": 1622263216000, "QY_SRC_TYPE": "0", "hub_crawl_status": 0}, {"RN": 42, "QY_ID": "002105291240492362", "QY_ORG_CODE": "911101137951078129", "QY_NAME": "北京安泰佳信建设工程有限责任公司", "QY_FR_NAME": "李志常", "QY_REGION": "110000", "QY_REGION_NAME": "北京市", "OLD_CODE": "795107812", "COLLECT_TIME": 1622263216000, "QY_SRC_TYPE": "0", "hub_crawl_status": 0}, {"RN": 43, "QY_ID": "002105291240493396", "QY_ORG_CODE": "914106003301671104", "QY_NAME": "北京棋森集团股份有限公司", "QY_FR_NAME": "王永军", "QY_REGION": "110000", "QY_REGION_NAME": "北京市", "OLD_CODE": "330167110", "COLLECT_TIME": 1622263217000, "QY_SRC_TYPE": "0", "hub_crawl_status": 0}, {"RN": 44, "QY_ID": "002105291240496705", "QY_ORG_CODE": "91110105633687535P", "QY_NAME": "北京京通天泰建筑工程有限责任公司", "QY_FR_NAME": "郭文良", "QY_REGION": "110000", "QY_REGION_NAME": "北京市", "OLD_CODE": "633687535", "COLLECT_TIME": 1622263219000, "QY_SRC_TYPE": "0", "hub_crawl_status": 0}, {"RN": 45, "QY_ID": "002105291240498393", "QY_ORG_CODE": "9111011210246667XY", "QY_NAME": "北京台湖建筑有限公司", "QY_FR_NAME": "王晓东", "QY_REGION": "110000", "QY_REGION_NAME": "北京市", "OLD_CODE": "10246667X", "COLLECT_TIME": 1622263220000, "QY_SRC_TYPE": "0", "hub_crawl_status": 0}]