[{"RN": 151, "QY_ID": "002105291249711018", "QY_ORG_CODE": "9111011176215492XY", "QY_NAME": "中海圣荣建设有限公司", "QY_FR_NAME": "孙志刚", "QY_REGION": "110000", "QY_REGION_NAME": "北京市", "OLD_CODE": "76215492X", "COLLECT_TIME": 1622263754000, "QY_SRC_TYPE": "0", "hub_crawl_status": 0}, {"RN": 152, "QY_ID": "002105291249713324", "QY_ORG_CODE": "911101121024383292", "QY_NAME": "北京中天北方建设有限公司", "QY_FR_NAME": "张向洪", "QY_REGION": "110000", "QY_REGION_NAME": "北京市", "OLD_CODE": "102438329", "COLLECT_TIME": 1622263757000, "QY_SRC_TYPE": "0", "hub_crawl_status": 0}, {"RN": 153, "QY_ID": "002105291249713897", "QY_ORG_CODE": "91110115MA00DXLCXC", "QY_NAME": "北京首畅建设集团有限公司", "QY_FR_NAME": "刘春雪", "QY_REGION": "110000", "QY_REGION_NAME": "北京市", "OLD_CODE": "MA00DXLCX", "COLLECT_TIME": 1622263758000, "QY_SRC_TYPE": "0", "hub_crawl_status": 0}, {"RN": 154, "QY_ID": "002105291254717965", "QY_ORG_CODE": "91110102696378924M", "QY_NAME": "北京中泰众力建筑工程有限公司", "QY_FR_NAME": "沈百华", "QY_REGION": "110000", "QY_REGION_NAME": "北京市", "OLD_CODE": "696378924", "COLLECT_TIME": 1622264047000, "QY_SRC_TYPE": "0", "hub_crawl_status": 0}, {"RN": 155, "QY_ID": "002105291254717969", "QY_ORG_CODE": "911101018014723581", "QY_NAME": "北京开兴建筑工程有限责任公司", "QY_FR_NAME": "龙铁柱", "QY_REGION": "110000", "QY_REGION_NAME": "北京市", "OLD_CODE": "801472358", "COLLECT_TIME": 1622264047000, "QY_SRC_TYPE": "0", "hub_crawl_status": 0}, {"RN": 156, "QY_ID": "002105291254722389", "QY_ORG_CODE": "91110105563634664U", "QY_NAME": "北京城建亚泰金典建设工程有限公司", "QY_FR_NAME": "党明", "QY_REGION": "110000", "QY_REGION_NAME": "北京市", "OLD_CODE": "563634664", "COLLECT_TIME": 1622264051000, "QY_SRC_TYPE": "0", "hub_crawl_status": 0}, {"RN": 157, "QY_ID": "002105291254729576", "QY_ORG_CODE": "91110105101638265Y", "QY_NAME": "北京市朝阳区建筑工程公司", "QY_FR_NAME": "徐军翔", "QY_REGION": "110000", "QY_REGION_NAME": "北京市", "OLD_CODE": "101638265", "COLLECT_TIME": 1622264060000, "QY_SRC_TYPE": "0", "hub_crawl_status": 0}, {"RN": 158, "QY_ID": "002105291254729980", "QY_ORG_CODE": "91110109700090289A", "QY_NAME": "北京实力通达工贸有限公司", "QY_FR_NAME": "马银涛", "QY_REGION": "110000", "QY_REGION_NAME": "北京市", "OLD_CODE": "700090289", "COLLECT_TIME": 1622264060000, "QY_SRC_TYPE": "0", "hub_crawl_status": 0}, {"RN": 159, "QY_ID": "002105291254734974", "QY_ORG_CODE": "91110105710926799C", "QY_NAME": "阿尔派·麦瑞德建筑有限公司", "QY_FR_NAME": "盖布瑞艾拉·拉特科维奇", "QY_REGION": "110000", "QY_REGION_NAME": "北京市", "OLD_CODE": "710926799", "COLLECT_TIME": 1622264065000, "QY_SRC_TYPE": "0", "hub_crawl_status": 0}, {"RN": 160, "QY_ID": "002105291254734975", "QY_ORG_CODE": "9111022910303270XY", "QY_NAME": "北京环宇建筑有限公司", "QY_FR_NAME": "张顺海", "QY_REGION": "110000", "QY_REGION_NAME": "北京市", "OLD_CODE": "10303270X", "COLLECT_TIME": 1622264065000, "QY_SRC_TYPE": "0", "hub_crawl_status": 0}, {"RN": 161, "QY_ID": "002105291254741634", "QY_ORG_CODE": "9111000010115173X5", "QY_NAME": "北京城建中南土木工程集团有限公司", "QY_FR_NAME": "黄锡阳", "QY_REGION": "110000", "QY_REGION_NAME": "北京市", "OLD_CODE": "10115173X", "COLLECT_TIME": 1622264072000, "QY_SRC_TYPE": "0", "hub_crawl_status": 0}, {"RN": 162, "QY_ID": "002105291254746473", "QY_ORG_CODE": "911100001000196735", "QY_NAME": "中海工程建设总局有限公司", "QY_FR_NAME": "路国庆", "QY_REGION": "110000", "QY_REGION_NAME": "北京市", "OLD_CODE": "100019673", "COLLECT_TIME": 1622264078000, "QY_SRC_TYPE": "0", "hub_crawl_status": 0}, {"RN": 163, "QY_ID": "002105291254750600", "QY_ORG_CODE": "9111010678023494XL", "QY_NAME": "北京时代大地设计集团有限公司", "QY_FR_NAME": "张积新", "QY_REGION": "110000", "QY_REGION_NAME": "北京市", "OLD_CODE": "78023494X", "COLLECT_TIME": 1622264082000, "QY_SRC_TYPE": "0", "hub_crawl_status": 0}, {"RN": 164, "QY_ID": "002105291254760067", "QY_ORG_CODE": "91110101736474911H", "QY_NAME": "北京京铁联建建筑工程有限公司", "QY_FR_NAME": "马希森", "QY_REGION": "110000", "QY_REGION_NAME": "北京市", "OLD_CODE": "736474911", "COLLECT_TIME": 1622264091000, "QY_SRC_TYPE": "0", "hub_crawl_status": 0}, {"RN": 165, "QY_ID": "002105291254766042", "QY_ORG_CODE": "91110000802077712D", "QY_NAME": "北京北控生态建设集团有限公司", "QY_FR_NAME": "杜浩", "QY_REGION": "110000", "QY_REGION_NAME": "北京市", "OLD_CODE": "802077712", "COLLECT_TIME": 1622264099000, "QY_SRC_TYPE": "0", "hub_crawl_status": 0}]