[{"RN": 226, "QY_ID": "002105291321968577", "QY_ORG_CODE": "91110113802491964J", "QY_NAME": "北京天房建筑工程有限公司", "QY_FR_NAME": "李建军", "QY_REGION": "110000", "QY_REGION_NAME": "北京市", "OLD_CODE": "802491964", "COLLECT_TIME": 1622265715000, "QY_SRC_TYPE": "0", "hub_crawl_status": 0}, {"RN": 227, "QY_ID": "002105291322012198", "QY_ORG_CODE": "91110000802943123J", "QY_NAME": "中煤东方市政建设集团有限公司", "QY_FR_NAME": "朱其富", "QY_REGION": "110000", "QY_REGION_NAME": "北京市", "OLD_CODE": "802943123", "COLLECT_TIME": 1622265773000, "QY_SRC_TYPE": "0", "hub_crawl_status": 0}, {"RN": 228, "QY_ID": "002105291322013134", "QY_ORG_CODE": "91110105788953033D", "QY_NAME": "HYUNDAI工程建设（北京）有限公司", "QY_FR_NAME": "沈铉峻", "QY_REGION": "110000", "QY_REGION_NAME": "北京市", "OLD_CODE": "788953033", "COLLECT_TIME": 1622265776000, "QY_SRC_TYPE": "0", "hub_crawl_status": 0}, {"RN": 229, "QY_ID": "002105291322013135", "QY_ORG_CODE": "911102281029685302", "QY_NAME": "北京云城建筑工程有限公司", "QY_FR_NAME": "陈庆余", "QY_REGION": "110000", "QY_REGION_NAME": "北京市", "OLD_CODE": "102968530", "COLLECT_TIME": 1622265776000, "QY_SRC_TYPE": "0", "hub_crawl_status": 0}, {"RN": 230, "QY_ID": "002105291322985043", "QY_ORG_CODE": "9111011210238309X6", "QY_NAME": "北京华翔建筑工程有限公司", "QY_FR_NAME": "王克民", "QY_REGION": "110000", "QY_REGION_NAME": "北京市", "OLD_CODE": "10238309X", "COLLECT_TIME": 1622265738000, "QY_SRC_TYPE": "0", "hub_crawl_status": 0}, {"RN": 231, "QY_ID": "002105291322986700", "QY_ORG_CODE": "91110102101389676L", "QY_NAME": "北京市市政三建设工程有限责任公司", "QY_FR_NAME": "宋景东", "QY_REGION": "110100", "QY_REGION_NAME": "北京市-市辖区", "OLD_CODE": "101389676", "COLLECT_TIME": 1622265739000, "QY_SRC_TYPE": "0", "hub_crawl_status": 0}, {"RN": 232, "QY_ID": "002105291322997709", "QY_ORG_CODE": "91110114721443047F", "QY_NAME": "北京路鹏达建设发展有限责任公司", "QY_FR_NAME": "徐浩", "QY_REGION": "110000", "QY_REGION_NAME": "北京市", "OLD_CODE": "721443047", "COLLECT_TIME": 1622265753000, "QY_SRC_TYPE": "0", "hub_crawl_status": 0}, {"RN": 233, "QY_ID": "002105291323018480", "QY_ORG_CODE": "91110102MA009WWX76", "QY_NAME": "北京国安置业有限责任公司", "QY_FR_NAME": "张培明", "QY_REGION": "110000", "QY_REGION_NAME": "北京市", "OLD_CODE": "MA009WWX7", "COLLECT_TIME": 1622265783000, "QY_SRC_TYPE": "0", "hub_crawl_status": 0}, {"RN": 234, "QY_ID": "002105291323019014", "QY_ORG_CODE": "91110108102020950N", "QY_NAME": "北京华尊建设集团有限公司", "QY_FR_NAME": "倪春胜", "QY_REGION": "110100", "QY_REGION_NAME": "北京市-市辖区", "OLD_CODE": "102020950", "COLLECT_TIME": 1622265784000, "QY_SRC_TYPE": "0", "hub_crawl_status": 0}, {"RN": 235, "QY_ID": "002105291328045009", "QY_ORG_CODE": "91110108717710210A", "QY_NAME": "北京中铁天宏建筑工程有限公司", "QY_FR_NAME": "毛球生", "QY_REGION": "110000", "QY_REGION_NAME": "北京市", "OLD_CODE": "717710210", "COLLECT_TIME": 1622266106000, "QY_SRC_TYPE": "0", "hub_crawl_status": 0}, {"RN": 236, "QY_ID": "002105291328057589", "QY_ORG_CODE": "91110109MA00EEYD4E", "QY_NAME": "中交通宇（北京）建设工程有限公司", "QY_FR_NAME": "刘桐昊", "QY_REGION": "110000", "QY_REGION_NAME": "北京市", "OLD_CODE": "MA00EEYD4", "COLLECT_TIME": 1622266119000, "QY_SRC_TYPE": "0", "hub_crawl_status": 0}, {"RN": 237, "QY_ID": "002105291328069617", "QY_ORG_CODE": "91110102699649961T", "QY_NAME": "中房天成建设有限责任公司", "QY_FR_NAME": "付圣恩", "QY_REGION": "110000", "QY_REGION_NAME": "北京市", "OLD_CODE": "699649961", "COLLECT_TIME": 1622266135000, "QY_SRC_TYPE": "0", "hub_crawl_status": 0}, {"RN": 238, "QY_ID": "002105291328071500", "QY_ORG_CODE": "91110111798505437M", "QY_NAME": "中岩房勘（北京）建设工程有限公司", "QY_FR_NAME": "郄春潮", "QY_REGION": "110000", "QY_REGION_NAME": "北京市", "OLD_CODE": "798505437", "COLLECT_TIME": 1622266137000, "QY_SRC_TYPE": "0", "hub_crawl_status": 0}, {"RN": 239, "QY_ID": "002105291336094617", "QY_ORG_CODE": "91110115102831606T", "QY_NAME": "北京拓翌建筑工程有限责任公司", "QY_FR_NAME": "赵光发", "QY_REGION": "110000", "QY_REGION_NAME": "北京市", "OLD_CODE": "102831606", "COLLECT_TIME": 1622266566000, "QY_SRC_TYPE": "0", "hub_crawl_status": 0}, {"RN": 240, "QY_ID": "002105291336098514", "QY_ORG_CODE": "91110228801186175L", "QY_NAME": "北京中都建筑工程有限公司", "QY_FR_NAME": "林雪峰", "QY_REGION": "110000", "QY_REGION_NAME": "北京市", "OLD_CODE": "801186175", "COLLECT_TIME": 1622266570000, "QY_SRC_TYPE": "0", "hub_crawl_status": 0}]