[{"RN": 211, "QY_ID": "002105291306890888", "QY_ORG_CODE": "91110108587689950J", "QY_NAME": "北京天成永弘建筑工程有限公司", "QY_FR_NAME": "任岳良", "QY_REGION": "110000", "QY_REGION_NAME": "北京市", "OLD_CODE": "587689950", "COLLECT_TIME": 1622264774000, "QY_SRC_TYPE": "0", "hub_crawl_status": 0}, {"RN": 212, "QY_ID": "002105291306893219", "QY_ORG_CODE": "91110115101203261C", "QY_NAME": "中国安能集团科工有限公司", "QY_FR_NAME": "息殿东", "QY_REGION": "110100", "QY_REGION_NAME": "北京市-市辖区", "OLD_CODE": "101203261", "COLLECT_TIME": 1622264778000, "QY_SRC_TYPE": "0", "hub_crawl_status": 0}, {"RN": 213, "QY_ID": "002105291306895644", "QY_ORG_CODE": "91110109MA01LL6R9E", "QY_NAME": "北京聚启建设发展有限公司", "QY_FR_NAME": "纪晓辉", "QY_REGION": "110000", "QY_REGION_NAME": "北京市", "OLD_CODE": "MA01LL6R9", "COLLECT_TIME": 1622264781000, "QY_SRC_TYPE": "0", "hub_crawl_status": 0}, {"RN": 214, "QY_ID": "002105291306896747", "QY_ORG_CODE": "91110113633793768F", "QY_NAME": "北京大通正大建设工程有限公司", "QY_FR_NAME": "贾庆祝", "QY_REGION": "110000", "QY_REGION_NAME": "北京市", "OLD_CODE": "633793768", "COLLECT_TIME": 1622264783000, "QY_SRC_TYPE": "0", "hub_crawl_status": 0}, {"RN": 215, "QY_ID": "002105291312909714", "QY_ORG_CODE": "91110101752153915T", "QY_NAME": "高砂建筑工程（中国）有限公司", "QY_FR_NAME": "田中健一朗", "QY_REGION": "110000", "QY_REGION_NAME": "北京市", "OLD_CODE": "752153915", "COLLECT_TIME": 1622265170000, "QY_SRC_TYPE": "0", "hub_crawl_status": 0}, {"RN": 216, "QY_ID": "002105291313919922", "QY_ORG_CODE": "911101161025867352", "QY_NAME": "北京榆构建筑工程有限公司", "QY_FR_NAME": "王玉雷", "QY_REGION": "110000", "QY_REGION_NAME": "北京市", "OLD_CODE": "102586735", "COLLECT_TIME": 1622265182000, "QY_SRC_TYPE": "0", "hub_crawl_status": 0}, {"RN": 217, "QY_ID": "002105291313924988", "QY_ORG_CODE": "91110115670586645R", "QY_NAME": "中积兴业建设集团有限公司", "QY_FR_NAME": "杜林", "QY_REGION": "110000", "QY_REGION_NAME": "北京市", "OLD_CODE": "670586645", "COLLECT_TIME": 1622265186000, "QY_SRC_TYPE": "0", "hub_crawl_status": 0}, {"RN": 218, "QY_ID": "002105291313932966", "QY_ORG_CODE": "91110111MA01W8K28G", "QY_NAME": "北京政达建筑工程有限公司", "QY_FR_NAME": "吕海敬", "QY_REGION": "110000", "QY_REGION_NAME": "北京市", "OLD_CODE": "MA01W8K28", "COLLECT_TIME": 1622265196000, "QY_SRC_TYPE": "0", "hub_crawl_status": 0}, {"RN": 219, "QY_ID": "002105291313934387", "QY_ORG_CODE": "91110109MA0080JP67", "QY_NAME": "北京太和隆建设工程有限公司", "QY_FR_NAME": "马剑", "QY_REGION": "110000", "QY_REGION_NAME": "北京市", "OLD_CODE": "MA0080JP6", "COLLECT_TIME": 1622265198000, "QY_SRC_TYPE": "0", "hub_crawl_status": 0}, {"RN": 220, "QY_ID": "002105291313934532", "QY_ORG_CODE": "91110106102265958T", "QY_NAME": "北京市航云建筑工程有限责任公司", "QY_FR_NAME": "张志国", "QY_REGION": "110000", "QY_REGION_NAME": "北京市", "OLD_CODE": "102265958", "COLLECT_TIME": 1622265198000, "QY_SRC_TYPE": "0", "hub_crawl_status": 0}, {"RN": 221, "QY_ID": "002105291313936020", "QY_ORG_CODE": "911101087226148133", "QY_NAME": "北京龙基建筑安装工程有限责任公司", "QY_FR_NAME": "常开明", "QY_REGION": "110000", "QY_REGION_NAME": "北京市", "OLD_CODE": "722614813", "COLLECT_TIME": 1622265199000, "QY_SRC_TYPE": "0", "hub_crawl_status": 0}, {"RN": 222, "QY_ID": "002105291313949124", "QY_ORG_CODE": "9111010210110348X3", "QY_NAME": "北京建工远大建设工程有限公司", "QY_FR_NAME": "谢四林", "QY_REGION": "110000", "QY_REGION_NAME": "北京市", "OLD_CODE": "10110348X", "COLLECT_TIME": 1622265215000, "QY_SRC_TYPE": "0", "hub_crawl_status": 0}, {"RN": 223, "QY_ID": "002105291313954472", "QY_ORG_CODE": "911101061017484640", "QY_NAME": "北京市民政建筑安装工程有限公司", "QY_FR_NAME": "姚旭", "QY_REGION": "110000", "QY_REGION_NAME": "北京市", "OLD_CODE": "101748464", "COLLECT_TIME": 1622265224000, "QY_SRC_TYPE": "0", "hub_crawl_status": 0}, {"RN": 224, "QY_ID": "002105291321964695", "QY_ORG_CODE": "9111000076421464XW", "QY_NAME": "北京蓝天建筑工程集团有限公司", "QY_FR_NAME": "杨瑞民", "QY_REGION": "110000", "QY_REGION_NAME": "北京市", "OLD_CODE": "76421464X", "COLLECT_TIME": 1622265710000, "QY_SRC_TYPE": "0", "hub_crawl_status": 0}, {"RN": 225, "QY_ID": "002105291321966063", "QY_ORG_CODE": "9111010810201063XM", "QY_NAME": "北京电信建筑工程有限公司", "QY_FR_NAME": "周文", "QY_REGION": "110000", "QY_REGION_NAME": "北京市", "OLD_CODE": "10201063X", "COLLECT_TIME": 1622265712000, "QY_SRC_TYPE": "0", "hub_crawl_status": 0}]