[{"RN": 61, "QY_ID": "002105291240509017", "QY_ORG_CODE": "911102296337105717", "QY_NAME": "北京华夏建设发展有限公司", "QY_FR_NAME": "陈立国", "QY_REGION": "110200", "QY_REGION_NAME": "北京市", "OLD_CODE": "633710571", "COLLECT_TIME": 1622263226000, "QY_SRC_TYPE": "0", "hub_crawl_status": 0}, {"RN": 62, "QY_ID": "002105291240509019", "QY_ORG_CODE": "91110113752194733X", "QY_NAME": "北京建工林河建筑工程有限责任公司", "QY_FR_NAME": "李涛", "QY_REGION": "110000", "QY_REGION_NAME": "北京市", "OLD_CODE": "752194733", "COLLECT_TIME": 1622263226000, "QY_SRC_TYPE": "0", "hub_crawl_status": 0}, {"RN": 63, "QY_ID": "002105291240509630", "QY_ORG_CODE": "911101051016525856", "QY_NAME": "北京市顺兴达建筑工程有限责任公司", "QY_FR_NAME": "李奋军", "QY_REGION": "110000", "QY_REGION_NAME": "北京市", "OLD_CODE": "101652585", "COLLECT_TIME": 1622263227000, "QY_SRC_TYPE": "0", "hub_crawl_status": 0}, {"RN": 64, "QY_ID": "002105291240511031", "QY_ORG_CODE": "91110101795131003D", "QY_NAME": "北京市佳恒致远建筑工程有限公司", "QY_FR_NAME": "王羽", "QY_REGION": "110000", "QY_REGION_NAME": "北京市", "OLD_CODE": "795131003", "COLLECT_TIME": 1622263227000, "QY_SRC_TYPE": "0", "hub_crawl_status": 0}, {"RN": 65, "QY_ID": "002105291240512038", "QY_ORG_CODE": "911101171029313913", "QY_NAME": "北京市平谷区新星建筑工程公司", "QY_FR_NAME": "王顺", "QY_REGION": "110000", "QY_REGION_NAME": "北京市", "OLD_CODE": "102931391", "COLLECT_TIME": 1622263228000, "QY_SRC_TYPE": "0", "hub_crawl_status": 0}, {"RN": 66, "QY_ID": "002105291240514652", "QY_ORG_CODE": "91110105101738207H", "QY_NAME": "北京团结建设工程有限公司", "QY_FR_NAME": "凌在士", "QY_REGION": "110000", "QY_REGION_NAME": "北京市", "OLD_CODE": "101738207", "COLLECT_TIME": 1622263229000, "QY_SRC_TYPE": "0", "hub_crawl_status": 0}, {"RN": 67, "QY_ID": "002105291240516142", "QY_ORG_CODE": "911101121024586458", "QY_NAME": "北京市通州草厂建筑公司", "QY_FR_NAME": "韩万德", "QY_REGION": "110000", "QY_REGION_NAME": "北京市", "OLD_CODE": "102458645", "COLLECT_TIME": 1622263230000, "QY_SRC_TYPE": "0", "hub_crawl_status": 0}, {"RN": 68, "QY_ID": "002105291240516687", "QY_ORG_CODE": "91110115102846170Y", "QY_NAME": "北京市大兴区城建开发建筑工程二公司", "QY_FR_NAME": "鲍云锋", "QY_REGION": "110000", "QY_REGION_NAME": "北京市", "OLD_CODE": "102846170", "COLLECT_TIME": 1622263230000, "QY_SRC_TYPE": "0", "hub_crawl_status": 0}, {"RN": 69, "QY_ID": "002105291240516800", "QY_ORG_CODE": "91110112102462118E", "QY_NAME": "北京市中原创业建筑工程有限公司", "QY_FR_NAME": "李建辉", "QY_REGION": "110000", "QY_REGION_NAME": "北京市", "OLD_CODE": "102462118", "COLLECT_TIME": 1622263230000, "QY_SRC_TYPE": "0", "hub_crawl_status": 0}, {"RN": 70, "QY_ID": "002105291240516881", "QY_ORG_CODE": "91110117723565726A", "QY_NAME": "北京天地建筑工程公司", "QY_FR_NAME": "张爱华", "QY_REGION": "110000", "QY_REGION_NAME": "北京市", "OLD_CODE": "723565726", "COLLECT_TIME": 1622263230000, "QY_SRC_TYPE": "0", "hub_crawl_status": 0}, {"RN": 71, "QY_ID": "002105291240518381", "QY_ORG_CODE": "91110112102381254H", "QY_NAME": "北京市京田建筑有限公司", "QY_FR_NAME": "韩国华", "QY_REGION": "110000", "QY_REGION_NAME": "北京市", "OLD_CODE": "102381254", "COLLECT_TIME": 1622263231000, "QY_SRC_TYPE": "0", "hub_crawl_status": 0}, {"RN": 72, "QY_ID": "002105291240519171", "QY_ORG_CODE": "91110229103028241K", "QY_NAME": "北京银厦建筑工程有限责任公司", "QY_FR_NAME": "周迎革", "QY_REGION": "110000", "QY_REGION_NAME": "北京市", "OLD_CODE": "103028241", "COLLECT_TIME": 1622263232000, "QY_SRC_TYPE": "0", "hub_crawl_status": 0}, {"RN": 73, "QY_ID": "002105291240519771", "QY_ORG_CODE": "91110117718763349J", "QY_NAME": "北京瑞鑫鸿达建筑工程有限公司", "QY_FR_NAME": "王虎", "QY_REGION": "110000", "QY_REGION_NAME": "北京市", "OLD_CODE": "718763349", "COLLECT_TIME": 1622263232000, "QY_SRC_TYPE": "0", "hub_crawl_status": 0}, {"RN": 74, "QY_ID": "002105291240521195", "QY_ORG_CODE": "911101121024623026", "QY_NAME": "北京市通州宋庄建筑公司", "QY_FR_NAME": "张云生", "QY_REGION": "110000", "QY_REGION_NAME": "北京市", "OLD_CODE": "102462302", "COLLECT_TIME": 1622263233000, "QY_SRC_TYPE": "0", "hub_crawl_status": 0}, {"RN": 75, "QY_ID": "002105291240522916", "QY_ORG_CODE": "91110101101241436B", "QY_NAME": "北京筑邦建设有限责任公司", "QY_FR_NAME": "陈小虎", "QY_REGION": "110000", "QY_REGION_NAME": "北京市", "OLD_CODE": "101241436", "COLLECT_TIME": 1622263234000, "QY_SRC_TYPE": "0", "hub_crawl_status": 0}]