[{"QY_FR_NAME": "田秀华", "QY_REGION": "110000", "QY_NAME": "北京世纪东方智汇科技股份有限公司", "QY_REGION_NAME": "北京市", "QY_ORG_CODE": "91110115099441323J", "COLLECT_TIME": 1622263324000, "RN": 16, "QY_ID": "002105291242633133", "QY_SRC_TYPE": "0", "OLD_CODE": "099441323", "hub_crawl_status": 0}, {"QY_FR_NAME": "徐文海", "QY_REGION": "110000", "QY_NAME": "中智华体（北京）科技股份有限公司", "QY_REGION_NAME": "北京市", "QY_ORG_CODE": "91110108796726850X", "COLLECT_TIME": 1622263333000, "RN": 17, "QY_ID": "002105291242638019", "QY_SRC_TYPE": "0", "OLD_CODE": "796726850", "hub_crawl_status": 0}, {"QY_FR_NAME": "张宗先", "QY_REGION": "110000", "QY_NAME": "北京首钢自动化信息技术有限公司", "QY_REGION_NAME": "北京市", "QY_ORG_CODE": "91110000633652607P", "COLLECT_TIME": 1622263686000, "RN": 18, "QY_ID": "002105291248653451", "QY_SRC_TYPE": "0", "OLD_CODE": "633652607", "hub_crawl_status": 0}, {"QY_FR_NAME": "符兴斌", "QY_REGION": "110000", "QY_NAME": "中软信息系统工程有限公司", "QY_REGION_NAME": "北京市", "QY_ORG_CODE": "91110114746112543C", "COLLECT_TIME": 1622263687000, "RN": 19, "QY_ID": "002105291248654576", "QY_SRC_TYPE": "0", "OLD_CODE": "746112543", "hub_crawl_status": 0}, {"QY_FR_NAME": "杨京", "QY_REGION": "110000", "QY_NAME": "北京中实兴业电子工程有限公司", "QY_REGION_NAME": "北京市", "QY_ORG_CODE": "91110108660531034J", "COLLECT_TIME": 1622263688000, "RN": 20, "QY_ID": "002105291248655365", "QY_SRC_TYPE": "0", "OLD_CODE": "660531034", "hub_crawl_status": 0}, {"QY_FR_NAME": "王博", "QY_REGION": "110000", "QY_NAME": "北京天图设计工程有限公司", "QY_REGION_NAME": "北京市", "QY_ORG_CODE": "91110105101158210W", "COLLECT_TIME": 1622263714000, "RN": 21, "QY_ID": "002105291248682394", "QY_SRC_TYPE": "0", "OLD_CODE": "101158210", "hub_crawl_status": 0}, {"QY_FR_NAME": "孙国敏", "QY_REGION": "110000", "QY_NAME": "泰戈特（北京）工程技术有限公司", "QY_REGION_NAME": "北京市", "QY_ORG_CODE": "91110105755281891Q", "COLLECT_TIME": 1622263733000, "RN": 22, "QY_ID": "002105291248697270", "QY_SRC_TYPE": "0", "OLD_CODE": "755281891", "hub_crawl_status": 0}, {"QY_FR_NAME": "刘建", "QY_REGION": "110000", "QY_NAME": "方正国际软件（北京）有限公司", "QY_REGION_NAME": "北京市", "QY_ORG_CODE": "91110108801144696L", "COLLECT_TIME": 1622264046000, "RN": 23, "QY_ID": "002105291254716946", "QY_SRC_TYPE": "0", "OLD_CODE": "801144696", "hub_crawl_status": 0}, {"QY_FR_NAME": "朴昌源", "QY_REGION": "110000", "QY_NAME": "三星数据系统（中国）有限公司", "QY_REGION_NAME": "北京市", "QY_ORG_CODE": "91110000717740495U", "COLLECT_TIME": 1622264052000, "RN": 24, "QY_ID": "002105291254723095", "QY_SRC_TYPE": "0", "OLD_CODE": "717740495", "hub_crawl_status": 0}, {"QY_FR_NAME": "果小巍", "QY_REGION": "110000", "QY_NAME": "北京艾瑞信系统工程技术有限责任公司", "QY_REGION_NAME": "北京市", "QY_ORG_CODE": "91110108752157668A", "COLLECT_TIME": 1622264066000, "RN": 25, "QY_ID": "002105291254735284", "QY_SRC_TYPE": "0", "OLD_CODE": "752157668", "hub_crawl_status": 0}, {"QY_FR_NAME": "朱烨东", "QY_REGION": "110000", "QY_NAME": "北京中科金财科技股份有限公司", "QY_REGION_NAME": "北京市", "QY_ORG_CODE": "91110000757740123M", "COLLECT_TIME": 1622264072000, "RN": 26, "QY_ID": "002105291254741375", "QY_SRC_TYPE": "0", "OLD_CODE": "757740123", "hub_crawl_status": 0}, {"QY_FR_NAME": "罗静", "QY_REGION": "110000", "QY_NAME": "通号通信信息集团有限公司", "QY_REGION_NAME": "北京市", "QY_ORG_CODE": "91110000102148647D", "COLLECT_TIME": 1622264103000, "RN": 27, "QY_ID": "002105291255769832", "QY_SRC_TYPE": "0", "OLD_CODE": "102148647", "hub_crawl_status": 0}, {"QY_FR_NAME": "马保吉", "QY_REGION": "110000", "QY_NAME": "北京盛嘉鑫泰安装有限公司", "QY_REGION_NAME": "北京市", "QY_ORG_CODE": "911101097461256513", "COLLECT_TIME": 1622264113000, "RN": 28, "QY_ID": "002105291255778085", "QY_SRC_TYPE": "0", "OLD_CODE": "746125651", "hub_crawl_status": 0}, {"QY_FR_NAME": "史达飞", "QY_REGION": "110000", "QY_NAME": "北京鼎迪科技有限公司", "QY_REGION_NAME": "北京市", "QY_ORG_CODE": "91110116694975805P", "COLLECT_TIME": 1622264370000, "RN": 29, "QY_ID": "002105291259835678", "QY_SRC_TYPE": "0", "OLD_CODE": "694975805", "hub_crawl_status": 0}, {"QY_FR_NAME": "王尘晰", "QY_REGION": "110000", "QY_NAME": "北京利达贞机电安装工程有限公司", "QY_REGION_NAME": "北京市", "QY_ORG_CODE": "91110106579023972Y", "COLLECT_TIME": 1622264727000, "RN": 30, "QY_ID": "002105291305850691", "QY_SRC_TYPE": "0", "OLD_CODE": "579023972", "hub_crawl_status": 0}]