[{"RN": 1, "QY_ID": "002105291240537586", "QY_ORG_CODE": "91110302710928997Y", "QY_NAME": "中通建设股份有限公司", "QY_FR_NAME": "毛海泉", "QY_REGION": "110000", "QY_REGION_NAME": "北京市", "OLD_CODE": "710928997", "COLLECT_TIME": 1622263244000, "QY_SRC_TYPE": "0", "hub_crawl_status": 0}, {"RN": 2, "QY_ID": "002105291240539215", "QY_ORG_CODE": "91110108793445703A", "QY_NAME": "北京益泰东方电子技术有限公司", "QY_FR_NAME": "刘鹏", "QY_REGION": "110000", "QY_REGION_NAME": "北京市", "OLD_CODE": "793445703", "COLLECT_TIME": 1622263245000, "QY_SRC_TYPE": "0", "hub_crawl_status": 0}, {"RN": 3, "QY_ID": "002105291240546807", "QY_ORG_CODE": "91110000801210593B", "QY_NAME": "北京恒华伟业科技股份有限公司", "QY_FR_NAME": "罗新伟", "QY_REGION": "110000", "QY_REGION_NAME": "北京市", "OLD_CODE": "801210593", "COLLECT_TIME": 1622263249000, "QY_SRC_TYPE": "0", "hub_crawl_status": 0}, {"RN": 4, "QY_ID": "002105291240551946", "QY_ORG_CODE": "91110000760108591F", "QY_NAME": "北京海湾威尔电子工程有限公司", "QY_FR_NAME": "高如良", "QY_REGION": "110000", "QY_REGION_NAME": "北京市", "OLD_CODE": "760108591", "COLLECT_TIME": 1622263252000, "QY_SRC_TYPE": "0", "hub_crawl_status": 0}, {"RN": 5, "QY_ID": "002105291241566792", "QY_ORG_CODE": "91110102687621769G", "QY_NAME": "同创智慧空间（北京）科技有限公司", "QY_FR_NAME": "王璞", "QY_REGION": "110000", "QY_REGION_NAME": "北京市", "OLD_CODE": "687621769", "COLLECT_TIME": 1622263262000, "QY_SRC_TYPE": "0", "hub_crawl_status": 0}, {"RN": 6, "QY_ID": "002105291241586177", "QY_ORG_CODE": "91110112802431136B", "QY_NAME": "北京中消长城消防安全工程有限公司", "QY_FR_NAME": "许鹭", "QY_REGION": "110000", "QY_REGION_NAME": "北京市", "OLD_CODE": "802431136", "COLLECT_TIME": 1622263276000, "QY_SRC_TYPE": "0", "hub_crawl_status": 0}, {"RN": 7, "QY_ID": "002105291241586439", "QY_ORG_CODE": "9111010880114598X3", "QY_NAME": "北京方正数码有限公司", "QY_FR_NAME": "贾朝心", "QY_REGION": "110000", "QY_REGION_NAME": "北京市", "OLD_CODE": "80114598X", "COLLECT_TIME": 1622263277000, "QY_SRC_TYPE": "0", "hub_crawl_status": 0}, {"RN": 8, "QY_ID": "002105291241600187", "QY_ORG_CODE": "911101087763755638", "QY_NAME": "北京华成时代科技有限公司", "QY_FR_NAME": "孙先东", "QY_REGION": "110000", "QY_REGION_NAME": "北京市", "OLD_CODE": "776375563", "COLLECT_TIME": 1622263287000, "QY_SRC_TYPE": "0", "hub_crawl_status": 0}, {"RN": 9, "QY_ID": "002105291241606306", "QY_ORG_CODE": "911101097000794770", "QY_NAME": "北京科华消防工程有限公司", "QY_FR_NAME": "鲍晓庆", "QY_REGION": "110000", "QY_REGION_NAME": "北京市", "OLD_CODE": "700079477", "COLLECT_TIME": 1622263294000, "QY_SRC_TYPE": "0", "hub_crawl_status": 0}, {"RN": 10, "QY_ID": "002105291241609774", "QY_ORG_CODE": "91110109723984787K", "QY_NAME": "北京天海航天电子科技有限公司", "QY_FR_NAME": "刘三九", "QY_REGION": "110000", "QY_REGION_NAME": "北京市", "OLD_CODE": "723984787", "COLLECT_TIME": 1622263297000, "QY_SRC_TYPE": "0", "hub_crawl_status": 0}, {"RN": 11, "QY_ID": "002105291241610905", "QY_ORG_CODE": "91110109753307445N", "QY_NAME": "北京联讯伟业科技发展有限公司", "QY_FR_NAME": "孙国胜", "QY_REGION": "110000", "QY_REGION_NAME": "北京市", "OLD_CODE": "753307445", "COLLECT_TIME": 1622263298000, "QY_SRC_TYPE": "0", "hub_crawl_status": 0}, {"RN": 12, "QY_ID": "002105291241612742", "QY_ORG_CODE": "91110108760119071Q", "QY_NAME": "北京世纪实拓科技有限公司", "QY_FR_NAME": "谷闯", "QY_REGION": "110000", "QY_REGION_NAME": "北京市", "OLD_CODE": "760119071", "COLLECT_TIME": 1622263300000, "QY_SRC_TYPE": "0", "hub_crawl_status": 0}, {"RN": 13, "QY_ID": "002105291241620024", "QY_ORG_CODE": "91110101785534810G", "QY_NAME": "北京同聚达科技有限公司", "QY_FR_NAME": "侯鸿新", "QY_REGION": "110000", "QY_REGION_NAME": "北京市", "OLD_CODE": "785534810", "COLLECT_TIME": 1622263307000, "QY_SRC_TYPE": "0", "hub_crawl_status": 0}, {"RN": 14, "QY_ID": "002105291241628768", "QY_ORG_CODE": "91110108738231788T", "QY_NAME": "北京大恒软件技术有限公司", "QY_FR_NAME": "贾利斌", "QY_REGION": "110000", "QY_REGION_NAME": "北京市", "OLD_CODE": "738231788", "COLLECT_TIME": 1622263318000, "QY_SRC_TYPE": "0", "hub_crawl_status": 0}, {"RN": 15, "QY_ID": "002105291242632097", "QY_ORG_CODE": "911100001026899611", "QY_NAME": "北京东豪建设集团有限公司", "QY_FR_NAME": "陈作海", "QY_REGION": "110000", "QY_REGION_NAME": "北京市", "OLD_CODE": "102689961", "COLLECT_TIME": 1622263323000, "QY_SRC_TYPE": "0", "hub_crawl_status": 0}]