[{"RN": 31, "QY_ID": "002105291306896751", "QY_ORG_CODE": "91110108596034825T", "QY_NAME": "北京真视通数字科技有限公司", "QY_FR_NAME": "曹超", "QY_REGION": "110000", "QY_REGION_NAME": "北京市", "OLD_CODE": "596034825", "COLLECT_TIME": 1622264783000, "QY_SRC_TYPE": "0", "hub_crawl_status": 0}, {"RN": 32, "QY_ID": "002105291312915219", "QY_ORG_CODE": "911101017967003199", "QY_NAME": "昆仑数智科技有限责任公司", "QY_FR_NAME": "韩景宽", "QY_REGION": "110000", "QY_REGION_NAME": "北京市", "OLD_CODE": "796700319", "COLLECT_TIME": 1622265177000, "QY_SRC_TYPE": "0", "hub_crawl_status": 0}, {"RN": 33, "QY_ID": "002105291313936022", "QY_ORG_CODE": "91110108738211154R", "QY_NAME": "北京欣智恒科技股份有限公司", "QY_FR_NAME": "白玉昆", "QY_REGION": "110000", "QY_REGION_NAME": "北京市", "OLD_CODE": "738211154", "COLLECT_TIME": 1622265199000, "QY_SRC_TYPE": "0", "hub_crawl_status": 0}, {"RN": 34, "QY_ID": "002105291313937894", "QY_ORG_CODE": "91110102104326072L", "QY_NAME": "中建二局安装工程有限公司", "QY_FR_NAME": "孙顺利", "QY_REGION": "110000", "QY_REGION_NAME": "北京市", "OLD_CODE": "104326072", "COLLECT_TIME": 1622265201000, "QY_SRC_TYPE": "0", "hub_crawl_status": 0}, {"RN": 35, "QY_ID": "002105291313957572", "QY_ORG_CODE": "91110106MA005Q208M", "QY_NAME": "通号智慧城市研究设计院有限公司", "QY_FR_NAME": "敦建征", "QY_REGION": "110000", "QY_REGION_NAME": "北京市", "OLD_CODE": "MA005Q208", "COLLECT_TIME": 1622265229000, "QY_SRC_TYPE": "0", "hub_crawl_status": 0}, {"RN": 36, "QY_ID": "002105291328055729", "QY_ORG_CODE": "91110108737685016D", "QY_NAME": "北京时代飞扬科技有限公司", "QY_FR_NAME": "彭立", "QY_REGION": "110000", "QY_REGION_NAME": "北京市", "OLD_CODE": "737685016", "COLLECT_TIME": 1622266117000, "QY_SRC_TYPE": "0", "hub_crawl_status": 0}]