[{"RN": 1, "QY_ID": "002105291241587738", "QY_ORG_CODE": "91110000710931686J", "QY_NAME": "世源科技工程有限公司", "QY_FR_NAME": "黄文胜", "QY_REGION": "110100", "QY_REGION_NAME": "北京市-市辖区", "OLD_CODE": "710931686", "COLLECT_TIME": 1622263278000, "QY_SRC_TYPE": "0", "hub_crawl_status": 0}, {"RN": 2, "QY_ID": "002105291305853367", "QY_ORG_CODE": "91110107101155554M", "QY_NAME": "北京中瑞电子系统工程设计院有限公司", "QY_FR_NAME": "李涛", "QY_REGION": "110100", "QY_REGION_NAME": "北京市-市辖区", "OLD_CODE": "101155554", "COLLECT_TIME": 1622264730000, "QY_SRC_TYPE": "0", "hub_crawl_status": 0}]