[{"RN": 1, "QY_ID": "002105291240527987", "QY_ORG_CODE": "911101051011942112", "QY_NAME": "北京蓝图工程设计有限公司", "QY_FR_NAME": "程鸿鸣", "QY_REGION": "110000", "QY_REGION_NAME": "北京市", "OLD_CODE": "101194211", "COLLECT_TIME": 1622263237000, "QY_SRC_TYPE": "0", "hub_crawl_status": 0}, {"RN": 2, "QY_ID": "002105291241575938", "QY_ORG_CODE": "91110000717702712T", "QY_NAME": "北京市工业设计研究院有限公司", "QY_FR_NAME": "付军", "QY_REGION": "110000", "QY_REGION_NAME": "北京市", "OLD_CODE": "717702712", "COLLECT_TIME": 1622263269000, "QY_SRC_TYPE": "0", "hub_crawl_status": 0}, {"RN": 3, "QY_ID": "002105291241621677", "QY_ORG_CODE": "91110105710930851H", "QY_NAME": "中国中轻国际工程有限公司", "QY_FR_NAME": "柳炜", "QY_REGION": "110000", "QY_REGION_NAME": "北京市", "OLD_CODE": "710930851", "COLLECT_TIME": 1622263308000, "QY_SRC_TYPE": "0", "hub_crawl_status": 0}, {"RN": 4, "QY_ID": "002105291242642650", "QY_ORG_CODE": "911100007109292609", "QY_NAME": "中煤科工集团北京华宇工程有限公司", "QY_FR_NAME": "任有福", "QY_REGION": "110000", "QY_REGION_NAME": "北京市", "OLD_CODE": "710929260", "COLLECT_TIME": 1622263343000, "QY_SRC_TYPE": "0", "hub_crawl_status": 0}, {"RN": 5, "QY_ID": "002105291242644715", "QY_ORG_CODE": "911101147481407831", "QY_NAME": "北京石大东方工程设计有限公司", "QY_FR_NAME": "艾万发", "QY_REGION": "110000", "QY_REGION_NAME": "北京市", "OLD_CODE": "748140783", "COLLECT_TIME": 1622263346000, "QY_SRC_TYPE": "0", "hub_crawl_status": 0}, {"RN": 6, "QY_ID": "002105291248672844", "QY_ORG_CODE": "9111030410276591X2", "QY_NAME": "北京燕山玉龙石化工程股份有限公司", "QY_FR_NAME": "钱文臣", "QY_REGION": "110000", "QY_REGION_NAME": "北京市", "OLD_CODE": "10276591X", "COLLECT_TIME": 1622263704000, "QY_SRC_TYPE": "0", "hub_crawl_status": 0}, {"RN": 7, "QY_ID": "002105291249703164", "QY_ORG_CODE": "91110114MA017LLH6Y", "QY_NAME": "神华工程技术有限公司", "QY_FR_NAME": "彭晓春", "QY_REGION": "110000", "QY_REGION_NAME": "北京市", "OLD_CODE": "MA017LLH6", "COLLECT_TIME": 1622263743000, "QY_SRC_TYPE": "0", "hub_crawl_status": 0}, {"RN": 8, "QY_ID": "002105291254718858", "QY_ORG_CODE": "91110000100009432T", "QY_NAME": "中国航空工业新能源投资有限公司", "QY_FR_NAME": "方近勇", "QY_REGION": "110000", "QY_REGION_NAME": "北京市", "OLD_CODE": "100009432", "COLLECT_TIME": 1622264047000, "QY_SRC_TYPE": "0", "hub_crawl_status": 0}]