[{"RN": 1, "QY_ID": "002105291241575938", "QY_ORG_CODE": "91110000717702712T", "QY_NAME": "北京市工业设计研究院有限公司", "QY_FR_NAME": "付军", "QY_REGION": "110000", "QY_REGION_NAME": "北京市", "OLD_CODE": "717702712", "COLLECT_TIME": 1622263269000, "QY_SRC_TYPE": "0", "hub_crawl_status": 0}, {"RN": 2, "QY_ID": "002105291241587738", "QY_ORG_CODE": "91110000710931686J", "QY_NAME": "世源科技工程有限公司", "QY_FR_NAME": "黄文胜", "QY_REGION": "110100", "QY_REGION_NAME": "北京市-市辖区", "OLD_CODE": "710931686", "COLLECT_TIME": 1622263278000, "QY_SRC_TYPE": "0", "hub_crawl_status": 0}, {"RN": 3, "QY_ID": "002105291241602215", "QY_ORG_CODE": "91110105101180450R", "QY_NAME": "北京达瑞化工工程设计有限责任公司", "QY_FR_NAME": "杨林易", "QY_REGION": "110000", "QY_REGION_NAME": "北京市", "OLD_CODE": "101180450", "COLLECT_TIME": 1622263289000, "QY_SRC_TYPE": "0", "hub_crawl_status": 0}]