[{"RN": 1, "QY_ID": "002105291240464748", "QY_ORG_CODE": "91110000100000817X", "QY_NAME": "中国土木工程集团有限公司", "QY_FR_NAME": "刘为民", "QY_REGION": "110100", "QY_REGION_NAME": "北京市-市辖区", "OLD_CODE": "100000817", "COLLECT_TIME": 1622263203000, "QY_SRC_TYPE": "0", "hub_crawl_status": 0}, {"RN": 2, "QY_ID": "002105291240512950", "QY_ORG_CODE": "911100001016367613", "QY_NAME": "中铁十六局集团有限公司", "QY_FR_NAME": "程红彬", "QY_REGION": "110100", "QY_REGION_NAME": "北京市-市辖区", "OLD_CODE": "101636761", "COLLECT_TIME": 1622263228000, "QY_SRC_TYPE": "0", "hub_crawl_status": 0}, {"RN": 3, "QY_ID": "002105291240513916", "QY_ORG_CODE": "91110000122027391R", "QY_NAME": "中铁十九局集团有限公司", "QY_FR_NAME": "杨哲峰", "QY_REGION": "110100", "QY_REGION_NAME": "北京市-市辖区", "OLD_CODE": "122027391", "COLLECT_TIME": 1622263229000, "QY_SRC_TYPE": "0", "hub_crawl_status": 0}, {"RN": 4, "QY_ID": "002105291241566879", "QY_ORG_CODE": "91110000102054202B", "QY_NAME": "中铁北京工程局集团有限公司", "QY_FR_NAME": "程志强", "QY_REGION": "110100", "QY_REGION_NAME": "北京市-市辖区", "OLD_CODE": "102054202", "COLLECT_TIME": 1622263262000, "QY_SRC_TYPE": "0", "hub_crawl_status": 0}, {"RN": 5, "QY_ID": "002105291241568172", "QY_ORG_CODE": "91110108101884765M", "QY_NAME": "中铁六局集团有限公司", "QY_FR_NAME": "韦国", "QY_REGION": "110000", "QY_REGION_NAME": "北京市", "OLD_CODE": "101884765", "COLLECT_TIME": 1622263263000, "QY_SRC_TYPE": "0", "hub_crawl_status": 0}, {"RN": 6, "QY_ID": "002105291241587211", "QY_ORG_CODE": "9111000071092227XH", "QY_NAME": "中铁二十二局集团有限公司", "QY_FR_NAME": "赵红鹰", "QY_REGION": "110100", "QY_REGION_NAME": "北京市-市辖区", "OLD_CODE": "71092227X", "COLLECT_TIME": 1622263277000, "QY_SRC_TYPE": "0", "hub_crawl_status": 0}, {"RN": 7, "QY_ID": "002105291241599853", "QY_ORG_CODE": "91110000625906144E", "QY_NAME": "中铁电气化局集团有限公司", "QY_FR_NAME": "豆保信", "QY_REGION": "110100", "QY_REGION_NAME": "北京市-市辖区", "OLD_CODE": "625906144", "COLLECT_TIME": 1622263286000, "QY_SRC_TYPE": "0", "hub_crawl_status": 0}, {"RN": 8, "QY_ID": "002105291241613308", "QY_ORG_CODE": "91110000710921189P", "QY_NAME": "中铁建工集团有限公司", "QY_FR_NAME": "张建喜", "QY_REGION": "110100", "QY_REGION_NAME": "北京市-市辖区", "OLD_CODE": "710921189", "COLLECT_TIME": 1622263300000, "QY_SRC_TYPE": "0", "hub_crawl_status": 0}, {"RN": 9, "QY_ID": "002105291254745017", "QY_ORG_CODE": "91110000357957104Q", "QY_NAME": "中交铁道设计研究总院有限公司", "QY_FR_NAME": "颜廷祥", "QY_REGION": "110000", "QY_REGION_NAME": "北京市", "OLD_CODE": "357957104", "COLLECT_TIME": 1622264076000, "QY_SRC_TYPE": "0", "hub_crawl_status": 0}]