[{"RN": 1, "QY_ID": "002105291240546807", "QY_ORG_CODE": "91110000801210593B", "QY_NAME": "北京恒华伟业科技股份有限公司", "QY_FR_NAME": "罗新伟", "QY_REGION": "110000", "QY_REGION_NAME": "北京市", "OLD_CODE": "801210593", "COLLECT_TIME": 1622263249000, "QY_SRC_TYPE": "0", "hub_crawl_status": 0}, {"RN": 2, "QY_ID": "002105291242631541", "QY_ORG_CODE": "911101135960310262", "QY_NAME": "中交金桥工程设计（北京）有限公司", "QY_FR_NAME": "刘勇", "QY_REGION": "110000", "QY_REGION_NAME": "北京市", "OLD_CODE": "596031026", "COLLECT_TIME": 1622263322000, "QY_SRC_TYPE": "0", "hub_crawl_status": 0}]