[{"RN": 1, "QY_ID": "002105291240522099", "QY_ORG_CODE": "91110000717829414L", "QY_NAME": "中国黄金集团建设有限公司", "QY_FR_NAME": "徐福山", "QY_REGION": "110100", "QY_REGION_NAME": "北京市-市辖区", "OLD_CODE": "717829414", "COLLECT_TIME": 1622263233000, "QY_SRC_TYPE": "0", "hub_crawl_status": 0}, {"RN": 2, "QY_ID": "002105291240558562", "QY_ORG_CODE": "91110000105520221M", "QY_NAME": "中国华冶科工集团有限公司", "QY_FR_NAME": "刘玉军", "QY_REGION": "110000", "QY_REGION_NAME": "北京市", "OLD_CODE": "105520221", "COLLECT_TIME": 1622263257000, "QY_SRC_TYPE": "0", "hub_crawl_status": 0}, {"RN": 3, "QY_ID": "002105291241575318", "QY_ORG_CODE": "91110106101391717Y", "QY_NAME": "北京东方燕京工程技术有限责任公司", "QY_FR_NAME": "李宏", "QY_REGION": "110100", "QY_REGION_NAME": "北京市-市辖区", "OLD_CODE": "101391717", "COLLECT_TIME": 1622263268000, "QY_SRC_TYPE": "0", "hub_crawl_status": 0}, {"RN": 4, "QY_ID": "002105291322977593", "QY_ORG_CODE": "91530100686191912A", "QY_NAME": "金诚信矿山工程设计院有限公司", "QY_FR_NAME": "叶平先", "QY_REGION": "110100", "QY_REGION_NAME": "北京市-市辖区", "OLD_CODE": "686191912", "COLLECT_TIME": 1622265726000, "QY_SRC_TYPE": "0", "hub_crawl_status": 0}]