[{"RN": 1, "QY_ID": "002105291240494491", "QY_ORG_CODE": "91110102400689791G", "QY_NAME": "北京市文物建筑保护设计所", "QY_FR_NAME": "黎冬青", "QY_REGION": "110000", "QY_REGION_NAME": "北京市", "OLD_CODE": "400689791", "COLLECT_TIME": 1622263218000, "QY_SRC_TYPE": "0", "hub_crawl_status": 0}, {"RN": 2, "QY_ID": "002105291240496777", "QY_ORG_CODE": "91110108MA019KBJ7J", "QY_NAME": "北京市水利规划设计研究院", "QY_FR_NAME": "沈来新", "QY_REGION": "110100", "QY_REGION_NAME": "北京市-市辖区", "OLD_CODE": "MA019KBJ7", "COLLECT_TIME": 1622263219000, "QY_SRC_TYPE": "0", "hub_crawl_status": 0}, {"RN": 3, "QY_ID": "002105291241591580", "QY_ORG_CODE": "91110105101647604W", "QY_NAME": "北京市公用工程设计监理有限公司", "QY_FR_NAME": "田雅杰", "QY_REGION": "110000", "QY_REGION_NAME": "北京市", "OLD_CODE": "101647604", "COLLECT_TIME": 1622263280000, "QY_SRC_TYPE": "0", "hub_crawl_status": 0}, {"RN": 4, "QY_ID": "002105291241610532", "QY_ORG_CODE": "911100007109261826", "QY_NAME": "天地科技股份有限公司", "QY_FR_NAME": "胡善亭", "QY_REGION": "110000", "QY_REGION_NAME": "北京市", "OLD_CODE": "710926182", "COLLECT_TIME": 1622263298000, "QY_SRC_TYPE": "0", "hub_crawl_status": 0}, {"RN": 5, "QY_ID": "002105291241611851", "QY_ORG_CODE": "91110112666935849M", "QY_NAME": "北京环境工程技术有限公司", "QY_FR_NAME": "王进安", "QY_REGION": "110000", "QY_REGION_NAME": "北京市", "OLD_CODE": "666935849", "COLLECT_TIME": 1622263298000, "QY_SRC_TYPE": "0", "hub_crawl_status": 0}, {"RN": 6, "QY_ID": "002105291241616463", "QY_ORG_CODE": "91110108668419194P", "QY_NAME": "北京市勘察设计研究院有限公司", "QY_FR_NAME": "徐宏声", "QY_REGION": "110000", "QY_REGION_NAME": "北京市", "OLD_CODE": "668419194", "COLLECT_TIME": 1622263303000, "QY_SRC_TYPE": "0", "hub_crawl_status": 0}, {"RN": 7, "QY_ID": "002105291242644715", "QY_ORG_CODE": "911101147481407831", "QY_NAME": "北京石大东方工程设计有限公司", "QY_FR_NAME": "艾万发", "QY_REGION": "110000", "QY_REGION_NAME": "北京市", "OLD_CODE": "748140783", "COLLECT_TIME": 1622263346000, "QY_SRC_TYPE": "0", "hub_crawl_status": 0}, {"RN": 8, "QY_ID": "002105291254739946", "QY_ORG_CODE": "911101057587185181", "QY_NAME": "北京凯盛建材工程有限公司", "QY_FR_NAME": "孙建安", "QY_REGION": "110000", "QY_REGION_NAME": "北京市", "OLD_CODE": "758718518", "COLLECT_TIME": 1622264070000, "QY_SRC_TYPE": "0", "hub_crawl_status": 0}, {"RN": 9, "QY_ID": "002105291258782613", "QY_ORG_CODE": "911101026000377470", "QY_NAME": "北京优奈特能源工程技术有限公司", "QY_FR_NAME": "刘璐", "QY_REGION": "110100", "QY_REGION_NAME": "北京市-市辖区", "OLD_CODE": "600037747", "COLLECT_TIME": 1622264308000, "QY_SRC_TYPE": "0", "hub_crawl_status": 0}]