[{"RN": 46, "QY_ID": "002105291258809833", "QY_ORG_CODE": "91110102666937166M", "QY_NAME": "北京万弘佳景电力工程设计有限公司", "QY_FR_NAME": "郭成英", "QY_REGION": "110000", "QY_REGION_NAME": "北京市", "OLD_CODE": "666937166", "COLLECT_TIME": 1622264338000, "QY_SRC_TYPE": "0", "hub_crawl_status": 0}, {"RN": 47, "QY_ID": "002105291259835675", "QY_ORG_CODE": "911102285938899591", "QY_NAME": "北京中绘立得电力工程设计有限公司", "QY_FR_NAME": "武宪华", "QY_REGION": "110000", "QY_REGION_NAME": "北京市", "OLD_CODE": "593889959", "COLLECT_TIME": 1622264370000, "QY_SRC_TYPE": "0", "hub_crawl_status": 0}, {"RN": 48, "QY_ID": "002105291259837474", "QY_ORG_CODE": "91110108MA00E5XR82", "QY_NAME": "北京峰玉科技有限公司", "QY_FR_NAME": "李健", "QY_REGION": "110000", "QY_REGION_NAME": "北京市", "OLD_CODE": "MA00E5XR8", "COLLECT_TIME": 1622264373000, "QY_SRC_TYPE": "0", "hub_crawl_status": 0}, {"RN": 49, "QY_ID": "002105291305866323", "QY_ORG_CODE": "911101025636391231", "QY_NAME": "北京盛世中兴电力工程设计有限公司", "QY_FR_NAME": "程亮", "QY_REGION": "110000", "QY_REGION_NAME": "北京市", "OLD_CODE": "563639123", "COLLECT_TIME": 1622264746000, "QY_SRC_TYPE": "0", "hub_crawl_status": 0}, {"RN": 50, "QY_ID": "002105291313931934", "QY_ORG_CODE": "91110228MA002M0Q0E", "QY_NAME": "北京国网红阳电力工程设计有限公司", "QY_FR_NAME": "张秋凤", "QY_REGION": "110000", "QY_REGION_NAME": "北京市", "OLD_CODE": "MA002M0Q0", "COLLECT_TIME": 1622265195000, "QY_SRC_TYPE": "0", "hub_crawl_status": 0}, {"RN": 51, "QY_ID": "002105291313931945", "QY_ORG_CODE": "91110111MA01PP8629", "QY_NAME": "北京天诚众和电力工程设计有限公司", "QY_FR_NAME": "郭静杰", "QY_REGION": "110000", "QY_REGION_NAME": "北京市", "OLD_CODE": "MA01PP862", "COLLECT_TIME": 1622265195000, "QY_SRC_TYPE": "0", "hub_crawl_status": 0}, {"RN": 52, "QY_ID": "002105291313948084", "QY_ORG_CODE": "91110107MA00G5CF75", "QY_NAME": "北京冠君电力工程设计有限公司", "QY_FR_NAME": "祝捷", "QY_REGION": "110000", "QY_REGION_NAME": "北京市", "OLD_CODE": "MA00G5CF7", "COLLECT_TIME": 1622265213000, "QY_SRC_TYPE": "0", "hub_crawl_status": 0}, {"RN": 53, "QY_ID": "002105291313957570", "QY_ORG_CODE": "91110112MA01B12F6F", "QY_NAME": "北京华大通城工程设计有限公司", "QY_FR_NAME": "张小艳", "QY_REGION": "110000", "QY_REGION_NAME": "北京市", "OLD_CODE": "MA01B12F6", "COLLECT_TIME": 1622265229000, "QY_SRC_TYPE": "0", "hub_crawl_status": 0}, {"RN": 54, "QY_ID": "002105291321967996", "QY_ORG_CODE": "91110115MA01CR218P", "QY_NAME": "京电兴创智慧科技（北京）有限公司", "QY_FR_NAME": "李星", "QY_REGION": "110000", "QY_REGION_NAME": "北京市", "OLD_CODE": "MA01CR218", "COLLECT_TIME": 1622265713000, "QY_SRC_TYPE": "0", "hub_crawl_status": 0}, {"RN": 55, "QY_ID": "002105291321967999", "QY_ORG_CODE": "91110105MA01RGKW88", "QY_NAME": "北京华商新源设计咨询有限公司", "QY_FR_NAME": "李翔", "QY_REGION": "110000", "QY_REGION_NAME": "北京市", "OLD_CODE": "MA01RGKW8", "COLLECT_TIME": 1622265713000, "QY_SRC_TYPE": "0", "hub_crawl_status": 0}, {"RN": 56, "QY_ID": "002106151907112100", "QY_ORG_CODE": "91110109MA0204CP0N", "QY_NAME": "北京南鸿工程设计有限公司", "QY_FR_NAME": "王旭", "QY_REGION": "110000", "QY_REGION_NAME": "北京市", "OLD_CODE": "MA0204CP0", "COLLECT_TIME": 1623755255000, "QY_SRC_TYPE": "0", "hub_crawl_status": 0}]