[{"RN": 1, "QY_ID": "002105291239452159", "QY_ORG_CODE": "91110108752191073D", "QY_NAME": "北京中网华通设计咨询有限公司", "QY_FR_NAME": "张朝晖", "QY_REGION": "110000", "QY_REGION_NAME": "北京市", "OLD_CODE": "752191073", "COLLECT_TIME": 1622263196000, "QY_SRC_TYPE": "0", "hub_crawl_status": 0}, {"RN": 2, "QY_ID": "002105291239453005", "QY_ORG_CODE": "91110000170054458G", "QY_NAME": "中讯邮电咨询设计院有限公司", "QY_FR_NAME": "张涌", "QY_REGION": "110000", "QY_REGION_NAME": "北京市", "OLD_CODE": "170054458", "COLLECT_TIME": 1622263197000, "QY_SRC_TYPE": "0", "hub_crawl_status": 0}, {"RN": 3, "QY_ID": "002105291240463886", "QY_ORG_CODE": "91110302790655940E", "QY_NAME": "北京恒扉嘉泰建设工程有限公司", "QY_FR_NAME": "任燕扉", "QY_REGION": "110000", "QY_REGION_NAME": "北京市", "OLD_CODE": "790655940", "COLLECT_TIME": 1622263202000, "QY_SRC_TYPE": "0", "hub_crawl_status": 0}, {"RN": 4, "QY_ID": "002105291240508955", "QY_ORG_CODE": "91110108348345288A", "QY_NAME": "北京舜葳电力工程设计有限公司", "QY_FR_NAME": "祁江", "QY_REGION": "110000", "QY_REGION_NAME": "北京市", "OLD_CODE": "348345288", "COLLECT_TIME": 1622263226000, "QY_SRC_TYPE": "0", "hub_crawl_status": 0}, {"RN": 5, "QY_ID": "002105291240509479", "QY_ORG_CODE": "91110101681993414K", "QY_NAME": "北京明耀通达电力工程设计有限公司", "QY_FR_NAME": "刘刚", "QY_REGION": "110000", "QY_REGION_NAME": "北京市", "OLD_CODE": "681993414", "COLLECT_TIME": 1622263227000, "QY_SRC_TYPE": "0", "hub_crawl_status": 0}, {"RN": 6, "QY_ID": "002105291240510305", "QY_ORG_CODE": "9111011139603074X8", "QY_NAME": "北京京电新华电力工程设计有限公司", "QY_FR_NAME": "王利民", "QY_REGION": "110000", "QY_REGION_NAME": "北京市", "OLD_CODE": "39603074X", "COLLECT_TIME": 1622263227000, "QY_SRC_TYPE": "0", "hub_crawl_status": 0}, {"RN": 7, "QY_ID": "002105291240510938", "QY_ORG_CODE": "91110117679620002P", "QY_NAME": "北京华商通达工程设计有限公司", "QY_FR_NAME": "朱海英", "QY_REGION": "110000", "QY_REGION_NAME": "北京市", "OLD_CODE": "679620002", "COLLECT_TIME": 1622263227000, "QY_SRC_TYPE": "0", "hub_crawl_status": 0}, {"RN": 8, "QY_ID": "002105291240511719", "QY_ORG_CODE": "91110302689215916Y", "QY_NAME": "北京国电中天电力技术有限公司", "QY_FR_NAME": "许娜", "QY_REGION": "110000", "QY_REGION_NAME": "北京市", "OLD_CODE": "689215916", "COLLECT_TIME": 1622263228000, "QY_SRC_TYPE": "0", "hub_crawl_status": 0}, {"RN": 9, "QY_ID": "002105291240516974", "QY_ORG_CODE": "91110000067323023E", "QY_NAME": "中交机电工程局有限公司", "QY_FR_NAME": "陈中秋", "QY_REGION": "110000", "QY_REGION_NAME": "北京市", "OLD_CODE": "067323023", "COLLECT_TIME": 1622263230000, "QY_SRC_TYPE": "0", "hub_crawl_status": 0}, {"RN": 10, "QY_ID": "002105291240519665", "QY_ORG_CODE": "91110106596058712A", "QY_NAME": "北京鑫瑞宏图勘测设计有限公司", "QY_FR_NAME": "孙松合", "QY_REGION": "110000", "QY_REGION_NAME": "北京市", "OLD_CODE": "596058712", "COLLECT_TIME": 1622263232000, "QY_SRC_TYPE": "0", "hub_crawl_status": 0}, {"RN": 11, "QY_ID": "002105291240534024", "QY_ORG_CODE": "911101060556446128", "QY_NAME": "北京国网全能电力有限公司", "QY_FR_NAME": "周苗", "QY_REGION": "110000", "QY_REGION_NAME": "北京市", "OLD_CODE": "055644612", "COLLECT_TIME": 1622263241000, "QY_SRC_TYPE": "0", "hub_crawl_status": 0}, {"RN": 12, "QY_ID": "002105291240534026", "QY_ORG_CODE": "91110113MA005C8F0U", "QY_NAME": "北京四合新科电力技术有限公司", "QY_FR_NAME": "梁雪松", "QY_REGION": "110000", "QY_REGION_NAME": "北京市", "OLD_CODE": "MA005C8F0", "COLLECT_TIME": 1622263241000, "QY_SRC_TYPE": "0", "hub_crawl_status": 0}, {"RN": 13, "QY_ID": "002105291240535674", "QY_ORG_CODE": "9111010659233613XY", "QY_NAME": "北京天海世纪电力工程设计有限公司", "QY_FR_NAME": "梁跃峰", "QY_REGION": "110000", "QY_REGION_NAME": "北京市", "OLD_CODE": "59233613X", "COLLECT_TIME": 1622263242000, "QY_SRC_TYPE": "0", "hub_crawl_status": 0}, {"RN": 14, "QY_ID": "002105291240536405", "QY_ORG_CODE": "911101170556133730", "QY_NAME": "北京中电禾融电力工程设计有限公司", "QY_FR_NAME": "汪晶晶", "QY_REGION": "110000", "QY_REGION_NAME": "北京市", "OLD_CODE": "055613373", "COLLECT_TIME": 1622263243000, "QY_SRC_TYPE": "0", "hub_crawl_status": 0}, {"RN": 15, "QY_ID": "002105291240554160", "QY_ORG_CODE": "911101136782075900", "QY_NAME": "北京中电兴邦电力工程设计有限公司", "QY_FR_NAME": "祁淑香", "QY_REGION": "110000", "QY_REGION_NAME": "北京市", "OLD_CODE": "678207590", "COLLECT_TIME": 1622263254000, "QY_SRC_TYPE": "0", "hub_crawl_status": 0}]