[{"RN": 16, "QY_ID": "002105291258810029", "QY_ORG_CODE": "91110000400010515G", "QY_NAME": "邮政科学研究规划院", "QY_FR_NAME": "陆学鹏", "QY_REGION": "110100", "QY_REGION_NAME": "北京市-市辖区", "OLD_CODE": "400010515", "COLLECT_TIME": 1622264339000, "QY_SRC_TYPE": "0", "hub_crawl_status": 0}, {"RN": 17, "QY_ID": "002105291259834905", "QY_ORG_CODE": "9111010579212879X1", "QY_NAME": "北京易柯森特科技有限公司", "QY_FR_NAME": "姜京生", "QY_REGION": "110100", "QY_REGION_NAME": "北京市-市辖区", "OLD_CODE": "79212879X", "COLLECT_TIME": 1622264369000, "QY_SRC_TYPE": "0", "hub_crawl_status": 0}, {"RN": 18, "QY_ID": "002105291305865438", "QY_ORG_CODE": "91110101721479082U", "QY_NAME": "中交公规土木大数据信息技术（北京）有限公司", "QY_FR_NAME": "李娜", "QY_REGION": "110100", "QY_REGION_NAME": "北京市-市辖区", "OLD_CODE": "721479082", "COLLECT_TIME": 1622264744000, "QY_SRC_TYPE": "0", "hub_crawl_status": 0}, {"RN": 19, "QY_ID": "002105291313942042", "QY_ORG_CODE": "911100004008344778", "QY_NAME": "中国交通信息科技集团有限公司", "QY_FR_NAME": "袁航", "QY_REGION": "110100", "QY_REGION_NAME": "北京市-市辖区", "OLD_CODE": "400834477", "COLLECT_TIME": 1622265205000, "QY_SRC_TYPE": "0", "hub_crawl_status": 0}]