[{"RN": 1, "QY_ID": "002105291239452090", "QY_ORG_CODE": "580855186", "QY_NAME": "北京东方瑞业工程咨询有限责任公司", "QY_FR_NAME": "刘学义", "QY_REGION": "110000", "QY_REGION_NAME": "北京市", "OLD_CODE": "580855186", "COLLECT_TIME": 1622263196000, "QY_SRC_TYPE": "0", "hub_crawl_status": 0}, {"RN": 2, "QY_ID": "002105291239452159", "QY_ORG_CODE": "91110108752191073D", "QY_NAME": "北京中网华通设计咨询有限公司", "QY_FR_NAME": "张朝晖", "QY_REGION": "110000", "QY_REGION_NAME": "北京市", "OLD_CODE": "752191073", "COLLECT_TIME": 1622263196000, "QY_SRC_TYPE": "0", "hub_crawl_status": 0}, {"RN": 3, "QY_ID": "002105291239452219", "QY_ORG_CODE": "91110000400005417D", "QY_NAME": "中广电广播电影电视设计研究院", "QY_FR_NAME": "许秀中", "QY_REGION": "110000", "QY_REGION_NAME": "北京市", "OLD_CODE": "400005417", "COLLECT_TIME": 1622263196000, "QY_SRC_TYPE": "0", "hub_crawl_status": 0}, {"RN": 4, "QY_ID": "002105291239452558", "QY_ORG_CODE": "91110000710932486E", "QY_NAME": "中国移动通信集团设计院有限公司", "QY_FR_NAME": "孙卫东", "QY_REGION": "110000", "QY_REGION_NAME": "北京市", "OLD_CODE": "710932486", "COLLECT_TIME": 1622263196000, "QY_SRC_TYPE": "0", "hub_crawl_status": 0}, {"RN": 5, "QY_ID": "002105291240513868", "QY_ORG_CODE": "91110000102173949P", "QY_NAME": "北京全路通信信号研究设计院集团有限公司", "QY_FR_NAME": "张啸林", "QY_REGION": "110000", "QY_REGION_NAME": "北京市", "OLD_CODE": "102173949", "COLLECT_TIME": 1622263229000, "QY_SRC_TYPE": "0", "hub_crawl_status": 0}, {"RN": 6, "QY_ID": "002105291240527817", "QY_ORG_CODE": "400019229", "QY_NAME": "交通运输部规划研究院", "QY_FR_NAME": "杨文银", "QY_REGION": "110100", "QY_REGION_NAME": "北京市-市辖区", "OLD_CODE": "400019229", "COLLECT_TIME": 1622263237000, "QY_SRC_TYPE": "0", "hub_crawl_status": 0}, {"RN": 7, "QY_ID": "002105291240531003", "QY_ORG_CODE": "911101086336174810", "QY_NAME": "北京交科公路勘察设计研究院有限公司", "QY_FR_NAME": "曹鹏", "QY_REGION": "110000", "QY_REGION_NAME": "北京市", "OLD_CODE": "633617481", "COLLECT_TIME": 1622263239000, "QY_SRC_TYPE": "0", "hub_crawl_status": 0}, {"RN": 8, "QY_ID": "002105291241564310", "QY_ORG_CODE": "911101067447464705", "QY_NAME": "北京华通天畅工程监理咨询有限公司", "QY_FR_NAME": "张世民", "QY_REGION": "110000", "QY_REGION_NAME": "北京市", "OLD_CODE": "744746470", "COLLECT_TIME": 1622263260000, "QY_SRC_TYPE": "0", "hub_crawl_status": 0}, {"RN": 9, "QY_ID": "002105291241571711", "QY_ORG_CODE": "91110114101996919N", "QY_NAME": "北京赛迪时代信息产业股份有限公司", "QY_FR_NAME": "张翔宇", "QY_REGION": "110000", "QY_REGION_NAME": "北京市", "OLD_CODE": "101996919", "COLLECT_TIME": 1622263265000, "QY_SRC_TYPE": "0", "hub_crawl_status": 0}, {"RN": 10, "QY_ID": "002105291241584678", "QY_ORG_CODE": "91110111MA0192W9XD", "QY_NAME": "中电系统建设工程有限公司", "QY_FR_NAME": "孙国政", "QY_REGION": "110000", "QY_REGION_NAME": "北京市", "OLD_CODE": "MA0192W9X", "COLLECT_TIME": 1622263275000, "QY_SRC_TYPE": "0", "hub_crawl_status": 0}, {"RN": 11, "QY_ID": "002105291241603426", "QY_ORG_CODE": "911101051011936653", "QY_NAME": "北京奥特维科技有限公司", "QY_FR_NAME": "吴金中", "QY_REGION": "110100", "QY_REGION_NAME": "北京市-市辖区", "OLD_CODE": "101193665", "COLLECT_TIME": 1622263291000, "QY_SRC_TYPE": "0", "hub_crawl_status": 0}, {"RN": 12, "QY_ID": "002105291241628350", "QY_ORG_CODE": "91110000101137049C", "QY_NAME": "太极计算机股份有限公司", "QY_FR_NAME": "刘学林", "QY_REGION": "110000", "QY_REGION_NAME": "北京市", "OLD_CODE": "101137049", "COLLECT_TIME": 1622263318000, "QY_SRC_TYPE": "0", "hub_crawl_status": 0}, {"RN": 13, "QY_ID": "002105291248654923", "QY_ORG_CODE": "91110000100001916P", "QY_NAME": "中国公路工程咨询集团有限公司", "QY_FR_NAME": "崔玉萍", "QY_REGION": "110100", "QY_REGION_NAME": "北京市-市辖区", "OLD_CODE": "100001916", "COLLECT_TIME": 1622263688000, "QY_SRC_TYPE": "0", "hub_crawl_status": 0}, {"RN": 14, "QY_ID": "002105291248664888", "QY_ORG_CODE": "91110108633788344F", "QY_NAME": "中铁信弘信（北京）信息工程咨询有限责任公司", "QY_FR_NAME": "苏亚", "QY_REGION": "110000", "QY_REGION_NAME": "北京市", "OLD_CODE": "633788344", "COLLECT_TIME": 1622263696000, "QY_SRC_TYPE": "0", "hub_crawl_status": 0}, {"RN": 15, "QY_ID": "002105291254745017", "QY_ORG_CODE": "91110000357957104Q", "QY_NAME": "中交铁道设计研究总院有限公司", "QY_FR_NAME": "颜廷祥", "QY_REGION": "110000", "QY_REGION_NAME": "北京市", "OLD_CODE": "357957104", "COLLECT_TIME": 1622264076000, "QY_SRC_TYPE": "0", "hub_crawl_status": 0}]