[{"RN": 1, "QY_ID": "002105291240461962", "QY_ORG_CODE": "911101086835621402", "QY_NAME": "北京中岩大地科技股份有限公司", "QY_FR_NAME": "王立建", "QY_REGION": "110000", "QY_REGION_NAME": "北京市", "OLD_CODE": "683562140", "COLLECT_TIME": 1622263201000, "QY_SRC_TYPE": "0", "hub_crawl_status": 0}, {"RN": 2, "QY_ID": "002105291240480486", "QY_ORG_CODE": "91110105777652403R", "QY_NAME": "蓝星工程有限公司", "QY_FR_NAME": "王立杰", "QY_REGION": "110000", "QY_REGION_NAME": "北京市", "OLD_CODE": "777652403", "COLLECT_TIME": 1622263211000, "QY_SRC_TYPE": "0", "hub_crawl_status": 0}, {"RN": 3, "QY_ID": "002105291241578037", "QY_ORG_CODE": "91110106710921402N", "QY_NAME": "华电环保系统工程有限公司", "QY_FR_NAME": "白永锋", "QY_REGION": "110000", "QY_REGION_NAME": "北京市", "OLD_CODE": "710921402", "COLLECT_TIME": 1622263270000, "QY_SRC_TYPE": "0", "hub_crawl_status": 0}, {"RN": 4, "QY_ID": "002105291241587738", "QY_ORG_CODE": "91110000710931686J", "QY_NAME": "世源科技工程有限公司", "QY_FR_NAME": "黄文胜", "QY_REGION": "110100", "QY_REGION_NAME": "北京市-市辖区", "OLD_CODE": "710931686", "COLLECT_TIME": 1622263278000, "QY_SRC_TYPE": "0", "hub_crawl_status": 0}, {"RN": 5, "QY_ID": "002105291241611851", "QY_ORG_CODE": "91110112666935849M", "QY_NAME": "北京环境工程技术有限公司", "QY_FR_NAME": "王进安", "QY_REGION": "110000", "QY_REGION_NAME": "北京市", "OLD_CODE": "666935849", "COLLECT_TIME": 1622263298000, "QY_SRC_TYPE": "0", "hub_crawl_status": 0}, {"RN": 6, "QY_ID": "002105291241613204", "QY_ORG_CODE": "91110000X003879117", "QY_NAME": "北京清新环境技术股份有限公司", "QY_FR_NAME": "邹艾艾", "QY_REGION": "110000", "QY_REGION_NAME": "北京市", "OLD_CODE": "X00387911", "COLLECT_TIME": 1622263300000, "QY_SRC_TYPE": "0", "hub_crawl_status": 0}, {"RN": 7, "QY_ID": "002105291241621677", "QY_ORG_CODE": "91110105710930851H", "QY_NAME": "中国中轻国际工程有限公司", "QY_FR_NAME": "柳炜", "QY_REGION": "110000", "QY_REGION_NAME": "北京市", "OLD_CODE": "710930851", "COLLECT_TIME": 1622263308000, "QY_SRC_TYPE": "0", "hub_crawl_status": 0}, {"RN": 8, "QY_ID": "002105291248656513", "QY_ORG_CODE": "911101051017174063", "QY_NAME": "中国环境科学研究院环境技术工程有限公司", "QY_FR_NAME": "徐义生", "QY_REGION": "110000", "QY_REGION_NAME": "北京市", "OLD_CODE": "101717406", "COLLECT_TIME": 1622263689000, "QY_SRC_TYPE": "0", "hub_crawl_status": 0}, {"RN": 9, "QY_ID": "002105291249703164", "QY_ORG_CODE": "91110114MA017LLH6Y", "QY_NAME": "神华工程技术有限公司", "QY_FR_NAME": "彭晓春", "QY_REGION": "110000", "QY_REGION_NAME": "北京市", "OLD_CODE": "MA017LLH6", "COLLECT_TIME": 1622263743000, "QY_SRC_TYPE": "0", "hub_crawl_status": 0}, {"RN": 10, "QY_ID": "002105291249713681", "QY_ORG_CODE": "911101066337689849", "QY_NAME": "北京航天环境工程有限公司", "QY_FR_NAME": "王乐", "QY_REGION": "110000", "QY_REGION_NAME": "北京市", "OLD_CODE": "633768984", "COLLECT_TIME": 1622263758000, "QY_SRC_TYPE": "0", "hub_crawl_status": 0}, {"RN": 11, "QY_ID": "002105291254753441", "QY_ORG_CODE": "9111010572398279XG", "QY_NAME": "北京东方利禾景观设计有限公司", "QY_FR_NAME": "刘旭", "QY_REGION": "110000", "QY_REGION_NAME": "北京市", "OLD_CODE": "72398279X", "COLLECT_TIME": 1622264085000, "QY_SRC_TYPE": "0", "hub_crawl_status": 0}, {"RN": 12, "QY_ID": "002105291254765982", "QY_ORG_CODE": "91110102101335926W", "QY_NAME": "北京市环科环境工程技术有限公司", "QY_FR_NAME": "林秀军", "QY_REGION": "110000", "QY_REGION_NAME": "北京市", "OLD_CODE": "101335926", "COLLECT_TIME": 1622264099000, "QY_SRC_TYPE": "0", "hub_crawl_status": 0}, {"RN": 13, "QY_ID": "002105291255776074", "QY_ORG_CODE": "91110000400000720M", "QY_NAME": "矿冶科技集团有限公司", "QY_FR_NAME": "韩龙", "QY_REGION": "110000", "QY_REGION_NAME": "北京市", "OLD_CODE": "400000720", "COLLECT_TIME": 1622264111000, "QY_SRC_TYPE": "0", "hub_crawl_status": 0}, {"RN": 14, "QY_ID": "002105291312906331", "QY_ORG_CODE": "911101173303058437", "QY_NAME": "北京天朗致达节能环保股份有限公司", "QY_FR_NAME": "王华辰", "QY_REGION": "110000", "QY_REGION_NAME": "北京市", "OLD_CODE": "330305843", "COLLECT_TIME": 1622265166000, "QY_SRC_TYPE": "0", "hub_crawl_status": 0}]