[{"RN": 1, "QY_ID": "002105291240481037", "QY_ORG_CODE": "911101086003849418", "QY_NAME": "北京钢研新冶工程设计有限公司", "QY_FR_NAME": "仲海峰", "QY_REGION": "110000", "QY_REGION_NAME": "北京市", "OLD_CODE": "600384941", "COLLECT_TIME": 1622263211000, "QY_SRC_TYPE": "0", "hub_crawl_status": 0}, {"RN": 2, "QY_ID": "002105291258784564", "QY_ORG_CODE": "911101086004376367", "QY_NAME": "北京科技大学设计研究院有限公司", "QY_FR_NAME": "陈雨来", "QY_REGION": "110100", "QY_REGION_NAME": "北京市-市辖区", "OLD_CODE": "600437636", "COLLECT_TIME": 1622264310000, "QY_SRC_TYPE": "0", "hub_crawl_status": 0}]