[{"RN": 1, "QY_ID": "002105291241621677", "QY_ORG_CODE": "91110105710930851H", "QY_NAME": "中国中轻国际工程有限公司", "QY_FR_NAME": "柳炜", "QY_REGION": "110000", "QY_REGION_NAME": "北京市", "OLD_CODE": "710930851", "COLLECT_TIME": 1622263308000, "QY_SRC_TYPE": "0", "hub_crawl_status": 0}, {"RN": 2, "QY_ID": "002105291248695906", "QY_ORG_CODE": "91110000100005255X", "QY_NAME": "中国昆仑工程有限公司", "QY_FR_NAME": "王德义", "QY_REGION": "110000", "QY_REGION_NAME": "北京市", "OLD_CODE": "100005255", "COLLECT_TIME": 1622263732000, "QY_SRC_TYPE": "0", "hub_crawl_status": 0}]