[{"RN": 1, "QY_ID": "002105291239451984", "QY_ORG_CODE": "91110106102124696Y", "QY_NAME": "中建一局集团装饰工程有限公司", "QY_FR_NAME": "毛立臣", "QY_REGION": "110000", "QY_REGION_NAME": "北京市", "OLD_CODE": "102124696", "COLLECT_TIME": 1622263196000, "QY_SRC_TYPE": "0", "hub_crawl_status": 0}, {"RN": 2, "QY_ID": "002105291239456837", "QY_ORG_CODE": "91110108101401639B", "QY_NAME": "北京雅林士博建筑工程有限公司", "QY_FR_NAME": "林山", "QY_REGION": "110000", "QY_REGION_NAME": "北京市", "OLD_CODE": "101401639", "COLLECT_TIME": 1622263199000, "QY_SRC_TYPE": "0", "hub_crawl_status": 0}, {"RN": 3, "QY_ID": "002105291240473136", "QY_ORG_CODE": "91110108802082618N", "QY_NAME": "北京豪太幕墙装饰工程有限公司", "QY_FR_NAME": "车照煌", "QY_REGION": "110000", "QY_REGION_NAME": "北京市", "OLD_CODE": "802082618", "COLLECT_TIME": 1622263207000, "QY_SRC_TYPE": "0", "hub_crawl_status": 0}, {"RN": 4, "QY_ID": "002105291240482344", "QY_ORG_CODE": "911101067226772402", "QY_NAME": "北京北方西林幕墙工程有限公司", "QY_FR_NAME": "黄雄", "QY_REGION": "110000", "QY_REGION_NAME": "北京市", "OLD_CODE": "722677240", "COLLECT_TIME": 1622263212000, "QY_SRC_TYPE": "0", "hub_crawl_status": 0}, {"RN": 5, "QY_ID": "002105291240502114", "QY_ORG_CODE": "9111010755683254XM", "QY_NAME": "北京金翅鸟建筑装饰工程有限公司", "QY_FR_NAME": "徐辉", "QY_REGION": "110000", "QY_REGION_NAME": "北京市", "OLD_CODE": "55683254X", "COLLECT_TIME": 1622263223000, "QY_SRC_TYPE": "0", "hub_crawl_status": 0}, {"RN": 6, "QY_ID": "002105291240502127", "QY_ORG_CODE": "9111011556364546XC", "QY_NAME": "北京天成英良石材有限责任公司", "QY_FR_NAME": "徐群", "QY_REGION": "110000", "QY_REGION_NAME": "北京市", "OLD_CODE": "56364546X", "COLLECT_TIME": 1622263223000, "QY_SRC_TYPE": "0", "hub_crawl_status": 0}, {"RN": 7, "QY_ID": "002105291240506051", "QY_ORG_CODE": "91110114553112491E", "QY_NAME": "北京金丰环球建筑装饰有限公司", "QY_FR_NAME": "陈康胜", "QY_REGION": "110000", "QY_REGION_NAME": "北京市", "OLD_CODE": "553112491", "COLLECT_TIME": 1622263225000, "QY_SRC_TYPE": "0", "hub_crawl_status": 0}, {"RN": 8, "QY_ID": "002105291240508801", "QY_ORG_CODE": "91110228MA004FPK26", "QY_NAME": "北京晶图装饰工程有限公司", "QY_FR_NAME": "臧洁", "QY_REGION": "110000", "QY_REGION_NAME": "北京市", "OLD_CODE": "MA004FPK2", "COLLECT_TIME": 1622263226000, "QY_SRC_TYPE": "0", "hub_crawl_status": 0}, {"RN": 9, "QY_ID": "002105291240511181", "QY_ORG_CODE": "91110111102789313M", "QY_NAME": "北京良塔装饰工程中心", "QY_FR_NAME": "王春生", "QY_REGION": "110000", "QY_REGION_NAME": "北京市", "OLD_CODE": "102789313", "COLLECT_TIME": 1622263227000, "QY_SRC_TYPE": "0", "hub_crawl_status": 0}, {"RN": 10, "QY_ID": "002105291240513438", "QY_ORG_CODE": "911101165636968655", "QY_NAME": "北京中海博大国际建设有限公司", "QY_FR_NAME": "付烜", "QY_REGION": "110000", "QY_REGION_NAME": "北京市", "OLD_CODE": "563696865", "COLLECT_TIME": 1622263229000, "QY_SRC_TYPE": "0", "hub_crawl_status": 0}, {"RN": 11, "QY_ID": "002105291240513884", "QY_ORG_CODE": "9111022878254639X3", "QY_NAME": "北京高盛达建筑工程有限公司", "QY_FR_NAME": "蔡光华", "QY_REGION": "110000", "QY_REGION_NAME": "北京市", "OLD_CODE": "78254639X", "COLLECT_TIME": 1622263229000, "QY_SRC_TYPE": "0", "hub_crawl_status": 0}, {"RN": 12, "QY_ID": "002105291240518065", "QY_ORG_CODE": "911101113063347753", "QY_NAME": "北京光辉建业建筑科技有限公司", "QY_FR_NAME": "郭大军", "QY_REGION": "110000", "QY_REGION_NAME": "北京市", "OLD_CODE": "306334775", "COLLECT_TIME": 1622263231000, "QY_SRC_TYPE": "0", "hub_crawl_status": 0}, {"RN": 13, "QY_ID": "002105291240525457", "QY_ORG_CODE": "911100001013034494", "QY_NAME": "北京市建筑工程装饰集团有限公司", "QY_FR_NAME": "杜振羿", "QY_REGION": "110000", "QY_REGION_NAME": "北京市", "OLD_CODE": "101303449", "COLLECT_TIME": 1622263235000, "QY_SRC_TYPE": "0", "hub_crawl_status": 0}, {"RN": 14, "QY_ID": "002105291240530570", "QY_ORG_CODE": "9111010574009898X8", "QY_NAME": "北京业永兴装饰有限公司", "QY_FR_NAME": "叶立平", "QY_REGION": "110000", "QY_REGION_NAME": "北京市", "OLD_CODE": "74009898X", "COLLECT_TIME": 1622263239000, "QY_SRC_TYPE": "0", "hub_crawl_status": 0}, {"RN": 15, "QY_ID": "002105291240537657", "QY_ORG_CODE": "91110115685793735N", "QY_NAME": "中寰建（北京）幕墙工程有限公司", "QY_FR_NAME": "柳国锋", "QY_REGION": "110000", "QY_REGION_NAME": "北京市", "OLD_CODE": "685793735", "COLLECT_TIME": 1622263244000, "QY_SRC_TYPE": "0", "hub_crawl_status": 0}]