[{"RN": 61, "QY_ID": "002105291258791527", "QY_ORG_CODE": "91110109MA00FLDA0H", "QY_NAME": "京诚泰达（北京）建设有限公司", "QY_FR_NAME": "张东岳", "QY_REGION": "110000", "QY_REGION_NAME": "北京市", "OLD_CODE": "MA00FLDA0", "COLLECT_TIME": 1622264317000, "QY_SRC_TYPE": "0", "hub_crawl_status": 0}, {"RN": 62, "QY_ID": "002105291258809832", "QY_ORG_CODE": "91110116600025455W", "QY_NAME": "北京乐孚装饰工程有限公司", "QY_FR_NAME": "朱文俊", "QY_REGION": "110000", "QY_REGION_NAME": "北京市", "OLD_CODE": "600025455", "COLLECT_TIME": 1622264338000, "QY_SRC_TYPE": "0", "hub_crawl_status": 0}, {"RN": 63, "QY_ID": "002105291259834244", "QY_ORG_CODE": "911101145548551314", "QY_NAME": "北京标高时代工程咨询有限公司", "QY_FR_NAME": "刘小玲", "QY_REGION": "110000", "QY_REGION_NAME": "北京市", "OLD_CODE": "554855131", "COLLECT_TIME": 1622264368000, "QY_SRC_TYPE": "0", "hub_crawl_status": 0}, {"RN": 64, "QY_ID": "002105291305845462", "QY_ORG_CODE": "91110111MA01GEU631", "QY_NAME": "北京中天利达建设工程有限公司", "QY_FR_NAME": "杨忠正", "QY_REGION": "110000", "QY_REGION_NAME": "北京市", "OLD_CODE": "MA01GEU63", "COLLECT_TIME": 1622264720000, "QY_SRC_TYPE": "0", "hub_crawl_status": 0}, {"RN": 65, "QY_ID": "002105291305849363", "QY_ORG_CODE": "91110108MA007PHA3T", "QY_NAME": "北京译海建设工程有限公司", "QY_FR_NAME": "罗晓明", "QY_REGION": "110000", "QY_REGION_NAME": "北京市", "OLD_CODE": "MA007PHA3", "COLLECT_TIME": 1622264726000, "QY_SRC_TYPE": "0", "hub_crawl_status": 0}, {"RN": 66, "QY_ID": "002105291305876111", "QY_ORG_CODE": "91110112306746622X", "QY_NAME": "北京天闽建筑工程有限公司", "QY_FR_NAME": "黄仕龙", "QY_REGION": "110000", "QY_REGION_NAME": "北京市", "OLD_CODE": "306746622", "COLLECT_TIME": 1622264757000, "QY_SRC_TYPE": "0", "hub_crawl_status": 0}, {"RN": 67, "QY_ID": "002105291313944572", "QY_ORG_CODE": "91110117098288988D", "QY_NAME": "北京白砂建筑装饰工程有限公司", "QY_FR_NAME": "李志忠", "QY_REGION": "110000", "QY_REGION_NAME": "北京市", "OLD_CODE": "098288988", "COLLECT_TIME": 1622265208000, "QY_SRC_TYPE": "0", "hub_crawl_status": 0}, {"RN": 68, "QY_ID": "002105291322005271", "QY_ORG_CODE": "91110115771590635N", "QY_NAME": "金诚华刚（北京）装饰工程有限公司", "QY_FR_NAME": "汪金刚", "QY_REGION": "110000", "QY_REGION_NAME": "北京市", "OLD_CODE": "771590635", "COLLECT_TIME": 1622265765000, "QY_SRC_TYPE": "0", "hub_crawl_status": 0}, {"RN": 69, "QY_ID": "002105291322005311", "QY_ORG_CODE": "91110106693230887B", "QY_NAME": "北京挚诚华腾建设工程有限公司", "QY_FR_NAME": "黄凌鹄", "QY_REGION": "110000", "QY_REGION_NAME": "北京市", "OLD_CODE": "693230887", "COLLECT_TIME": 1622265765000, "QY_SRC_TYPE": "0", "hub_crawl_status": 0}, {"RN": 70, "QY_ID": "002105291322996384", "QY_ORG_CODE": "91110113MA01PP2D18", "QY_NAME": "北京华创信建筑工程有限公司", "QY_FR_NAME": "王振鲁", "QY_REGION": "110000", "QY_REGION_NAME": "北京市", "OLD_CODE": "MA01PP2D1", "COLLECT_TIME": 1622265751000, "QY_SRC_TYPE": "0", "hub_crawl_status": 0}, {"RN": 71, "QY_ID": "002105291328057883", "QY_ORG_CODE": "91110109MA01YW449L", "QY_NAME": "北京金堂工程设计有限公司", "QY_FR_NAME": "宋艳娇", "QY_REGION": "110000", "QY_REGION_NAME": "北京市", "OLD_CODE": "MA01YW449", "COLLECT_TIME": 1622266121000, "QY_SRC_TYPE": "0", "hub_crawl_status": 0}, {"RN": 72, "QY_ID": "002105291328064872", "QY_ORG_CODE": "91110113MA01FRNK3N", "QY_NAME": "北京晟泰建设工程有限公司", "QY_FR_NAME": "许晨", "QY_REGION": "110000", "QY_REGION_NAME": "北京市", "OLD_CODE": "MA01FRNK3", "COLLECT_TIME": 1622266129000, "QY_SRC_TYPE": "0", "hub_crawl_status": 0}, {"RN": 73, "QY_ID": "002106281905124589", "QY_ORG_CODE": "911101070673211168", "QY_NAME": "北京海吉恺工程咨询有限公司", "QY_FR_NAME": "迟利明", "QY_REGION": "110000", "QY_REGION_NAME": "北京市", "OLD_CODE": "067321116", "COLLECT_TIME": 1624878347000, "QY_SRC_TYPE": "0", "hub_crawl_status": 0}, {"RN": 74, "QY_ID": "002107061931134912", "QY_ORG_CODE": "91110112MA01AF484T", "QY_NAME": "北京佑荣索福恩建筑咨询有限公司", "QY_FR_NAME": "杨廷海", "QY_REGION": "110000", "QY_REGION_NAME": "北京市", "OLD_CODE": "MA01AF484", "COLLECT_TIME": 1625571063000, "QY_SRC_TYPE": "0", "hub_crawl_status": 0}]