[{"RN": 31, "QY_ID": "002105291241622963", "QY_ORG_CODE": "911101156963457437", "QY_NAME": "北京旭锋建设工程有限公司", "QY_FR_NAME": "余毅", "QY_REGION": "110000", "QY_REGION_NAME": "北京市", "OLD_CODE": "696345743", "COLLECT_TIME": 1622263309000, "QY_SRC_TYPE": "0", "hub_crawl_status": 0}, {"RN": 32, "QY_ID": "002105291242632097", "QY_ORG_CODE": "911100001026899611", "QY_NAME": "北京东豪建设集团有限公司", "QY_FR_NAME": "陈作海", "QY_REGION": "110000", "QY_REGION_NAME": "北京市", "OLD_CODE": "102689961", "COLLECT_TIME": 1622263323000, "QY_SRC_TYPE": "0", "hub_crawl_status": 0}, {"RN": 33, "QY_ID": "002105291242635189", "QY_ORG_CODE": "91110112565770766W", "QY_NAME": "北京满意领航幕墙装饰工程有限公司", "QY_FR_NAME": "陈树红", "QY_REGION": "110000", "QY_REGION_NAME": "北京市", "OLD_CODE": "565770766", "COLLECT_TIME": 1622263328000, "QY_SRC_TYPE": "0", "hub_crawl_status": 0}, {"RN": 34, "QY_ID": "002105291242636170", "QY_ORG_CODE": "911101133271825550", "QY_NAME": "雅新工程有限公司", "QY_FR_NAME": "李茂生", "QY_REGION": "110000", "QY_REGION_NAME": "北京市", "OLD_CODE": "327182555", "COLLECT_TIME": 1622263329000, "QY_SRC_TYPE": "0", "hub_crawl_status": 0}, {"RN": 35, "QY_ID": "002105291242637427", "QY_ORG_CODE": "91110105795954528Y", "QY_NAME": "金粤幕墙装饰工程有限公司", "QY_FR_NAME": "冯华国", "QY_REGION": "110000", "QY_REGION_NAME": "北京市", "OLD_CODE": "795954528", "COLLECT_TIME": 1622263331000, "QY_SRC_TYPE": "0", "hub_crawl_status": 0}, {"RN": 36, "QY_ID": "002105291242644197", "QY_ORG_CODE": "911101065906142987", "QY_NAME": "北京中瑞祥合建筑工程有限公司", "QY_FR_NAME": "张瑞超", "QY_REGION": "110000", "QY_REGION_NAME": "北京市", "OLD_CODE": "590614298", "COLLECT_TIME": 1622263345000, "QY_SRC_TYPE": "0", "hub_crawl_status": 0}, {"RN": 37, "QY_ID": "002105291248653520", "QY_ORG_CODE": "91110113MA01BN6W07", "QY_NAME": "北京城建北方众邦装饰工程有限公司", "QY_FR_NAME": "高强", "QY_REGION": "110000", "QY_REGION_NAME": "北京市", "OLD_CODE": "MA01BN6W0", "COLLECT_TIME": 1622263686000, "QY_SRC_TYPE": "0", "hub_crawl_status": 0}, {"RN": 38, "QY_ID": "002105291248654177", "QY_ORG_CODE": "91110114600000717F", "QY_NAME": "北京港源建筑装饰工程有限公司", "QY_FR_NAME": "符剑平", "QY_REGION": "110000", "QY_REGION_NAME": "北京市", "OLD_CODE": "600000717", "COLLECT_TIME": 1622263687000, "QY_SRC_TYPE": "0", "hub_crawl_status": 0}, {"RN": 39, "QY_ID": "002105291248656284", "QY_ORG_CODE": "91110111MA0080254F", "QY_NAME": "北京嘉中装饰工程有限公司", "QY_FR_NAME": "梁东坡", "QY_REGION": "110000", "QY_REGION_NAME": "北京市", "OLD_CODE": "MA0080254", "COLLECT_TIME": 1622263689000, "QY_SRC_TYPE": "0", "hub_crawl_status": 0}, {"RN": 40, "QY_ID": "002105291248656695", "QY_ORG_CODE": "91110116MA005XEH2C", "QY_NAME": "北京瑞恒源建筑工程有限公司", "QY_FR_NAME": "王猛", "QY_REGION": "110000", "QY_REGION_NAME": "北京市", "OLD_CODE": "MA005XEH2", "COLLECT_TIME": 1622263689000, "QY_SRC_TYPE": "0", "hub_crawl_status": 0}, {"RN": 41, "QY_ID": "002105291248659282", "QY_ORG_CODE": "9111010570037437X8", "QY_NAME": "北京中铁德成建筑设计工程有限公司", "QY_FR_NAME": "白振宏", "QY_REGION": "110000", "QY_REGION_NAME": "北京市", "OLD_CODE": "70037437X", "COLLECT_TIME": 1622263691000, "QY_SRC_TYPE": "0", "hub_crawl_status": 0}, {"RN": 42, "QY_ID": "002105291248660812", "QY_ORG_CODE": "91110108102113700N", "QY_NAME": "北京北方世纪建筑装饰工程有限公司", "QY_FR_NAME": "陈旭", "QY_REGION": "110000", "QY_REGION_NAME": "北京市", "OLD_CODE": "102113700", "COLLECT_TIME": 1622263693000, "QY_SRC_TYPE": "0", "hub_crawl_status": 0}, {"RN": 43, "QY_ID": "002105291248665059", "QY_ORG_CODE": "911101090648888546", "QY_NAME": "中兴融创建设工程有限公司", "QY_FR_NAME": "张金聪", "QY_REGION": "110000", "QY_REGION_NAME": "北京市", "OLD_CODE": "064888854", "COLLECT_TIME": 1622263696000, "QY_SRC_TYPE": "0", "hub_crawl_status": 0}, {"RN": 44, "QY_ID": "002105291248675893", "QY_ORG_CODE": "9111030268355532XN", "QY_NAME": "北京杰元建筑装饰工程有限公司", "QY_FR_NAME": "袁强", "QY_REGION": "110000", "QY_REGION_NAME": "北京市", "OLD_CODE": "68355532X", "COLLECT_TIME": 1622263707000, "QY_SRC_TYPE": "0", "hub_crawl_status": 0}, {"RN": 45, "QY_ID": "002105291248679264", "QY_ORG_CODE": "91110116721483639J", "QY_NAME": "北京阳光丽景建筑装饰有限公司", "QY_FR_NAME": "高运", "QY_REGION": "110000", "QY_REGION_NAME": "北京市", "OLD_CODE": "721483639", "COLLECT_TIME": 1622263710000, "QY_SRC_TYPE": "0", "hub_crawl_status": 0}]