[{"RN": 16, "QY_ID": "002105291240539217", "QY_ORG_CODE": "911101058017293441", "QY_NAME": "北京荔恒元装饰有限责任公司", "QY_FR_NAME": "黄文庆", "QY_REGION": "110100", "QY_REGION_NAME": "北京市-市辖区", "OLD_CODE": "801729344", "COLLECT_TIME": 1622263245000, "QY_SRC_TYPE": "0", "hub_crawl_status": 0}, {"RN": 17, "QY_ID": "002105291240542495", "QY_ORG_CODE": "91110102592314432L", "QY_NAME": "北京建工一建装饰工程有限公司", "QY_FR_NAME": "王刚", "QY_REGION": "110000", "QY_REGION_NAME": "北京市", "OLD_CODE": "592314432", "COLLECT_TIME": 1622263247000, "QY_SRC_TYPE": "0", "hub_crawl_status": 0}, {"RN": 18, "QY_ID": "002105291240548058", "QY_ORG_CODE": "911101168026016411", "QY_NAME": "华翔飞建筑装饰工程有限公司", "QY_FR_NAME": "叶飞", "QY_REGION": "110000", "QY_REGION_NAME": "北京市", "OLD_CODE": "802601641", "COLLECT_TIME": 1622263250000, "QY_SRC_TYPE": "0", "hub_crawl_status": 0}, {"RN": 19, "QY_ID": "002105291240553334", "QY_ORG_CODE": "91110107600018933X", "QY_NAME": "北京丽贝亚建筑装饰工程有限公司", "QY_FR_NAME": "高建林", "QY_REGION": "110000", "QY_REGION_NAME": "北京市", "OLD_CODE": "600018933", "COLLECT_TIME": 1622263253000, "QY_SRC_TYPE": "0", "hub_crawl_status": 0}, {"RN": 20, "QY_ID": "002105291240555093", "QY_ORG_CODE": "91110111MA018N7413", "QY_NAME": "北京龙腾汇悦建设工程有限公司", "QY_FR_NAME": "吴小平", "QY_REGION": "110000", "QY_REGION_NAME": "北京市", "OLD_CODE": "MA018N741", "COLLECT_TIME": 1622263254000, "QY_SRC_TYPE": "0", "hub_crawl_status": 0}, {"RN": 21, "QY_ID": "002105291240558007", "QY_ORG_CODE": "911101097214565182", "QY_NAME": "中天开元建设发展有限公司", "QY_FR_NAME": "周杰", "QY_REGION": "110000", "QY_REGION_NAME": "北京市", "OLD_CODE": "721456518", "COLLECT_TIME": 1622263256000, "QY_SRC_TYPE": "0", "hub_crawl_status": 0}, {"RN": 22, "QY_ID": "002105291241578064", "QY_ORG_CODE": "91110108700196753G", "QY_NAME": "神州必晟建设发展有限公司", "QY_FR_NAME": "李法勇", "QY_REGION": "110000", "QY_REGION_NAME": "北京市", "OLD_CODE": "700196753", "COLLECT_TIME": 1622263270000, "QY_SRC_TYPE": "0", "hub_crawl_status": 0}, {"RN": 23, "QY_ID": "002105291241580955", "QY_ORG_CODE": "91110102553145234N", "QY_NAME": "中鼎建（北京）建筑工程有限公司", "QY_FR_NAME": "汪芳", "QY_REGION": "110000", "QY_REGION_NAME": "北京市", "OLD_CODE": "553145234", "COLLECT_TIME": 1622263272000, "QY_SRC_TYPE": "0", "hub_crawl_status": 0}, {"RN": 24, "QY_ID": "002105291241601574", "QY_ORG_CODE": "91110114102670988E", "QY_NAME": "北京弘高建筑装饰设计工程有限公司", "QY_FR_NAME": "荆明", "QY_REGION": "110000", "QY_REGION_NAME": "北京市", "OLD_CODE": "102670988", "COLLECT_TIME": 1622263288000, "QY_SRC_TYPE": "0", "hub_crawl_status": 0}, {"RN": 25, "QY_ID": "002105291241608373", "QY_ORG_CODE": "91110113102495796X", "QY_NAME": "北京南洋建业幕墙工程有限公司", "QY_FR_NAME": "王建军", "QY_REGION": "110000", "QY_REGION_NAME": "北京市", "OLD_CODE": "102495796", "COLLECT_TIME": 1622263296000, "QY_SRC_TYPE": "0", "hub_crawl_status": 0}, {"RN": 26, "QY_ID": "002105291241610489", "QY_ORG_CODE": "91110115686917920U", "QY_NAME": "北京和平泛华建设集团有限公司", "QY_FR_NAME": "魏增坡", "QY_REGION": "110000", "QY_REGION_NAME": "北京市", "OLD_CODE": "686917920", "COLLECT_TIME": 1622263298000, "QY_SRC_TYPE": "0", "hub_crawl_status": 0}, {"RN": 27, "QY_ID": "002105291241610615", "QY_ORG_CODE": "91110108802041875Q", "QY_NAME": "北京天文弘建筑装饰集团有限公司", "QY_FR_NAME": "吴绍兵", "QY_REGION": "110000", "QY_REGION_NAME": "北京市", "OLD_CODE": "802041875", "COLLECT_TIME": 1622263298000, "QY_SRC_TYPE": "0", "hub_crawl_status": 0}, {"RN": 28, "QY_ID": "002105291241612739", "QY_ORG_CODE": "91110112MA008MHM9T", "QY_NAME": "北京京通营造工程设计有限公司", "QY_FR_NAME": "白淳", "QY_REGION": "110000", "QY_REGION_NAME": "北京市", "OLD_CODE": "MA008MHM9", "COLLECT_TIME": 1622263300000, "QY_SRC_TYPE": "0", "hub_crawl_status": 0}, {"RN": 29, "QY_ID": "002105291241618048", "QY_ORG_CODE": "91110000675726598B", "QY_NAME": "北京弘洁建设集团有限公司", "QY_FR_NAME": "任成群", "QY_REGION": "110000", "QY_REGION_NAME": "北京市", "OLD_CODE": "675726598", "COLLECT_TIME": 1622263305000, "QY_SRC_TYPE": "0", "hub_crawl_status": 0}, {"RN": 30, "QY_ID": "002105291241618661", "QY_ORG_CODE": "911101016646474998", "QY_NAME": "北京贵月幕墙工程有限公司", "QY_FR_NAME": "王贵军", "QY_REGION": "110000", "QY_REGION_NAME": "北京市", "OLD_CODE": "664647499", "COLLECT_TIME": 1622263306000, "QY_SRC_TYPE": "0", "hub_crawl_status": 0}]