[{"RN": 46, "QY_ID": "002105291248680255", "QY_ORG_CODE": "91110117802937604Y", "QY_NAME": "五度建筑装饰（北京）有限公司", "QY_FR_NAME": "吴彬", "QY_REGION": "110000", "QY_REGION_NAME": "北京市", "OLD_CODE": "802937604", "COLLECT_TIME": 1622263712000, "QY_SRC_TYPE": "0", "hub_crawl_status": 0}, {"RN": 47, "QY_ID": "002105291248682394", "QY_ORG_CODE": "91110105101158210W", "QY_NAME": "北京天图设计工程有限公司", "QY_FR_NAME": "王博", "QY_REGION": "110000", "QY_REGION_NAME": "北京市", "OLD_CODE": "101158210", "COLLECT_TIME": 1622263714000, "QY_SRC_TYPE": "0", "hub_crawl_status": 0}, {"RN": 48, "QY_ID": "002105291248686926", "QY_ORG_CODE": "911101155530603379", "QY_NAME": "北京福宏杰幕墙门窗有限公司", "QY_FR_NAME": "柯相杰", "QY_REGION": "110000", "QY_REGION_NAME": "北京市", "OLD_CODE": "553060337", "COLLECT_TIME": 1622263719000, "QY_SRC_TYPE": "0", "hub_crawl_status": 0}, {"RN": 49, "QY_ID": "002105291248688918", "QY_ORG_CODE": "9111011367740674XP", "QY_NAME": "中新合创建设集团有限公司", "QY_FR_NAME": "刘建龙", "QY_REGION": "110000", "QY_REGION_NAME": "北京市", "OLD_CODE": "67740674X", "COLLECT_TIME": 1622263721000, "QY_SRC_TYPE": "0", "hub_crawl_status": 0}, {"RN": 50, "QY_ID": "002105291249707234", "QY_ORG_CODE": "91110105733446683C", "QY_NAME": "北京金元建筑装饰工程有限公司", "QY_FR_NAME": "陈铭泉", "QY_REGION": "110000", "QY_REGION_NAME": "北京市", "OLD_CODE": "733446683", "COLLECT_TIME": 1622263749000, "QY_SRC_TYPE": "0", "hub_crawl_status": 0}, {"RN": 51, "QY_ID": "002105291249709312", "QY_ORG_CODE": "911101067921193409", "QY_NAME": "北京昱华泰幕墙装饰工程有限公司", "QY_FR_NAME": "王俊元", "QY_REGION": "110000", "QY_REGION_NAME": "北京市", "OLD_CODE": "792119340", "COLLECT_TIME": 1622263752000, "QY_SRC_TYPE": "0", "hub_crawl_status": 0}, {"RN": 52, "QY_ID": "002105291254718859", "QY_ORG_CODE": "91110106565788886G", "QY_NAME": "北京鲁和华峰幕墙工程有限公司", "QY_FR_NAME": "班旭波", "QY_REGION": "110000", "QY_REGION_NAME": "北京市", "OLD_CODE": "565788886", "COLLECT_TIME": 1622264047000, "QY_SRC_TYPE": "0", "hub_crawl_status": 0}, {"RN": 53, "QY_ID": "002105291254720304", "QY_ORG_CODE": "91110112082832408N", "QY_NAME": "北京轩源建设工程有限责任公司", "QY_FR_NAME": "庄鸿源", "QY_REGION": "110000", "QY_REGION_NAME": "北京市", "OLD_CODE": "082832408", "COLLECT_TIME": 1622264049000, "QY_SRC_TYPE": "0", "hub_crawl_status": 0}, {"RN": 54, "QY_ID": "002105291254721835", "QY_ORG_CODE": "911101165674930881", "QY_NAME": "北京泰美新源科技发展有限公司", "QY_FR_NAME": "朱中成", "QY_REGION": "110000", "QY_REGION_NAME": "北京市", "OLD_CODE": "567493088", "COLLECT_TIME": 1622264050000, "QY_SRC_TYPE": "0", "hub_crawl_status": 0}, {"RN": 55, "QY_ID": "002105291254727368", "QY_ORG_CODE": "911102281029981075", "QY_NAME": "北京筑工建设工程有限公司", "QY_FR_NAME": "曹虎星", "QY_REGION": "110000", "QY_REGION_NAME": "北京市", "OLD_CODE": "102998107", "COLLECT_TIME": 1622264058000, "QY_SRC_TYPE": "0", "hub_crawl_status": 0}, {"RN": 56, "QY_ID": "002105291254733891", "QY_ORG_CODE": "91110109MA01N5W94E", "QY_NAME": "东方盛龙（北京）建设工程有限公司", "QY_FR_NAME": "王允龙", "QY_REGION": "110000", "QY_REGION_NAME": "北京市", "OLD_CODE": "MA01N5W94", "COLLECT_TIME": 1622264064000, "QY_SRC_TYPE": "0", "hub_crawl_status": 0}, {"RN": 57, "QY_ID": "002105291254745526", "QY_ORG_CODE": "91110105101715734J", "QY_NAME": "北京中建华腾装饰工程有限公司", "QY_FR_NAME": "陈建东", "QY_REGION": "110000", "QY_REGION_NAME": "北京市", "OLD_CODE": "101715734", "COLLECT_TIME": 1622264077000, "QY_SRC_TYPE": "0", "hub_crawl_status": 0}, {"RN": 58, "QY_ID": "002105291254745890", "QY_ORG_CODE": "911101081021136390", "QY_NAME": "北京城建长城建设集团有限公司", "QY_FR_NAME": "潘建红", "QY_REGION": "110000", "QY_REGION_NAME": "北京市", "OLD_CODE": "102113639", "COLLECT_TIME": 1622264077000, "QY_SRC_TYPE": "0", "hub_crawl_status": 0}, {"RN": 59, "QY_ID": "002105291255776827", "QY_ORG_CODE": "91110115740410662K", "QY_NAME": "北京西飞世豪建筑装饰工程有限公司", "QY_FR_NAME": "邹菊", "QY_REGION": "110000", "QY_REGION_NAME": "北京市", "OLD_CODE": "740410662", "COLLECT_TIME": 1622264111000, "QY_SRC_TYPE": "0", "hub_crawl_status": 0}, {"RN": 60, "QY_ID": "002105291258790556", "QY_ORG_CODE": "91110116MA00AARA21", "QY_NAME": "国艺天成建设工程技术有限公司", "QY_FR_NAME": "刘洪伟", "QY_REGION": "110000", "QY_REGION_NAME": "北京市", "OLD_CODE": "MA00AARA2", "COLLECT_TIME": 1622264316000, "QY_SRC_TYPE": "0", "hub_crawl_status": 0}]