[{"RN": 1, "QY_ID": "002105291240507554", "QY_ORG_CODE": "91110109735133111K", "QY_NAME": "北京湘环时代科技有限公司", "QY_FR_NAME": "王君", "QY_REGION": "110000", "QY_REGION_NAME": "北京市", "OLD_CODE": "735133111", "COLLECT_TIME": 1622263226000, "QY_SRC_TYPE": "0", "hub_crawl_status": 0}, {"RN": 2, "QY_ID": "002105291240524449", "QY_ORG_CODE": "911101081016246649", "QY_NAME": "中机中电设计研究院有限公司", "QY_FR_NAME": "蔡勖", "QY_REGION": "110000", "QY_REGION_NAME": "北京市", "OLD_CODE": "101624664", "COLLECT_TIME": 1622263235000, "QY_SRC_TYPE": "0", "hub_crawl_status": 0}]