[{"RN": 1, "QY_ID": "002105291242631543", "QY_ORG_CODE": "91110114737678932R", "QY_NAME": "中航工程集成设备有限公司", "QY_FR_NAME": "王世光", "QY_REGION": "110000", "QY_REGION_NAME": "北京市", "OLD_CODE": "737678932", "COLLECT_TIME": 1622263322000, "QY_SRC_TYPE": "0", "hub_crawl_status": 0}, {"RN": 2, "QY_ID": "002105291248683051", "QY_ORG_CODE": "91110000101112191T", "QY_NAME": "中铁华铁工程设计集团有限公司", "QY_FR_NAME": "彭晓华", "QY_REGION": "110000", "QY_REGION_NAME": "北京市", "OLD_CODE": "101112191", "COLLECT_TIME": 1622263715000, "QY_SRC_TYPE": "0", "hub_crawl_status": 0}]