[{"RN": 1, "QY_ID": "002105291240503530", "QY_ORG_CODE": "91110108102055141N", "QY_NAME": "中国京冶工程技术有限公司", "QY_FR_NAME": "王波", "QY_REGION": "110000", "QY_REGION_NAME": "北京市", "OLD_CODE": "102055141", "COLLECT_TIME": 1622263223000, "QY_SRC_TYPE": "0", "hub_crawl_status": 0}, {"RN": 2, "QY_ID": "002105291240548425", "QY_ORG_CODE": "91110000101360785M", "QY_NAME": "北京城建设计发展集团股份有限公司", "QY_FR_NAME": "裴宏伟", "QY_REGION": "110000", "QY_REGION_NAME": "北京市", "OLD_CODE": "101360785", "COLLECT_TIME": 1622263250000, "QY_SRC_TYPE": "0", "hub_crawl_status": 0}, {"RN": 3, "QY_ID": "002105291241567563", "QY_ORG_CODE": "91110102799035641Y", "QY_NAME": "北京市建设工程质量第三检测所有限责任公司", "QY_FR_NAME": "王晓东", "QY_REGION": "110000", "QY_REGION_NAME": "北京市", "OLD_CODE": "799035641", "COLLECT_TIME": 1622263262000, "QY_SRC_TYPE": "0", "hub_crawl_status": 0}, {"RN": 4, "QY_ID": "002105291258795206", "QY_ORG_CODE": "911101065621330752", "QY_NAME": "北京中联勘工程技术有限责任公司", "QY_FR_NAME": "郑庆峰", "QY_REGION": "110000", "QY_REGION_NAME": "北京市", "OLD_CODE": "562133075", "COLLECT_TIME": 1622264321000, "QY_SRC_TYPE": "0", "hub_crawl_status": 0}, {"RN": 5, "QY_ID": "002105291258796123", "QY_ORG_CODE": "91110115685138853E", "QY_NAME": "北京建业通工程检测技术有限公司", "QY_FR_NAME": "吴宝玲", "QY_REGION": "110000", "QY_REGION_NAME": "北京市", "OLD_CODE": "685138853", "COLLECT_TIME": 1622264322000, "QY_SRC_TYPE": "0", "hub_crawl_status": 0}, {"RN": 6, "QY_ID": "002105291258797003", "QY_ORG_CODE": "911103027582388059", "QY_NAME": "北京力佳图科技有限公司", "QY_FR_NAME": "李新召", "QY_REGION": "110000", "QY_REGION_NAME": "北京市", "OLD_CODE": "758238805", "COLLECT_TIME": 1622264323000, "QY_SRC_TYPE": "0", "hub_crawl_status": 0}, {"RN": 7, "QY_ID": "002105291306890138", "QY_ORG_CODE": "911101057985129446", "QY_NAME": "中交路星（北京）工程检测技术有限公司", "QY_FR_NAME": "李红艳", "QY_REGION": "110100", "QY_REGION_NAME": "北京市-市辖区", "OLD_CODE": "798512944", "COLLECT_TIME": 1622264772000, "QY_SRC_TYPE": "0", "hub_crawl_status": 0}]