[{"RN": 16, "QY_ID": "002105291241606309", "QY_ORG_CODE": "91110000101115237J", "QY_NAME": "中国电建集团北京勘测设计研究院有限公司", "QY_FR_NAME": "郝荣国", "QY_REGION": "110100", "QY_REGION_NAME": "北京市-市辖区", "OLD_CODE": "101115237", "COLLECT_TIME": 1622263294000, "QY_SRC_TYPE": "0", "hub_crawl_status": 0}, {"RN": 17, "QY_ID": "002105291241609151", "QY_ORG_CODE": "911101061021633613", "QY_NAME": "航天建筑设计研究院有限公司", "QY_FR_NAME": "马向东", "QY_REGION": "110100", "QY_REGION_NAME": "北京市-市辖区", "OLD_CODE": "102163361", "COLLECT_TIME": 1622263296000, "QY_SRC_TYPE": "0", "hub_crawl_status": 0}, {"RN": 18, "QY_ID": "002105291241616737", "QY_ORG_CODE": "911100001000064426", "QY_NAME": "中国中元国际工程有限公司", "QY_FR_NAME": "丁建", "QY_REGION": "110100", "QY_REGION_NAME": "北京市-市辖区", "OLD_CODE": "100006442", "COLLECT_TIME": 1622263304000, "QY_SRC_TYPE": "0", "hub_crawl_status": 0}, {"RN": 19, "QY_ID": "002105291241625351", "QY_ORG_CODE": "91110000764205727U", "QY_NAME": "中铁工程设计咨询集团有限公司", "QY_FR_NAME": "王洪宇", "QY_REGION": "110000", "QY_REGION_NAME": "北京市", "OLD_CODE": "764205727", "COLLECT_TIME": 1622263313000, "QY_SRC_TYPE": "0", "hub_crawl_status": 0}, {"RN": 20, "QY_ID": "002105291248690121", "QY_ORG_CODE": "91110000495570274F", "QY_NAME": "国核电力规划设计研究院有限公司", "QY_FR_NAME": "徐潜", "QY_REGION": "110000", "QY_REGION_NAME": "北京市", "OLD_CODE": "495570274", "COLLECT_TIME": 1622263724000, "QY_SRC_TYPE": "0", "hub_crawl_status": 0}, {"RN": 21, "QY_ID": "002105291248692339", "QY_ORG_CODE": "91110000102306211Q", "QY_NAME": "北京首钢国际工程技术有限公司", "QY_FR_NAME": "李杨", "QY_REGION": "110000", "QY_REGION_NAME": "北京市", "OLD_CODE": "102306211", "COLLECT_TIME": 1622263728000, "QY_SRC_TYPE": "0", "hub_crawl_status": 0}, {"RN": 22, "QY_ID": "002105291254760553", "QY_ORG_CODE": "911100007109323200", "QY_NAME": "中铝国际工程股份有限公司", "QY_FR_NAME": "武建强", "QY_REGION": "110100", "QY_REGION_NAME": "北京市-市辖区", "OLD_CODE": "710932320", "COLLECT_TIME": 1622264092000, "QY_SRC_TYPE": "0", "hub_crawl_status": 0}]