[{"QY_FR_NAME": "王毓", "QY_REGION": "110000", "QY_NAME": "中国电力工程顾问集团华北电力设计院有限公司", "QY_REGION_NAME": "北京市", "QY_ORG_CODE": "91110000100010724P", "COLLECT_TIME": 1622263196000, "RN": 1, "QY_ID": "002105291239451408", "QY_SRC_TYPE": "0", "OLD_CODE": "100010724", "hub_crawl_status": 0}, {"QY_FR_NAME": "刘桂生", "QY_REGION": "110100", "QY_NAME": "北京市市政工程设计研究总院有限公司", "QY_REGION_NAME": "北京市-市辖区", "QY_ORG_CODE": "911100000828542792", "COLLECT_TIME": 1622263225000, "RN": 2, "QY_ID": "002105291240506947", "QY_SRC_TYPE": "0", "OLD_CODE": "082854279", "hub_crawl_status": 0}, {"QY_FR_NAME": "汤友富", "QY_REGION": "110000", "QY_NAME": "中铁第五勘察设计院集团有限公司", "QY_REGION_NAME": "北京市", "QY_ORG_CODE": "9111000040000238XD", "COLLECT_TIME": 1622263232000, "RN": 3, "QY_ID": "002105291240520207", "QY_SRC_TYPE": "0", "OLD_CODE": "40000238X", "hub_crawl_status": 0}, {"QY_FR_NAME": "徐鹏飞", "QY_REGION": "110000", "QY_NAME": "中国核电工程有限公司", "QY_REGION_NAME": "北京市", "QY_ORG_CODE": "911100001000027329", "COLLECT_TIME": 1622263233000, "RN": 4, "QY_ID": "002105291240520866", "QY_SRC_TYPE": "0", "OLD_CODE": "100002732", "hub_crawl_status": 0}, {"QY_FR_NAME": "刘海军", "QY_REGION": "110000", "QY_NAME": "中国石油工程建设有限公司", "QY_REGION_NAME": "北京市", "QY_ORG_CODE": "911100001000000916", "COLLECT_TIME": 1622263235000, "RN": 5, "QY_ID": "002105291240524728", "QY_SRC_TYPE": "0", "OLD_CODE": "100000091", "hub_crawl_status": 0}, {"QY_FR_NAME": "宋晖", "QY_REGION": "110100", "QY_NAME": "中交公路规划设计院有限公司", "QY_REGION_NAME": "北京市-市辖区", "QY_ORG_CODE": "91110000100011866Y", "COLLECT_TIME": 1622263243000, "RN": 6, "QY_ID": "002105291240536396", "QY_SRC_TYPE": "0", "OLD_CODE": "100011866", "hub_crawl_status": 0}, {"QY_FR_NAME": "刘志刚", "QY_REGION": "110000", "QY_NAME": "中国五洲工程设计集团有限公司", "QY_REGION_NAME": "北京市", "QY_ORG_CODE": "91110000101122912T", "COLLECT_TIME": 1622263247000, "RN": 7, "QY_ID": "002105291240542399", "QY_SRC_TYPE": "0", "OLD_CODE": "101122912", "hub_crawl_status": 0}, {"QY_FR_NAME": "廉大为", "QY_REGION": "110000", "QY_NAME": "中国航空规划设计研究总院有限公司", "QY_REGION_NAME": "北京市", "QY_ORG_CODE": "91110000100011188F", "COLLECT_TIME": 1622263249000, "RN": 8, "QY_ID": "002105291240545986", "QY_SRC_TYPE": "0", "OLD_CODE": "100011188", "hub_crawl_status": 0}, {"QY_FR_NAME": "裴宏伟", "QY_REGION": "110000", "QY_NAME": "北京城建设计发展集团股份有限公司", "QY_REGION_NAME": "北京市", "QY_ORG_CODE": "91110000101360785M", "COLLECT_TIME": 1622263250000, "RN": 9, "QY_ID": "002105291240548425", "QY_SRC_TYPE": "0", "OLD_CODE": "101360785", "hub_crawl_status": 0}, {"QY_FR_NAME": "陆志方", "QY_REGION": "110000", "QY_NAME": "中国恩菲工程技术有限公司", "QY_REGION_NAME": "北京市", "QY_ORG_CODE": "9111000071093393X4", "COLLECT_TIME": 1622263252000, "RN": 10, "QY_ID": "002105291240551757", "QY_SRC_TYPE": "0", "OLD_CODE": "71093393X", "hub_crawl_status": 0}, {"QY_FR_NAME": "孙丽丽", "QY_REGION": "110000", "QY_NAME": "中国石化工程建设有限公司", "QY_REGION_NAME": "北京市", "QY_ORG_CODE": "91110000101692827Q", "COLLECT_TIME": 1622263262000, "RN": 11, "QY_ID": "002105291241566389", "QY_SRC_TYPE": "0", "OLD_CODE": "101692827", "hub_crawl_status": 0}, {"QY_FR_NAME": "岳文彦", "QY_REGION": "110000", "QY_NAME": "中冶京诚工程技术有限公司", "QY_REGION_NAME": "北京市", "QY_ORG_CODE": "91110302757700076U", "COLLECT_TIME": 1622263270000, "RN": 12, "QY_ID": "002105291241578353", "QY_SRC_TYPE": "0", "OLD_CODE": "757700076", "hub_crawl_status": 0}, {"QY_FR_NAME": "娄宇", "QY_REGION": "110100", "QY_NAME": "中国电子工程设计院有限公司", "QY_REGION_NAME": "北京市-市辖区", "QY_ORG_CODE": "91110000400007412C", "COLLECT_TIME": 1622263272000, "RN": 13, "QY_ID": "002105291241580338", "QY_SRC_TYPE": "0", "OLD_CODE": "400007412", "hub_crawl_status": 0}, {"QY_FR_NAME": "魏亚斌", "QY_REGION": "110000", "QY_NAME": "中国寰球工程有限公司", "QY_REGION_NAME": "北京市", "QY_ORG_CODE": "91110000101726636L", "COLLECT_TIME": 1622263272000, "RN": 14, "QY_ID": "002105291241581103", "QY_SRC_TYPE": "0", "OLD_CODE": "101726636", "hub_crawl_status": 0}, {"QY_FR_NAME": "邢佩旭", "QY_REGION": "110000", "QY_NAME": "中交水运规划设计院有限公司", "QY_REGION_NAME": "北京市", "QY_ORG_CODE": "91110000400007594G", "COLLECT_TIME": 1622263276000, "RN": 15, "QY_ID": "002105291241585164", "QY_SRC_TYPE": "0", "OLD_CODE": "400007594", "hub_crawl_status": 0}]