[{"RN": 1, "QY_ID": "002105291240513868", "QY_ORG_CODE": "91110000102173949P", "QY_NAME": "北京全路通信信号研究设计院集团有限公司", "QY_FR_NAME": "张啸林", "QY_REGION": "110000", "QY_REGION_NAME": "北京市", "OLD_CODE": "102173949", "COLLECT_TIME": 1622263229000, "QY_SRC_TYPE": "0", "hub_crawl_status": 0}, {"RN": 2, "QY_ID": "002105291240517768", "QY_ORG_CODE": "91110102MA0071EC5C", "QY_NAME": "北京城建设计研究院有限公司", "QY_FR_NAME": "王汉军", "QY_REGION": "110100", "QY_REGION_NAME": "北京市-市辖区", "OLD_CODE": "MA0071EC5", "COLLECT_TIME": 1622263231000, "QY_SRC_TYPE": "0", "hub_crawl_status": 0}, {"RN": 3, "QY_ID": "002105291241597107", "QY_ORG_CODE": "91110102057344824M", "QY_NAME": "北京市轨道交通设计研究院有限公司", "QY_FR_NAME": "路宗存", "QY_REGION": "110000", "QY_REGION_NAME": "北京市", "OLD_CODE": "057344824", "COLLECT_TIME": 1622263284000, "QY_SRC_TYPE": "0", "hub_crawl_status": 0}, {"RN": 4, "QY_ID": "002105291241604824", "QY_ORG_CODE": "9111010610226244XQ", "QY_NAME": "中铁通信信号勘测设计院有限公司", "QY_FR_NAME": "胡学钧", "QY_REGION": "110000", "QY_REGION_NAME": "北京市", "OLD_CODE": "10226244X", "COLLECT_TIME": 1622263292000, "QY_SRC_TYPE": "0", "hub_crawl_status": 0}, {"RN": 5, "QY_ID": "002105291248683051", "QY_ORG_CODE": "91110000101112191T", "QY_NAME": "中铁华铁工程设计集团有限公司", "QY_FR_NAME": "彭晓华", "QY_REGION": "110000", "QY_REGION_NAME": "北京市", "OLD_CODE": "101112191", "COLLECT_TIME": 1622263715000, "QY_SRC_TYPE": "0", "hub_crawl_status": 0}, {"RN": 6, "QY_ID": "002105291254745017", "QY_ORG_CODE": "91110000357957104Q", "QY_NAME": "中交铁道设计研究总院有限公司", "QY_FR_NAME": "颜廷祥", "QY_REGION": "110000", "QY_REGION_NAME": "北京市", "OLD_CODE": "357957104", "COLLECT_TIME": 1622264076000, "QY_SRC_TYPE": "0", "hub_crawl_status": 0}]