[{"RN": 16, "QY_ID": "002105291248672810", "QY_ORG_CODE": "911101057065650114", "QY_NAME": "中机十院国际工程有限公司", "QY_FR_NAME": "郝宏伟", "QY_REGION": "110000", "QY_REGION_NAME": "北京市", "OLD_CODE": "706565011", "COLLECT_TIME": 1622263704000, "QY_SRC_TYPE": "0", "hub_crawl_status": 0}, {"RN": 17, "QY_ID": "002105291248672833", "QY_ORG_CODE": "91110105101700225C", "QY_NAME": "中交综合规划设计院有限公司", "QY_FR_NAME": "黄振燕", "QY_REGION": "110100", "QY_REGION_NAME": "北京市-市辖区", "OLD_CODE": "101700225", "COLLECT_TIME": 1622263704000, "QY_SRC_TYPE": "0", "hub_crawl_status": 0}, {"RN": 18, "QY_ID": "002105291248672844", "QY_ORG_CODE": "9111030410276591X2", "QY_NAME": "北京燕山玉龙石化工程股份有限公司", "QY_FR_NAME": "钱文臣", "QY_REGION": "110000", "QY_REGION_NAME": "北京市", "OLD_CODE": "10276591X", "COLLECT_TIME": 1622263704000, "QY_SRC_TYPE": "0", "hub_crawl_status": 0}, {"RN": 19, "QY_ID": "002105291248683051", "QY_ORG_CODE": "91110000101112191T", "QY_NAME": "中铁华铁工程设计集团有限公司", "QY_FR_NAME": "彭晓华", "QY_REGION": "110000", "QY_REGION_NAME": "北京市", "OLD_CODE": "101112191", "COLLECT_TIME": 1622263715000, "QY_SRC_TYPE": "0", "hub_crawl_status": 0}, {"RN": 20, "QY_ID": "002105291254718858", "QY_ORG_CODE": "91110000100009432T", "QY_NAME": "中国航空工业新能源投资有限公司", "QY_FR_NAME": "方近勇", "QY_REGION": "110000", "QY_REGION_NAME": "北京市", "OLD_CODE": "100009432", "COLLECT_TIME": 1622264047000, "QY_SRC_TYPE": "0", "hub_crawl_status": 0}, {"RN": 21, "QY_ID": "002105291254734417", "QY_ORG_CODE": "9111010680221924XQ", "QY_NAME": "北京中咨路捷工程技术咨询有限公司", "QY_FR_NAME": "冯松", "QY_REGION": "110000", "QY_REGION_NAME": "北京市", "OLD_CODE": "80221924X", "COLLECT_TIME": 1622264065000, "QY_SRC_TYPE": "0", "hub_crawl_status": 0}, {"RN": 22, "QY_ID": "002105291254739947", "QY_ORG_CODE": "91110107101631821T", "QY_NAME": "华诚博远工程技术集团有限公司", "QY_FR_NAME": "周伟", "QY_REGION": "110000", "QY_REGION_NAME": "北京市", "OLD_CODE": "101631821", "COLLECT_TIME": 1622264070000, "QY_SRC_TYPE": "0", "hub_crawl_status": 0}, {"RN": 23, "QY_ID": "002105291254742659", "QY_ORG_CODE": "91110228MA01KK837K", "QY_NAME": "北京中夏工程设计有限公司", "QY_FR_NAME": "陈洪波", "QY_REGION": "110000", "QY_REGION_NAME": "北京市", "OLD_CODE": "MA01KK837", "COLLECT_TIME": 1622264074000, "QY_SRC_TYPE": "0", "hub_crawl_status": 0}, {"RN": 24, "QY_ID": "002105291254753441", "QY_ORG_CODE": "9111010572398279XG", "QY_NAME": "北京东方利禾景观设计有限公司", "QY_FR_NAME": "刘旭", "QY_REGION": "110000", "QY_REGION_NAME": "北京市", "OLD_CODE": "72398279X", "COLLECT_TIME": 1622264085000, "QY_SRC_TYPE": "0", "hub_crawl_status": 0}, {"RN": 25, "QY_ID": "002105291254754123", "QY_ORG_CODE": "91110102700203984J", "QY_NAME": "水发绿建（北京）城市科技发展有限公司", "QY_FR_NAME": "孙金礼", "QY_REGION": "110100", "QY_REGION_NAME": "北京市-市辖区", "OLD_CODE": "700203984", "COLLECT_TIME": 1622264085000, "QY_SRC_TYPE": "0", "hub_crawl_status": 0}, {"RN": 26, "QY_ID": "002105291254761398", "QY_ORG_CODE": "9111010210113231X6", "QY_NAME": "北京市自来水设计有限责任公司", "QY_FR_NAME": "李绯", "QY_REGION": "110000", "QY_REGION_NAME": "北京市", "OLD_CODE": "10113231X", "COLLECT_TIME": 1622264094000, "QY_SRC_TYPE": "0", "hub_crawl_status": 0}, {"RN": 27, "QY_ID": "002105291255767228", "QY_ORG_CODE": "91110107685142000C", "QY_NAME": "国咨（北京）规划设计有限公司", "QY_FR_NAME": "何新", "QY_REGION": "110000", "QY_REGION_NAME": "北京市", "OLD_CODE": "685142000", "COLLECT_TIME": 1622264101000, "QY_SRC_TYPE": "0", "hub_crawl_status": 0}, {"RN": 28, "QY_ID": "002105291258786093", "QY_ORG_CODE": "91110105MA01ALLB3M", "QY_NAME": "南水工程勘察设计院有限责任公司", "QY_FR_NAME": "司道芬", "QY_REGION": "110000", "QY_REGION_NAME": "北京市", "OLD_CODE": "MA01ALLB3", "COLLECT_TIME": 1622264311000, "QY_SRC_TYPE": "0", "hub_crawl_status": 0}, {"RN": 29, "QY_ID": "002105291313958818", "QY_ORG_CODE": "9111010810204467XX", "QY_NAME": "中规院（北京）规划设计有限公司", "QY_FR_NAME": "张全", "QY_REGION": "110100", "QY_REGION_NAME": "北京市-市辖区", "OLD_CODE": "10204467X", "COLLECT_TIME": 1622265230000, "QY_SRC_TYPE": "0", "hub_crawl_status": 0}, {"RN": 30, "QY_ID": "002105291322984943", "QY_ORG_CODE": "91110108726367469H", "QY_NAME": "国能朗新明环保科技有限公司", "QY_FR_NAME": "徐志清", "QY_REGION": "110000", "QY_REGION_NAME": "北京市", "OLD_CODE": "726367469", "COLLECT_TIME": 1622265737000, "QY_SRC_TYPE": "0", "hub_crawl_status": 0}]