[{"QY_FR_NAME": "刘玉莲", "QY_REGION": "110100", "QY_NAME": "国策众合（北京）建筑工程设计有限公司", "QY_REGION_NAME": "北京市-市辖区", "QY_ORG_CODE": "91110102055627978E", "COLLECT_TIME": 1622263218000, "RN": 1, "QY_ID": "002105291240495422", "QY_SRC_TYPE": "0", "OLD_CODE": "055627978", "hub_crawl_status": 0}, {"QY_FR_NAME": "曹文利", "QY_REGION": "110000", "QY_NAME": "北京中厦建筑设计研究院有限公司", "QY_REGION_NAME": "北京市", "QY_ORG_CODE": "91110109101928254L", "COLLECT_TIME": 1622263225000, "RN": 2, "QY_ID": "002105291240506671", "QY_SRC_TYPE": "0", "OLD_CODE": "101928254", "hub_crawl_status": 0}, {"QY_FR_NAME": "马汉东", "QY_REGION": "110000", "QY_NAME": "北京市建筑工程设计有限责任公司", "QY_REGION_NAME": "北京市", "QY_ORG_CODE": "91110000101386731Y", "COLLECT_TIME": 1622263269000, "RN": 3, "QY_ID": "002105291241575888", "QY_SRC_TYPE": "0", "OLD_CODE": "101386731", "hub_crawl_status": 0}, {"QY_FR_NAME": "付军", "QY_REGION": "110000", "QY_NAME": "北京市工业设计研究院有限公司", "QY_REGION_NAME": "北京市", "QY_ORG_CODE": "91110000717702712T", "COLLECT_TIME": 1622263269000, "RN": 4, "QY_ID": "002105291241575938", "QY_SRC_TYPE": "0", "OLD_CODE": "717702712", "hub_crawl_status": 0}, {"QY_FR_NAME": "马征", "QY_REGION": "110000", "QY_NAME": "首煜建筑设计院（北京）有限公司", "QY_REGION_NAME": "北京市", "QY_ORG_CODE": "91110114MA00CDHR7T", "COLLECT_TIME": 1622263273000, "RN": 5, "QY_ID": "002105291241582557", "QY_SRC_TYPE": "0", "OLD_CODE": "MA00CDHR7", "hub_crawl_status": 0}, {"QY_FR_NAME": "王建国", "QY_REGION": "110000", "QY_NAME": "北京市煤气热力工程设计院有限公司", "QY_REGION_NAME": "北京市", "QY_ORG_CODE": "91110102400708526T", "COLLECT_TIME": 1622263286000, "RN": 6, "QY_ID": "002105291241599514", "QY_SRC_TYPE": "0", "OLD_CODE": "400708526", "hub_crawl_status": 0}, {"QY_FR_NAME": "文一波", "QY_REGION": "110000", "QY_NAME": "北京桑德环境工程有限公司", "QY_REGION_NAME": "北京市", "QY_ORG_CODE": "911101087002363642", "COLLECT_TIME": 1622263286000, "RN": 7, "QY_ID": "002105291241599944", "QY_SRC_TYPE": "0", "OLD_CODE": "700236364", "hub_crawl_status": 0}, {"QY_FR_NAME": "姜鹏", "QY_REGION": "110000", "QY_NAME": "北京华茂中天建筑规划设计有限公司", "QY_REGION_NAME": "北京市", "QY_ORG_CODE": "911101027002916898", "COLLECT_TIME": 1622263299000, "RN": 8, "QY_ID": "002105291241612507", "QY_SRC_TYPE": "0", "OLD_CODE": "700291689", "hub_crawl_status": 0}, {"QY_FR_NAME": "刘树模", "QY_REGION": "110000", "QY_NAME": "北京清源华建环境科技有限公司", "QY_REGION_NAME": "北京市", "QY_ORG_CODE": "91110108MA003KWF4M", "COLLECT_TIME": 1622263306000, "RN": 9, "QY_ID": "002105291241618663", "QY_SRC_TYPE": "0", "OLD_CODE": "MA003KWF4", "hub_crawl_status": 0}, {"QY_FR_NAME": "谭慧娇", "QY_REGION": "110000", "QY_NAME": "北京汉通建筑规划设计有限公司", "QY_REGION_NAME": "北京市", "QY_ORG_CODE": "911101087667684864", "COLLECT_TIME": 1622263308000, "RN": 10, "QY_ID": "002105291241621309", "QY_SRC_TYPE": "0", "OLD_CODE": "766768486", "hub_crawl_status": 0}, {"QY_FR_NAME": "柳炜", "QY_REGION": "110000", "QY_NAME": "中国中轻国际工程有限公司", "QY_REGION_NAME": "北京市", "QY_ORG_CODE": "91110105710930851H", "COLLECT_TIME": 1622263308000, "RN": 11, "QY_ID": "002105291241621677", "QY_SRC_TYPE": "0", "OLD_CODE": "710930851", "hub_crawl_status": 0}, {"QY_FR_NAME": "孙福春", "QY_REGION": "110100", "QY_NAME": "中国中建设计研究院有限公司", "QY_REGION_NAME": "北京市-市辖区", "QY_ORG_CODE": "91110000101132416J", "COLLECT_TIME": 1622263309000, "RN": 12, "QY_ID": "002105291241622469", "QY_SRC_TYPE": "0", "OLD_CODE": "101132416", "hub_crawl_status": 0}, {"QY_FR_NAME": "吴震", "QY_REGION": "110000", "QY_NAME": "北京禹冰水利勘测规划设计有限公司", "QY_REGION_NAME": "北京市", "QY_ORG_CODE": "91110108753346348K", "COLLECT_TIME": 1622263326000, "RN": 13, "QY_ID": "002105291242634124", "QY_SRC_TYPE": "0", "OLD_CODE": "753346348", "hub_crawl_status": 0}, {"QY_FR_NAME": "吴华山", "QY_REGION": "110000", "QY_NAME": "北京华诚永信工程管理有限公司", "QY_REGION_NAME": "北京市", "QY_ORG_CODE": "9111011478397955X9", "COLLECT_TIME": 1622263339000, "RN": 14, "QY_ID": "002105291242641026", "QY_SRC_TYPE": "0", "OLD_CODE": "78397955X", "hub_crawl_status": 0}, {"QY_FR_NAME": "任有福", "QY_REGION": "110000", "QY_NAME": "中煤科工集团北京华宇工程有限公司", "QY_REGION_NAME": "北京市", "QY_ORG_CODE": "911100007109292609", "COLLECT_TIME": 1622263343000, "RN": 15, "QY_ID": "002105291242642650", "QY_SRC_TYPE": "0", "OLD_CODE": "710929260", "hub_crawl_status": 0}]