[{"RN": 1, "QY_ID": "002105291240505150", "QY_ORG_CODE": "9111000010123202XN", "QY_NAME": "中交第四公路工程局有限公司", "QY_FR_NAME": "蔡彬", "QY_REGION": "110100", "QY_REGION_NAME": "北京市-市辖区", "OLD_CODE": "10123202X", "COLLECT_TIME": 1622263224000, "QY_SRC_TYPE": "0", "hub_crawl_status": 0}, {"RN": 2, "QY_ID": "002105291240513322", "QY_ORG_CODE": "91110000101107173B", "QY_NAME": "中国建筑一局（集团）有限公司", "QY_FR_NAME": "吴爱国", "QY_REGION": "110100", "QY_REGION_NAME": "北京市-市辖区", "OLD_CODE": "101107173", "COLLECT_TIME": 1622263229000, "QY_SRC_TYPE": "0", "hub_crawl_status": 0}, {"RN": 3, "QY_ID": "002105291240513409", "QY_ORG_CODE": "91110000100024296D", "QY_NAME": "中国建筑第二工程局有限公司", "QY_FR_NAME": "石雨", "QY_REGION": "110000", "QY_REGION_NAME": "北京市", "OLD_CODE": "100024296", "COLLECT_TIME": 1622263229000, "QY_SRC_TYPE": "0", "hub_crawl_status": 0}, {"RN": 4, "QY_ID": "002105291240513916", "QY_ORG_CODE": "91110000122027391R", "QY_NAME": "中铁十九局集团有限公司", "QY_FR_NAME": "杨哲峰", "QY_REGION": "110100", "QY_REGION_NAME": "北京市-市辖区", "OLD_CODE": "122027391", "COLLECT_TIME": 1622263229000, "QY_SRC_TYPE": "0", "hub_crawl_status": 0}, {"RN": 5, "QY_ID": "002105291240529645", "QY_ORG_CODE": "9111000010228709XY", "QY_NAME": "中铁建设集团有限公司", "QY_FR_NAME": "梅洪亮", "QY_REGION": "110000", "QY_REGION_NAME": "北京市", "OLD_CODE": "10228709X", "COLLECT_TIME": 1622263238000, "QY_SRC_TYPE": "0", "hub_crawl_status": 0}, {"RN": 6, "QY_ID": "002105291241587211", "QY_ORG_CODE": "9111000071092227XH", "QY_NAME": "中铁二十二局集团有限公司", "QY_FR_NAME": "赵红鹰", "QY_REGION": "110100", "QY_REGION_NAME": "北京市-市辖区", "OLD_CODE": "71092227X", "COLLECT_TIME": 1622263277000, "QY_SRC_TYPE": "0", "hub_crawl_status": 0}, {"RN": 7, "QY_ID": "002105291248649812", "QY_ORG_CODE": "91110115MA00E94N1C", "QY_NAME": "中建铁路投资建设集团有限公司", "QY_FR_NAME": "陈浩", "QY_REGION": "110100", "QY_REGION_NAME": "北京市-市辖区", "OLD_CODE": "MA00E94N1", "COLLECT_TIME": 1622263683000, "QY_SRC_TYPE": "0", "hub_crawl_status": 0}, {"RN": 8, "QY_ID": "002105291305851946", "QY_ORG_CODE": "91110000101107974U", "QY_NAME": "北京城建道桥建设集团有限公司", "QY_FR_NAME": "涂海毅", "QY_REGION": "110100", "QY_REGION_NAME": "北京市-市辖区", "OLD_CODE": "101107974", "COLLECT_TIME": 1622264728000, "QY_SRC_TYPE": "0", "hub_crawl_status": 0}, {"RN": 9, "QY_ID": "002105291322007579", "QY_ORG_CODE": "91110108567412380H", "QY_NAME": "中电建铁路建设投资集团有限公司", "QY_FR_NAME": "范富国", "QY_REGION": "110100", "QY_REGION_NAME": "北京市-市辖区", "OLD_CODE": "567412380", "COLLECT_TIME": 1622265768000, "QY_SRC_TYPE": "0", "hub_crawl_status": 0}]