[{"artcle_url": "http://www.ccgp-shanxi.gov.cn/view.php?nid=728215", "title": "祁县教育科技局义务教育学校教师照明环境改善设备购买项目招标公告", "time": "2021-04-07 00:00:00"}, {"artcle_url": "http://www.ccgp-shanxi.gov.cn/view.php?nid=728206", "title": "河曲经济技术园区总体规划调整项目磋商公告", "time": "2021-04-07 00:00:00"}, {"artcle_url": "http://www.ccgp-shanxi.gov.cn/view.php?nid=728159", "title": "壶关县住房保障和城乡建设管理局壶关县北大街西延一次供热管网及北大街西换热站配套工程谈判公告", "time": "2021-04-07 00:00:00"}, {"artcle_url": "http://www.ccgp-shanxi.gov.cn/view.php?nid=728179", "title": "壶关县住房保障和城乡建设管理局银座一号、阳光名邸两座换热站新增机组及管网工程谈判公告", "time": "2021-04-07 00:00:00"}, {"artcle_url": "http://www.ccgp-shanxi.gov.cn/view.php?nid=728205", "title": "交口经济技术开发区管理委员会规划环评和区域能评编制项目招标公告", "time": "2021-04-07 00:00:00"}, {"artcle_url": "http://www.ccgp-shanxi.gov.cn/view.php?nid=728210", "title": "灵石县农村宅基地和集体建设用地房地一体不动产登记权籍调查及测量项目招标公告", "time": "2021-04-07 00:00:00"}, {"artcle_url": "http://www.ccgp-shanxi.gov.cn/view.php?nid=728200", "title": "山西省公路局大同分局2021年度大同境内普通国道危旧桥梁改造工程勘察设计服务谈判公告", "time": "2021-04-07 00:00:00"}, {"artcle_url": "http://www.ccgp-shanxi.gov.cn/view.php?nid=728178", "title": "中国共产党山西省委员会党校综合教学楼实训室教学设备采购项目招标公告", "time": "2021-04-07 00:00:00"}, {"artcle_url": "http://www.ccgp-shanxi.gov.cn/view.php?nid=728198", "title": "曲沃县房产管理中心曲沃县惠沃新区公租房采暖及厨房卫生间安装工程项目谈判公告", "time": "2021-04-07 00:00:00"}, {"artcle_url": "http://www.ccgp-shanxi.gov.cn/view.php?nid=728196", "title": "临汾市人民医院 内分泌标准化疾病管理医疗设备采购项目 磋商公告", "time": "2021-04-07 00:00:00"}]