[{"RN": 1, "QY_ID": "002105291239453011", "QY_ORG_CODE": "91110000400009055H", "QY_NAME": "中国城市建设研究院有限公司", "QY_FR_NAME": "王敬民", "QY_REGION": "110100", "QY_REGION_NAME": "北京市-市辖区", "OLD_CODE": "400009055", "COLLECT_TIME": 1622263197000, "QY_SRC_TYPE": "0", "hub_crawl_status": 0}, {"RN": 2, "QY_ID": "002105291240514229", "QY_ORG_CODE": "9111010810195169X3", "QY_NAME": "中冶节能环保有限责任公司", "QY_FR_NAME": "李惊涛", "QY_REGION": "110000", "QY_REGION_NAME": "北京市", "OLD_CODE": "10195169X", "COLLECT_TIME": 1622263229000, "QY_SRC_TYPE": "0", "hub_crawl_status": 0}, {"RN": 3, "QY_ID": "002105291241568388", "QY_ORG_CODE": "91110101101692704B", "QY_NAME": "京鼎工程建设有限公司", "QY_FR_NAME": "张铁石", "QY_REGION": "110000", "QY_REGION_NAME": "北京市", "OLD_CODE": "101692704", "COLLECT_TIME": 1622263263000, "QY_SRC_TYPE": "0", "hub_crawl_status": 0}, {"RN": 4, "QY_ID": "002105291241621677", "QY_ORG_CODE": "91110105710930851H", "QY_NAME": "中国中轻国际工程有限公司", "QY_FR_NAME": "柳炜", "QY_REGION": "110000", "QY_REGION_NAME": "北京市", "OLD_CODE": "710930851", "COLLECT_TIME": 1622263308000, "QY_SRC_TYPE": "0", "hub_crawl_status": 0}, {"RN": 5, "QY_ID": "002105291248700319", "QY_ORG_CODE": "91110108102054966E", "QY_NAME": "北京中联环工程股份有限公司", "QY_FR_NAME": "顾达", "QY_REGION": "110000", "QY_REGION_NAME": "北京市", "OLD_CODE": "102054966", "COLLECT_TIME": 1622263739000, "QY_SRC_TYPE": "0", "hub_crawl_status": 0}, {"RN": 6, "QY_ID": "002105291255776074", "QY_ORG_CODE": "91110000400000720M", "QY_NAME": "矿冶科技集团有限公司", "QY_FR_NAME": "韩龙", "QY_REGION": "110000", "QY_REGION_NAME": "北京市", "OLD_CODE": "400000720", "COLLECT_TIME": 1622264111000, "QY_SRC_TYPE": "0", "hub_crawl_status": 0}]