[{"RN": 1, "QY_ID": "002105291239452104", "QY_ORG_CODE": "911103021011126699", "QY_NAME": "中国通信建设集团设计院有限公司", "QY_FR_NAME": "王睿峰", "QY_REGION": "110100", "QY_REGION_NAME": "北京市-市辖区", "OLD_CODE": "101112669", "COLLECT_TIME": 1622263196000, "QY_SRC_TYPE": "0", "hub_crawl_status": 0}, {"RN": 2, "QY_ID": "002105291239452219", "QY_ORG_CODE": "91110000400005417D", "QY_NAME": "中广电广播电影电视设计研究院", "QY_FR_NAME": "许秀中", "QY_REGION": "110000", "QY_REGION_NAME": "北京市", "OLD_CODE": "400005417", "COLLECT_TIME": 1622263196000, "QY_SRC_TYPE": "0", "hub_crawl_status": 0}, {"RN": 3, "QY_ID": "002105291240484936", "QY_ORG_CODE": "911101081019400691", "QY_NAME": "北京电信规划设计院有限公司", "QY_FR_NAME": "赵一言", "QY_REGION": "110000", "QY_REGION_NAME": "北京市", "OLD_CODE": "101940069", "COLLECT_TIME": 1622263213000, "QY_SRC_TYPE": "0", "hub_crawl_status": 0}, {"RN": 4, "QY_ID": "002105291241577184", "QY_ORG_CODE": "91110106101119924Q", "QY_NAME": "北京通畅电信规划设计院有限公司", "QY_FR_NAME": "缪文雄", "QY_REGION": "110000", "QY_REGION_NAME": "北京市", "OLD_CODE": "101119924", "COLLECT_TIME": 1622263270000, "QY_SRC_TYPE": "0", "hub_crawl_status": 0}, {"RN": 5, "QY_ID": "002105291241580621", "QY_ORG_CODE": "911101011015776853", "QY_NAME": "北京华麒通信科技有限公司", "QY_FR_NAME": "付刚毅", "QY_REGION": "110000", "QY_REGION_NAME": "北京市", "OLD_CODE": "101577685", "COLLECT_TIME": 1622263272000, "QY_SRC_TYPE": "0", "hub_crawl_status": 0}]