[{"RN": 1, "QY_ID": "002105291239451908", "QY_ORG_CODE": "91110102754193662F", "QY_NAME": "北京国电德安电力工程有限公司", "QY_FR_NAME": "任胜军", "QY_REGION": "110000", "QY_REGION_NAME": "北京市", "OLD_CODE": "754193662", "COLLECT_TIME": 1622263196000, "QY_SRC_TYPE": "0", "hub_crawl_status": 0}, {"RN": 2, "QY_ID": "002105291240546807", "QY_ORG_CODE": "91110000801210593B", "QY_NAME": "北京恒华伟业科技股份有限公司", "QY_FR_NAME": "罗新伟", "QY_REGION": "110000", "QY_REGION_NAME": "北京市", "OLD_CODE": "801210593", "COLLECT_TIME": 1622263249000, "QY_SRC_TYPE": "0", "hub_crawl_status": 0}, {"RN": 3, "QY_ID": "002105291240559976", "QY_ORG_CODE": "91110000400000835U", "QY_NAME": "国网经济技术研究院有限公司", "QY_FR_NAME": "潘尔生", "QY_REGION": "110000", "QY_REGION_NAME": "北京市", "OLD_CODE": "400000835", "COLLECT_TIME": 1622263258000, "QY_SRC_TYPE": "0", "hub_crawl_status": 0}, {"RN": 4, "QY_ID": "002105291241603463", "QY_ORG_CODE": "91110102101373949Q", "QY_NAME": "北京电力经济技术研究院有限公司", "QY_FR_NAME": "邓华", "QY_REGION": "110000", "QY_REGION_NAME": "北京市", "OLD_CODE": "101373949", "COLLECT_TIME": 1622263291000, "QY_SRC_TYPE": "0", "hub_crawl_status": 0}]