[{"RN": 1, "QY_ID": "002105291240486099", "QY_ORG_CODE": "91110115785514908P", "QY_NAME": "北京恒静禾声环保有限公司", "QY_FR_NAME": "任杰先", "QY_REGION": "110000", "QY_REGION_NAME": "北京市", "OLD_CODE": "785514908", "COLLECT_TIME": 1622263213000, "QY_SRC_TYPE": "0", "hub_crawl_status": 0}, {"RN": 2, "QY_ID": "002105291240504201", "QY_ORG_CODE": "911100006835529627", "QY_NAME": "华电重工股份有限公司", "QY_FR_NAME": "文端超", "QY_REGION": "110000", "QY_REGION_NAME": "北京市", "OLD_CODE": "683552962", "COLLECT_TIME": 1622263224000, "QY_SRC_TYPE": "0", "hub_crawl_status": 0}, {"RN": 3, "QY_ID": "002105291241575938", "QY_ORG_CODE": "91110000717702712T", "QY_NAME": "北京市工业设计研究院有限公司", "QY_FR_NAME": "付军", "QY_REGION": "110000", "QY_REGION_NAME": "北京市", "OLD_CODE": "717702712", "COLLECT_TIME": 1622263269000, "QY_SRC_TYPE": "0", "hub_crawl_status": 0}, {"RN": 4, "QY_ID": "002105291241581217", "QY_ORG_CODE": "911101158028665350", "QY_NAME": "宝都国际工程技术有限公司", "QY_FR_NAME": "多奇志", "QY_REGION": "110000", "QY_REGION_NAME": "北京市", "OLD_CODE": "802866535", "COLLECT_TIME": 1622263272000, "QY_SRC_TYPE": "0", "hub_crawl_status": 0}, {"RN": 5, "QY_ID": "002105291242642650", "QY_ORG_CODE": "911100007109292609", "QY_NAME": "中煤科工集团北京华宇工程有限公司", "QY_FR_NAME": "任有福", "QY_REGION": "110000", "QY_REGION_NAME": "北京市", "OLD_CODE": "710929260", "COLLECT_TIME": 1622263343000, "QY_SRC_TYPE": "0", "hub_crawl_status": 0}]