[{"RN": 1, "QY_ID": "002105291240558634", "QY_ORG_CODE": "91110108788627801T", "QY_NAME": "北京交达工程管理集团有限公司", "QY_FR_NAME": "张印宗", "QY_REGION": "110000", "QY_REGION_NAME": "北京市", "OLD_CODE": "788627801", "COLLECT_TIME": 1622263257000, "QY_SRC_TYPE": "0", "hub_crawl_status": 0}, {"RN": 2, "QY_ID": "002105291240558856", "QY_ORG_CODE": "91110000102400689N", "QY_NAME": "中交一公局第三工程有限公司", "QY_FR_NAME": "孙国一", "QY_REGION": "110000", "QY_REGION_NAME": "北京市", "OLD_CODE": "102400689", "COLLECT_TIME": 1622263257000, "QY_SRC_TYPE": "0", "hub_crawl_status": 0}, {"RN": 3, "QY_ID": "002105291241610691", "QY_ORG_CODE": "91110105677443110F", "QY_NAME": "北京环安工程检测有限责任公司", "QY_FR_NAME": "廖远国", "QY_REGION": "110000", "QY_REGION_NAME": "北京市", "OLD_CODE": "677443110", "COLLECT_TIME": 1622263298000, "QY_SRC_TYPE": "0", "hub_crawl_status": 0}, {"RN": 4, "QY_ID": "002105291241618462", "QY_ORG_CODE": "911101087921053363", "QY_NAME": "中交路桥设计咨询有限公司", "QY_FR_NAME": "孟表柱", "QY_REGION": "110000", "QY_REGION_NAME": "北京市", "OLD_CODE": "792105336", "COLLECT_TIME": 1622263306000, "QY_SRC_TYPE": "0", "hub_crawl_status": 0}, {"RN": 5, "QY_ID": "002105291242631607", "QY_ORG_CODE": "911101020696178501", "QY_NAME": "北京启力岩土工程有限公司", "QY_FR_NAME": "朱寰", "QY_REGION": "110000", "QY_REGION_NAME": "北京市", "OLD_CODE": "069617850", "COLLECT_TIME": 1622263322000, "QY_SRC_TYPE": "0", "hub_crawl_status": 0}, {"RN": 6, "QY_ID": "002105291242634124", "QY_ORG_CODE": "91110108753346348K", "QY_NAME": "北京禹冰水利勘测规划设计有限公司", "QY_FR_NAME": "吴震", "QY_REGION": "110000", "QY_REGION_NAME": "北京市", "OLD_CODE": "753346348", "COLLECT_TIME": 1622263326000, "QY_SRC_TYPE": "0", "hub_crawl_status": 0}, {"RN": 7, "QY_ID": "002105291248694955", "QY_ORG_CODE": "91110102101570467P", "QY_NAME": "北京中兵岩土工程有限公司", "QY_FR_NAME": "刘长松", "QY_REGION": "110000", "QY_REGION_NAME": "北京市", "OLD_CODE": "101570467", "COLLECT_TIME": 1622263731000, "QY_SRC_TYPE": "0", "hub_crawl_status": 0}, {"RN": 8, "QY_ID": "002105291254729715", "QY_ORG_CODE": "91110109736463278A", "QY_NAME": "北京国庄国际经济技术咨询有限公司", "QY_FR_NAME": "肖乐健", "QY_REGION": "110000", "QY_REGION_NAME": "北京市", "OLD_CODE": "736463278", "COLLECT_TIME": 1622264060000, "QY_SRC_TYPE": "0", "hub_crawl_status": 0}, {"RN": 9, "QY_ID": "002105291254734417", "QY_ORG_CODE": "9111010680221924XQ", "QY_NAME": "北京中咨路捷工程技术咨询有限公司", "QY_FR_NAME": "冯松", "QY_REGION": "110000", "QY_REGION_NAME": "北京市", "OLD_CODE": "80221924X", "COLLECT_TIME": 1622264065000, "QY_SRC_TYPE": "0", "hub_crawl_status": 0}, {"RN": 10, "QY_ID": "002105291254735060", "QY_ORG_CODE": "91110101MA01G27PXB", "QY_NAME": "北京慧城工程勘察设计有限公司", "QY_FR_NAME": "王永生", "QY_REGION": "110000", "QY_REGION_NAME": "北京市", "OLD_CODE": "MA01G27PX", "COLLECT_TIME": 1622264065000, "QY_SRC_TYPE": "0", "hub_crawl_status": 0}, {"RN": 11, "QY_ID": "002105291258795928", "QY_ORG_CODE": "91110108101202672U", "QY_NAME": "中航蓝天工程技术有限公司", "QY_FR_NAME": "弭尚银", "QY_REGION": "110100", "QY_REGION_NAME": "北京市-市辖区", "OLD_CODE": "101202672", "COLLECT_TIME": 1622264322000, "QY_SRC_TYPE": "0", "hub_crawl_status": 0}, {"RN": 12, "QY_ID": "002105291305853379", "QY_ORG_CODE": "9111010257127462X4", "QY_NAME": "国岩华北工程技术（北京）有限公司", "QY_FR_NAME": "张富礼", "QY_REGION": "110000", "QY_REGION_NAME": "北京市", "OLD_CODE": "57127462X", "COLLECT_TIME": 1622264730000, "QY_SRC_TYPE": "0", "hub_crawl_status": 0}, {"RN": 13, "QY_ID": "002106211912117076", "QY_ORG_CODE": "9111010578173011XU", "QY_NAME": "北京富地勘察测绘有限公司", "QY_FR_NAME": "周焕波", "QY_REGION": "110000", "QY_REGION_NAME": "北京市", "OLD_CODE": "78173011X", "COLLECT_TIME": 1624273973000, "QY_SRC_TYPE": "0", "hub_crawl_status": 0}]