[{"RN": 46, "QY_ID": "002105291313931930", "QY_ORG_CODE": "911101086684022969", "QY_NAME": "聚合电力工程设计（北京）股份有限公司", "QY_FR_NAME": "李建春", "QY_REGION": "110000", "QY_REGION_NAME": "北京市", "OLD_CODE": "668402296", "COLLECT_TIME": 1622265195000, "QY_SRC_TYPE": "0", "hub_crawl_status": 0}, {"RN": 47, "QY_ID": "002105291328044324", "QY_ORG_CODE": "91110102774064956D", "QY_NAME": "中能智新科技产业发展有限公司", "QY_FR_NAME": "崔占忠", "QY_REGION": "110000", "QY_REGION_NAME": "北京市", "OLD_CODE": "774064956", "COLLECT_TIME": 1622266105000, "QY_SRC_TYPE": "0", "hub_crawl_status": 0}, {"RN": 48, "QY_ID": "002105291328057901", "QY_ORG_CODE": "911101087560210717", "QY_NAME": "北京四方继保工程技术有限公司", "QY_FR_NAME": "刘志超", "QY_REGION": "110000", "QY_REGION_NAME": "北京市", "OLD_CODE": "756021071", "COLLECT_TIME": 1622266121000, "QY_SRC_TYPE": "0", "hub_crawl_status": 0}, {"RN": 49, "QY_ID": "002105291335088949", "QY_ORG_CODE": "911101143355456786", "QY_NAME": "北京京原电力工程设计有限公司", "QY_FR_NAME": "祁冰", "QY_REGION": "110000", "QY_REGION_NAME": "北京市", "OLD_CODE": "335545678", "COLLECT_TIME": 1622266557000, "QY_SRC_TYPE": "0", "hub_crawl_status": 0}, {"RN": 50, "QY_ID": "002106111905110993", "QY_ORG_CODE": "91110102576904766H", "QY_NAME": "德信东源智能科技（北京）有限公司", "QY_FR_NAME": "王国东", "QY_REGION": "110000", "QY_REGION_NAME": "北京市", "OLD_CODE": "576904766", "COLLECT_TIME": 1623409540000, "QY_SRC_TYPE": "0", "hub_crawl_status": 0}, {"RN": 51, "QY_ID": "002110281915207310", "QY_ORG_CODE": "91110108MA01TXXR7U", "QY_NAME": "国综航港能源科技发展有限公司", "QY_FR_NAME": "姚广成", "QY_REGION": "110000", "QY_REGION_NAME": "北京市", "OLD_CODE": "MA01TXXR7", "COLLECT_TIME": 1635419748000, "QY_SRC_TYPE": "0", "hub_crawl_status": 0}]