[{"RN": 1, "QY_ID": "002105291239453011", "QY_ORG_CODE": "91110000400009055H", "QY_NAME": "中国城市建设研究院有限公司", "QY_FR_NAME": "王敬民", "QY_REGION": "110100", "QY_REGION_NAME": "北京市-市辖区", "OLD_CODE": "400009055", "COLLECT_TIME": 1622263197000, "QY_SRC_TYPE": "0", "hub_crawl_status": 0}, {"RN": 2, "QY_ID": "002105291240517101", "QY_ORG_CODE": "91110302567484069J", "QY_NAME": "北京华瑞博远电力工程设计有限公司", "QY_FR_NAME": "王月红", "QY_REGION": "110000", "QY_REGION_NAME": "北京市", "OLD_CODE": "567484069", "COLLECT_TIME": 1622263231000, "QY_SRC_TYPE": "0", "hub_crawl_status": 0}, {"RN": 3, "QY_ID": "002105291240546768", "QY_ORG_CODE": "91110000400835103T", "QY_NAME": "北京中冶设备研究设计总院有限公司", "QY_FR_NAME": "费利东", "QY_REGION": "110000", "QY_REGION_NAME": "北京市", "OLD_CODE": "400835103", "COLLECT_TIME": 1622263249000, "QY_SRC_TYPE": "0", "hub_crawl_status": 0}, {"RN": 4, "QY_ID": "002105291240546807", "QY_ORG_CODE": "91110000801210593B", "QY_NAME": "北京恒华伟业科技股份有限公司", "QY_FR_NAME": "罗新伟", "QY_REGION": "110000", "QY_REGION_NAME": "北京市", "OLD_CODE": "801210593", "COLLECT_TIME": 1622263249000, "QY_SRC_TYPE": "0", "hub_crawl_status": 0}, {"RN": 5, "QY_ID": "002105291240562804", "QY_ORG_CODE": "911101081021104707", "QY_NAME": "国能龙源电力技术工程有限责任公司", "QY_FR_NAME": "腾东玉", "QY_REGION": "110000", "QY_REGION_NAME": "北京市", "OLD_CODE": "102110470", "COLLECT_TIME": 1622263259000, "QY_SRC_TYPE": "0", "hub_crawl_status": 0}, {"RN": 6, "QY_ID": "002105291241578035", "QY_ORG_CODE": "91110115MA00HBPH8E", "QY_NAME": "北京京电智鑫电力工程设计有限公司", "QY_FR_NAME": "许燕洋", "QY_REGION": "110000", "QY_REGION_NAME": "北京市", "OLD_CODE": "MA00HBPH8", "COLLECT_TIME": 1622263270000, "QY_SRC_TYPE": "0", "hub_crawl_status": 0}, {"RN": 7, "QY_ID": "002105291241587484", "QY_ORG_CODE": "911100001000114958", "QY_NAME": "中国华电科工集团有限公司", "QY_FR_NAME": "文端超", "QY_REGION": "110000", "QY_REGION_NAME": "北京市", "OLD_CODE": "100011495", "COLLECT_TIME": 1622263277000, "QY_SRC_TYPE": "0", "hub_crawl_status": 0}, {"RN": 8, "QY_ID": "002105291241595294", "QY_ORG_CODE": "91110114MA019RLJXT", "QY_NAME": "北京科诺伟业能源技术有限公司", "QY_FR_NAME": "赵斌", "QY_REGION": "110000", "QY_REGION_NAME": "北京市", "OLD_CODE": "MA019RLJX", "COLLECT_TIME": 1622263283000, "QY_SRC_TYPE": "0", "hub_crawl_status": 0}, {"RN": 9, "QY_ID": "002105291241599514", "QY_ORG_CODE": "91110102400708526T", "QY_NAME": "北京市煤气热力工程设计院有限公司", "QY_FR_NAME": "王建国", "QY_REGION": "110000", "QY_REGION_NAME": "北京市", "OLD_CODE": "400708526", "COLLECT_TIME": 1622263286000, "QY_SRC_TYPE": "0", "hub_crawl_status": 0}, {"RN": 10, "QY_ID": "002105291241626580", "QY_ORG_CODE": "911101027802218828", "QY_NAME": "北京乾华科技发展有限公司", "QY_FR_NAME": "陈晨", "QY_REGION": "110000", "QY_REGION_NAME": "北京市", "OLD_CODE": "780221882", "COLLECT_TIME": 1622263316000, "QY_SRC_TYPE": "0", "hub_crawl_status": 0}, {"RN": 11, "QY_ID": "002105291242632228", "QY_ORG_CODE": "91110108556822317R", "QY_NAME": "龙源（北京）太阳能技术有限公司", "QY_FR_NAME": "黄群", "QY_REGION": "110000", "QY_REGION_NAME": "北京市", "OLD_CODE": "556822317", "COLLECT_TIME": 1622263323000, "QY_SRC_TYPE": "0", "hub_crawl_status": 0}, {"RN": 12, "QY_ID": "002105291248647467", "QY_ORG_CODE": "91110105101141240M", "QY_NAME": "北京京电电力工程设计有限公司", "QY_FR_NAME": "陈晓东", "QY_REGION": "110000", "QY_REGION_NAME": "北京市", "OLD_CODE": "101141240", "COLLECT_TIME": 1622263681000, "QY_SRC_TYPE": "0", "hub_crawl_status": 0}, {"RN": 13, "QY_ID": "002105291248666201", "QY_ORG_CODE": "911101086337146790", "QY_NAME": "国电华北国际电力工程（北京）有限公司", "QY_FR_NAME": "胡志强", "QY_REGION": "110000", "QY_REGION_NAME": "北京市", "OLD_CODE": "633714679", "COLLECT_TIME": 1622263697000, "QY_SRC_TYPE": "0", "hub_crawl_status": 0}, {"RN": 14, "QY_ID": "002105291248687723", "QY_ORG_CODE": "91110108330223768G", "QY_NAME": "北京启迪清云智慧能源有限公司", "QY_FR_NAME": "靳洋", "QY_REGION": "110000", "QY_REGION_NAME": "北京市", "OLD_CODE": "330223768", "COLLECT_TIME": 1622263720000, "QY_SRC_TYPE": "0", "hub_crawl_status": 0}, {"RN": 15, "QY_ID": "002105291249702631", "QY_ORG_CODE": "9111010866159941X3", "QY_NAME": "北京东冉电力设计有限公司", "QY_FR_NAME": "赵华", "QY_REGION": "110000", "QY_REGION_NAME": "北京市", "OLD_CODE": "66159941X", "COLLECT_TIME": 1622263742000, "QY_SRC_TYPE": "0", "hub_crawl_status": 0}]