[{"RN": 16, "QY_ID": "002105291249703164", "QY_ORG_CODE": "91110114MA017LLH6Y", "QY_NAME": "神华工程技术有限公司", "QY_FR_NAME": "彭晓春", "QY_REGION": "110000", "QY_REGION_NAME": "北京市", "OLD_CODE": "MA017LLH6", "COLLECT_TIME": 1622263743000, "QY_SRC_TYPE": "0", "hub_crawl_status": 0}, {"RN": 17, "QY_ID": "002105291249709310", "QY_ORG_CODE": "9111030274470545X7", "QY_NAME": "中节能（北京）节能环保工程有限公司", "QY_FR_NAME": "曾武清", "QY_REGION": "110000", "QY_REGION_NAME": "北京市", "OLD_CODE": "74470545X", "COLLECT_TIME": 1622263752000, "QY_SRC_TYPE": "0", "hub_crawl_status": 0}, {"RN": 18, "QY_ID": "002105291254718858", "QY_ORG_CODE": "91110000100009432T", "QY_NAME": "中国航空工业新能源投资有限公司", "QY_FR_NAME": "方近勇", "QY_REGION": "110000", "QY_REGION_NAME": "北京市", "OLD_CODE": "100009432", "COLLECT_TIME": 1622264047000, "QY_SRC_TYPE": "0", "hub_crawl_status": 0}, {"RN": 19, "QY_ID": "002105291254729715", "QY_ORG_CODE": "91110109736463278A", "QY_NAME": "北京国庄国际经济技术咨询有限公司", "QY_FR_NAME": "肖乐健", "QY_REGION": "110000", "QY_REGION_NAME": "北京市", "OLD_CODE": "736463278", "COLLECT_TIME": 1622264060000, "QY_SRC_TYPE": "0", "hub_crawl_status": 0}, {"RN": 20, "QY_ID": "002105291254754645", "QY_ORG_CODE": "9111010510170121XW", "QY_NAME": "中国船舶重工集团国际工程有限公司", "QY_FR_NAME": "杨文武", "QY_REGION": "110000", "QY_REGION_NAME": "北京市", "OLD_CODE": "10170121X", "COLLECT_TIME": 1622264086000, "QY_SRC_TYPE": "0", "hub_crawl_status": 0}, {"RN": 21, "QY_ID": "002105291255767929", "QY_ORG_CODE": "911101157000614963", "QY_NAME": "国网（北京）综合能源规划设计研究院有限公司", "QY_FR_NAME": "徐杰彦", "QY_REGION": "110000", "QY_REGION_NAME": "北京市", "OLD_CODE": "700061496", "COLLECT_TIME": 1622264101000, "QY_SRC_TYPE": "0", "hub_crawl_status": 0}, {"RN": 22, "QY_ID": "002105291258782613", "QY_ORG_CODE": "911101026000377470", "QY_NAME": "北京优奈特能源工程技术有限公司", "QY_FR_NAME": "刘璐", "QY_REGION": "110100", "QY_REGION_NAME": "北京市-市辖区", "OLD_CODE": "600037747", "COLLECT_TIME": 1622264308000, "QY_SRC_TYPE": "0", "hub_crawl_status": 0}, {"RN": 23, "QY_ID": "002105291258795921", "QY_ORG_CODE": "91110113397033897P", "QY_NAME": "中清能绿洲（北京）能源科技有限公司", "QY_FR_NAME": "代存峰", "QY_REGION": "110000", "QY_REGION_NAME": "北京市", "OLD_CODE": "397033897", "COLLECT_TIME": 1622264322000, "QY_SRC_TYPE": "0", "hub_crawl_status": 0}, {"RN": 24, "QY_ID": "002105291313931930", "QY_ORG_CODE": "911101086684022969", "QY_NAME": "聚合电力工程设计（北京）股份有限公司", "QY_FR_NAME": "李建春", "QY_REGION": "110000", "QY_REGION_NAME": "北京市", "OLD_CODE": "668402296", "COLLECT_TIME": 1622265195000, "QY_SRC_TYPE": "0", "hub_crawl_status": 0}, {"RN": 25, "QY_ID": "002105291322988057", "QY_ORG_CODE": "911101137886559842", "QY_NAME": "核工业工程研究设计有限公司", "QY_FR_NAME": "胡广杰", "QY_REGION": "110000", "QY_REGION_NAME": "北京市", "OLD_CODE": "788655984", "COLLECT_TIME": 1622265741000, "QY_SRC_TYPE": "0", "hub_crawl_status": 0}, {"RN": 26, "QY_ID": "002105291328044324", "QY_ORG_CODE": "91110102774064956D", "QY_NAME": "中能智新科技产业发展有限公司", "QY_FR_NAME": "崔占忠", "QY_REGION": "110000", "QY_REGION_NAME": "北京市", "OLD_CODE": "774064956", "COLLECT_TIME": 1622266105000, "QY_SRC_TYPE": "0", "hub_crawl_status": 0}, {"RN": 27, "QY_ID": "002105291335088949", "QY_ORG_CODE": "911101143355456786", "QY_NAME": "北京京原电力工程设计有限公司", "QY_FR_NAME": "祁冰", "QY_REGION": "110000", "QY_REGION_NAME": "北京市", "OLD_CODE": "335545678", "COLLECT_TIME": 1622266557000, "QY_SRC_TYPE": "0", "hub_crawl_status": 0}, {"RN": 28, "QY_ID": "002106111905110993", "QY_ORG_CODE": "91110102576904766H", "QY_NAME": "德信东源智能科技（北京）有限公司", "QY_FR_NAME": "王国东", "QY_REGION": "110000", "QY_REGION_NAME": "北京市", "OLD_CODE": "576904766", "COLLECT_TIME": 1623409540000, "QY_SRC_TYPE": "0", "hub_crawl_status": 0}]