[{"RN": 31, "QY_ID": "002105291254736622", "QY_ORG_CODE": "911101087334777386", "QY_NAME": "北京北方节能环保有限公司", "QY_FR_NAME": "辛永献", "QY_REGION": "110000", "QY_REGION_NAME": "北京市", "OLD_CODE": "733477738", "COLLECT_TIME": 1622264067000, "QY_SRC_TYPE": "0", "hub_crawl_status": 0}, {"RN": 32, "QY_ID": "002105291254763913", "QY_ORG_CODE": "911101087001457885", "QY_NAME": "北京国环清华环境工程设计研究院有限公司", "QY_FR_NAME": "汪诚文", "QY_REGION": "110000", "QY_REGION_NAME": "北京市", "OLD_CODE": "700145788", "COLLECT_TIME": 1622264097000, "QY_SRC_TYPE": "0", "hub_crawl_status": 0}, {"RN": 33, "QY_ID": "002105291254765982", "QY_ORG_CODE": "91110102101335926W", "QY_NAME": "北京市环科环境工程技术有限公司", "QY_FR_NAME": "林秀军", "QY_REGION": "110000", "QY_REGION_NAME": "北京市", "OLD_CODE": "101335926", "COLLECT_TIME": 1622264099000, "QY_SRC_TYPE": "0", "hub_crawl_status": 0}, {"RN": 34, "QY_ID": "002105291258783221", "QY_ORG_CODE": "9111010172143575X8", "QY_NAME": "北京远浪潮生态建设有限公司", "QY_FR_NAME": "王跃昌", "QY_REGION": "110000", "QY_REGION_NAME": "北京市", "OLD_CODE": "72143575X", "COLLECT_TIME": 1622264309000, "QY_SRC_TYPE": "0", "hub_crawl_status": 0}, {"RN": 35, "QY_ID": "002105291313940828", "QY_ORG_CODE": "91110108687643888R", "QY_NAME": "北京翰祺环境技术有限公司", "QY_FR_NAME": "鲁庆华", "QY_REGION": "110000", "QY_REGION_NAME": "北京市", "OLD_CODE": "687643888", "COLLECT_TIME": 1622265204000, "QY_SRC_TYPE": "0", "hub_crawl_status": 0}, {"RN": 36, "QY_ID": "002105291322984943", "QY_ORG_CODE": "91110108726367469H", "QY_NAME": "国能朗新明环保科技有限公司", "QY_FR_NAME": "徐志清", "QY_REGION": "110000", "QY_REGION_NAME": "北京市", "OLD_CODE": "726367469", "COLLECT_TIME": 1622265737000, "QY_SRC_TYPE": "0", "hub_crawl_status": 0}, {"RN": 37, "QY_ID": "002105291328047916", "QY_ORG_CODE": "91110102592317334T", "QY_NAME": "中城院（北京）环境科技有限公司", "QY_FR_NAME": "刘涛", "QY_REGION": "110100", "QY_REGION_NAME": "北京市-市辖区", "OLD_CODE": "592317334", "COLLECT_TIME": 1622266109000, "QY_SRC_TYPE": "0", "hub_crawl_status": 0}, {"RN": 38, "QY_ID": "002110251910205154", "QY_ORG_CODE": "91110108MA01TDCE2W", "QY_NAME": "北京融合环保有限公司", "QY_FR_NAME": "郭炜", "QY_REGION": "110100", "QY_REGION_NAME": "北京市-市辖区", "OLD_CODE": "MA01TDCE2", "COLLECT_TIME": 1635160223000, "QY_SRC_TYPE": "0", "hub_crawl_status": 0}]