[{"RN": 1, "QY_ID": "002105291239451833", "QY_ORG_CODE": "91110108722619534B", "QY_NAME": "许继联华国际环境工程有限责任公司", "QY_FR_NAME": "罗永泉", "QY_REGION": "110100", "QY_REGION_NAME": "北京市-市辖区", "OLD_CODE": "722619534", "COLLECT_TIME": 1622263196000, "QY_SRC_TYPE": "0", "hub_crawl_status": 0}, {"RN": 2, "QY_ID": "002105291239453281", "QY_ORG_CODE": "91110108700007035U", "QY_NAME": "北京永新环保有限公司", "QY_FR_NAME": "金永生", "QY_REGION": "110000", "QY_REGION_NAME": "北京市", "OLD_CODE": "700007035", "COLLECT_TIME": 1622263197000, "QY_SRC_TYPE": "0", "hub_crawl_status": 0}, {"RN": 3, "QY_ID": "002105291239453592", "QY_ORG_CODE": "91110000717830079A", "QY_NAME": "大唐环境产业集团股份有限公司", "QY_FR_NAME": "金耀华", "QY_REGION": "110000", "QY_REGION_NAME": "北京市", "OLD_CODE": "717830079", "COLLECT_TIME": 1622263197000, "QY_SRC_TYPE": "0", "hub_crawl_status": 0}, {"RN": 4, "QY_ID": "002105291240459569", "QY_ORG_CODE": "91110116600427323N", "QY_NAME": "北京基亚特环保科技有限公司", "QY_FR_NAME": "张亚军", "QY_REGION": "110000", "QY_REGION_NAME": "北京市", "OLD_CODE": "600427323", "COLLECT_TIME": 1622263200000, "QY_SRC_TYPE": "0", "hub_crawl_status": 0}, {"RN": 5, "QY_ID": "002105291240461265", "QY_ORG_CODE": "911103027577022312", "QY_NAME": "北京中科国益环保工程有限公司", "QY_FR_NAME": "左毅", "QY_REGION": "110000", "QY_REGION_NAME": "北京市", "OLD_CODE": "757702231", "COLLECT_TIME": 1622263201000, "QY_SRC_TYPE": "0", "hub_crawl_status": 0}, {"RN": 6, "QY_ID": "002105291240470407", "QY_ORG_CODE": "91110102102087928N", "QY_NAME": "北京实华油海工程技术有限公司", "QY_FR_NAME": "郑立军", "QY_REGION": "110000", "QY_REGION_NAME": "北京市", "OLD_CODE": "102087928", "COLLECT_TIME": 1622263206000, "QY_SRC_TYPE": "0", "hub_crawl_status": 0}, {"RN": 7, "QY_ID": "002105291240473138", "QY_ORG_CODE": "91110302101398871B", "QY_NAME": "北京建工金源环保发展股份有限公司", "QY_FR_NAME": "蒋超", "QY_REGION": "110000", "QY_REGION_NAME": "北京市", "OLD_CODE": "101398871", "COLLECT_TIME": 1622263207000, "QY_SRC_TYPE": "0", "hub_crawl_status": 0}, {"RN": 8, "QY_ID": "002105291240483331", "QY_ORG_CODE": "9111011455037033XU", "QY_NAME": "晓清环保科技股份有限公司", "QY_FR_NAME": "韩小清", "QY_REGION": "110100", "QY_REGION_NAME": "北京市-市辖区", "OLD_CODE": "55037033X", "COLLECT_TIME": 1622263212000, "QY_SRC_TYPE": "0", "hub_crawl_status": 0}, {"RN": 9, "QY_ID": "002105291240495266", "QY_ORG_CODE": "91110106744716327Q", "QY_NAME": "北京国电富通科技发展有限责任公司", "QY_FR_NAME": "俞葆青", "QY_REGION": "110000", "QY_REGION_NAME": "北京市", "OLD_CODE": "744716327", "COLLECT_TIME": 1622263218000, "QY_SRC_TYPE": "0", "hub_crawl_status": 0}, {"RN": 10, "QY_ID": "002105291240500967", "QY_ORG_CODE": "91110000666928542B", "QY_NAME": "北京新源国能科技集团股份有限公司", "QY_FR_NAME": "张旭兵", "QY_REGION": "110000", "QY_REGION_NAME": "北京市", "OLD_CODE": "666928542", "COLLECT_TIME": 1622263222000, "QY_SRC_TYPE": "0", "hub_crawl_status": 0}, {"RN": 11, "QY_ID": "002105291240501578", "QY_ORG_CODE": "91110108765019221B", "QY_NAME": "浦华控股有限公司", "QY_FR_NAME": "李星文", "QY_REGION": "110000", "QY_REGION_NAME": "北京市", "OLD_CODE": "765019221", "COLLECT_TIME": 1622263222000, "QY_SRC_TYPE": "0", "hub_crawl_status": 0}, {"RN": 12, "QY_ID": "002105291240511653", "QY_ORG_CODE": "91110000634358477D", "QY_NAME": "北京万邦达环保技术股份有限公司", "QY_FR_NAME": "王长荣", "QY_REGION": "110000", "QY_REGION_NAME": "北京市", "OLD_CODE": "634358477", "COLLECT_TIME": 1622263228000, "QY_SRC_TYPE": "0", "hub_crawl_status": 0}, {"RN": 13, "QY_ID": "002105291240512331", "QY_ORG_CODE": "91110000573246374C", "QY_NAME": "华电水务工程有限公司", "QY_FR_NAME": "周保卫", "QY_REGION": "110100", "QY_REGION_NAME": "北京市-市辖区", "OLD_CODE": "573246374", "COLLECT_TIME": 1622263228000, "QY_SRC_TYPE": "0", "hub_crawl_status": 0}, {"RN": 14, "QY_ID": "002105291240514229", "QY_ORG_CODE": "9111010810195169X3", "QY_NAME": "中冶节能环保有限责任公司", "QY_FR_NAME": "李惊涛", "QY_REGION": "110000", "QY_REGION_NAME": "北京市", "OLD_CODE": "10195169X", "COLLECT_TIME": 1622263229000, "QY_SRC_TYPE": "0", "hub_crawl_status": 0}, {"RN": 15, "QY_ID": "002105291241580598", "QY_ORG_CODE": "91110108101609659C", "QY_NAME": "博天环境集团股份有限公司", "QY_FR_NAME": "赵笠钧", "QY_REGION": "110100", "QY_REGION_NAME": "北京市-市辖区", "OLD_CODE": "101609659", "COLLECT_TIME": 1622263272000, "QY_SRC_TYPE": "0", "hub_crawl_status": 0}]