[{"QY_FR_NAME": "薛霖", "QY_REGION": "110100", "QY_NAME": "同方环境股份有限公司", "QY_REGION_NAME": "北京市-市辖区", "QY_ORG_CODE": "911101087541503206", "COLLECT_TIME": 1622263273000, "RN": 16, "QY_ID": "002105291241582888", "QY_SRC_TYPE": "0", "OLD_CODE": "754150320", "hub_crawl_status": 0}, {"QY_FR_NAME": "李庭", "QY_REGION": "110000", "QY_NAME": "中煤（北京）环保工程有限公司", "QY_REGION_NAME": "北京市", "QY_ORG_CODE": "911101015594929667", "COLLECT_TIME": 1622263277000, "RN": 17, "QY_ID": "002105291241587439", "QY_SRC_TYPE": "0", "OLD_CODE": "559492966", "hub_crawl_status": 0}, {"QY_FR_NAME": "文端超", "QY_REGION": "110000", "QY_NAME": "中国华电科工集团有限公司", "QY_REGION_NAME": "北京市", "QY_ORG_CODE": "911100001000114958", "COLLECT_TIME": 1622263277000, "RN": 18, "QY_ID": "002105291241587484", "QY_SRC_TYPE": "0", "OLD_CODE": "100011495", "hub_crawl_status": 0}, {"QY_FR_NAME": "黄文胜", "QY_REGION": "110100", "QY_NAME": "世源科技工程有限公司", "QY_REGION_NAME": "北京市-市辖区", "QY_ORG_CODE": "91110000710931686J", "COLLECT_TIME": 1622263278000, "RN": 19, "QY_ID": "002105291241587738", "QY_SRC_TYPE": "0", "OLD_CODE": "710931686", "hub_crawl_status": 0}, {"QY_FR_NAME": "文一波", "QY_REGION": "110000", "QY_NAME": "北京桑德环境工程有限公司", "QY_REGION_NAME": "北京市", "QY_ORG_CODE": "911101087002363642", "COLLECT_TIME": 1622263286000, "RN": 20, "QY_ID": "002105291241599944", "QY_SRC_TYPE": "0", "OLD_CODE": "700236364", "hub_crawl_status": 0}, {"QY_FR_NAME": "权秋红", "QY_REGION": "110000", "QY_NAME": "倍杰特集团股份有限公司", "QY_REGION_NAME": "北京市", "QY_ORG_CODE": "911101157667548264", "COLLECT_TIME": 1622263299000, "RN": 21, "QY_ID": "002105291241612256", "QY_SRC_TYPE": "0", "OLD_CODE": "766754826", "hub_crawl_status": 0}, {"QY_FR_NAME": "柳炜", "QY_REGION": "110000", "QY_NAME": "中国中轻国际工程有限公司", "QY_REGION_NAME": "北京市", "QY_ORG_CODE": "91110105710930851H", "COLLECT_TIME": 1622263308000, "RN": 22, "QY_ID": "002105291241621677", "QY_SRC_TYPE": "0", "OLD_CODE": "710930851", "hub_crawl_status": 0}, {"QY_FR_NAME": "桶谷智", "QY_REGION": "110000", "QY_NAME": "五洲富士化水工程有限公司", "QY_REGION_NAME": "北京市", "QY_ORG_CODE": "91110102625910098Q", "COLLECT_TIME": 1622263687000, "RN": 23, "QY_ID": "002105291248654184", "QY_SRC_TYPE": "0", "OLD_CODE": "625910098", "hub_crawl_status": 0}, {"QY_FR_NAME": "曾之俊", "QY_REGION": "110000", "QY_NAME": "北京博奇电力科技有限公司", "QY_REGION_NAME": "北京市", "QY_ORG_CODE": "9111010674008510XK", "COLLECT_TIME": 1622263690000, "RN": 24, "QY_ID": "002105291248657650", "QY_SRC_TYPE": "0", "OLD_CODE": "74008510X", "hub_crawl_status": 0}, {"QY_FR_NAME": "郝宏伟", "QY_REGION": "110000", "QY_NAME": "中机十院国际工程有限公司", "QY_REGION_NAME": "北京市", "QY_ORG_CODE": "911101057065650114", "COLLECT_TIME": 1622263704000, "RN": 25, "QY_ID": "002105291248672810", "QY_SRC_TYPE": "0", "OLD_CODE": "706565011", "hub_crawl_status": 0}, {"QY_FR_NAME": "王德义", "QY_REGION": "110000", "QY_NAME": "中国昆仑工程有限公司", "QY_REGION_NAME": "北京市", "QY_ORG_CODE": "91110000100005255X", "COLLECT_TIME": 1622263732000, "RN": 26, "QY_ID": "002105291248695906", "QY_SRC_TYPE": "0", "OLD_CODE": "100005255", "hub_crawl_status": 0}, {"QY_FR_NAME": "邹朝亮", "QY_REGION": "110000", "QY_NAME": "北京环利科环境工程技术有限公司", "QY_REGION_NAME": "北京市", "QY_ORG_CODE": "9111010810210306X7", "COLLECT_TIME": 1622263738000, "RN": 27, "QY_ID": "002105291248699652", "QY_SRC_TYPE": "0", "OLD_CODE": "10210306X", "hub_crawl_status": 0}, {"QY_FR_NAME": "顾达", "QY_REGION": "110000", "QY_NAME": "北京中联环工程股份有限公司", "QY_REGION_NAME": "北京市", "QY_ORG_CODE": "91110108102054966E", "COLLECT_TIME": 1622263739000, "RN": 28, "QY_ID": "002105291248700319", "QY_SRC_TYPE": "0", "OLD_CODE": "102054966", "hub_crawl_status": 0}, {"QY_FR_NAME": "彭晓春", "QY_REGION": "110000", "QY_NAME": "神华工程技术有限公司", "QY_REGION_NAME": "北京市", "QY_ORG_CODE": "91110114MA017LLH6Y", "COLLECT_TIME": 1622263743000, "RN": 29, "QY_ID": "002105291249703164", "QY_SRC_TYPE": "0", "OLD_CODE": "MA017LLH6", "hub_crawl_status": 0}, {"QY_FR_NAME": "曹文彬", "QY_REGION": "110000", "QY_NAME": "北京今大禹环境技术股份有限公司", "QY_REGION_NAME": "北京市", "QY_ORG_CODE": "911101087000327670", "COLLECT_TIME": 1622263747000, "RN": 30, "QY_ID": "002105291249706153", "QY_SRC_TYPE": "0", "OLD_CODE": "700032767", "hub_crawl_status": 0}]