[{"RN": 16, "QY_ID": "002105291241568394", "QY_ORG_CODE": "911101087000906250", "QY_NAME": "中天伟业（北京）建筑设计事务所有限公司", "QY_FR_NAME": "薛世勇", "QY_REGION": "110000", "QY_REGION_NAME": "北京市", "OLD_CODE": "700090625", "COLLECT_TIME": 1622263263000, "QY_SRC_TYPE": "0", "hub_crawl_status": 0}, {"RN": 17, "QY_ID": "002105291241593151", "QY_ORG_CODE": "9111011166463724XD", "QY_NAME": "北京都市筑景国际建筑设计事务所有限公司", "QY_FR_NAME": "韩林飞", "QY_REGION": "110000", "QY_REGION_NAME": "北京市", "OLD_CODE": "66463724X", "COLLECT_TIME": 1622263281000, "QY_SRC_TYPE": "0", "hub_crawl_status": 0}, {"RN": 18, "QY_ID": "002105291241605919", "QY_ORG_CODE": "91110105MA00GHX6XA", "QY_NAME": "栖枫（北京）建筑规划设计事务所有限公司", "QY_FR_NAME": "邹海峰", "QY_REGION": "110000", "QY_REGION_NAME": "北京市", "OLD_CODE": "MA00GHX6X", "COLLECT_TIME": 1622263293000, "QY_SRC_TYPE": "0", "hub_crawl_status": 0}, {"RN": 19, "QY_ID": "002105291241625769", "QY_ORG_CODE": "91110107MA01AC9C02", "QY_NAME": "北京李捷建筑设计事务所有限责任公司", "QY_FR_NAME": "李捷", "QY_REGION": "110000", "QY_REGION_NAME": "北京市", "OLD_CODE": "MA01AC9C0", "COLLECT_TIME": 1622263314000, "QY_SRC_TYPE": "0", "hub_crawl_status": 0}, {"RN": 20, "QY_ID": "002105291241630254", "QY_ORG_CODE": "91110108567451873X", "QY_NAME": "北京五衡建筑设计事务所有限公司", "QY_FR_NAME": "谢国杰", "QY_REGION": "110000", "QY_REGION_NAME": "北京市", "OLD_CODE": "567451873", "COLLECT_TIME": 1622263319000, "QY_SRC_TYPE": "0", "hub_crawl_status": 0}, {"RN": 21, "QY_ID": "002105291248660744", "QY_ORG_CODE": "91110105MA01DJFE0U", "QY_NAME": "北京易墨华夏建筑设计事务所有限公司", "QY_FR_NAME": "夏若湘", "QY_REGION": "110000", "QY_REGION_NAME": "北京市", "OLD_CODE": "MA01DJFE0", "COLLECT_TIME": 1622263692000, "QY_SRC_TYPE": "0", "hub_crawl_status": 0}, {"RN": 22, "QY_ID": "002105291248669518", "QY_ORG_CODE": "91110102799978455W", "QY_NAME": "北京合众国际建筑设计事务所（有限合伙）", "QY_FR_NAME": "张雪峰", "QY_REGION": "110000", "QY_REGION_NAME": "北京市", "OLD_CODE": "799978455", "COLLECT_TIME": 1622263702000, "QY_SRC_TYPE": "0", "hub_crawl_status": 0}, {"RN": 23, "QY_ID": "002105291248673698", "QY_ORG_CODE": "91110105MA0043EC4U", "QY_NAME": "宏城建筑设计研究院（北京）有限公司", "QY_FR_NAME": "朱宏林", "QY_REGION": "110000", "QY_REGION_NAME": "北京市", "OLD_CODE": "MA0043EC4", "COLLECT_TIME": 1622263705000, "QY_SRC_TYPE": "0", "hub_crawl_status": 0}, {"RN": 24, "QY_ID": "002105291248679696", "QY_ORG_CODE": "91110108661579769U", "QY_NAME": "北京宜和人文开元建筑设计事务所（普通合伙）", "QY_FR_NAME": "叶彪", "QY_REGION": "110000", "QY_REGION_NAME": "北京市", "OLD_CODE": "661579769", "COLLECT_TIME": 1622263711000, "QY_SRC_TYPE": "0", "hub_crawl_status": 0}, {"RN": 25, "QY_ID": "002105291249707270", "QY_ORG_CODE": "91110228MA019X4M2T", "QY_NAME": "北京建大国际建筑设计事务所（普通合伙）", "QY_FR_NAME": "孙铭佑", "QY_REGION": "110000", "QY_REGION_NAME": "北京市", "OLD_CODE": "MA019X4M2", "COLLECT_TIME": 1622263749000, "QY_SRC_TYPE": "0", "hub_crawl_status": 0}, {"RN": 26, "QY_ID": "002105291249712152", "QY_ORG_CODE": "91110105777082033X", "QY_NAME": "博德西奥（北京）建筑设计事务所有限责任公司", "QY_FR_NAME": "白秦鹏", "QY_REGION": "110000", "QY_REGION_NAME": "北京市", "OLD_CODE": "777082033", "COLLECT_TIME": 1622263755000, "QY_SRC_TYPE": "0", "hub_crawl_status": 0}, {"RN": 27, "QY_ID": "002105291249713738", "QY_ORG_CODE": "91110102101357869J", "QY_NAME": "思凯来（北京）国际建筑设计事务所有限公司", "QY_FR_NAME": "李涛", "QY_REGION": "110000", "QY_REGION_NAME": "北京市", "OLD_CODE": "101357869", "COLLECT_TIME": 1622263758000, "QY_SRC_TYPE": "0", "hub_crawl_status": 0}, {"RN": 28, "QY_ID": "002105291254716203", "QY_ORG_CODE": "91110101794082123A", "QY_NAME": "惟邦营造建筑设计（北京）有限公司", "QY_FR_NAME": "汪克", "QY_REGION": "110000", "QY_REGION_NAME": "北京市", "OLD_CODE": "794082123", "COLLECT_TIME": 1622264045000, "QY_SRC_TYPE": "0", "hub_crawl_status": 0}, {"RN": 29, "QY_ID": "002105291254740732", "QY_ORG_CODE": "911101027596309804", "QY_NAME": "北京九合正中建筑设计事务所（普通合伙）", "QY_FR_NAME": "陈志娴", "QY_REGION": "110000", "QY_REGION_NAME": "北京市", "OLD_CODE": "759630980", "COLLECT_TIME": 1622264071000, "QY_SRC_TYPE": "0", "hub_crawl_status": 0}, {"RN": 30, "QY_ID": "002105291254747498", "QY_ORG_CODE": "911101087614151394", "QY_NAME": "北京营造无限建筑设计事务所（有限合伙）", "QY_FR_NAME": "孙炜", "QY_REGION": "110000", "QY_REGION_NAME": "北京市", "OLD_CODE": "761415139", "COLLECT_TIME": 1622264079000, "QY_SRC_TYPE": "0", "hub_crawl_status": 0}]