[{"RN": 1, "QY_ID": "002105291239451724", "QY_ORG_CODE": "911101097467048807", "QY_NAME": "北京叶张孙建筑设计事务所（普通合伙）", "QY_FR_NAME": "**", "QY_REGION": "110000", "QY_REGION_NAME": "北京市", "OLD_CODE": "746704880", "COLLECT_TIME": 1622263196000, "QY_SRC_TYPE": "0", "hub_crawl_status": 0}, {"RN": 2, "QY_ID": "002105291239451873", "QY_ORG_CODE": "779527796", "QY_NAME": "北京世纪原创建筑设计事务所（普通合伙）", "QY_FR_NAME": null, "QY_REGION": "110000", "QY_REGION_NAME": "北京市", "OLD_CODE": "779527796", "COLLECT_TIME": 1622263196000, "QY_SRC_TYPE": "0", "hub_crawl_status": 0}, {"RN": 3, "QY_ID": "002105291239451986", "QY_ORG_CODE": "776366456", "QY_NAME": "北京天筑美建筑设计事务所（普通合伙）", "QY_FR_NAME": null, "QY_REGION": "110000", "QY_REGION_NAME": "北京市", "OLD_CODE": "776366456", "COLLECT_TIME": 1622263196000, "QY_SRC_TYPE": "0", "hub_crawl_status": 0}, {"RN": 4, "QY_ID": "002105291239452124", "QY_ORG_CODE": "762171092", "QY_NAME": "北京方东国际建筑设计事务所（普通合伙）", "QY_FR_NAME": null, "QY_REGION": "110000", "QY_REGION_NAME": "北京市", "OLD_CODE": "762171092", "COLLECT_TIME": 1622263196000, "QY_SRC_TYPE": "0", "hub_crawl_status": 0}, {"RN": 5, "QY_ID": "002105291239452334", "QY_ORG_CODE": "91110108754193697Q", "QY_NAME": "北京梁开建筑设计事务所（普通合伙）", "QY_FR_NAME": "-", "QY_REGION": "110000", "QY_REGION_NAME": "北京市", "OLD_CODE": "754193697", "COLLECT_TIME": 1622263196000, "QY_SRC_TYPE": "0", "hub_crawl_status": 0}, {"RN": 6, "QY_ID": "002105291239452667", "QY_ORG_CODE": "75332750X", "QY_NAME": "北京京天诚信建筑设计事务所（普通合伙）", "QY_FR_NAME": null, "QY_REGION": "110000", "QY_REGION_NAME": "北京市", "OLD_CODE": "75332750X", "COLLECT_TIME": 1622263196000, "QY_SRC_TYPE": "0", "hub_crawl_status": 0}, {"RN": 7, "QY_ID": "002105291240461352", "QY_ORG_CODE": "911101013356095208", "QY_NAME": "北京国诚建筑设计事务所有限公司", "QY_FR_NAME": "史震", "QY_REGION": "110100", "QY_REGION_NAME": "北京市-市辖区", "OLD_CODE": "335609520", "COLLECT_TIME": 1622263201000, "QY_SRC_TYPE": "0", "hub_crawl_status": 0}, {"RN": 8, "QY_ID": "002105291240466106", "QY_ORG_CODE": "91110108785507310P", "QY_NAME": "北京新创中盛国际建筑设计事务所（普通合伙）", "QY_FR_NAME": "******", "QY_REGION": "110100", "QY_REGION_NAME": "北京市-市辖区", "OLD_CODE": "785507310", "COLLECT_TIME": 1622263204000, "QY_SRC_TYPE": "0", "hub_crawl_status": 0}, {"RN": 9, "QY_ID": "002105291240488429", "QY_ORG_CODE": "911102285568706265", "QY_NAME": "北京中城国合建筑设计事务所（普通合伙）", "QY_FR_NAME": null, "QY_REGION": "110100", "QY_REGION_NAME": "北京市-市辖区", "OLD_CODE": "556870626", "COLLECT_TIME": 1622263214000, "QY_SRC_TYPE": "0", "hub_crawl_status": 0}, {"RN": 10, "QY_ID": "002105291240497497", "QY_ORG_CODE": "911101060556222450", "QY_NAME": "北京中创汇明建筑设计事务所有限公司", "QY_FR_NAME": "刘嘉颖", "QY_REGION": "110100", "QY_REGION_NAME": "北京市-市辖区", "OLD_CODE": "055622245", "COLLECT_TIME": 1622263220000, "QY_SRC_TYPE": "0", "hub_crawl_status": 0}, {"RN": 11, "QY_ID": "002105291240498020", "QY_ORG_CODE": "911101027447310846", "QY_NAME": "北京淡士伦建筑师事务所（普通合伙）", "QY_FR_NAME": null, "QY_REGION": "110100", "QY_REGION_NAME": "北京市-市辖区", "OLD_CODE": "744731084", "COLLECT_TIME": 1622263220000, "QY_SRC_TYPE": "0", "hub_crawl_status": 0}, {"RN": 12, "QY_ID": "002105291240514228", "QY_ORG_CODE": "911101055514032959", "QY_NAME": "未觉（北京）建筑设计事务所有限责任公司", "QY_FR_NAME": "王人杰", "QY_REGION": "110100", "QY_REGION_NAME": "北京市-市辖区", "OLD_CODE": "551403295", "COLLECT_TIME": 1622263229000, "QY_SRC_TYPE": "0", "hub_crawl_status": 0}, {"RN": 13, "QY_ID": "002105291240535694", "QY_ORG_CODE": "563699644", "QY_NAME": "北京时代坐标建筑设计事务所（普通合伙）", "QY_FR_NAME": "******", "QY_REGION": "110100", "QY_REGION_NAME": "北京市-市辖区", "OLD_CODE": "563699644", "COLLECT_TIME": 1622263242000, "QY_SRC_TYPE": "0", "hub_crawl_status": 0}, {"RN": 14, "QY_ID": "002105291240546756", "QY_ORG_CODE": "9111010506958039XY", "QY_NAME": "北京八作建筑设计事务所有限公司", "QY_FR_NAME": "王淼", "QY_REGION": "110100", "QY_REGION_NAME": "北京市-市辖区", "OLD_CODE": "06958039X", "COLLECT_TIME": 1622263249000, "QY_SRC_TYPE": "0", "hub_crawl_status": 0}, {"RN": 15, "QY_ID": "002105291241567871", "QY_ORG_CODE": "91110108MA00F7HE00", "QY_NAME": "北京坐北朝南建筑设计事务所（特殊普通合伙）", "QY_FR_NAME": "屈国俐", "QY_REGION": "110000", "QY_REGION_NAME": "北京市", "OLD_CODE": "MA00F7HE0", "COLLECT_TIME": 1622263263000, "QY_SRC_TYPE": "0", "hub_crawl_status": 0}]