[{"RN": 31, "QY_ID": "002105291254752201", "QY_ORG_CODE": "91110105MA01J4QWXQ", "QY_NAME": "北京智地优度建筑设计事务所有限公司", "QY_FR_NAME": "郑权", "QY_REGION": "110000", "QY_REGION_NAME": "北京市", "OLD_CODE": "MA01J4QWX", "COLLECT_TIME": 1622264083000, "QY_SRC_TYPE": "0", "hub_crawl_status": 0}, {"RN": 32, "QY_ID": "002105291255778615", "QY_ORG_CODE": "91110108669127476L", "QY_NAME": "北京别处空间建筑设计事务所（普通合伙）", "QY_FR_NAME": "东梅", "QY_REGION": "110100", "QY_REGION_NAME": "北京市-市辖区", "OLD_CODE": "669127476", "COLLECT_TIME": 1622264114000, "QY_SRC_TYPE": "0", "hub_crawl_status": 0}, {"RN": 33, "QY_ID": "002105291255778616", "QY_ORG_CODE": "9111011563369652X1", "QY_NAME": "北京国都筑合建筑设计事务所有限公司", "QY_FR_NAME": "肖中义", "QY_REGION": "110100", "QY_REGION_NAME": "北京市-市辖区", "OLD_CODE": "63369652X", "COLLECT_TIME": 1622264114000, "QY_SRC_TYPE": "0", "hub_crawl_status": 0}, {"RN": 34, "QY_ID": "002105291305851947", "QY_ORG_CODE": "91110108769944510B", "QY_NAME": "北京简盟建筑设计事务所（普通合伙）", "QY_FR_NAME": "王灏", "QY_REGION": "110100", "QY_REGION_NAME": "北京市-市辖区", "OLD_CODE": "769944510", "COLLECT_TIME": 1622264728000, "QY_SRC_TYPE": "0", "hub_crawl_status": 0}, {"RN": 35, "QY_ID": "002105291305861202", "QY_ORG_CODE": "91110302MA018DEX6C", "QY_NAME": "蔺科（北京）建筑设计事务所有限公司", "QY_FR_NAME": "商宏", "QY_REGION": "110100", "QY_REGION_NAME": "北京市-市辖区", "OLD_CODE": "MA018DEX6", "COLLECT_TIME": 1622264738000, "QY_SRC_TYPE": "0", "hub_crawl_status": 0}, {"RN": 36, "QY_ID": "002105291312905199", "QY_ORG_CODE": "91110101563652555F", "QY_NAME": "北京尚驰环球建筑设计有限公司", "QY_FR_NAME": "张弛", "QY_REGION": "110100", "QY_REGION_NAME": "北京市-市辖区", "OLD_CODE": "563652555", "COLLECT_TIME": 1622265164000, "QY_SRC_TYPE": "0", "hub_crawl_status": 0}, {"RN": 37, "QY_ID": "002105291313940956", "QY_ORG_CODE": "9111011675529342XM", "QY_NAME": "北京联合维思平建筑设计事务所有限公司", "QY_FR_NAME": "吴钢", "QY_REGION": "110100", "QY_REGION_NAME": "北京市-市辖区", "OLD_CODE": "75529342X", "COLLECT_TIME": 1622265204000, "QY_SRC_TYPE": "0", "hub_crawl_status": 0}, {"RN": 38, "QY_ID": "002105291328022583", "QY_ORG_CODE": "911101085844213778", "QY_NAME": "北京优思九廷建筑设计事务所有限公司", "QY_FR_NAME": "陈柏旭", "QY_REGION": "110100", "QY_REGION_NAME": "北京市-市辖区", "OLD_CODE": "584421377", "COLLECT_TIME": 1622266081000, "QY_SRC_TYPE": "0", "hub_crawl_status": 0}]