[{"RN": 1, "QY_ID": "002105291240521925", "QY_ORG_CODE": "91110000710929148A", "QY_NAME": "中化岩土集团股份有限公司", "QY_FR_NAME": "邓明长", "QY_REGION": "110000", "QY_REGION_NAME": "北京市", "OLD_CODE": "710929148", "COLLECT_TIME": 1622263233000, "QY_SRC_TYPE": "0", "hub_crawl_status": 0}, {"RN": 2, "QY_ID": "002105291241616463", "QY_ORG_CODE": "91110108668419194P", "QY_NAME": "北京市勘察设计研究院有限公司", "QY_FR_NAME": "徐宏声", "QY_REGION": "110000", "QY_REGION_NAME": "北京市", "OLD_CODE": "668419194", "COLLECT_TIME": 1622263303000, "QY_SRC_TYPE": "0", "hub_crawl_status": 0}, {"RN": 3, "QY_ID": "002105291248667345", "QY_ORG_CODE": "91110112746703378M", "QY_NAME": "北京城际通岩土工程有限公司", "QY_FR_NAME": "王有为", "QY_REGION": "110100", "QY_REGION_NAME": "北京市-市辖区", "OLD_CODE": "746703378", "COLLECT_TIME": 1622263699000, "QY_SRC_TYPE": "0", "hub_crawl_status": 0}, {"RN": 4, "QY_ID": "002105291254724843", "QY_ORG_CODE": "91110105101720461Y", "QY_NAME": "北京城建勘测设计研究院有限责任公司", "QY_FR_NAME": "马海志", "QY_REGION": "110000", "QY_REGION_NAME": "北京市", "OLD_CODE": "101720461", "COLLECT_TIME": 1622264054000, "QY_SRC_TYPE": "0", "hub_crawl_status": 0}, {"RN": 5, "QY_ID": "002105291258785377", "QY_ORG_CODE": "9111011463379586X3", "QY_NAME": "北京地矿工程建设有限责任公司", "QY_FR_NAME": "刘永亮", "QY_REGION": "110000", "QY_REGION_NAME": "北京市", "OLD_CODE": "63379586X", "COLLECT_TIME": 1622264310000, "QY_SRC_TYPE": "0", "hub_crawl_status": 0}]