[{"RN": 1, "QY_ID": "002105291239452469", "QY_ORG_CODE": "91110000663105807B", "QY_NAME": "航天长征化学工程股份有限公司", "QY_FR_NAME": "姜从斌", "QY_REGION": "110000", "QY_REGION_NAME": "北京市", "OLD_CODE": "663105807", "COLLECT_TIME": 1622263196000, "QY_SRC_TYPE": "0", "hub_crawl_status": 0}, {"RN": 2, "QY_ID": "002105291239453156", "QY_ORG_CODE": "91110105783992316E", "QY_NAME": "北京兴杰恒业石油化工技术有限公司", "QY_FR_NAME": "杨从秀", "QY_REGION": "110000", "QY_REGION_NAME": "北京市", "OLD_CODE": "783992316", "COLLECT_TIME": 1622263197000, "QY_SRC_TYPE": "0", "hub_crawl_status": 0}, {"RN": 3, "QY_ID": "002105291239453490", "QY_ORG_CODE": "91110108749368763X", "QY_NAME": "北京东方华智石油工程有限公司", "QY_FR_NAME": "黄懿雪", "QY_REGION": "110000", "QY_REGION_NAME": "北京市", "OLD_CODE": "749368763", "COLLECT_TIME": 1622263197000, "QY_SRC_TYPE": "0", "hub_crawl_status": 0}, {"RN": 4, "QY_ID": "002105291241606908", "QY_ORG_CODE": "911103027415717917", "QY_NAME": "北京中寰工程项目管理有限公司", "QY_FR_NAME": "方贤信", "QY_REGION": "110100", "QY_REGION_NAME": "北京市-市辖区", "OLD_CODE": "741571791", "COLLECT_TIME": 1622263294000, "QY_SRC_TYPE": "0", "hub_crawl_status": 0}, {"RN": 5, "QY_ID": "002105291241623536", "QY_ORG_CODE": "91110113101171570K", "QY_NAME": "北京中航油工程建设有限公司", "QY_FR_NAME": "白玉波", "QY_REGION": "110000", "QY_REGION_NAME": "北京市", "OLD_CODE": "101171570", "COLLECT_TIME": 1622263311000, "QY_SRC_TYPE": "0", "hub_crawl_status": 0}, {"RN": 6, "QY_ID": "002105291254741378", "QY_ORG_CODE": "911101081019461619", "QY_NAME": "北京海淀中京工程设计软件技术有限公司", "QY_FR_NAME": "王小强", "QY_REGION": "110000", "QY_REGION_NAME": "北京市", "OLD_CODE": "101946161", "COLLECT_TIME": 1622264072000, "QY_SRC_TYPE": "0", "hub_crawl_status": 0}]