[{"RN": 1, "QY_ID": "002105291240523530", "QY_ORG_CODE": "91110115MA008M465G", "QY_NAME": "华商国际工程有限公司", "QY_FR_NAME": "李晓虎", "QY_REGION": "110000", "QY_REGION_NAME": "北京市", "OLD_CODE": "MA008M465", "COLLECT_TIME": 1622263234000, "QY_SRC_TYPE": "0", "hub_crawl_status": 0}, {"RN": 2, "QY_ID": "002105291241618099", "QY_ORG_CODE": "911101051016586378", "QY_NAME": "北京石油化工工程有限公司", "QY_FR_NAME": "许缄涛", "QY_REGION": "110000", "QY_REGION_NAME": "北京市", "OLD_CODE": "101658637", "COLLECT_TIME": 1622263305000, "QY_SRC_TYPE": "0", "hub_crawl_status": 0}]