[{"RN": 1, "QY_ID": "002105291240516153", "QY_ORG_CODE": "91110108766274638E", "QY_NAME": "北京金水工程设计有限公司", "QY_FR_NAME": "周扬", "QY_REGION": "110100", "QY_REGION_NAME": "北京市-市辖区", "OLD_CODE": "766274638", "COLLECT_TIME": 1622263230000, "QY_SRC_TYPE": "0", "hub_crawl_status": 0}, {"RN": 2, "QY_ID": "002105291240553986", "QY_ORG_CODE": "91110108681952399L", "QY_NAME": "时代新智仿真技术有限公司", "QY_FR_NAME": "严汝建", "QY_REGION": "110100", "QY_REGION_NAME": "北京市-市辖区", "OLD_CODE": "681952399", "COLLECT_TIME": 1622263254000, "QY_SRC_TYPE": "0", "hub_crawl_status": 0}, {"RN": 3, "QY_ID": "002105291241600073", "QY_ORG_CODE": "91110108737660118M", "QY_NAME": "水科远大（北京）交通设计院有限公司", "QY_FR_NAME": "费海波", "QY_REGION": "110100", "QY_REGION_NAME": "北京市-市辖区", "OLD_CODE": "737660118", "COLLECT_TIME": 1622263287000, "QY_SRC_TYPE": "0", "hub_crawl_status": 0}, {"RN": 4, "QY_ID": "002105291248647162", "QY_ORG_CODE": "91110108802657653P", "QY_NAME": "北京赛迪工业和信息化工程设计中心有限公司", "QY_FR_NAME": "于萱", "QY_REGION": "110100", "QY_REGION_NAME": "北京市-市辖区", "OLD_CODE": "802657653", "COLLECT_TIME": 1622263681000, "QY_SRC_TYPE": "0", "hub_crawl_status": 0}, {"RN": 5, "QY_ID": "002105291259838422", "QY_ORG_CODE": "911101023181023573", "QY_NAME": "航天科工智慧产业发展有限公司", "QY_FR_NAME": "肖海潮", "QY_REGION": "110000", "QY_REGION_NAME": "北京市", "OLD_CODE": "318102357", "COLLECT_TIME": 1622264374000, "QY_SRC_TYPE": "0", "hub_crawl_status": 0}]