[{"RN": 1, "QY_ID": "002105291240459780", "QY_ORG_CODE": "911100001011159077", "QY_NAME": "中电建建筑集团有限公司", "QY_FR_NAME": "常满祥", "QY_REGION": "110100", "QY_REGION_NAME": "北京市-市辖区", "OLD_CODE": "101115907", "COLLECT_TIME": 1622263200000, "QY_SRC_TYPE": "0", "hub_crawl_status": 0}, {"RN": 2, "QY_ID": "002105291240463390", "QY_ORG_CODE": "91110000710930579X", "QY_NAME": "中信建设有限责任公司", "QY_FR_NAME": "陈晓佳", "QY_REGION": "110100", "QY_REGION_NAME": "北京市-市辖区", "OLD_CODE": "710930579", "COLLECT_TIME": 1622263202000, "QY_SRC_TYPE": "0", "hub_crawl_status": 0}, {"RN": 3, "QY_ID": "002105291240464951", "QY_ORG_CODE": "911100001000019670", "QY_NAME": "中国机械工业建设集团有限公司", "QY_FR_NAME": "赵拥军", "QY_REGION": "110100", "QY_REGION_NAME": "北京市-市辖区", "OLD_CODE": "100001967", "COLLECT_TIME": 1622263203000, "QY_SRC_TYPE": "0", "hub_crawl_status": 0}, {"RN": 4, "QY_ID": "002105291240465382", "QY_ORG_CODE": "91110000101389748B", "QY_NAME": "北京市第三建筑工程有限公司", "QY_FR_NAME": "柳沁", "QY_REGION": "110100", "QY_REGION_NAME": "北京市-市辖区", "OLD_CODE": "101389748", "COLLECT_TIME": 1622263203000, "QY_SRC_TYPE": "0", "hub_crawl_status": 0}, {"RN": 5, "QY_ID": "002105291240491867", "QY_ORG_CODE": "911100007109351850", "QY_NAME": "中国建筑股份有限公司", "QY_FR_NAME": "周乃翔", "QY_REGION": "110100", "QY_REGION_NAME": "北京市-市辖区", "OLD_CODE": "710935185", "COLLECT_TIME": 1622263216000, "QY_SRC_TYPE": "0", "hub_crawl_status": 0}, {"RN": 6, "QY_ID": "002105291240499392", "QY_ORG_CODE": "91110000101909934T", "QY_NAME": "北京城建集团有限责任公司", "QY_FR_NAME": "陈代华", "QY_REGION": "110000", "QY_REGION_NAME": "北京市", "OLD_CODE": "101909934", "COLLECT_TIME": 1622263221000, "QY_SRC_TYPE": "0", "hub_crawl_status": 0}, {"RN": 7, "QY_ID": "002105291240512950", "QY_ORG_CODE": "911100001016367613", "QY_NAME": "中铁十六局集团有限公司", "QY_FR_NAME": "程红彬", "QY_REGION": "110100", "QY_REGION_NAME": "北京市-市辖区", "OLD_CODE": "101636761", "COLLECT_TIME": 1622263228000, "QY_SRC_TYPE": "0", "hub_crawl_status": 0}, {"RN": 8, "QY_ID": "002105291240513029", "QY_ORG_CODE": "911101138024920191", "QY_NAME": "中北华宇建筑工程公司", "QY_FR_NAME": "孟金生", "QY_REGION": "110100", "QY_REGION_NAME": "北京市-市辖区", "OLD_CODE": "802492019", "COLLECT_TIME": 1622263228000, "QY_SRC_TYPE": "0", "hub_crawl_status": 0}, {"RN": 9, "QY_ID": "002105291240513032", "QY_ORG_CODE": "91110000102170748K", "QY_NAME": "中铁电气化局集团北京建筑工程有限公司", "QY_FR_NAME": "赫全胜", "QY_REGION": "110000", "QY_REGION_NAME": "北京市", "OLD_CODE": "102170748", "COLLECT_TIME": 1622263228000, "QY_SRC_TYPE": "0", "hub_crawl_status": 0}, {"RN": 10, "QY_ID": "002105291240513916", "QY_ORG_CODE": "91110000122027391R", "QY_NAME": "中铁十九局集团有限公司", "QY_FR_NAME": "杨哲峰", "QY_REGION": "110100", "QY_REGION_NAME": "北京市-市辖区", "OLD_CODE": "122027391", "COLLECT_TIME": 1622263229000, "QY_SRC_TYPE": "0", "hub_crawl_status": 0}, {"RN": 11, "QY_ID": "002105291240515114", "QY_ORG_CODE": "91110101102126157P", "QY_NAME": "中建一局集团第三建筑有限公司", "QY_FR_NAME": "杨建平", "QY_REGION": "110000", "QY_REGION_NAME": "北京市", "OLD_CODE": "102126157", "COLLECT_TIME": 1622263229000, "QY_SRC_TYPE": "0", "hub_crawl_status": 0}, {"RN": 12, "QY_ID": "002105291240515248", "QY_ORG_CODE": "91110000104341301L", "QY_NAME": "中建二局第一建筑工程有限公司", "QY_FR_NAME": "王琦", "QY_REGION": "110100", "QY_REGION_NAME": "北京市-市辖区", "OLD_CODE": "104341301", "COLLECT_TIME": 1622263230000, "QY_SRC_TYPE": "0", "hub_crawl_status": 0}, {"RN": 13, "QY_ID": "002105291240530843", "QY_ORG_CODE": "91110000101720701C", "QY_NAME": "北京城建亚泰建设集团有限公司", "QY_FR_NAME": "秦树东", "QY_REGION": "110000", "QY_REGION_NAME": "北京市", "OLD_CODE": "101720701", "COLLECT_TIME": 1622263239000, "QY_SRC_TYPE": "0", "hub_crawl_status": 0}, {"RN": 14, "QY_ID": "002105291240552511", "QY_ORG_CODE": "9111000010144476XX", "QY_NAME": "中国新兴建筑工程有限责任公司", "QY_FR_NAME": "贾玉斌", "QY_REGION": "110000", "QY_REGION_NAME": "北京市", "OLD_CODE": "10144476X", "COLLECT_TIME": 1622263253000, "QY_SRC_TYPE": "0", "hub_crawl_status": 0}, {"RN": 15, "QY_ID": "002105291240558562", "QY_ORG_CODE": "91110000105520221M", "QY_NAME": "中国华冶科工集团有限公司", "QY_FR_NAME": "刘玉军", "QY_REGION": "110000", "QY_REGION_NAME": "北京市", "OLD_CODE": "105520221", "COLLECT_TIME": 1622263257000, "QY_SRC_TYPE": "0", "hub_crawl_status": 0}]