[{"RN": 16, "QY_ID": "002105291240561698", "QY_ORG_CODE": "91110000101510712K", "QY_NAME": "北京建工四建工程建设有限公司", "QY_FR_NAME": "孙振泉", "QY_REGION": "110100", "QY_REGION_NAME": "北京市-市辖区", "OLD_CODE": "101510712", "COLLECT_TIME": 1622263259000, "QY_SRC_TYPE": "0", "hub_crawl_status": 0}, {"RN": 17, "QY_ID": "002105291241568172", "QY_ORG_CODE": "91110108101884765M", "QY_NAME": "中铁六局集团有限公司", "QY_FR_NAME": "韦国", "QY_REGION": "110000", "QY_REGION_NAME": "北京市", "OLD_CODE": "101884765", "COLLECT_TIME": 1622263263000, "QY_SRC_TYPE": "0", "hub_crawl_status": 0}, {"RN": 18, "QY_ID": "002105291241587211", "QY_ORG_CODE": "9111000071092227XH", "QY_NAME": "中铁二十二局集团有限公司", "QY_FR_NAME": "赵红鹰", "QY_REGION": "110100", "QY_REGION_NAME": "北京市-市辖区", "OLD_CODE": "71092227X", "COLLECT_TIME": 1622263277000, "QY_SRC_TYPE": "0", "hub_crawl_status": 0}, {"RN": 19, "QY_ID": "002105291241593827", "QY_ORG_CODE": "91110000717843400B", "QY_NAME": "中国建筑设计研究院有限公司", "QY_FR_NAME": "宋源", "QY_REGION": "110100", "QY_REGION_NAME": "北京市-市辖区", "OLD_CODE": "717843400", "COLLECT_TIME": 1622263282000, "QY_SRC_TYPE": "0", "hub_crawl_status": 0}, {"RN": 20, "QY_ID": "002105291241596944", "QY_ORG_CODE": "12345678999999119X", "QY_NAME": "海军研究院海防工程设计研究所", "QY_FR_NAME": "王全胜", "QY_REGION": "110000", "QY_REGION_NAME": "北京市", "OLD_CODE": "999999119", "COLLECT_TIME": 1622263284000, "QY_SRC_TYPE": "0", "hub_crawl_status": 0}, {"RN": 21, "QY_ID": "002105291242638653", "QY_ORG_CODE": "12345678999999189X", "QY_NAME": "空军研究院工程设计研究所", "QY_FR_NAME": "巩卫东", "QY_REGION": "110100", "QY_REGION_NAME": "北京市-市辖区", "OLD_CODE": "999999189", "COLLECT_TIME": 1622263334000, "QY_SRC_TYPE": "0", "hub_crawl_status": 0}, {"RN": 22, "QY_ID": "002105291248652505", "QY_ORG_CODE": "123456789A9999149X", "QY_NAME": "军事科学院国防工程研究院", "QY_FR_NAME": "卫东", "QY_REGION": "110100", "QY_REGION_NAME": "北京市-市辖区", "OLD_CODE": "9A9999149", "COLLECT_TIME": 1622263685000, "QY_SRC_TYPE": "0", "hub_crawl_status": 0}, {"RN": 23, "QY_ID": "002105291248700406", "QY_ORG_CODE": "12345678999999359X", "QY_NAME": "火箭军研究院工程设计研究所", "QY_FR_NAME": "李吉", "QY_REGION": "110100", "QY_REGION_NAME": "北京市-市辖区", "OLD_CODE": "999999359", "COLLECT_TIME": 1622263739000, "QY_SRC_TYPE": "0", "hub_crawl_status": 0}, {"RN": 24, "QY_ID": "002105291254752982", "QY_ORG_CODE": "91110000597692141M", "QY_NAME": "北京市建筑设计研究院有限公司", "QY_FR_NAME": "徐全胜", "QY_REGION": "110000", "QY_REGION_NAME": "北京市", "OLD_CODE": "597692141", "COLLECT_TIME": 1622264084000, "QY_SRC_TYPE": "0", "hub_crawl_status": 0}, {"RN": 25, "QY_ID": "002105291255776143", "QY_ORG_CODE": "91110108102059206L", "QY_NAME": "华优建筑设计院有限责任公司", "QY_FR_NAME": "刘蕴卓", "QY_REGION": "110100", "QY_REGION_NAME": "北京市-市辖区", "OLD_CODE": "102059206", "COLLECT_TIME": 1622264111000, "QY_SRC_TYPE": "0", "hub_crawl_status": 0}, {"RN": 26, "QY_ID": "002105291305861207", "QY_ORG_CODE": "911100007596009847", "QY_NAME": "中交第三公路工程局有限公司", "QY_FR_NAME": "蔡唐涛", "QY_REGION": "110000", "QY_REGION_NAME": "北京市", "OLD_CODE": "759600984", "COLLECT_TIME": 1622264738000, "QY_SRC_TYPE": "0", "hub_crawl_status": 0}]