[{"RN": 1, "QY_ID": "002105291240473152", "QY_ORG_CODE": "91110108801184225J", "QY_NAME": "北京沃德智光国际照明科技有限公司", "QY_FR_NAME": "蔡金樟", "QY_REGION": "110000", "QY_REGION_NAME": "北京市", "OLD_CODE": "801184225", "COLLECT_TIME": 1622263207000, "QY_SRC_TYPE": "0", "hub_crawl_status": 0}, {"RN": 2, "QY_ID": "002105291240474195", "QY_ORG_CODE": "911101058017128847", "QY_NAME": "北京平年照明技术有限公司", "QY_FR_NAME": "李继平", "QY_REGION": "110000", "QY_REGION_NAME": "北京市", "OLD_CODE": "801712884", "COLLECT_TIME": 1622263208000, "QY_SRC_TYPE": "0", "hub_crawl_status": 0}, {"RN": 3, "QY_ID": "002105291240480508", "QY_ORG_CODE": "91110109802345449E", "QY_NAME": "北京甲尼国际照明工程有限公司", "QY_FR_NAME": "霍超", "QY_REGION": "110000", "QY_REGION_NAME": "北京市", "OLD_CODE": "802345449", "COLLECT_TIME": 1622263211000, "QY_SRC_TYPE": "0", "hub_crawl_status": 0}, {"RN": 4, "QY_ID": "002105291240513437", "QY_ORG_CODE": "911101126812397619", "QY_NAME": "北京嘉禾锦业照明工程有限公司", "QY_FR_NAME": "谢孝前", "QY_REGION": "110000", "QY_REGION_NAME": "北京市", "OLD_CODE": "681239761", "COLLECT_TIME": 1622263229000, "QY_SRC_TYPE": "0", "hub_crawl_status": 0}, {"RN": 5, "QY_ID": "002105291240514539", "QY_ORG_CODE": "91110111660543713M", "QY_NAME": "北京生光谷科技股份有限公司", "QY_FR_NAME": "刘中华", "QY_REGION": "110100", "QY_REGION_NAME": "北京市-市辖区", "OLD_CODE": "660543713", "COLLECT_TIME": 1622263229000, "QY_SRC_TYPE": "0", "hub_crawl_status": 0}, {"RN": 6, "QY_ID": "002105291241580334", "QY_ORG_CODE": "91110000100026793Y", "QY_NAME": "同方股份有限公司", "QY_FR_NAME": "黄敏刚", "QY_REGION": "110000", "QY_REGION_NAME": "北京市", "OLD_CODE": "100026793", "COLLECT_TIME": 1622263272000, "QY_SRC_TYPE": "0", "hub_crawl_status": 0}, {"RN": 7, "QY_ID": "002105291241605732", "QY_ORG_CODE": "91110108782522726T", "QY_NAME": "栋梁国际照明设计（北京）中心有限公司", "QY_FR_NAME": "许东亮", "QY_REGION": "110000", "QY_REGION_NAME": "北京市", "OLD_CODE": "782522726", "COLLECT_TIME": 1622263293000, "QY_SRC_TYPE": "0", "hub_crawl_status": 0}, {"RN": 8, "QY_ID": "002105291248660792", "QY_ORG_CODE": "91110117740404596F", "QY_NAME": "北京高光环艺照明设计有限公司", "QY_FR_NAME": "岳存泽", "QY_REGION": "110000", "QY_REGION_NAME": "北京市", "OLD_CODE": "740404596", "COLLECT_TIME": 1622263693000, "QY_SRC_TYPE": "0", "hub_crawl_status": 0}, {"RN": 9, "QY_ID": "002105291249705667", "QY_ORG_CODE": "911101086757337479", "QY_NAME": "北京金时佰德技术有限公司", "QY_FR_NAME": "高健雄", "QY_REGION": "110000", "QY_REGION_NAME": "北京市", "OLD_CODE": "675733747", "COLLECT_TIME": 1622263746000, "QY_SRC_TYPE": "0", "hub_crawl_status": 0}, {"RN": 10, "QY_ID": "002105291249714868", "QY_ORG_CODE": "91110115733455977Q", "QY_NAME": "北京五色国际照明科技有限公司", "QY_FR_NAME": "李芳", "QY_REGION": "110000", "QY_REGION_NAME": "北京市", "OLD_CODE": "733455977", "COLLECT_TIME": 1622263760000, "QY_SRC_TYPE": "0", "hub_crawl_status": 0}, {"RN": 11, "QY_ID": "002105291254717984", "QY_ORG_CODE": "91110115786887423P", "QY_NAME": "北京清创光环境设计院有限公司", "QY_FR_NAME": "马频晓", "QY_REGION": "110000", "QY_REGION_NAME": "北京市", "OLD_CODE": "786887423", "COLLECT_TIME": 1622264047000, "QY_SRC_TYPE": "0", "hub_crawl_status": 0}, {"RN": 12, "QY_ID": "002105291254728492", "QY_ORG_CODE": "91110115802875087F", "QY_NAME": "北京星光裕华照明技术开发有限公司", "QY_FR_NAME": "韩天鸿", "QY_REGION": "110100", "QY_REGION_NAME": "北京市-市辖区", "OLD_CODE": "802875087", "COLLECT_TIME": 1622264059000, "QY_SRC_TYPE": "0", "hub_crawl_status": 0}, {"RN": 13, "QY_ID": "002105291254731303", "QY_ORG_CODE": "91110108723950093X", "QY_NAME": "豪尔赛科技集团股份有限公司", "QY_FR_NAME": "戴宝林", "QY_REGION": "110000", "QY_REGION_NAME": "北京市", "OLD_CODE": "723950093", "COLLECT_TIME": 1622264062000, "QY_SRC_TYPE": "0", "hub_crawl_status": 0}, {"RN": 14, "QY_ID": "002105291254737995", "QY_ORG_CODE": "91110108584422003T", "QY_NAME": "北京凯森光艺术设计有限公司", "QY_FR_NAME": "张欣", "QY_REGION": "110100", "QY_REGION_NAME": "北京市-市辖区", "OLD_CODE": "584422003", "COLLECT_TIME": 1622264068000, "QY_SRC_TYPE": "0", "hub_crawl_status": 0}, {"RN": 15, "QY_ID": "002105291258791497", "QY_ORG_CODE": "91110115663728553L", "QY_NAME": "北京奥瑞特照明集团有限公司", "QY_FR_NAME": "杨勇", "QY_REGION": "110000", "QY_REGION_NAME": "北京市", "OLD_CODE": "663728553", "COLLECT_TIME": 1622264317000, "QY_SRC_TYPE": "0", "hub_crawl_status": 0}]