[{"RN": 16, "QY_ID": "002105291258794377", "QY_ORG_CODE": "911101057404305758", "QY_NAME": "北京中奥天合国际环境科技有限公司", "QY_FR_NAME": "孙衍燊", "QY_REGION": "110000", "QY_REGION_NAME": "北京市", "OLD_CODE": "740430575", "COLLECT_TIME": 1622264320000, "QY_SRC_TYPE": "0", "hub_crawl_status": 0}, {"RN": 17, "QY_ID": "002105291258795212", "QY_ORG_CODE": "91110117685765267P", "QY_NAME": "北京恋日雅光照明设计有限公司", "QY_FR_NAME": "邵寿鹏", "QY_REGION": "110000", "QY_REGION_NAME": "北京市", "OLD_CODE": "685765267", "COLLECT_TIME": 1622264321000, "QY_SRC_TYPE": "0", "hub_crawl_status": 0}, {"RN": 18, "QY_ID": "002105291258795950", "QY_ORG_CODE": "91110107102313948M", "QY_NAME": "北京克赛思新能源科技有限公司", "QY_FR_NAME": "赵东生", "QY_REGION": "110000", "QY_REGION_NAME": "北京市", "OLD_CODE": "102313948", "COLLECT_TIME": 1622264322000, "QY_SRC_TYPE": "0", "hub_crawl_status": 0}, {"RN": 19, "QY_ID": "002105291258809885", "QY_ORG_CODE": "9111010866312686X5", "QY_NAME": "北京清美道合规划设计院有限公司", "QY_FR_NAME": "王玺", "QY_REGION": "110100", "QY_REGION_NAME": "北京市-市辖区", "OLD_CODE": "66312686X", "COLLECT_TIME": 1622264338000, "QY_SRC_TYPE": "0", "hub_crawl_status": 0}, {"RN": 20, "QY_ID": "002105291259840220", "QY_ORG_CODE": "911103025636138049", "QY_NAME": "良业科技集团股份有限公司", "QY_FR_NAME": "梁毅", "QY_REGION": "110000", "QY_REGION_NAME": "北京市", "OLD_CODE": "563613804", "COLLECT_TIME": 1622264376000, "QY_SRC_TYPE": "0", "hub_crawl_status": 0}, {"RN": 21, "QY_ID": "002105291306889625", "QY_ORG_CODE": "9111011675871543XN", "QY_NAME": "北京新时空科技股份有限公司", "QY_FR_NAME": "宫殿海", "QY_REGION": "110000", "QY_REGION_NAME": "北京市", "OLD_CODE": "75871543X", "COLLECT_TIME": 1622264770000, "QY_SRC_TYPE": "0", "hub_crawl_status": 0}, {"RN": 22, "QY_ID": "002105291328025477", "QY_ORG_CODE": "91110109098281559H", "QY_NAME": "京运佑锦照明技术（北京）有限公司", "QY_FR_NAME": "张品", "QY_REGION": "110100", "QY_REGION_NAME": "北京市-市辖区", "OLD_CODE": "098281559", "COLLECT_TIME": 1622266084000, "QY_SRC_TYPE": "0", "hub_crawl_status": 0}]