[{"RN": 1, "QY_ID": "002105291239452557", "QY_ORG_CODE": "9111000071093211XD", "QY_NAME": "中国水电工程顾问集团有限公司", "QY_FR_NAME": "曹春江", "QY_REGION": "110000", "QY_REGION_NAME": "北京市", "OLD_CODE": "71093211X", "COLLECT_TIME": 1622263196000, "QY_SRC_TYPE": "0", "hub_crawl_status": 0}, {"RN": 2, "QY_ID": "002105291242631883", "QY_ORG_CODE": "91110000074130529R", "QY_NAME": "中国电力工程顾问集团新能源有限公司", "QY_FR_NAME": "刘建强", "QY_REGION": "110000", "QY_REGION_NAME": "北京市", "OLD_CODE": "074130529", "COLLECT_TIME": 1622263322000, "QY_SRC_TYPE": "0", "hub_crawl_status": 0}, {"RN": 3, "QY_ID": "002105291248672390", "QY_ORG_CODE": "911100007178433635", "QY_NAME": "电力规划总院有限公司", "QY_FR_NAME": "杜忠明", "QY_REGION": "110100", "QY_REGION_NAME": "北京市-市辖区", "OLD_CODE": "717843363", "COLLECT_TIME": 1622263704000, "QY_SRC_TYPE": "0", "hub_crawl_status": 0}, {"RN": 4, "QY_ID": "002105291249706112", "QY_ORG_CODE": "91110000100006231N", "QY_NAME": "中国电力建设工程咨询有限公司", "QY_FR_NAME": "陈继平", "QY_REGION": "110000", "QY_REGION_NAME": "北京市", "OLD_CODE": "100006231", "COLLECT_TIME": 1622263747000, "QY_SRC_TYPE": "0", "hub_crawl_status": 0}]