[{"RN": 1, "QY_ID": "002105291239452222", "QY_ORG_CODE": "911101141023570433", "QY_NAME": "北京京盛工程勘察中心", "QY_FR_NAME": "刘海生", "QY_REGION": "110000", "QY_REGION_NAME": "北京市", "OLD_CODE": "102357043", "COLLECT_TIME": 1622263196000, "QY_SRC_TYPE": "0", "hub_crawl_status": 0}, {"RN": 2, "QY_ID": "002105291239453826", "QY_ORG_CODE": "91110105400615610P", "QY_NAME": "北京维拓时代建筑设计股份有限公司", "QY_FR_NAME": "孙祥恕", "QY_REGION": "110000", "QY_REGION_NAME": "北京市", "OLD_CODE": "400615610", "COLLECT_TIME": 1622263197000, "QY_SRC_TYPE": "0", "hub_crawl_status": 0}, {"RN": 3, "QY_ID": "002105291240467571", "QY_ORG_CODE": "911101127109315040", "QY_NAME": "中地地矿建设有限公司", "QY_FR_NAME": "王愉吾", "QY_REGION": "110000", "QY_REGION_NAME": "北京市", "OLD_CODE": "710931504", "COLLECT_TIME": 1622263204000, "QY_SRC_TYPE": "0", "hub_crawl_status": 0}, {"RN": 4, "QY_ID": "002105291240474056", "QY_ORG_CODE": "91110000101715726A", "QY_NAME": "中建一局集团建设发展有限公司", "QY_FR_NAME": "廖钢林", "QY_REGION": "110000", "QY_REGION_NAME": "北京市", "OLD_CODE": "101715726", "COLLECT_TIME": 1622263208000, "QY_SRC_TYPE": "0", "hub_crawl_status": 0}, {"RN": 5, "QY_ID": "002105291240493446", "QY_ORG_CODE": "91110302672804757X", "QY_NAME": "北京健安诚岩土工程有限公司", "QY_FR_NAME": "石健", "QY_REGION": "110000", "QY_REGION_NAME": "北京市", "OLD_CODE": "672804757", "COLLECT_TIME": 1622263217000, "QY_SRC_TYPE": "0", "hub_crawl_status": 0}, {"RN": 6, "QY_ID": "002105291240545986", "QY_ORG_CODE": "91110000100011188F", "QY_NAME": "中国航空规划设计研究总院有限公司", "QY_FR_NAME": "廉大为", "QY_REGION": "110000", "QY_REGION_NAME": "北京市", "OLD_CODE": "100011188", "COLLECT_TIME": 1622263249000, "QY_SRC_TYPE": "0", "hub_crawl_status": 0}, {"RN": 7, "QY_ID": "002105291241568172", "QY_ORG_CODE": "91110108101884765M", "QY_NAME": "中铁六局集团有限公司", "QY_FR_NAME": "韦国", "QY_REGION": "110000", "QY_REGION_NAME": "北京市", "OLD_CODE": "101884765", "COLLECT_TIME": 1622263263000, "QY_SRC_TYPE": "0", "hub_crawl_status": 0}, {"RN": 8, "QY_ID": "002105291241571354", "QY_ORG_CODE": "91110105101801990M", "QY_NAME": "北京岩土工程勘察院有限公司", "QY_FR_NAME": "何怀峰", "QY_REGION": "110000", "QY_REGION_NAME": "北京市", "OLD_CODE": "101801990", "COLLECT_TIME": 1622263265000, "QY_SRC_TYPE": "0", "hub_crawl_status": 0}, {"RN": 9, "QY_ID": "002105291241625491", "QY_ORG_CODE": "91110108101105960Q", "QY_NAME": "北京市地质工程有限责任公司", "QY_FR_NAME": "孟雷", "QY_REGION": "110000", "QY_REGION_NAME": "北京市", "OLD_CODE": "101105960", "COLLECT_TIME": 1622263314000, "QY_SRC_TYPE": "0", "hub_crawl_status": 0}, {"RN": 10, "QY_ID": "002105291241626580", "QY_ORG_CODE": "911101027802218828", "QY_NAME": "北京乾华科技发展有限公司", "QY_FR_NAME": "陈晨", "QY_REGION": "110000", "QY_REGION_NAME": "北京市", "OLD_CODE": "780221882", "COLLECT_TIME": 1622263316000, "QY_SRC_TYPE": "0", "hub_crawl_status": 0}, {"RN": 11, "QY_ID": "002105291305848034", "QY_ORG_CODE": "91110302MA01PPQJ3W", "QY_NAME": "大地巨人（北京）工程科技有限公司", "QY_FR_NAME": "水伟厚", "QY_REGION": "110000", "QY_REGION_NAME": "北京市", "OLD_CODE": "MA01PPQJ3", "COLLECT_TIME": 1622264724000, "QY_SRC_TYPE": "0", "hub_crawl_status": 0}, {"RN": 12, "QY_ID": "002105291305876786", "QY_ORG_CODE": "91110228MA00AT4B6C", "QY_NAME": "北京中地恒基建筑工程有限公司", "QY_FR_NAME": "熊向前", "QY_REGION": "110000", "QY_REGION_NAME": "北京市", "OLD_CODE": "MA00AT4B6", "COLLECT_TIME": 1622264758000, "QY_SRC_TYPE": "0", "hub_crawl_status": 0}, {"RN": 13, "QY_ID": "002105291322003880", "QY_ORG_CODE": "91110228103011167R", "QY_NAME": "北京市一零一地质有限公司", "QY_FR_NAME": "段石敦", "QY_REGION": "110000", "QY_REGION_NAME": "北京市", "OLD_CODE": "103011167", "COLLECT_TIME": 1622265762000, "QY_SRC_TYPE": "0", "hub_crawl_status": 0}]