[{"RN": 1, "QY_ID": "002105291239452584", "QY_ORG_CODE": "911101051017081201", "QY_NAME": "北京中通公路桥梁工程咨询发展有限公司", "QY_FR_NAME": "彭毅", "QY_REGION": "110000", "QY_REGION_NAME": "北京市", "OLD_CODE": "101708120", "COLLECT_TIME": 1622263196000, "QY_SRC_TYPE": "0", "hub_crawl_status": 0}, {"RN": 2, "QY_ID": "002105291240527817", "QY_ORG_CODE": "400019229", "QY_NAME": "交通运输部规划研究院", "QY_FR_NAME": "杨文银", "QY_REGION": "110100", "QY_REGION_NAME": "北京市-市辖区", "OLD_CODE": "400019229", "COLLECT_TIME": 1622263237000, "QY_SRC_TYPE": "0", "hub_crawl_status": 0}, {"RN": 3, "QY_ID": "002105291248669576", "QY_ORG_CODE": "9111010210112976XW", "QY_NAME": "北京市市政专业设计院股份公司", "QY_FR_NAME": "刘四田", "QY_REGION": "110000", "QY_REGION_NAME": "北京市", "OLD_CODE": "10112976X", "COLLECT_TIME": 1622263702000, "QY_SRC_TYPE": "0", "hub_crawl_status": 0}, {"RN": 4, "QY_ID": "002105291248672833", "QY_ORG_CODE": "91110105101700225C", "QY_NAME": "中交综合规划设计院有限公司", "QY_FR_NAME": "黄振燕", "QY_REGION": "110100", "QY_REGION_NAME": "北京市-市辖区", "OLD_CODE": "101700225", "COLLECT_TIME": 1622263704000, "QY_SRC_TYPE": "0", "hub_crawl_status": 0}, {"RN": 5, "QY_ID": "002105291254734417", "QY_ORG_CODE": "9111010680221924XQ", "QY_NAME": "北京中咨路捷工程技术咨询有限公司", "QY_FR_NAME": "冯松", "QY_REGION": "110000", "QY_REGION_NAME": "北京市", "OLD_CODE": "80221924X", "COLLECT_TIME": 1622264065000, "QY_SRC_TYPE": "0", "hub_crawl_status": 0}, {"RN": 6, "QY_ID": "002105291254745017", "QY_ORG_CODE": "91110000357957104Q", "QY_NAME": "中交铁道设计研究总院有限公司", "QY_FR_NAME": "颜廷祥", "QY_REGION": "110000", "QY_REGION_NAME": "北京市", "OLD_CODE": "357957104", "COLLECT_TIME": 1622264076000, "QY_SRC_TYPE": "0", "hub_crawl_status": 0}, {"RN": 7, "QY_ID": "002105291254745912", "QY_ORG_CODE": "1234567872144148XX", "QY_NAME": "武警部队研究院工程设计研究所", "QY_FR_NAME": "李红军", "QY_REGION": "110000", "QY_REGION_NAME": "北京市", "OLD_CODE": "72144148X", "COLLECT_TIME": 1622264077000, "QY_SRC_TYPE": "0", "hub_crawl_status": 0}, {"RN": 8, "QY_ID": "002105291254759685", "QY_ORG_CODE": "9111011475528550X3", "QY_NAME": "北京特希达交通勘察设计院有限公司", "QY_FR_NAME": "蒋剑彪", "QY_REGION": "110000", "QY_REGION_NAME": "北京市", "OLD_CODE": "75528550X", "COLLECT_TIME": 1622264091000, "QY_SRC_TYPE": "0", "hub_crawl_status": 0}, {"RN": 9, "QY_ID": "002105291255773133", "QY_ORG_CODE": "91110105061344608W", "QY_NAME": "北京中咨恒通工程咨询有限公司", "QY_FR_NAME": "王振", "QY_REGION": "110000", "QY_REGION_NAME": "北京市", "OLD_CODE": "061344608", "COLLECT_TIME": 1622264107000, "QY_SRC_TYPE": "0", "hub_crawl_status": 0}, {"RN": 10, "QY_ID": "002105291255774187", "QY_ORG_CODE": "91110108102037461Q", "QY_NAME": "北京新桥技术发展有限公司", "QY_FR_NAME": "赵之杰", "QY_REGION": "110100", "QY_REGION_NAME": "北京市-市辖区", "OLD_CODE": "102037461", "COLLECT_TIME": 1622264109000, "QY_SRC_TYPE": "0", "hub_crawl_status": 0}, {"RN": 11, "QY_ID": "002105291328031524", "QY_ORG_CODE": "91110105MA0055A52X", "QY_NAME": "北京长路工程咨询有限公司", "QY_FR_NAME": "翟辉", "QY_REGION": "110100", "QY_REGION_NAME": "北京市-市辖区", "OLD_CODE": "MA0055A52", "COLLECT_TIME": 1622266090000, "QY_SRC_TYPE": "0", "hub_crawl_status": 0}]