[{"RN": 1, "QY_ID": "002105291241621677", "QY_ORG_CODE": "91110105710930851H", "QY_NAME": "中国中轻国际工程有限公司", "QY_FR_NAME": "柳炜", "QY_REGION": "110000", "QY_REGION_NAME": "北京市", "OLD_CODE": "710930851", "COLLECT_TIME": 1622263308000, "QY_SRC_TYPE": "0", "hub_crawl_status": 0}, {"RN": 2, "QY_ID": "002105291254739946", "QY_ORG_CODE": "911101057587185181", "QY_NAME": "北京凯盛建材工程有限公司", "QY_FR_NAME": "孙建安", "QY_REGION": "110000", "QY_REGION_NAME": "北京市", "OLD_CODE": "758718518", "COLLECT_TIME": 1622264070000, "QY_SRC_TYPE": "0", "hub_crawl_status": 0}, {"RN": 3, "QY_ID": "002105291306901683", "QY_ORG_CODE": "91110115801360399Q", "QY_NAME": "中国建筑材料工业规划研究院设计所", "QY_FR_NAME": "张容川", "QY_REGION": "110000", "QY_REGION_NAME": "北京市", "OLD_CODE": "801360399", "COLLECT_TIME": 1622264789000, "QY_SRC_TYPE": "0", "hub_crawl_status": 0}, {"RN": 4, "QY_ID": "002105291322003897", "QY_ORG_CODE": "91110302661558693K", "QY_NAME": "北京嘉永会通能源科技有限公司", "QY_FR_NAME": "刘畅", "QY_REGION": "110000", "QY_REGION_NAME": "北京市", "OLD_CODE": "661558693", "COLLECT_TIME": 1622265762000, "QY_SRC_TYPE": "0", "hub_crawl_status": 0}]