[{"QY_FR_NAME": "史乐", "QY_REGION": "110000", "QY_NAME": "北京京电智联电力技术咨询有限公司", "QY_REGION_NAME": "北京市", "QY_ORG_CODE": "91110106MA00484T31", "COLLECT_TIME": 1622263268000, "RN": 16, "QY_ID": "002105291241574400", "QY_SRC_TYPE": "0", "OLD_CODE": "MA00484T3", "hub_crawl_status": 0}, {"QY_FR_NAME": "许燕洋", "QY_REGION": "110000", "QY_NAME": "北京京电智鑫电力工程设计有限公司", "QY_REGION_NAME": "北京市", "QY_ORG_CODE": "91110115MA00HBPH8E", "COLLECT_TIME": 1622263270000, "RN": 17, "QY_ID": "002105291241578035", "QY_SRC_TYPE": "0", "OLD_CODE": "MA00HBPH8", "hub_crawl_status": 0}, {"QY_FR_NAME": "张彦生", "QY_REGION": "110000", "QY_NAME": "北京三电科能电力工程设计有限公司", "QY_REGION_NAME": "北京市", "QY_ORG_CODE": "91110112053616722F", "COLLECT_TIME": 1622263275000, "RN": 18, "QY_ID": "002105291241584391", "QY_SRC_TYPE": "0", "OLD_CODE": "053616722", "hub_crawl_status": 0}, {"QY_FR_NAME": "文端超", "QY_REGION": "110000", "QY_NAME": "中国华电科工集团有限公司", "QY_REGION_NAME": "北京市", "QY_ORG_CODE": "911100001000114958", "COLLECT_TIME": 1622263277000, "RN": 19, "QY_ID": "002105291241587484", "QY_SRC_TYPE": "0", "OLD_CODE": "100011495", "hub_crawl_status": 0}, {"QY_FR_NAME": "苏科伟", "QY_REGION": "110000", "QY_NAME": "北京亿力三源电力工程设计有限公司", "QY_REGION_NAME": "北京市", "QY_ORG_CODE": "91110102062814675B", "COLLECT_TIME": 1622263278000, "RN": 20, "QY_ID": "002105291241587806", "QY_SRC_TYPE": "0", "OLD_CODE": "062814675", "hub_crawl_status": 0}, {"QY_FR_NAME": "代安柱", "QY_REGION": "110000", "QY_NAME": "青阳电力工程设计（北京）有限公司", "QY_REGION_NAME": "北京市", "QY_ORG_CODE": "91110106MA01A7G2XN", "COLLECT_TIME": 1622263281000, "RN": 21, "QY_ID": "002105291241592886", "QY_SRC_TYPE": "0", "OLD_CODE": "MA01A7G2X", "hub_crawl_status": 0}, {"QY_FR_NAME": "贾楠松", "QY_REGION": "110000", "QY_NAME": "龙源（北京）风电工程设计咨询有限公司", "QY_REGION_NAME": "北京市", "QY_ORG_CODE": "91110102585839302W", "COLLECT_TIME": 1622263284000, "RN": 22, "QY_ID": "002105291241597736", "QY_SRC_TYPE": "0", "OLD_CODE": "585839302", "hub_crawl_status": 0}, {"QY_FR_NAME": "冯振民", "QY_REGION": "110000", "QY_NAME": "北京意诚远耀勘测设计有限公司", "QY_REGION_NAME": "北京市", "QY_ORG_CODE": "911101075712703544", "COLLECT_TIME": 1622263293000, "RN": 23, "QY_ID": "002105291241605978", "QY_SRC_TYPE": "0", "OLD_CODE": "571270354", "hub_crawl_status": 0}, {"QY_FR_NAME": "杨广友", "QY_REGION": "110000", "QY_NAME": "北京创毅力源工程技术咨询有限公司", "QY_REGION_NAME": "北京市", "QY_ORG_CODE": "911101086728350861", "COLLECT_TIME": 1622263303000, "RN": 24, "QY_ID": "002105291241615685", "QY_SRC_TYPE": "0", "OLD_CODE": "672835086", "hub_crawl_status": 0}, {"QY_FR_NAME": "陈晨", "QY_REGION": "110000", "QY_NAME": "北京乾华科技发展有限公司", "QY_REGION_NAME": "北京市", "QY_ORG_CODE": "911101027802218828", "COLLECT_TIME": 1622263316000, "RN": 25, "QY_ID": "002105291241626580", "QY_SRC_TYPE": "0", "OLD_CODE": "780221882", "hub_crawl_status": 0}, {"QY_FR_NAME": "魏宽民", "QY_REGION": "110000", "QY_NAME": "北京吉北电力工程咨询有限公司", "QY_REGION_NAME": "北京市", "QY_ORG_CODE": "91110102101402893T", "COLLECT_TIME": 1622263317000, "RN": 26, "QY_ID": "002105291241627963", "QY_SRC_TYPE": "0", "OLD_CODE": "101402893", "hub_crawl_status": 0}, {"QY_FR_NAME": "靳立军", "QY_REGION": "110000", "QY_NAME": "北京京电迅捷电力技术有限公司", "QY_REGION_NAME": "北京市", "QY_ORG_CODE": "9111010659774209XK", "COLLECT_TIME": 1622263323000, "RN": 27, "QY_ID": "002105291242632229", "QY_SRC_TYPE": "0", "OLD_CODE": "59774209X", "hub_crawl_status": 0}, {"QY_FR_NAME": "彭涛", "QY_REGION": "110000", "QY_NAME": "北京中电诚信工程设计有限公司", "QY_REGION_NAME": "北京市", "QY_ORG_CODE": "9111011705357573X1", "COLLECT_TIME": 1622263345000, "RN": 28, "QY_ID": "002105291242644370", "QY_SRC_TYPE": "0", "OLD_CODE": "05357573X", "hub_crawl_status": 0}, {"QY_FR_NAME": "艾万发", "QY_REGION": "110000", "QY_NAME": "北京石大东方工程设计有限公司", "QY_REGION_NAME": "北京市", "QY_ORG_CODE": "911101147481407831", "COLLECT_TIME": 1622263346000, "RN": 29, "QY_ID": "002105291242644715", "QY_SRC_TYPE": "0", "OLD_CODE": "748140783", "hub_crawl_status": 0}, {"QY_FR_NAME": "陈晓东", "QY_REGION": "110000", "QY_NAME": "北京京电电力工程设计有限公司", "QY_REGION_NAME": "北京市", "QY_ORG_CODE": "91110105101141240M", "COLLECT_TIME": 1622263681000, "RN": 30, "QY_ID": "002105291248647467", "QY_SRC_TYPE": "0", "OLD_CODE": "101141240", "hub_crawl_status": 0}]