[{"RN": 31, "QY_ID": "002105291248651353", "QY_ORG_CODE": "91110105MA0092204T", "QY_NAME": "北京同源电力设计有限公司", "QY_FR_NAME": "马强", "QY_REGION": "110000", "QY_REGION_NAME": "北京市", "OLD_CODE": "MA0092204", "COLLECT_TIME": 1622263684000, "QY_SRC_TYPE": "0", "hub_crawl_status": 0}, {"RN": 32, "QY_ID": "002105291248657650", "QY_ORG_CODE": "9111010674008510XK", "QY_NAME": "北京博奇电力科技有限公司", "QY_FR_NAME": "曾之俊", "QY_REGION": "110000", "QY_REGION_NAME": "北京市", "OLD_CODE": "74008510X", "COLLECT_TIME": 1622263690000, "QY_SRC_TYPE": "0", "hub_crawl_status": 0}, {"RN": 33, "QY_ID": "002105291248659824", "QY_ORG_CODE": "911101066621761014", "QY_NAME": "北京富卓电力工程技术有限公司", "QY_FR_NAME": "高振华", "QY_REGION": "110000", "QY_REGION_NAME": "北京市", "OLD_CODE": "662176101", "COLLECT_TIME": 1622263692000, "QY_SRC_TYPE": "0", "hub_crawl_status": 0}, {"RN": 34, "QY_ID": "002105291248666201", "QY_ORG_CODE": "911101086337146790", "QY_NAME": "国电华北国际电力工程（北京）有限公司", "QY_FR_NAME": "胡志强", "QY_REGION": "110000", "QY_REGION_NAME": "北京市", "OLD_CODE": "633714679", "COLLECT_TIME": 1622263697000, "QY_SRC_TYPE": "0", "hub_crawl_status": 0}, {"RN": 35, "QY_ID": "002105291248691438", "QY_ORG_CODE": "91110106748148216X", "QY_NAME": "北京华电瑞通电力工程技术有限公司", "QY_FR_NAME": "迟景涛", "QY_REGION": "110000", "QY_REGION_NAME": "北京市", "OLD_CODE": "748148216", "COLLECT_TIME": 1622263726000, "QY_SRC_TYPE": "0", "hub_crawl_status": 0}, {"RN": 36, "QY_ID": "002105291249702631", "QY_ORG_CODE": "9111010866159941X3", "QY_NAME": "北京东冉电力设计有限公司", "QY_FR_NAME": "赵华", "QY_REGION": "110000", "QY_REGION_NAME": "北京市", "OLD_CODE": "66159941X", "COLLECT_TIME": 1622263742000, "QY_SRC_TYPE": "0", "hub_crawl_status": 0}, {"RN": 37, "QY_ID": "002105291249709313", "QY_ORG_CODE": "91110228MA01FKQ77K", "QY_NAME": "斯普屹科技（北京）有限公司", "QY_FR_NAME": "孟越峰", "QY_REGION": "110000", "QY_REGION_NAME": "北京市", "OLD_CODE": "MA01FKQ77", "COLLECT_TIME": 1622263752000, "QY_SRC_TYPE": "0", "hub_crawl_status": 0}, {"RN": 38, "QY_ID": "002105291254729715", "QY_ORG_CODE": "91110109736463278A", "QY_NAME": "北京国庄国际经济技术咨询有限公司", "QY_FR_NAME": "肖乐健", "QY_REGION": "110000", "QY_REGION_NAME": "北京市", "OLD_CODE": "736463278", "COLLECT_TIME": 1622264060000, "QY_SRC_TYPE": "0", "hub_crawl_status": 0}, {"RN": 39, "QY_ID": "002105291254741045", "QY_ORG_CODE": "91110102306401931J", "QY_NAME": "北京京电联合建筑规划设计有限公司", "QY_FR_NAME": "张冲", "QY_REGION": "110000", "QY_REGION_NAME": "北京市", "OLD_CODE": "306401931", "COLLECT_TIME": 1622264072000, "QY_SRC_TYPE": "0", "hub_crawl_status": 0}, {"RN": 40, "QY_ID": "002105291254741377", "QY_ORG_CODE": "911101013991837098", "QY_NAME": "政泰和能源科技（北京）有限公司", "QY_FR_NAME": "晏鹏兵", "QY_REGION": "110000", "QY_REGION_NAME": "北京市", "OLD_CODE": "399183709", "COLLECT_TIME": 1622264072000, "QY_SRC_TYPE": "0", "hub_crawl_status": 0}, {"RN": 41, "QY_ID": "002105291254754645", "QY_ORG_CODE": "9111010510170121XW", "QY_NAME": "中国船舶重工集团国际工程有限公司", "QY_FR_NAME": "杨文武", "QY_REGION": "110000", "QY_REGION_NAME": "北京市", "OLD_CODE": "10170121X", "COLLECT_TIME": 1622264086000, "QY_SRC_TYPE": "0", "hub_crawl_status": 0}, {"RN": 42, "QY_ID": "002105291255767929", "QY_ORG_CODE": "911101157000614963", "QY_NAME": "国网（北京）综合能源规划设计研究院有限公司", "QY_FR_NAME": "徐杰彦", "QY_REGION": "110000", "QY_REGION_NAME": "北京市", "OLD_CODE": "700061496", "COLLECT_TIME": 1622264101000, "QY_SRC_TYPE": "0", "hub_crawl_status": 0}, {"RN": 43, "QY_ID": "002105291258809828", "QY_ORG_CODE": "91110117357949577G", "QY_NAME": "北京京电顺能电力建设有限公司", "QY_FR_NAME": "贾松", "QY_REGION": "110000", "QY_REGION_NAME": "北京市", "OLD_CODE": "357949577", "COLLECT_TIME": 1622264338000, "QY_SRC_TYPE": "0", "hub_crawl_status": 0}, {"RN": 44, "QY_ID": "002105291305866321", "QY_ORG_CODE": "911101066916583296", "QY_NAME": "北京兴成文缘电力设计有限公司", "QY_FR_NAME": "张鸿兴", "QY_REGION": "110000", "QY_REGION_NAME": "北京市", "OLD_CODE": "691658329", "COLLECT_TIME": 1622264746000, "QY_SRC_TYPE": "0", "hub_crawl_status": 0}, {"RN": 45, "QY_ID": "002105291313931929", "QY_ORG_CODE": "91110102671712420A", "QY_NAME": "北京华电兴成工程设计有限责任公司", "QY_FR_NAME": "齐弋嘉", "QY_REGION": "110000", "QY_REGION_NAME": "北京市", "OLD_CODE": "671712420", "COLLECT_TIME": 1622265195000, "QY_SRC_TYPE": "0", "hub_crawl_status": 0}]