[{"RN": 1, "QY_ID": "002105291239452104", "QY_ORG_CODE": "911103021011126699", "QY_NAME": "中国通信建设集团设计院有限公司", "QY_FR_NAME": "王睿峰", "QY_REGION": "110000", "QY_REGION_NAME": "北京市", "OLD_CODE": "101112669", "COLLECT_TIME": 1622263196000, "QY_SRC_TYPE": "0", "hub_crawl_status": 0}, {"RN": 2, "QY_ID": "002105291240506819", "QY_ORG_CODE": "9111010556954917XC", "QY_NAME": "北京中电盛华电力工程设计有限公司", "QY_FR_NAME": "汪耀程", "QY_REGION": "110000", "QY_REGION_NAME": "北京市", "OLD_CODE": "56954917X", "COLLECT_TIME": 1622263225000, "QY_SRC_TYPE": "0", "hub_crawl_status": 0}, {"RN": 3, "QY_ID": "002105291240508848", "QY_ORG_CODE": "9111030209794770X3", "QY_NAME": "北京恒拓新天电力工程设计有限公司", "QY_FR_NAME": "张海燕", "QY_REGION": "110000", "QY_REGION_NAME": "北京市", "OLD_CODE": "09794770X", "COLLECT_TIME": 1622263226000, "QY_SRC_TYPE": "0", "hub_crawl_status": 0}, {"RN": 4, "QY_ID": "002105291240516477", "QY_ORG_CODE": "91110112569523666R", "QY_NAME": "北京华晋中通电力工程设计有限公司", "QY_FR_NAME": "董俊伟", "QY_REGION": "110000", "QY_REGION_NAME": "北京市", "OLD_CODE": "569523666", "COLLECT_TIME": 1622263230000, "QY_SRC_TYPE": "0", "hub_crawl_status": 0}, {"RN": 5, "QY_ID": "002105291240517101", "QY_ORG_CODE": "91110302567484069J", "QY_NAME": "北京华瑞博远电力工程设计有限公司", "QY_FR_NAME": "王月红", "QY_REGION": "110000", "QY_REGION_NAME": "北京市", "OLD_CODE": "567484069", "COLLECT_TIME": 1622263231000, "QY_SRC_TYPE": "0", "hub_crawl_status": 0}, {"RN": 6, "QY_ID": "002105291240521105", "QY_ORG_CODE": "91110116097176685M", "QY_NAME": "北京天吉通电力工程设计有限公司", "QY_FR_NAME": "陈全有", "QY_REGION": "110000", "QY_REGION_NAME": "北京市", "OLD_CODE": "097176685", "COLLECT_TIME": 1622263233000, "QY_SRC_TYPE": "0", "hub_crawl_status": 0}, {"RN": 7, "QY_ID": "002105291240521753", "QY_ORG_CODE": "91110302669901310K", "QY_NAME": "中冶赛迪电气技术有限公司", "QY_FR_NAME": "勾立争", "QY_REGION": "110000", "QY_REGION_NAME": "北京市", "OLD_CODE": "669901310", "COLLECT_TIME": 1622263233000, "QY_SRC_TYPE": "0", "hub_crawl_status": 0}, {"RN": 8, "QY_ID": "002105291240534027", "QY_ORG_CODE": "91110115MA006Q756R", "QY_NAME": "北京北电工程设计有限公司", "QY_FR_NAME": "胡玲芹", "QY_REGION": "110000", "QY_REGION_NAME": "北京市", "OLD_CODE": "MA006Q756", "COLLECT_TIME": 1622263241000, "QY_SRC_TYPE": "0", "hub_crawl_status": 0}, {"RN": 9, "QY_ID": "002105291240535673", "QY_ORG_CODE": "91110101335454143A", "QY_NAME": "北京涌联恒创电力工程设计有限公司", "QY_FR_NAME": "辛敬雅", "QY_REGION": "110000", "QY_REGION_NAME": "北京市", "OLD_CODE": "335454143", "COLLECT_TIME": 1622263242000, "QY_SRC_TYPE": "0", "hub_crawl_status": 0}, {"RN": 10, "QY_ID": "002105291240536408", "QY_ORG_CODE": "91110302074185132M", "QY_NAME": "国网城乡电力设计研究（北京）有限公司", "QY_FR_NAME": "袁玮鸿", "QY_REGION": "110000", "QY_REGION_NAME": "北京市", "OLD_CODE": "074185132", "COLLECT_TIME": 1622263243000, "QY_SRC_TYPE": "0", "hub_crawl_status": 0}, {"RN": 11, "QY_ID": "002105291240541853", "QY_ORG_CODE": "300000021", "QY_NAME": "北京京研电力工程设计有限公司", "QY_FR_NAME": "袁敬中", "QY_REGION": "110000", "QY_REGION_NAME": "北京市", "OLD_CODE": "300000021", "COLLECT_TIME": 1622263246000, "QY_SRC_TYPE": "0", "hub_crawl_status": 0}, {"RN": 12, "QY_ID": "002105291240543756", "QY_ORG_CODE": "91110112MA002FN211", "QY_NAME": "北京国和电力设计有限公司", "QY_FR_NAME": "胡诗悦", "QY_REGION": "110000", "QY_REGION_NAME": "北京市", "OLD_CODE": "MA002FN21", "COLLECT_TIME": 1622263247000, "QY_SRC_TYPE": "0", "hub_crawl_status": 0}, {"RN": 13, "QY_ID": "002105291240548622", "QY_ORG_CODE": "91110106684372736H", "QY_NAME": "北京广安联合电力工程设计有限公司", "QY_FR_NAME": "陆潇", "QY_REGION": "110000", "QY_REGION_NAME": "北京市", "OLD_CODE": "684372736", "COLLECT_TIME": 1622263250000, "QY_SRC_TYPE": "0", "hub_crawl_status": 0}, {"RN": 14, "QY_ID": "002105291240555739", "QY_ORG_CODE": "91110109700094626E", "QY_NAME": "北京金电联供用电咨询有限公司", "QY_FR_NAME": "张晓颖", "QY_REGION": "110000", "QY_REGION_NAME": "北京市", "OLD_CODE": "700094626", "COLLECT_TIME": 1622263255000, "QY_SRC_TYPE": "0", "hub_crawl_status": 0}, {"RN": 15, "QY_ID": "002105291241565844", "QY_ORG_CODE": "91110229327264729H", "QY_NAME": "北京国网京能工程咨询有限公司", "QY_FR_NAME": "聂继军", "QY_REGION": "110000", "QY_REGION_NAME": "北京市", "OLD_CODE": "327264729", "COLLECT_TIME": 1622263261000, "QY_SRC_TYPE": "0", "hub_crawl_status": 0}]