[{"RN": 1, "QY_ID": "002105291240480486", "QY_ORG_CODE": "91110105777652403R", "QY_NAME": "蓝星工程有限公司", "QY_FR_NAME": "王立杰", "QY_REGION": "110000", "QY_REGION_NAME": "北京市", "OLD_CODE": "777652403", "COLLECT_TIME": 1622263211000, "QY_SRC_TYPE": "0", "hub_crawl_status": 0}, {"RN": 2, "QY_ID": "002105291241568388", "QY_ORG_CODE": "91110101101692704B", "QY_NAME": "京鼎工程建设有限公司", "QY_FR_NAME": "张铁石", "QY_REGION": "110000", "QY_REGION_NAME": "北京市", "OLD_CODE": "101692704", "COLLECT_TIME": 1622263263000, "QY_SRC_TYPE": "0", "hub_crawl_status": 0}, {"RN": 3, "QY_ID": "002105291241618099", "QY_ORG_CODE": "911101051016586378", "QY_NAME": "北京石油化工工程有限公司", "QY_FR_NAME": "许缄涛", "QY_REGION": "110000", "QY_REGION_NAME": "北京市", "OLD_CODE": "101658637", "COLLECT_TIME": 1622263305000, "QY_SRC_TYPE": "0", "hub_crawl_status": 0}, {"RN": 4, "QY_ID": "002105291248672844", "QY_ORG_CODE": "9111030410276591X2", "QY_NAME": "北京燕山玉龙石化工程股份有限公司", "QY_FR_NAME": "钱文臣", "QY_REGION": "110000", "QY_REGION_NAME": "北京市", "OLD_CODE": "10276591X", "COLLECT_TIME": 1622263704000, "QY_SRC_TYPE": "0", "hub_crawl_status": 0}, {"RN": 5, "QY_ID": "002105291249703164", "QY_ORG_CODE": "91110114MA017LLH6Y", "QY_NAME": "神华工程技术有限公司", "QY_FR_NAME": "彭晓春", "QY_REGION": "110000", "QY_REGION_NAME": "北京市", "OLD_CODE": "MA017LLH6", "COLLECT_TIME": 1622263743000, "QY_SRC_TYPE": "0", "hub_crawl_status": 0}]