[{"RN": 1, "QY_ID": "002105291239452850", "QY_ORG_CODE": "12100000400000309R", "QY_NAME": "中国原子能科学研究院", "QY_FR_NAME": "罗琦", "QY_REGION": "110000", "QY_REGION_NAME": "北京市", "OLD_CODE": "400000309", "COLLECT_TIME": 1622263197000, "QY_SRC_TYPE": "0", "hub_crawl_status": 0}, {"RN": 2, "QY_ID": "002105291254764572", "QY_ORG_CODE": "91110108754186665D", "QY_NAME": "中核能源科技有限公司", "QY_FR_NAME": "张国华", "QY_REGION": "110000", "QY_REGION_NAME": "北京市", "OLD_CODE": "754186665", "COLLECT_TIME": 1622264098000, "QY_SRC_TYPE": "0", "hub_crawl_status": 0}]