[{"RN": 16, "QY_ID": "002105291241580621", "QY_ORG_CODE": "911101011015776853", "QY_NAME": "北京华麒通信科技有限公司", "QY_FR_NAME": "付刚毅", "QY_REGION": "110000", "QY_REGION_NAME": "北京市", "OLD_CODE": "101577685", "COLLECT_TIME": 1622263272000, "QY_SRC_TYPE": "0", "hub_crawl_status": 0}, {"RN": 17, "QY_ID": "002105291241584678", "QY_ORG_CODE": "91110111MA0192W9XD", "QY_NAME": "中电系统建设工程有限公司", "QY_FR_NAME": "孙国政", "QY_REGION": "110000", "QY_REGION_NAME": "北京市", "OLD_CODE": "MA0192W9X", "COLLECT_TIME": 1622263275000, "QY_SRC_TYPE": "0", "hub_crawl_status": 0}, {"RN": 18, "QY_ID": "002105291241593863", "QY_ORG_CODE": "911101061011822294", "QY_NAME": "明达海洋工程有限公司", "QY_FR_NAME": "贺斌", "QY_REGION": "110000", "QY_REGION_NAME": "北京市", "OLD_CODE": "101182229", "COLLECT_TIME": 1622263282000, "QY_SRC_TYPE": "0", "hub_crawl_status": 0}, {"RN": 19, "QY_ID": "002105291241596944", "QY_ORG_CODE": "12345678999999119X", "QY_NAME": "海军研究院海防工程设计研究所", "QY_FR_NAME": "王全胜", "QY_REGION": "110000", "QY_REGION_NAME": "北京市", "OLD_CODE": "999999119", "COLLECT_TIME": 1622263284000, "QY_SRC_TYPE": "0", "hub_crawl_status": 0}, {"RN": 20, "QY_ID": "002105291241603463", "QY_ORG_CODE": "91110102101373949Q", "QY_NAME": "北京电力经济技术研究院有限公司", "QY_FR_NAME": "邓华", "QY_REGION": "110000", "QY_REGION_NAME": "北京市", "OLD_CODE": "101373949", "COLLECT_TIME": 1622263291000, "QY_SRC_TYPE": "0", "hub_crawl_status": 0}, {"RN": 21, "QY_ID": "002105291248652505", "QY_ORG_CODE": "123456789A9999149X", "QY_NAME": "军事科学院国防工程研究院", "QY_FR_NAME": "卫东", "QY_REGION": "110100", "QY_REGION_NAME": "北京市-市辖区", "OLD_CODE": "9A9999149", "COLLECT_TIME": 1622263685000, "QY_SRC_TYPE": "0", "hub_crawl_status": 0}, {"RN": 22, "QY_ID": "002105291248654284", "QY_ORG_CODE": "91110000722604658T", "QY_NAME": "泛华建设集团有限公司", "QY_FR_NAME": "杨文", "QY_REGION": "110000", "QY_REGION_NAME": "北京市", "OLD_CODE": "722604658", "COLLECT_TIME": 1622263687000, "QY_SRC_TYPE": "0", "hub_crawl_status": 0}, {"RN": 23, "QY_ID": "002105291248700406", "QY_ORG_CODE": "12345678999999359X", "QY_NAME": "火箭军研究院工程设计研究所", "QY_FR_NAME": "李吉", "QY_REGION": "110100", "QY_REGION_NAME": "北京市-市辖区", "OLD_CODE": "999999359", "COLLECT_TIME": 1622263739000, "QY_SRC_TYPE": "0", "hub_crawl_status": 0}, {"RN": 24, "QY_ID": "002105291249713693", "QY_ORG_CODE": "91110000726362369Y", "QY_NAME": "北京国道通公路设计研究院股份有限公司", "QY_FR_NAME": "景飒", "QY_REGION": "110100", "QY_REGION_NAME": "北京市-市辖区", "OLD_CODE": "726362369", "COLLECT_TIME": 1622263758000, "QY_SRC_TYPE": "0", "hub_crawl_status": 0}, {"RN": 25, "QY_ID": "002105291254734417", "QY_ORG_CODE": "9111010680221924XQ", "QY_NAME": "北京中咨路捷工程技术咨询有限公司", "QY_FR_NAME": "冯松", "QY_REGION": "110000", "QY_REGION_NAME": "北京市", "OLD_CODE": "80221924X", "COLLECT_TIME": 1622264065000, "QY_SRC_TYPE": "0", "hub_crawl_status": 0}, {"RN": 26, "QY_ID": "002105291258795206", "QY_ORG_CODE": "911101065621330752", "QY_NAME": "北京中联勘工程技术有限责任公司", "QY_FR_NAME": "郑庆峰", "QY_REGION": "110000", "QY_REGION_NAME": "北京市", "OLD_CODE": "562133075", "COLLECT_TIME": 1622264321000, "QY_SRC_TYPE": "0", "hub_crawl_status": 0}, {"RN": 27, "QY_ID": "002105291258796123", "QY_ORG_CODE": "91110115685138853E", "QY_NAME": "北京建业通工程检测技术有限公司", "QY_FR_NAME": "吴宝玲", "QY_REGION": "110000", "QY_REGION_NAME": "北京市", "OLD_CODE": "685138853", "COLLECT_TIME": 1622264322000, "QY_SRC_TYPE": "0", "hub_crawl_status": 0}, {"RN": 28, "QY_ID": "002105291258797003", "QY_ORG_CODE": "911103027582388059", "QY_NAME": "北京力佳图科技有限公司", "QY_FR_NAME": "李新召", "QY_REGION": "110000", "QY_REGION_NAME": "北京市", "OLD_CODE": "758238805", "COLLECT_TIME": 1622264323000, "QY_SRC_TYPE": "0", "hub_crawl_status": 0}, {"RN": 29, "QY_ID": "002105291259834676", "QY_ORG_CODE": "91110000710929674D", "QY_NAME": "建研地基基础工程有限责任公司", "QY_FR_NAME": "高文生", "QY_REGION": "110000", "QY_REGION_NAME": "北京市", "OLD_CODE": "710929674", "COLLECT_TIME": 1622264369000, "QY_SRC_TYPE": "0", "hub_crawl_status": 0}, {"RN": 30, "QY_ID": "002105291306890138", "QY_ORG_CODE": "911101057985129446", "QY_NAME": "中交路星（北京）工程检测技术有限公司", "QY_FR_NAME": "李红艳", "QY_REGION": "110100", "QY_REGION_NAME": "北京市-市辖区", "OLD_CODE": "798512944", "COLLECT_TIME": 1622264772000, "QY_SRC_TYPE": "0", "hub_crawl_status": 0}]