[{"RN": 1, "QY_ID": "002105291239452104", "QY_ORG_CODE": "911103021011126699", "QY_NAME": "中国通信建设集团设计院有限公司", "QY_FR_NAME": "王睿峰", "QY_REGION": "110000", "QY_REGION_NAME": "北京市", "OLD_CODE": "101112669", "COLLECT_TIME": 1622263196000, "QY_SRC_TYPE": "0", "hub_crawl_status": 0}, {"RN": 2, "QY_ID": "002105291239452159", "QY_ORG_CODE": "91110108752191073D", "QY_NAME": "北京中网华通设计咨询有限公司", "QY_FR_NAME": "张朝晖", "QY_REGION": "110000", "QY_REGION_NAME": "北京市", "OLD_CODE": "752191073", "COLLECT_TIME": 1622263196000, "QY_SRC_TYPE": "0", "hub_crawl_status": 0}, {"RN": 3, "QY_ID": "002105291239452219", "QY_ORG_CODE": "91110000400005417D", "QY_NAME": "中广电广播电影电视设计研究院", "QY_FR_NAME": "许秀中", "QY_REGION": "110000", "QY_REGION_NAME": "北京市", "OLD_CODE": "400005417", "COLLECT_TIME": 1622263196000, "QY_SRC_TYPE": "0", "hub_crawl_status": 0}, {"RN": 4, "QY_ID": "002105291239452558", "QY_ORG_CODE": "91110000710932486E", "QY_NAME": "中国移动通信集团设计院有限公司", "QY_FR_NAME": "孙卫东", "QY_REGION": "110000", "QY_REGION_NAME": "北京市", "OLD_CODE": "710932486", "COLLECT_TIME": 1622263196000, "QY_SRC_TYPE": "0", "hub_crawl_status": 0}, {"RN": 5, "QY_ID": "002105291239452584", "QY_ORG_CODE": "911101051017081201", "QY_NAME": "北京中通公路桥梁工程咨询发展有限公司", "QY_FR_NAME": "彭毅", "QY_REGION": "110000", "QY_REGION_NAME": "北京市", "OLD_CODE": "101708120", "COLLECT_TIME": 1622263196000, "QY_SRC_TYPE": "0", "hub_crawl_status": 0}, {"RN": 6, "QY_ID": "002105291239452768", "QY_ORG_CODE": "40071028X", "QY_NAME": "北京市测绘设计研究院", "QY_FR_NAME": "杨伯钢", "QY_REGION": "110000", "QY_REGION_NAME": "北京市", "OLD_CODE": "40071028X", "COLLECT_TIME": 1622263197000, "QY_SRC_TYPE": "0", "hub_crawl_status": 0}, {"RN": 7, "QY_ID": "002105291239453005", "QY_ORG_CODE": "91110000170054458G", "QY_NAME": "中讯邮电咨询设计院有限公司", "QY_FR_NAME": "张涌", "QY_REGION": "110000", "QY_REGION_NAME": "北京市", "OLD_CODE": "170054458", "COLLECT_TIME": 1622263197000, "QY_SRC_TYPE": "0", "hub_crawl_status": 0}, {"RN": 8, "QY_ID": "002105291240484936", "QY_ORG_CODE": "911101081019400691", "QY_NAME": "北京电信规划设计院有限公司", "QY_FR_NAME": "赵一言", "QY_REGION": "110000", "QY_REGION_NAME": "北京市", "OLD_CODE": "101940069", "COLLECT_TIME": 1622263213000, "QY_SRC_TYPE": "0", "hub_crawl_status": 0}, {"RN": 9, "QY_ID": "002105291240524770", "QY_ORG_CODE": "91110108101988695J", "QY_NAME": "普天信息工程设计服务有限公司", "QY_FR_NAME": "王栋", "QY_REGION": "110100", "QY_REGION_NAME": "北京市-市辖区", "OLD_CODE": "101988695", "COLLECT_TIME": 1622263235000, "QY_SRC_TYPE": "0", "hub_crawl_status": 0}, {"RN": 10, "QY_ID": "002105291240548425", "QY_ORG_CODE": "91110000101360785M", "QY_NAME": "北京城建设计发展集团股份有限公司", "QY_FR_NAME": "裴宏伟", "QY_REGION": "110000", "QY_REGION_NAME": "北京市", "OLD_CODE": "101360785", "COLLECT_TIME": 1622263250000, "QY_SRC_TYPE": "0", "hub_crawl_status": 0}, {"RN": 11, "QY_ID": "002105291240558581", "QY_ORG_CODE": "911101056728237476", "QY_NAME": "北京六合北方通讯工程设计院有限公司", "QY_FR_NAME": "张树铭", "QY_REGION": "110000", "QY_REGION_NAME": "北京市", "OLD_CODE": "672823747", "COLLECT_TIME": 1622263257000, "QY_SRC_TYPE": "0", "hub_crawl_status": 0}, {"RN": 12, "QY_ID": "002105291240559976", "QY_ORG_CODE": "91110000400000835U", "QY_NAME": "国网经济技术研究院有限公司", "QY_FR_NAME": "潘尔生", "QY_REGION": "110000", "QY_REGION_NAME": "北京市", "OLD_CODE": "400000835", "COLLECT_TIME": 1622263258000, "QY_SRC_TYPE": "0", "hub_crawl_status": 0}, {"RN": 13, "QY_ID": "002105291241567563", "QY_ORG_CODE": "91110102799035641Y", "QY_NAME": "北京市建设工程质量第三检测所有限责任公司", "QY_FR_NAME": "王晓东", "QY_REGION": "110000", "QY_REGION_NAME": "北京市", "OLD_CODE": "799035641", "COLLECT_TIME": 1622263262000, "QY_SRC_TYPE": "0", "hub_crawl_status": 0}, {"RN": 14, "QY_ID": "002105291241568172", "QY_ORG_CODE": "91110108101884765M", "QY_NAME": "中铁六局集团有限公司", "QY_FR_NAME": "韦国", "QY_REGION": "110000", "QY_REGION_NAME": "北京市", "OLD_CODE": "101884765", "COLLECT_TIME": 1622263263000, "QY_SRC_TYPE": "0", "hub_crawl_status": 0}, {"RN": 15, "QY_ID": "002105291241577184", "QY_ORG_CODE": "91110106101119924Q", "QY_NAME": "北京通畅电信规划设计院有限公司", "QY_FR_NAME": "缪文雄", "QY_REGION": "110000", "QY_REGION_NAME": "北京市", "OLD_CODE": "101119924", "COLLECT_TIME": 1622263270000, "QY_SRC_TYPE": "0", "hub_crawl_status": 0}]