[{"RN": 1, "QY_ID": "002105291239453490", "QY_ORG_CODE": "91110108749368763X", "QY_NAME": "北京东方华智石油工程有限公司", "QY_FR_NAME": "黄懿雪", "QY_REGION": "110000", "QY_REGION_NAME": "北京市", "OLD_CODE": "749368763", "COLLECT_TIME": 1622263197000, "QY_SRC_TYPE": "0", "hub_crawl_status": 0}, {"RN": 2, "QY_ID": "002105291241591580", "QY_ORG_CODE": "91110105101647604W", "QY_NAME": "北京市公用工程设计监理有限公司", "QY_FR_NAME": "田雅杰", "QY_REGION": "110000", "QY_REGION_NAME": "北京市", "OLD_CODE": "101647604", "COLLECT_TIME": 1622263280000, "QY_SRC_TYPE": "0", "hub_crawl_status": 0}, {"RN": 3, "QY_ID": "002105291241599514", "QY_ORG_CODE": "91110102400708526T", "QY_NAME": "北京市煤气热力工程设计院有限公司", "QY_FR_NAME": "王建国", "QY_REGION": "110000", "QY_REGION_NAME": "北京市", "OLD_CODE": "400708526", "COLLECT_TIME": 1622263286000, "QY_SRC_TYPE": "0", "hub_crawl_status": 0}, {"RN": 4, "QY_ID": "002105291258782613", "QY_ORG_CODE": "911101026000377470", "QY_NAME": "北京优奈特能源工程技术有限公司", "QY_FR_NAME": "刘璐", "QY_REGION": "110100", "QY_REGION_NAME": "北京市-市辖区", "OLD_CODE": "600037747", "COLLECT_TIME": 1622264308000, "QY_SRC_TYPE": "0", "hub_crawl_status": 0}]