[{"RN": 1, "QY_ID": "002105291241587738", "QY_ORG_CODE": "91110000710931686J", "QY_NAME": "世源科技工程有限公司", "QY_FR_NAME": "黄文胜", "QY_REGION": "110100", "QY_REGION_NAME": "北京市-市辖区", "OLD_CODE": "710931686", "COLLECT_TIME": 1622263278000, "QY_SRC_TYPE": "0", "hub_crawl_status": 0}, {"RN": 2, "QY_ID": "002105291241621677", "QY_ORG_CODE": "91110105710930851H", "QY_NAME": "中国中轻国际工程有限公司", "QY_FR_NAME": "柳炜", "QY_REGION": "110000", "QY_REGION_NAME": "北京市", "OLD_CODE": "710930851", "COLLECT_TIME": 1622263308000, "QY_SRC_TYPE": "0", "hub_crawl_status": 0}]