[{"RN": 16, "QY_ID": "002105291328026744", "QY_ORG_CODE": "91110108788600297J", "QY_NAME": "国能龙源环保有限公司", "QY_FR_NAME": "赵喆", "QY_REGION": "110000", "QY_REGION_NAME": "北京市", "OLD_CODE": "788600297", "COLLECT_TIME": 1622266085000, "QY_SRC_TYPE": "0", "hub_crawl_status": 0}, {"RN": 17, "QY_ID": "002107271918156102", "QY_ORG_CODE": "91110105MA01P6YY5P", "QY_NAME": "北京冠亚伟业工程设计有限公司", "QY_FR_NAME": "郭振团", "QY_REGION": "110000", "QY_REGION_NAME": "北京市", "OLD_CODE": "MA01P6YY5", "COLLECT_TIME": 1627384723000, "QY_SRC_TYPE": "0", "hub_crawl_status": 0}]