[{"RN": 1, "QY_ID": "002105291240515920", "QY_ORG_CODE": "91110115MA0054MEXH", "QY_NAME": "煤科院节能技术有限公司", "QY_FR_NAME": "王翰锋", "QY_REGION": "110000", "QY_REGION_NAME": "北京市", "OLD_CODE": "MA0054MEX", "COLLECT_TIME": 1622263230000, "QY_SRC_TYPE": "0", "hub_crawl_status": 0}, {"RN": 2, "QY_ID": "002105291241575938", "QY_ORG_CODE": "91110000717702712T", "QY_NAME": "北京市工业设计研究院有限公司", "QY_FR_NAME": "付军", "QY_REGION": "110000", "QY_REGION_NAME": "北京市", "OLD_CODE": "717702712", "COLLECT_TIME": 1622263269000, "QY_SRC_TYPE": "0", "hub_crawl_status": 0}, {"RN": 3, "QY_ID": "002105291241582557", "QY_ORG_CODE": "91110114MA00CDHR7T", "QY_NAME": "首煜建筑设计院（北京）有限公司", "QY_FR_NAME": "马征", "QY_REGION": "110000", "QY_REGION_NAME": "北京市", "OLD_CODE": "MA00CDHR7", "COLLECT_TIME": 1622263273000, "QY_SRC_TYPE": "0", "hub_crawl_status": 0}, {"RN": 4, "QY_ID": "002105291241591580", "QY_ORG_CODE": "91110105101647604W", "QY_NAME": "北京市公用工程设计监理有限公司", "QY_FR_NAME": "田雅杰", "QY_REGION": "110000", "QY_REGION_NAME": "北京市", "OLD_CODE": "101647604", "COLLECT_TIME": 1622263280000, "QY_SRC_TYPE": "0", "hub_crawl_status": 0}, {"RN": 5, "QY_ID": "002105291241617997", "QY_ORG_CODE": "91110108MA009H4E26", "QY_NAME": "中农绿能（北京）工程设计有限公司", "QY_FR_NAME": "姚建全", "QY_REGION": "110000", "QY_REGION_NAME": "北京市", "OLD_CODE": "MA009H4E2", "COLLECT_TIME": 1622263305000, "QY_SRC_TYPE": "0", "hub_crawl_status": 0}, {"RN": 6, "QY_ID": "002105291241621677", "QY_ORG_CODE": "91110105710930851H", "QY_NAME": "中国中轻国际工程有限公司", "QY_FR_NAME": "柳炜", "QY_REGION": "110000", "QY_REGION_NAME": "北京市", "OLD_CODE": "710930851", "COLLECT_TIME": 1622263308000, "QY_SRC_TYPE": "0", "hub_crawl_status": 0}, {"RN": 7, "QY_ID": "002105291242644715", "QY_ORG_CODE": "911101147481407831", "QY_NAME": "北京石大东方工程设计有限公司", "QY_FR_NAME": "艾万发", "QY_REGION": "110000", "QY_REGION_NAME": "北京市", "OLD_CODE": "748140783", "COLLECT_TIME": 1622263346000, "QY_SRC_TYPE": "0", "hub_crawl_status": 0}, {"RN": 8, "QY_ID": "002105291248672810", "QY_ORG_CODE": "911101057065650114", "QY_NAME": "中机十院国际工程有限公司", "QY_FR_NAME": "郝宏伟", "QY_REGION": "110000", "QY_REGION_NAME": "北京市", "OLD_CODE": "706565011", "COLLECT_TIME": 1622263704000, "QY_SRC_TYPE": "0", "hub_crawl_status": 0}, {"RN": 9, "QY_ID": "002105291248672844", "QY_ORG_CODE": "9111030410276591X2", "QY_NAME": "北京燕山玉龙石化工程股份有限公司", "QY_FR_NAME": "钱文臣", "QY_REGION": "110000", "QY_REGION_NAME": "北京市", "OLD_CODE": "10276591X", "COLLECT_TIME": 1622263704000, "QY_SRC_TYPE": "0", "hub_crawl_status": 0}, {"RN": 10, "QY_ID": "002105291249703164", "QY_ORG_CODE": "91110114MA017LLH6Y", "QY_NAME": "神华工程技术有限公司", "QY_FR_NAME": "彭晓春", "QY_REGION": "110000", "QY_REGION_NAME": "北京市", "OLD_CODE": "MA017LLH6", "COLLECT_TIME": 1622263743000, "QY_SRC_TYPE": "0", "hub_crawl_status": 0}, {"RN": 11, "QY_ID": "002105291254718858", "QY_ORG_CODE": "91110000100009432T", "QY_NAME": "中国航空工业新能源投资有限公司", "QY_FR_NAME": "方近勇", "QY_REGION": "110000", "QY_REGION_NAME": "北京市", "OLD_CODE": "100009432", "COLLECT_TIME": 1622264047000, "QY_SRC_TYPE": "0", "hub_crawl_status": 0}, {"RN": 12, "QY_ID": "002105291254754123", "QY_ORG_CODE": "91110102700203984J", "QY_NAME": "水发绿建（北京）城市科技发展有限公司", "QY_FR_NAME": "孙金礼", "QY_REGION": "110100", "QY_REGION_NAME": "北京市-市辖区", "OLD_CODE": "700203984", "COLLECT_TIME": 1622264085000, "QY_SRC_TYPE": "0", "hub_crawl_status": 0}, {"RN": 13, "QY_ID": "002105291258804492", "QY_ORG_CODE": "91110114700349940B", "QY_NAME": "华合（北京）国际工程设计有限公司", "QY_FR_NAME": "王默", "QY_REGION": "110000", "QY_REGION_NAME": "北京市", "OLD_CODE": "700349940", "COLLECT_TIME": 1622264330000, "QY_SRC_TYPE": "0", "hub_crawl_status": 0}, {"RN": 14, "QY_ID": "002105291258809850", "QY_ORG_CODE": "911101071022926224", "QY_NAME": "北京昌华勘察设计有限公司", "QY_FR_NAME": "陈志强", "QY_REGION": "110000", "QY_REGION_NAME": "北京市", "OLD_CODE": "102292622", "COLLECT_TIME": 1622264338000, "QY_SRC_TYPE": "0", "hub_crawl_status": 0}, {"RN": 15, "QY_ID": "002105291322984792", "QY_ORG_CODE": "9111010857520838XF", "QY_NAME": "国能龙源蓝天节能技术有限公司", "QY_FR_NAME": "曲增杰", "QY_REGION": "110000", "QY_REGION_NAME": "北京市", "OLD_CODE": "57520838X", "COLLECT_TIME": 1622265737000, "QY_SRC_TYPE": "0", "hub_crawl_status": 0}]