[{"RN": 46, "QY_ID": "002105291249710410", "QY_ORG_CODE": "91110000102079653X", "QY_NAME": "建峰建设集团股份有限公司", "QY_FR_NAME": "庄大刚", "QY_REGION": "110000", "QY_REGION_NAME": "北京市", "OLD_CODE": "102079653", "COLLECT_TIME": 1622263753000, "QY_SRC_TYPE": "0", "hub_crawl_status": 0}, {"RN": 47, "QY_ID": "002105291254735280", "QY_ORG_CODE": "91110113MA00DPHC2F", "QY_NAME": "同创金泰建筑技术（北京）有限公司", "QY_FR_NAME": "张升", "QY_REGION": "110100", "QY_REGION_NAME": "北京市-市辖区", "OLD_CODE": "MA00DPHC2", "COLLECT_TIME": 1622264066000, "QY_SRC_TYPE": "0", "hub_crawl_status": 0}, {"RN": 48, "QY_ID": "002105291254735281", "QY_ORG_CODE": "91110109MA01CTT826", "QY_NAME": "北京中筑鼎业建筑工程有限公司", "QY_FR_NAME": "黄伟", "QY_REGION": "110100", "QY_REGION_NAME": "北京市-市辖区", "OLD_CODE": "MA01CTT82", "COLLECT_TIME": 1622264066000, "QY_SRC_TYPE": "0", "hub_crawl_status": 0}, {"RN": 49, "QY_ID": "002105291254751255", "QY_ORG_CODE": "9111022805139402X2", "QY_NAME": "中龙元建设集团有限公司", "QY_FR_NAME": "胡宇斌", "QY_REGION": "110000", "QY_REGION_NAME": "北京市", "OLD_CODE": "05139402X", "COLLECT_TIME": 1622264082000, "QY_SRC_TYPE": "0", "hub_crawl_status": 0}, {"RN": 50, "QY_ID": "002105291258797014", "QY_ORG_CODE": "91110106682867524U", "QY_NAME": "中实创建科技股份有限公司", "QY_FR_NAME": "尹达", "QY_REGION": "110000", "QY_REGION_NAME": "北京市", "OLD_CODE": "682867524", "COLLECT_TIME": 1622264323000, "QY_SRC_TYPE": "0", "hub_crawl_status": 0}, {"RN": 51, "QY_ID": "002105291305860046", "QY_ORG_CODE": "911101166963124663", "QY_NAME": "北京凌云宏达幕墙工程有限公司", "QY_FR_NAME": "曾文涛", "QY_REGION": "110000", "QY_REGION_NAME": "北京市", "OLD_CODE": "696312466", "COLLECT_TIME": 1622264737000, "QY_SRC_TYPE": "0", "hub_crawl_status": 0}, {"RN": 52, "QY_ID": "002105291306891162", "QY_ORG_CODE": "91110115592357221L", "QY_NAME": "北京凯华创佳工程咨询有限公司", "QY_FR_NAME": "肖开华", "QY_REGION": "110100", "QY_REGION_NAME": "北京市-市辖区", "OLD_CODE": "592357221", "COLLECT_TIME": 1622264774000, "QY_SRC_TYPE": "0", "hub_crawl_status": 0}, {"RN": 53, "QY_ID": "002105291313924740", "QY_ORG_CODE": "911101056337852661", "QY_NAME": "北京中信渤海铝幕墙装饰工程有限公司", "QY_FR_NAME": "田辉", "QY_REGION": "110100", "QY_REGION_NAME": "北京市-市辖区", "OLD_CODE": "633785266", "COLLECT_TIME": 1622265186000, "QY_SRC_TYPE": "0", "hub_crawl_status": 0}, {"RN": 54, "QY_ID": "002105291313949129", "QY_ORG_CODE": "91110115802876450L", "QY_NAME": "北京东方泰洋幕墙股份有限公司", "QY_FR_NAME": "郑卫兵", "QY_REGION": "110100", "QY_REGION_NAME": "北京市-市辖区", "OLD_CODE": "802876450", "COLLECT_TIME": 1622265215000, "QY_SRC_TYPE": "0", "hub_crawl_status": 0}, {"RN": 55, "QY_ID": "002107030208130712", "QY_ORG_CODE": "91110115MA01XB702Y", "QY_NAME": "北京建威创建装饰工程有限公司", "QY_FR_NAME": "李雪雷", "QY_REGION": "110000", "QY_REGION_NAME": "北京市", "OLD_CODE": "MA01XB702", "COLLECT_TIME": 1625249321000, "QY_SRC_TYPE": "0", "hub_crawl_status": 0}, {"RN": 56, "QY_ID": "002111021911209165", "QY_ORG_CODE": "91110109MA029R7D2K", "QY_NAME": "北京中祥恒泰建筑工程有限公司", "QY_FR_NAME": "邢凤敏", "QY_REGION": "110100", "QY_REGION_NAME": "北京市-市辖区", "OLD_CODE": "MA029R7D2", "COLLECT_TIME": 1635851495000, "QY_SRC_TYPE": "0", "hub_crawl_status": 0}]