[{"QY_FR_NAME": "叶明华", "QY_REGION": "110000", "QY_NAME": "北京华天幕墙工程有限公司", "QY_REGION_NAME": "北京市", "QY_ORG_CODE": "91110112760114553X", "COLLECT_TIME": 1622263259000, "RN": 16, "QY_ID": "002105291240562710", "QY_SRC_TYPE": "0", "OLD_CODE": "760114553", "hub_crawl_status": 0}, {"QY_FR_NAME": "黄文金", "QY_REGION": "110100", "QY_NAME": "北京科华国际幕墙工程有限公司", "QY_REGION_NAME": "北京市-市辖区", "QY_ORG_CODE": "91110116742301232H", "COLLECT_TIME": 1622263260000, "RN": 17, "QY_ID": "002105291241563807", "QY_SRC_TYPE": "0", "OLD_CODE": "742301232", "hub_crawl_status": 0}, {"QY_FR_NAME": "李金星", "QY_REGION": "110100", "QY_NAME": "北京市金星卓宏幕墙工程有限公司", "QY_REGION_NAME": "北京市-市辖区", "QY_ORG_CODE": "911101066337101926", "COLLECT_TIME": 1622263263000, "RN": 18, "QY_ID": "002105291241568921", "QY_SRC_TYPE": "0", "OLD_CODE": "633710192", "hub_crawl_status": 0}, {"QY_FR_NAME": "蒋清林", "QY_REGION": "110000", "QY_NAME": "北京磊鑫建筑工程有限公司", "QY_REGION_NAME": "北京市", "QY_ORG_CODE": "91110102722677814K", "COLLECT_TIME": 1622263267000, "RN": 19, "QY_ID": "002105291241574003", "QY_SRC_TYPE": "0", "OLD_CODE": "722677814", "hub_crawl_status": 0}, {"QY_FR_NAME": "万玉岩", "QY_REGION": "110000", "QY_NAME": "远洋装饰工程股份有限公司", "QY_REGION_NAME": "北京市", "QY_ORG_CODE": "911101166337013418", "COLLECT_TIME": 1622263269000, "RN": 20, "QY_ID": "002105291241575715", "QY_SRC_TYPE": "0", "OLD_CODE": "633701341", "hub_crawl_status": 0}, {"QY_FR_NAME": "杜全来", "QY_REGION": "110000", "QY_NAME": "北京宏安建筑装饰工程有限责任公司", "QY_REGION_NAME": "北京市", "QY_ORG_CODE": "91110112102423653P", "COLLECT_TIME": 1622263270000, "RN": 21, "QY_ID": "002105291241577517", "QY_SRC_TYPE": "0", "OLD_CODE": "102423653", "hub_crawl_status": 0}, {"QY_FR_NAME": "谢少宁", "QY_REGION": "110100", "QY_NAME": "北京艺成园装修设计有限公司", "QY_REGION_NAME": "北京市-市辖区", "QY_ORG_CODE": "9111011580289646XY", "COLLECT_TIME": 1622263276000, "RN": 22, "QY_ID": "002105291241585356", "QY_SRC_TYPE": "0", "OLD_CODE": "80289646X", "hub_crawl_status": 0}, {"QY_FR_NAME": "熊凌志", "QY_REGION": "110000", "QY_NAME": "北京德沅门窗幕墙工程有限公司", "QY_REGION_NAME": "北京市", "QY_ORG_CODE": "91110107571257301Q", "COLLECT_TIME": 1622263277000, "RN": 23, "QY_ID": "002105291241587454", "QY_SRC_TYPE": "0", "OLD_CODE": "571257301", "hub_crawl_status": 0}, {"QY_FR_NAME": "王艳立", "QY_REGION": "110000", "QY_NAME": "北京中铁装饰工程有限公司", "QY_REGION_NAME": "北京市", "QY_ORG_CODE": "91110107102312507G", "COLLECT_TIME": 1622263280000, "RN": 24, "QY_ID": "002105291241591437", "QY_SRC_TYPE": "0", "OLD_CODE": "102312507", "hub_crawl_status": 0}, {"QY_FR_NAME": "鲜斌", "QY_REGION": "110000", "QY_NAME": "中装伟业建设发展有限公司", "QY_REGION_NAME": "北京市", "QY_ORG_CODE": "91110112596128776X", "COLLECT_TIME": 1622263297000, "RN": 25, "QY_ID": "002105291241610269", "QY_SRC_TYPE": "0", "OLD_CODE": "596128776", "hub_crawl_status": 0}, {"QY_FR_NAME": "石明剑", "QY_REGION": "110000", "QY_NAME": "北京建磊国际装饰工程股份有限公司", "QY_REGION_NAME": "北京市", "QY_ORG_CODE": "911101091014170400", "COLLECT_TIME": 1622263298000, "RN": 26, "QY_ID": "002105291241611363", "QY_SRC_TYPE": "0", "OLD_CODE": "101417040", "hub_crawl_status": 0}, {"QY_FR_NAME": "秦有喜", "QY_REGION": "110000", "QY_NAME": "神州长城国际工程有限公司", "QY_REGION_NAME": "北京市", "QY_ORG_CODE": "911101128024523839", "COLLECT_TIME": 1622263305000, "RN": 27, "QY_ID": "002105291241618098", "QY_SRC_TYPE": "0", "OLD_CODE": "802452383", "hub_crawl_status": 0}, {"QY_FR_NAME": "王忠林", "QY_REGION": "110000", "QY_NAME": "北京诚信中奥幕墙装饰工程有限公司", "QY_REGION_NAME": "北京市", "QY_ORG_CODE": "9111010574754126XD", "COLLECT_TIME": 1622263309000, "RN": 28, "QY_ID": "002105291241621806", "QY_SRC_TYPE": "0", "OLD_CODE": "74754126X", "hub_crawl_status": 0}, {"QY_FR_NAME": "葛绍波", "QY_REGION": "110100", "QY_NAME": "北京东方汉星幕墙工程有限公司", "QY_REGION_NAME": "北京市-市辖区", "QY_ORG_CODE": "91110112797563379J", "COLLECT_TIME": 1622263309000, "RN": 29, "QY_ID": "002105291241621808", "QY_SRC_TYPE": "0", "OLD_CODE": "797563379", "hub_crawl_status": 0}, {"QY_FR_NAME": "雷远辉", "QY_REGION": "110000", "QY_NAME": "中迅达装饰工程集团有限公司", "QY_REGION_NAME": "北京市", "QY_ORG_CODE": "91110108X00385406K", "COLLECT_TIME": 1622263313000, "RN": 30, "QY_ID": "002105291241624759", "QY_SRC_TYPE": "0", "OLD_CODE": "X00385406", "hub_crawl_status": 0}]