[{"RN": 31, "QY_ID": "002105291241625352", "QY_ORG_CODE": "91110116694982423Y", "QY_NAME": "远联建筑工程有限公司", "QY_FR_NAME": "余春旺", "QY_REGION": "110000", "QY_REGION_NAME": "北京市", "OLD_CODE": "694982423", "COLLECT_TIME": 1622263313000, "QY_SRC_TYPE": "0", "hub_crawl_status": 0}, {"RN": 32, "QY_ID": "002105291241625768", "QY_ORG_CODE": "911101061022729719", "QY_NAME": "北京超达幕墙装饰工程有限责任公司", "QY_FR_NAME": "蔡伯中", "QY_REGION": "110000", "QY_REGION_NAME": "北京市", "OLD_CODE": "102272971", "COLLECT_TIME": 1622263314000, "QY_SRC_TYPE": "0", "hub_crawl_status": 0}, {"RN": 33, "QY_ID": "002105291241629131", "QY_ORG_CODE": "91110112670562352Q", "QY_NAME": "北京豪杰盛世幕墙装饰工程有限公司", "QY_FR_NAME": "吴根峰", "QY_REGION": "110000", "QY_REGION_NAME": "北京市", "OLD_CODE": "670562352", "COLLECT_TIME": 1622263318000, "QY_SRC_TYPE": "0", "hub_crawl_status": 0}, {"RN": 34, "QY_ID": "002105291242634125", "QY_ORG_CODE": "911101086000176158", "QY_NAME": "北京诺思威建筑装饰工程有限公司", "QY_FR_NAME": "刘力峰", "QY_REGION": "110000", "QY_REGION_NAME": "北京市", "OLD_CODE": "600017615", "COLLECT_TIME": 1622263326000, "QY_SRC_TYPE": "0", "hub_crawl_status": 0}, {"RN": 35, "QY_ID": "002105291242634436", "QY_ORG_CODE": "9111010810000501XH", "QY_NAME": "中国建筑装饰集团有限公司", "QY_FR_NAME": "袁文清", "QY_REGION": "110000", "QY_REGION_NAME": "北京市", "OLD_CODE": "10000501X", "COLLECT_TIME": 1622263327000, "QY_SRC_TYPE": "0", "hub_crawl_status": 0}, {"RN": 36, "QY_ID": "002105291242635838", "QY_ORG_CODE": "911101086916528672", "QY_NAME": "北京英豪建筑装饰设计工程有限公司", "QY_FR_NAME": "叶三樟", "QY_REGION": "110000", "QY_REGION_NAME": "北京市", "OLD_CODE": "691652867", "COLLECT_TIME": 1622263328000, "QY_SRC_TYPE": "0", "hub_crawl_status": 0}, {"RN": 37, "QY_ID": "002105291242644791", "QY_ORG_CODE": "91110113306750680Q", "QY_NAME": "北京港源幕墙有限公司", "QY_FR_NAME": "强军", "QY_REGION": "110000", "QY_REGION_NAME": "北京市", "OLD_CODE": "306750680", "COLLECT_TIME": 1622263346000, "QY_SRC_TYPE": "0", "hub_crawl_status": 0}, {"RN": 38, "QY_ID": "002105291247646102", "QY_ORG_CODE": "911102281015003627", "QY_NAME": "北京神龙建筑装饰工程有限公司", "QY_FR_NAME": "吴传芬", "QY_REGION": "110000", "QY_REGION_NAME": "北京市", "OLD_CODE": "101500362", "COLLECT_TIME": 1622263679000, "QY_SRC_TYPE": "0", "hub_crawl_status": 0}, {"RN": 39, "QY_ID": "002105291248651767", "QY_ORG_CODE": "911101061021906261", "QY_NAME": "北京和平幕墙工程有限公司", "QY_FR_NAME": "王有青", "QY_REGION": "110000", "QY_REGION_NAME": "北京市", "OLD_CODE": "102190626", "COLLECT_TIME": 1622263685000, "QY_SRC_TYPE": "0", "hub_crawl_status": 0}, {"RN": 40, "QY_ID": "002105291248661152", "QY_ORG_CODE": "9111011210238739X4", "QY_NAME": "中建二局装饰工程有限公司", "QY_FR_NAME": "杜建波", "QY_REGION": "110000", "QY_REGION_NAME": "北京市", "OLD_CODE": "10238739X", "COLLECT_TIME": 1622263693000, "QY_SRC_TYPE": "0", "hub_crawl_status": 0}, {"RN": 41, "QY_ID": "002105291248679468", "QY_ORG_CODE": "91110117MA004XEWX2", "QY_NAME": "北京民建国际工程管理有限公司", "QY_FR_NAME": "孙铭佑", "QY_REGION": "110000", "QY_REGION_NAME": "北京市", "OLD_CODE": "MA004XEWX", "COLLECT_TIME": 1622263710000, "QY_SRC_TYPE": "0", "hub_crawl_status": 0}, {"RN": 42, "QY_ID": "002105291248686177", "QY_ORG_CODE": "91110113MA018DE14W", "QY_NAME": "安嘉（北京）建筑工程有限公司", "QY_FR_NAME": "于磊", "QY_REGION": "110000", "QY_REGION_NAME": "北京市", "OLD_CODE": "MA018DE14", "COLLECT_TIME": 1622263718000, "QY_SRC_TYPE": "0", "hub_crawl_status": 0}, {"RN": 43, "QY_ID": "002105291249702574", "QY_ORG_CODE": "91110112571281360Y", "QY_NAME": "建元科技发展有限公司", "QY_FR_NAME": "苏明山", "QY_REGION": "110000", "QY_REGION_NAME": "北京市", "OLD_CODE": "571281360", "COLLECT_TIME": 1622263742000, "QY_SRC_TYPE": "0", "hub_crawl_status": 0}, {"RN": 44, "QY_ID": "002105291249706585", "QY_ORG_CODE": "91110109735593150D", "QY_NAME": "北京东方盛泽建筑工程有限公司", "QY_FR_NAME": "王跃龙", "QY_REGION": "110000", "QY_REGION_NAME": "北京市", "OLD_CODE": "735593150", "COLLECT_TIME": 1622263747000, "QY_SRC_TYPE": "0", "hub_crawl_status": 0}, {"RN": 45, "QY_ID": "002105291249707974", "QY_ORG_CODE": "91110115673833701W", "QY_NAME": "中幕建筑装饰工程有限公司", "QY_FR_NAME": "陈超", "QY_REGION": "110000", "QY_REGION_NAME": "北京市", "OLD_CODE": "673833701", "COLLECT_TIME": 1622263750000, "QY_SRC_TYPE": "0", "hub_crawl_status": 0}]