[{"RN": 1, "QY_ID": "002105291239451704", "QY_ORG_CODE": "91110108700216064H", "QY_NAME": "北京南隆建筑装饰工程有限公司", "QY_FR_NAME": "戴岗岩", "QY_REGION": "110000", "QY_REGION_NAME": "北京市", "OLD_CODE": "700216064", "COLLECT_TIME": 1622263196000, "QY_SRC_TYPE": "0", "hub_crawl_status": 0}, {"RN": 2, "QY_ID": "002105291239451722", "QY_ORG_CODE": "911101121024139658", "QY_NAME": "北京鸿恒基幕墙装饰工程有限公司", "QY_FR_NAME": "王宗木", "QY_REGION": "110000", "QY_REGION_NAME": "北京市", "OLD_CODE": "102413965", "COLLECT_TIME": 1622263196000, "QY_SRC_TYPE": "0", "hub_crawl_status": 0}, {"RN": 3, "QY_ID": "002105291239452336", "QY_ORG_CODE": "91110106101178705M", "QY_NAME": "北京建黎建设工程有限公司", "QY_FR_NAME": "王刻烛", "QY_REGION": "110100", "QY_REGION_NAME": "北京市-市辖区", "OLD_CODE": "101178705", "COLLECT_TIME": 1622263196000, "QY_SRC_TYPE": "0", "hub_crawl_status": 0}, {"RN": 4, "QY_ID": "002105291239453294", "QY_ORG_CODE": "91110000633739120D", "QY_NAME": "国都建设（集团）有限公司", "QY_FR_NAME": "王文海", "QY_REGION": "110000", "QY_REGION_NAME": "北京市", "OLD_CODE": "633739120", "COLLECT_TIME": 1622263197000, "QY_SRC_TYPE": "0", "hub_crawl_status": 0}, {"RN": 5, "QY_ID": "002105291239453437", "QY_ORG_CODE": "9111010810188479X3", "QY_NAME": "北京金易格新能源科技发展有限公司", "QY_FR_NAME": "班广生", "QY_REGION": "110000", "QY_REGION_NAME": "北京市", "OLD_CODE": "10188479X", "COLLECT_TIME": 1622263197000, "QY_SRC_TYPE": "0", "hub_crawl_status": 0}, {"RN": 6, "QY_ID": "002105291240464453", "QY_ORG_CODE": "91110115700356040Q", "QY_NAME": "北京西飞世纪门窗幕墙工程有限责任公司", "QY_FR_NAME": "彭德苗", "QY_REGION": "110000", "QY_REGION_NAME": "北京市", "OLD_CODE": "700356040", "COLLECT_TIME": 1622263203000, "QY_SRC_TYPE": "0", "hub_crawl_status": 0}, {"RN": 7, "QY_ID": "002105291240480041", "QY_ORG_CODE": "91110106553052871W", "QY_NAME": "北京千山幕墙装饰工程有限公司", "QY_FR_NAME": "杨文轻", "QY_REGION": "110000", "QY_REGION_NAME": "北京市", "OLD_CODE": "553052871", "COLLECT_TIME": 1622263211000, "QY_SRC_TYPE": "0", "hub_crawl_status": 0}, {"RN": 8, "QY_ID": "002105291240483103", "QY_ORG_CODE": "91110113732616003C", "QY_NAME": "北京强源幕墙工程有限公司", "QY_FR_NAME": "康士荣", "QY_REGION": "110000", "QY_REGION_NAME": "北京市", "OLD_CODE": "732616003", "COLLECT_TIME": 1622263212000, "QY_SRC_TYPE": "0", "hub_crawl_status": 0}, {"RN": 9, "QY_ID": "002105291240494830", "QY_ORG_CODE": "91110000102526927Q", "QY_NAME": "北京嘉寓门窗幕墙股份有限公司", "QY_FR_NAME": "田新甲", "QY_REGION": "110000", "QY_REGION_NAME": "北京市", "OLD_CODE": "102526927", "COLLECT_TIME": 1622263218000, "QY_SRC_TYPE": "0", "hub_crawl_status": 0}, {"RN": 10, "QY_ID": "002105291240504498", "QY_ORG_CODE": "9111010663370215XC", "QY_NAME": "北京建兴泰建设科技有限责任公司", "QY_FR_NAME": "夏春阳", "QY_REGION": "110000", "QY_REGION_NAME": "北京市", "OLD_CODE": "63370215X", "COLLECT_TIME": 1622263224000, "QY_SRC_TYPE": "0", "hub_crawl_status": 0}, {"RN": 11, "QY_ID": "002105291240505620", "QY_ORG_CODE": "91110115102058481M", "QY_NAME": "北京兴安幕墙装饰有限公司", "QY_FR_NAME": "潘俊清", "QY_REGION": "110000", "QY_REGION_NAME": "北京市", "OLD_CODE": "102058481", "COLLECT_TIME": 1622263225000, "QY_SRC_TYPE": "0", "hub_crawl_status": 0}, {"RN": 12, "QY_ID": "002105291240505981", "QY_ORG_CODE": "91110000069632989Y", "QY_NAME": "北京江河幕墙系统工程有限公司", "QY_FR_NAME": "周韩平", "QY_REGION": "110000", "QY_REGION_NAME": "北京市", "OLD_CODE": "069632989", "COLLECT_TIME": 1622263225000, "QY_SRC_TYPE": "0", "hub_crawl_status": 0}, {"RN": 13, "QY_ID": "002105291240522743", "QY_ORG_CODE": "911101061021720574", "QY_NAME": "北京建工新燕幕墙装饰工程有限公司", "QY_FR_NAME": "卢光国", "QY_REGION": "110000", "QY_REGION_NAME": "北京市", "OLD_CODE": "102172057", "COLLECT_TIME": 1622263234000, "QY_SRC_TYPE": "0", "hub_crawl_status": 0}, {"RN": 14, "QY_ID": "002105291240529303", "QY_ORG_CODE": "91110105738224000L", "QY_NAME": "北京鸿屹丰彩装饰工程有限公司", "QY_FR_NAME": "赖昌泉", "QY_REGION": "110000", "QY_REGION_NAME": "北京市", "OLD_CODE": "738224000", "COLLECT_TIME": 1622263238000, "QY_SRC_TYPE": "0", "hub_crawl_status": 0}, {"RN": 15, "QY_ID": "002105291240557900", "QY_ORG_CODE": "91110111339676499E", "QY_NAME": "北京丽贝亚幕墙工程有限公司", "QY_FR_NAME": "陈文忠", "QY_REGION": "110000", "QY_REGION_NAME": "北京市", "OLD_CODE": "339676499", "COLLECT_TIME": 1622263256000, "QY_SRC_TYPE": "0", "hub_crawl_status": 0}]