[{"RN": 1, "QY_ID": "002105291239452104", "QY_ORG_CODE": "911103021011126699", "QY_NAME": "中国通信建设集团设计院有限公司", "QY_FR_NAME": "王睿峰", "QY_REGION": "110100", "QY_REGION_NAME": "北京市-市辖区", "OLD_CODE": "101112669", "COLLECT_TIME": 1622263196000, "QY_SRC_TYPE": "0", "hub_crawl_status": 0}, {"RN": 2, "QY_ID": "002105291240484936", "QY_ORG_CODE": "911101081019400691", "QY_NAME": "北京电信规划设计院有限公司", "QY_FR_NAME": "赵一言", "QY_REGION": "110000", "QY_REGION_NAME": "北京市", "OLD_CODE": "101940069", "COLLECT_TIME": 1622263213000, "QY_SRC_TYPE": "0", "hub_crawl_status": 0}, {"RN": 3, "QY_ID": "002105291240524770", "QY_ORG_CODE": "91110108101988695J", "QY_NAME": "普天信息工程设计服务有限公司", "QY_FR_NAME": "王栋", "QY_REGION": "110100", "QY_REGION_NAME": "北京市-市辖区", "OLD_CODE": "101988695", "COLLECT_TIME": 1622263235000, "QY_SRC_TYPE": "0", "hub_crawl_status": 0}, {"RN": 4, "QY_ID": "002105291240527519", "QY_ORG_CODE": "9111010874157153XQ", "QY_NAME": "北京泰尔凯达电信信息咨询有限责任公司", "QY_FR_NAME": "刘丽婷", "QY_REGION": "110100", "QY_REGION_NAME": "北京市-市辖区", "OLD_CODE": "74157153X", "COLLECT_TIME": 1622263237000, "QY_SRC_TYPE": "0", "hub_crawl_status": 0}, {"RN": 5, "QY_ID": "002105291241577184", "QY_ORG_CODE": "91110106101119924Q", "QY_NAME": "北京通畅电信规划设计院有限公司", "QY_FR_NAME": "缪文雄", "QY_REGION": "110000", "QY_REGION_NAME": "北京市", "OLD_CODE": "101119924", "COLLECT_TIME": 1622263270000, "QY_SRC_TYPE": "0", "hub_crawl_status": 0}, {"RN": 6, "QY_ID": "002105291241580621", "QY_ORG_CODE": "911101011015776853", "QY_NAME": "北京华麒通信科技有限公司", "QY_FR_NAME": "付刚毅", "QY_REGION": "110000", "QY_REGION_NAME": "北京市", "OLD_CODE": "101577685", "COLLECT_TIME": 1622263272000, "QY_SRC_TYPE": "0", "hub_crawl_status": 0}, {"RN": 7, "QY_ID": "002105291241584678", "QY_ORG_CODE": "91110111MA0192W9XD", "QY_NAME": "中电系统建设工程有限公司", "QY_FR_NAME": "孙国政", "QY_REGION": "110000", "QY_REGION_NAME": "北京市", "OLD_CODE": "MA0192W9X", "COLLECT_TIME": 1622263275000, "QY_SRC_TYPE": "0", "hub_crawl_status": 0}, {"RN": 8, "QY_ID": "002105291255773824", "QY_ORG_CODE": "9111010110150788XJ", "QY_NAME": "北京市电信工程设计院有限公司", "QY_FR_NAME": "江琪", "QY_REGION": "110000", "QY_REGION_NAME": "北京市", "OLD_CODE": "10150788X", "COLLECT_TIME": 1622264108000, "QY_SRC_TYPE": "0", "hub_crawl_status": 0}]