[{"RN": 1, "QY_ID": "002105291248654923", "QY_ORG_CODE": "91110000100001916P", "QY_NAME": "中国公路工程咨询集团有限公司", "QY_FR_NAME": "崔玉萍", "QY_REGION": "110100", "QY_REGION_NAME": "北京市-市辖区", "OLD_CODE": "100001916", "COLLECT_TIME": 1622263688000, "QY_SRC_TYPE": "0", "hub_crawl_status": 0}, {"RN": 2, "QY_ID": "002105291249709315", "QY_ORG_CODE": "91110108600014027P", "QY_NAME": "北京京江国际工程咨询有限公司", "QY_FR_NAME": "李琪", "QY_REGION": "110000", "QY_REGION_NAME": "北京市", "OLD_CODE": "600014027", "COLLECT_TIME": 1622263752000, "QY_SRC_TYPE": "0", "hub_crawl_status": 0}]