[{"RN": 1, "QY_ID": "002105291239452140", "QY_ORG_CODE": "91110000400002689G", "QY_NAME": "建设综合勘察研究设计院有限公司", "QY_FR_NAME": "李耀刚", "QY_REGION": "110000", "QY_REGION_NAME": "北京市", "OLD_CODE": "400002689", "COLLECT_TIME": 1622263196000, "QY_SRC_TYPE": "0", "hub_crawl_status": 0}, {"RN": 2, "QY_ID": "002105291240461962", "QY_ORG_CODE": "911101086835621402", "QY_NAME": "北京中岩大地科技股份有限公司", "QY_FR_NAME": "王立建", "QY_REGION": "110000", "QY_REGION_NAME": "北京市", "OLD_CODE": "683562140", "COLLECT_TIME": 1622263201000, "QY_SRC_TYPE": "0", "hub_crawl_status": 0}, {"RN": 3, "QY_ID": "002105291240514897", "QY_ORG_CODE": "91110000400009987X", "QY_NAME": "中航勘察设计研究院有限公司", "QY_FR_NAME": "刘宁", "QY_REGION": "110000", "QY_REGION_NAME": "北京市", "OLD_CODE": "400009987", "COLLECT_TIME": 1622263229000, "QY_SRC_TYPE": "0", "hub_crawl_status": 0}, {"RN": 4, "QY_ID": "002105291240561106", "QY_ORG_CODE": "91110108700613115R", "QY_NAME": "北京正和恒基滨水生态环境治理股份有限公司", "QY_FR_NAME": "张熠君", "QY_REGION": "110000", "QY_REGION_NAME": "北京市", "OLD_CODE": "700613115", "COLLECT_TIME": 1622263258000, "QY_SRC_TYPE": "0", "hub_crawl_status": 0}, {"RN": 5, "QY_ID": "002105291240562731", "QY_ORG_CODE": "911101055621025438", "QY_NAME": "中垣联合（北京）城乡规划设计有限公司", "QY_FR_NAME": "李璇", "QY_REGION": "110000", "QY_REGION_NAME": "北京市", "OLD_CODE": "562102543", "COLLECT_TIME": 1622263259000, "QY_SRC_TYPE": "0", "hub_crawl_status": 0}, {"RN": 6, "QY_ID": "002105291241616463", "QY_ORG_CODE": "91110108668419194P", "QY_NAME": "北京市勘察设计研究院有限公司", "QY_FR_NAME": "徐宏声", "QY_REGION": "110000", "QY_REGION_NAME": "北京市", "OLD_CODE": "668419194", "COLLECT_TIME": 1622263303000, "QY_SRC_TYPE": "0", "hub_crawl_status": 0}, {"RN": 7, "QY_ID": "002105291241621446", "QY_ORG_CODE": "9111011266691460XD", "QY_NAME": "北京翰海青天环保科技有限公司", "QY_FR_NAME": "于延生", "QY_REGION": "110000", "QY_REGION_NAME": "北京市", "OLD_CODE": "66691460X", "COLLECT_TIME": 1622263308000, "QY_SRC_TYPE": "0", "hub_crawl_status": 0}, {"RN": 8, "QY_ID": "002105291242642937", "QY_ORG_CODE": "911101027351329441", "QY_NAME": "中科鼎实环境工程有限公司", "QY_FR_NAME": "殷晓东", "QY_REGION": "110000", "QY_REGION_NAME": "北京市", "OLD_CODE": "735132944", "COLLECT_TIME": 1622263343000, "QY_SRC_TYPE": "0", "hub_crawl_status": 0}, {"RN": 9, "QY_ID": "002105291242644447", "QY_ORG_CODE": "91110000400000974J", "QY_NAME": "中材地质工程勘查研究院有限公司", "QY_FR_NAME": "郭党生", "QY_REGION": "110000", "QY_REGION_NAME": "北京市", "OLD_CODE": "400000974", "COLLECT_TIME": 1622263346000, "QY_SRC_TYPE": "0", "hub_crawl_status": 0}, {"RN": 10, "QY_ID": "002105291248656513", "QY_ORG_CODE": "911101051017174063", "QY_NAME": "中国环境科学研究院环境技术工程有限公司", "QY_FR_NAME": "徐义生", "QY_REGION": "110000", "QY_REGION_NAME": "北京市", "OLD_CODE": "101717406", "COLLECT_TIME": 1622263689000, "QY_SRC_TYPE": "0", "hub_crawl_status": 0}, {"RN": 11, "QY_ID": "002105291254753441", "QY_ORG_CODE": "9111010572398279XG", "QY_NAME": "北京东方利禾景观设计有限公司", "QY_FR_NAME": "刘旭", "QY_REGION": "110000", "QY_REGION_NAME": "北京市", "OLD_CODE": "72398279X", "COLLECT_TIME": 1622264085000, "QY_SRC_TYPE": "0", "hub_crawl_status": 0}, {"RN": 12, "QY_ID": "002105291254766042", "QY_ORG_CODE": "91110000802077712D", "QY_NAME": "北京北控生态建设集团有限公司", "QY_FR_NAME": "杜浩", "QY_REGION": "110000", "QY_REGION_NAME": "北京市", "OLD_CODE": "802077712", "COLLECT_TIME": 1622264099000, "QY_SRC_TYPE": "0", "hub_crawl_status": 0}, {"RN": 13, "QY_ID": "002105291258783221", "QY_ORG_CODE": "9111010172143575X8", "QY_NAME": "北京远浪潮生态建设有限公司", "QY_FR_NAME": "王跃昌", "QY_REGION": "110000", "QY_REGION_NAME": "北京市", "OLD_CODE": "72143575X", "COLLECT_TIME": 1622264309000, "QY_SRC_TYPE": "0", "hub_crawl_status": 0}]