[{"RN": 1, "QY_ID": "002105291239452381", "QY_ORG_CODE": "911101087650483804", "QY_NAME": "北京柏梁机电设计事务所（普通合伙）", "QY_FR_NAME": "***", "QY_REGION": "110000", "QY_REGION_NAME": "北京市", "OLD_CODE": "765048380", "COLLECT_TIME": 1622263196000, "QY_SRC_TYPE": "0", "hub_crawl_status": 0}, {"RN": 2, "QY_ID": "002105291239454204", "QY_ORG_CODE": "91110108749396705N", "QY_NAME": "北京俞龚琪元机电设计事务所（普通合伙）", "QY_FR_NAME": "**", "QY_REGION": "110000", "QY_REGION_NAME": "北京市", "OLD_CODE": "749396705", "COLLECT_TIME": 1622263197000, "QY_SRC_TYPE": "0", "hub_crawl_status": 0}, {"RN": 3, "QY_ID": "002105291240500737", "QY_ORG_CODE": "565799032", "QY_NAME": "北京天际线机电设计事务所有限公司", "QY_FR_NAME": "李涛", "QY_REGION": "110100", "QY_REGION_NAME": "北京市-市辖区", "OLD_CODE": "565799032", "COLLECT_TIME": 1622263222000, "QY_SRC_TYPE": "0", "hub_crawl_status": 0}, {"RN": 4, "QY_ID": "002105291240502817", "QY_ORG_CODE": "780956969", "QY_NAME": "北京绿建高舒机电工程设计事务所有限公司", "QY_FR_NAME": "丛旭日", "QY_REGION": "110100", "QY_REGION_NAME": "北京市-市辖区", "OLD_CODE": "780956969", "COLLECT_TIME": 1622263223000, "QY_SRC_TYPE": "0", "hub_crawl_status": 0}, {"RN": 5, "QY_ID": "002105291241587483", "QY_ORG_CODE": "91110102771997523U", "QY_NAME": "北京九合正中机电设计事务所（普通合伙）", "QY_FR_NAME": "王振华", "QY_REGION": "110000", "QY_REGION_NAME": "北京市", "OLD_CODE": "771997523", "COLLECT_TIME": 1622263277000, "QY_SRC_TYPE": "0", "hub_crawl_status": 0}, {"RN": 6, "QY_ID": "002105291241610313", "QY_ORG_CODE": "91110108669934649W", "QY_NAME": "中天伟业（北京）建筑机电设计事务所有限公司", "QY_FR_NAME": "薛世勇", "QY_REGION": "110000", "QY_REGION_NAME": "北京市", "OLD_CODE": "669934649", "COLLECT_TIME": 1622263297000, "QY_SRC_TYPE": "0", "hub_crawl_status": 0}]