[{"RN": 1, "QY_ID": "002105291240514897", "QY_ORG_CODE": "91110000400009987X", "QY_NAME": "中航勘察设计研究院有限公司", "QY_FR_NAME": "刘宁", "QY_REGION": "110000", "QY_REGION_NAME": "北京市", "OLD_CODE": "400009987", "COLLECT_TIME": 1622263229000, "QY_SRC_TYPE": "0", "hub_crawl_status": 0}, {"RN": 2, "QY_ID": "002105291241565339", "QY_ORG_CODE": "911101016963807172", "QY_NAME": "北京京铁清尚建筑设计院有限公司", "QY_FR_NAME": "杨志杰", "QY_REGION": "110000", "QY_REGION_NAME": "北京市", "OLD_CODE": "696380717", "COLLECT_TIME": 1622263261000, "QY_SRC_TYPE": "0", "hub_crawl_status": 0}, {"RN": 3, "QY_ID": "002105291249711173", "QY_ORG_CODE": "91110108682884842F", "QY_NAME": "国质（北京）建设工程检测鉴定中心", "QY_FR_NAME": "费毕刚", "QY_REGION": "110000", "QY_REGION_NAME": "北京市", "OLD_CODE": "682884842", "COLLECT_TIME": 1622263754000, "QY_SRC_TYPE": "0", "hub_crawl_status": 0}, {"RN": 4, "QY_ID": "002105291259835676", "QY_ORG_CODE": "91110102593896956Y", "QY_NAME": "中青宏业（北京）工程质量检测鉴定有限公司", "QY_FR_NAME": "王改肖", "QY_REGION": "110000", "QY_REGION_NAME": "北京市", "OLD_CODE": "593896956", "COLLECT_TIME": 1622264370000, "QY_SRC_TYPE": "0", "hub_crawl_status": 0}, {"RN": 5, "QY_ID": "002105291305846806", "QY_ORG_CODE": "91110102580865018T", "QY_NAME": "北京北排水务设计研究院有限公司", "QY_FR_NAME": "刘立超", "QY_REGION": "110000", "QY_REGION_NAME": "北京市", "OLD_CODE": "580865018", "COLLECT_TIME": 1622264722000, "QY_SRC_TYPE": "0", "hub_crawl_status": 0}, {"RN": 6, "QY_ID": "002105291305874269", "QY_ORG_CODE": "91110102306469469A", "QY_NAME": "北京中富恒大工程质量检测有限公司", "QY_FR_NAME": "王芳", "QY_REGION": "110000", "QY_REGION_NAME": "北京市", "OLD_CODE": "306469469", "COLLECT_TIME": 1622264756000, "QY_SRC_TYPE": "0", "hub_crawl_status": 0}]