[{"RN": 1, "QY_ID": "002105291240506947", "QY_ORG_CODE": "911100000828542792", "QY_NAME": "北京市市政工程设计研究总院有限公司", "QY_FR_NAME": "刘桂生", "QY_REGION": "110100", "QY_REGION_NAME": "北京市-市辖区", "OLD_CODE": "082854279", "COLLECT_TIME": 1622263225000, "QY_SRC_TYPE": "0", "hub_crawl_status": 0}, {"RN": 2, "QY_ID": "002105291240559976", "QY_ORG_CODE": "91110000400000835U", "QY_NAME": "国网经济技术研究院有限公司", "QY_FR_NAME": "潘尔生", "QY_REGION": "110000", "QY_REGION_NAME": "北京市", "OLD_CODE": "400000835", "COLLECT_TIME": 1622263258000, "QY_SRC_TYPE": "0", "hub_crawl_status": 0}, {"RN": 3, "QY_ID": "002105291248646261", "QY_ORG_CODE": "91110109MA01GUEY45", "QY_NAME": "北京中真建设工程有限公司", "QY_FR_NAME": "齐保卫", "QY_REGION": "110000", "QY_REGION_NAME": "北京市", "OLD_CODE": "MA01GUEY4", "COLLECT_TIME": 1622263680000, "QY_SRC_TYPE": "0", "hub_crawl_status": 0}, {"RN": 4, "QY_ID": "002105291254734417", "QY_ORG_CODE": "9111010680221924XQ", "QY_NAME": "北京中咨路捷工程技术咨询有限公司", "QY_FR_NAME": "冯松", "QY_REGION": "110000", "QY_REGION_NAME": "北京市", "OLD_CODE": "80221924X", "COLLECT_TIME": 1622264065000, "QY_SRC_TYPE": "0", "hub_crawl_status": 0}, {"RN": 5, "QY_ID": "002105291259834676", "QY_ORG_CODE": "91110000710929674D", "QY_NAME": "建研地基基础工程有限责任公司", "QY_FR_NAME": "高文生", "QY_REGION": "110000", "QY_REGION_NAME": "北京市", "OLD_CODE": "710929674", "COLLECT_TIME": 1622264369000, "QY_SRC_TYPE": "0", "hub_crawl_status": 0}, {"RN": 6, "QY_ID": "002105291322003633", "QY_ORG_CODE": "91110116MA019H9F3U", "QY_NAME": "华泽（北京）生态环境研究院有限公司", "QY_FR_NAME": "郑红梅", "QY_REGION": "110000", "QY_REGION_NAME": "北京市", "OLD_CODE": "MA019H9F3", "COLLECT_TIME": 1622265761000, "QY_SRC_TYPE": "0", "hub_crawl_status": 0}]