[{"QY_FR_NAME": "田士海", "QY_REGION": "110100", "QY_NAME": "北京金交规划设计有限公司", "QY_REGION_NAME": "北京市-市辖区", "QY_ORG_CODE": "91110105700193026X", "COLLECT_TIME": 1622263205000, "RN": 1, "QY_ID": "002105291240470011", "QY_SRC_TYPE": "0", "OLD_CODE": "700193026", "hub_crawl_status": 0}, {"QY_FR_NAME": "杨文银", "QY_REGION": "110100", "QY_NAME": "交通运输部规划研究院", "QY_REGION_NAME": "北京市-市辖区", "QY_ORG_CODE": "400019229", "COLLECT_TIME": 1622263237000, "RN": 2, "QY_ID": "002105291240527817", "QY_SRC_TYPE": "0", "OLD_CODE": "400019229", "hub_crawl_status": 0}]