[{"RN": 16, "QY_ID": "002105291313931952", "QY_ORG_CODE": "91110105774745989Y", "QY_NAME": "沐城测绘（北京）有限公司", "QY_FR_NAME": "张贵春", "QY_REGION": "110000", "QY_REGION_NAME": "北京市", "OLD_CODE": "774745989", "COLLECT_TIME": 1622265195000, "QY_SRC_TYPE": "0", "hub_crawl_status": 0}, {"RN": 17, "QY_ID": "002105291313948052", "QY_ORG_CODE": "91110106672370354R", "QY_NAME": "北京中和盛图测绘有限公司", "QY_FR_NAME": "王炜", "QY_REGION": "110000", "QY_REGION_NAME": "北京市", "OLD_CODE": "672370354", "COLLECT_TIME": 1622265213000, "QY_SRC_TYPE": "0", "hub_crawl_status": 0}, {"RN": 18, "QY_ID": "002105291322990531", "QY_ORG_CODE": "91110108102781549J", "QY_NAME": "同创数字空间（北京）有限公司", "QY_FR_NAME": "王璞", "QY_REGION": "110000", "QY_REGION_NAME": "北京市", "OLD_CODE": "102781549", "COLLECT_TIME": 1622265743000, "QY_SRC_TYPE": "0", "hub_crawl_status": 0}, {"RN": 19, "QY_ID": "002105291322996359", "QY_ORG_CODE": "911101147635026902", "QY_NAME": "北京帝测科技股份有限公司", "QY_FR_NAME": "张向前", "QY_REGION": "110000", "QY_REGION_NAME": "北京市", "OLD_CODE": "763502690", "COLLECT_TIME": 1622265751000, "QY_SRC_TYPE": "0", "hub_crawl_status": 0}, {"RN": 20, "QY_ID": "002105291328057930", "QY_ORG_CODE": "9111010606492558XQ", "QY_NAME": "北京中城基建工程检测技术有限公司", "QY_FR_NAME": "赵胜岭", "QY_REGION": "110000", "QY_REGION_NAME": "北京市", "OLD_CODE": "06492558X", "COLLECT_TIME": 1622266121000, "QY_SRC_TYPE": "0", "hub_crawl_status": 0}, {"RN": 21, "QY_ID": "002105291335088769", "QY_ORG_CODE": "91110113MA019QYQ70", "QY_NAME": "北京方圆恒通勘测设计有限公司", "QY_FR_NAME": "白雪峰", "QY_REGION": "110000", "QY_REGION_NAME": "北京市", "OLD_CODE": "MA019QYQ7", "COLLECT_TIME": 1622266557000, "QY_SRC_TYPE": "0", "hub_crawl_status": 0}, {"RN": 22, "QY_ID": "002110281915207250", "QY_ORG_CODE": "91110106749391322P", "QY_NAME": "北京奥科瑞检测技术开发有限公司", "QY_FR_NAME": "李士友", "QY_REGION": "110000", "QY_REGION_NAME": "北京市", "OLD_CODE": "749391322", "COLLECT_TIME": 1635419747000, "QY_SRC_TYPE": "0", "hub_crawl_status": 0}]