[{"QY_FR_NAME": "刘海生", "QY_REGION": "110000", "QY_NAME": "北京京盛工程勘察中心", "QY_REGION_NAME": "北京市", "QY_ORG_CODE": "911101141023570433", "COLLECT_TIME": 1622263196000, "RN": 1, "QY_ID": "002105291239452222", "QY_SRC_TYPE": "0", "OLD_CODE": "102357043", "hub_crawl_status": 0}, {"QY_FR_NAME": "武威", "QY_REGION": "110000", "QY_NAME": "北京综建科技有限公司", "QY_REGION_NAME": "北京市", "QY_ORG_CODE": "9111010171775765XB", "COLLECT_TIME": 1622263201000, "RN": 2, "QY_ID": "002105291240461964", "QY_SRC_TYPE": "0", "OLD_CODE": "71775765X", "hub_crawl_status": 0}, {"QY_FR_NAME": "徐国忠", "QY_REGION": "110000", "QY_NAME": "北京中勘国检工程技术有限公司", "QY_REGION_NAME": "北京市", "QY_ORG_CODE": "680482997", "COLLECT_TIME": 1622263231000, "RN": 3, "QY_ID": "002105291240517093", "QY_SRC_TYPE": "0", "OLD_CODE": "680482997", "hub_crawl_status": 0}, {"QY_FR_NAME": "魏祥龙", "QY_REGION": "110000", "QY_NAME": "北京瑞威工程检测有限公司", "QY_REGION_NAME": "北京市", "QY_ORG_CODE": "91110108MA003KBAXD", "COLLECT_TIME": 1622263239000, "RN": 4, "QY_ID": "002105291240530828", "QY_SRC_TYPE": "0", "OLD_CODE": "MA003KBAX", "hub_crawl_status": 0}, {"QY_FR_NAME": "蒋剑彪", "QY_REGION": "110000", "QY_NAME": "北京九通衢检测技术股份有限公司", "QY_REGION_NAME": "北京市", "QY_ORG_CODE": "911101147533173287", "COLLECT_TIME": 1622263240000, "RN": 5, "QY_ID": "002105291240531822", "QY_SRC_TYPE": "0", "OLD_CODE": "753317328", "hub_crawl_status": 0}, {"QY_FR_NAME": "张续", "QY_REGION": "110000", "QY_NAME": "北京中航蓝天建设工程质量检测有限公司", "QY_REGION_NAME": "北京市", "QY_ORG_CODE": "9111010880266233XQ", "COLLECT_TIME": 1622263243000, "RN": 6, "QY_ID": "002105291240536410", "QY_SRC_TYPE": "0", "OLD_CODE": "80266233X", "hub_crawl_status": 0}, {"QY_FR_NAME": "俞培新", "QY_REGION": "110000", "QY_NAME": "北京鼎春德正测绘中心", "QY_REGION_NAME": "北京市", "QY_ORG_CODE": "91110109736498438W", "COLLECT_TIME": 1622263284000, "RN": 7, "QY_ID": "002105291241597703", "QY_SRC_TYPE": "0", "OLD_CODE": "736498438", "hub_crawl_status": 0}, {"QY_FR_NAME": "崔智", "QY_REGION": "110000", "QY_NAME": "北京智慧宏图勘察测绘有限公司", "QY_REGION_NAME": "北京市", "QY_ORG_CODE": "91110105067290612P", "COLLECT_TIME": 1622263689000, "RN": 8, "QY_ID": "002105291248656518", "QY_SRC_TYPE": "0", "OLD_CODE": "067290612", "hub_crawl_status": 0}, {"QY_FR_NAME": "凡俊", "QY_REGION": "110000", "QY_NAME": "北京市建设工程质量第一检测所有限责任公司", "QY_REGION_NAME": "北京市", "QY_ORG_CODE": "9111010879902896XD", "COLLECT_TIME": 1622263734000, "RN": 9, "QY_ID": "002105291248697749", "QY_SRC_TYPE": "0", "OLD_CODE": "79902896X", "hub_crawl_status": 0}, {"QY_FR_NAME": "王春英", "QY_REGION": "110000", "QY_NAME": "北京万兴宏盛建筑勘测技术有限公司", "QY_REGION_NAME": "北京市", "QY_ORG_CODE": "911101157415975539", "COLLECT_TIME": 1622264072000, "RN": 10, "QY_ID": "002105291254741040", "QY_SRC_TYPE": "0", "OLD_CODE": "741597553", "hub_crawl_status": 0}, {"QY_FR_NAME": "刘永亮", "QY_REGION": "110000", "QY_NAME": "北京地矿工程建设有限责任公司", "QY_REGION_NAME": "北京市", "QY_ORG_CODE": "9111011463379586X3", "COLLECT_TIME": 1622264310000, "RN": 11, "QY_ID": "002105291258785377", "QY_SRC_TYPE": "0", "OLD_CODE": "63379586X", "hub_crawl_status": 0}, {"QY_FR_NAME": "龙澄", "QY_REGION": "110000", "QY_NAME": "北京道济测绘有限公司", "QY_REGION_NAME": "北京市", "QY_ORG_CODE": "9111011577635800XG", "COLLECT_TIME": 1622264722000, "RN": 12, "QY_ID": "002105291305846790", "QY_SRC_TYPE": "0", "OLD_CODE": "77635800X", "hub_crawl_status": 0}, {"QY_FR_NAME": "余庆", "QY_REGION": "110000", "QY_NAME": "北京京昌工程测绘技术有限公司", "QY_REGION_NAME": "北京市", "QY_ORG_CODE": "91110114634389871E", "COLLECT_TIME": 1622264761000, "RN": 13, "QY_ID": "002105291306879471", "QY_SRC_TYPE": "0", "OLD_CODE": "634389871", "hub_crawl_status": 0}, {"QY_FR_NAME": "王超凡", "QY_REGION": "110000", "QY_NAME": "中地华北（北京）工程技术研究院有限公司", "QY_REGION_NAME": "北京市", "QY_ORG_CODE": "91110108668442765E", "COLLECT_TIME": 1622264761000, "RN": 14, "QY_ID": "002105291306879489", "QY_SRC_TYPE": "0", "OLD_CODE": "668442765", "hub_crawl_status": 0}, {"QY_FR_NAME": "王文考", "QY_REGION": "110000", "QY_NAME": "北京京能地质工程有限公司", "QY_REGION_NAME": "北京市", "QY_ORG_CODE": "911101091023177976", "COLLECT_TIME": 1622264771000, "RN": 15, "QY_ID": "002105291306889817", "QY_SRC_TYPE": "0", "OLD_CODE": "102317797", "hub_crawl_status": 0}]