[{"RN": 1, "QY_ID": "002105291239451817", "QY_ORG_CODE": "91110106700231301H", "QY_NAME": "中建一局钢结构工程有限公司", "QY_FR_NAME": "林佐江", "QY_REGION": "110000", "QY_REGION_NAME": "北京市", "OLD_CODE": "700231301", "COLLECT_TIME": 1622263196000, "QY_SRC_TYPE": "0", "hub_crawl_status": 0}, {"RN": 2, "QY_ID": "002105291240461459", "QY_ORG_CODE": "91110000600093677W", "QY_NAME": "森特士兴集团股份有限公司", "QY_FR_NAME": "刘爱森", "QY_REGION": "110000", "QY_REGION_NAME": "北京市", "OLD_CODE": "600093677", "COLLECT_TIME": 1622263201000, "QY_SRC_TYPE": "0", "hub_crawl_status": 0}, {"RN": 3, "QY_ID": "002105291240466430", "QY_ORG_CODE": "9111011270021689X8", "QY_NAME": "北京市北泡轻钢建材有限公司", "QY_FR_NAME": "郭春颉", "QY_REGION": "110100", "QY_REGION_NAME": "北京市-市辖区", "OLD_CODE": "70021689X", "COLLECT_TIME": 1622263204000, "QY_SRC_TYPE": "0", "hub_crawl_status": 0}, {"RN": 4, "QY_ID": "002105291240504201", "QY_ORG_CODE": "911100006835529627", "QY_NAME": "华电重工股份有限公司", "QY_FR_NAME": "文端超", "QY_REGION": "110000", "QY_REGION_NAME": "北京市", "OLD_CODE": "683552962", "COLLECT_TIME": 1622263224000, "QY_SRC_TYPE": "0", "hub_crawl_status": 0}, {"RN": 5, "QY_ID": "002105291240505981", "QY_ORG_CODE": "91110000069632989Y", "QY_NAME": "北京江河幕墙系统工程有限公司", "QY_FR_NAME": "周韩平", "QY_REGION": "110000", "QY_REGION_NAME": "北京市", "OLD_CODE": "069632989", "COLLECT_TIME": 1622263225000, "QY_SRC_TYPE": "0", "hub_crawl_status": 0}, {"RN": 6, "QY_ID": "002105291240522282", "QY_ORG_CODE": "91110108766281360R", "QY_NAME": "北京城建精工钢结构工程有限公司", "QY_FR_NAME": "武兵", "QY_REGION": "110000", "QY_REGION_NAME": "北京市", "OLD_CODE": "766281360", "COLLECT_TIME": 1622263234000, "QY_SRC_TYPE": "0", "hub_crawl_status": 0}, {"RN": 7, "QY_ID": "002105291241580336", "QY_ORG_CODE": "91110108600413167L", "QY_NAME": "北京北方空间建筑科技股份有限公司", "QY_FR_NAME": "夏新", "QY_REGION": "110100", "QY_REGION_NAME": "北京市-市辖区", "OLD_CODE": "600413167", "COLLECT_TIME": 1622263272000, "QY_SRC_TYPE": "0", "hub_crawl_status": 0}, {"RN": 8, "QY_ID": "002105291241581217", "QY_ORG_CODE": "911101158028665350", "QY_NAME": "宝都国际工程技术有限公司", "QY_FR_NAME": "多奇志", "QY_REGION": "110000", "QY_REGION_NAME": "北京市", "OLD_CODE": "802866535", "COLLECT_TIME": 1622263272000, "QY_SRC_TYPE": "0", "hub_crawl_status": 0}, {"RN": 9, "QY_ID": "002105291241587484", "QY_ORG_CODE": "911100001000114958", "QY_NAME": "中国华电科工集团有限公司", "QY_FR_NAME": "文端超", "QY_REGION": "110000", "QY_REGION_NAME": "北京市", "OLD_CODE": "100011495", "COLLECT_TIME": 1622263277000, "QY_SRC_TYPE": "0", "hub_crawl_status": 0}, {"RN": 10, "QY_ID": "002105291248692864", "QY_ORG_CODE": "91110000802346636F", "QY_NAME": "多维联合集团有限公司", "QY_FR_NAME": "多维宽", "QY_REGION": "110000", "QY_REGION_NAME": "北京市", "OLD_CODE": "802346636", "COLLECT_TIME": 1622263728000, "QY_SRC_TYPE": "0", "hub_crawl_status": 0}, {"RN": 11, "QY_ID": "002105291248694961", "QY_ORG_CODE": "91110000101112503E", "QY_NAME": "北京市机械施工集团有限公司", "QY_FR_NAME": "李檀", "QY_REGION": "110100", "QY_REGION_NAME": "北京市-市辖区", "OLD_CODE": "101112503", "COLLECT_TIME": 1622263731000, "QY_SRC_TYPE": "0", "hub_crawl_status": 0}, {"RN": 12, "QY_ID": "002105291254743929", "QY_ORG_CODE": "91110113102565950X", "QY_NAME": "东方诚建设集团有限公司", "QY_FR_NAME": "多跃刚", "QY_REGION": "110000", "QY_REGION_NAME": "北京市", "OLD_CODE": "102565950", "COLLECT_TIME": 1622264075000, "QY_SRC_TYPE": "0", "hub_crawl_status": 0}, {"RN": 13, "QY_ID": "002105291258794376", "QY_ORG_CODE": "911101086615738771", "QY_NAME": "京工建（北京）钢结构工程有限公司", "QY_FR_NAME": "赵宏光", "QY_REGION": "110000", "QY_REGION_NAME": "北京市", "OLD_CODE": "661573877", "COLLECT_TIME": 1622264320000, "QY_SRC_TYPE": "0", "hub_crawl_status": 0}, {"RN": 14, "QY_ID": "002105291313937894", "QY_ORG_CODE": "91110102104326072L", "QY_NAME": "中建二局安装工程有限公司", "QY_FR_NAME": "孙顺利", "QY_REGION": "110000", "QY_REGION_NAME": "北京市", "OLD_CODE": "104326072", "COLLECT_TIME": 1622265201000, "QY_SRC_TYPE": "0", "hub_crawl_status": 0}]