[{"RN": 1, "QY_ID": "002105291240461962", "QY_ORG_CODE": "911101086835621402", "QY_NAME": "北京中岩大地科技股份有限公司", "QY_FR_NAME": "王立建", "QY_REGION": "110000", "QY_REGION_NAME": "北京市", "OLD_CODE": "683562140", "COLLECT_TIME": 1622263201000, "QY_SRC_TYPE": "0", "hub_crawl_status": 0}, {"RN": 2, "QY_ID": "002105291240503530", "QY_ORG_CODE": "91110108102055141N", "QY_NAME": "中国京冶工程技术有限公司", "QY_FR_NAME": "王波", "QY_REGION": "110000", "QY_REGION_NAME": "北京市", "OLD_CODE": "102055141", "COLLECT_TIME": 1622263223000, "QY_SRC_TYPE": "0", "hub_crawl_status": 0}, {"RN": 3, "QY_ID": "002105291240519653", "QY_ORG_CODE": "911101167351140332", "QY_NAME": "北京现代金宇岩土工程有限公司", "QY_FR_NAME": "孟凡旺", "QY_REGION": "110100", "QY_REGION_NAME": "北京市-市辖区", "OLD_CODE": "735114033", "COLLECT_TIME": 1622263232000, "QY_SRC_TYPE": "0", "hub_crawl_status": 0}, {"RN": 4, "QY_ID": "002105291240548425", "QY_ORG_CODE": "91110000101360785M", "QY_NAME": "北京城建设计发展集团股份有限公司", "QY_FR_NAME": "裴宏伟", "QY_REGION": "110000", "QY_REGION_NAME": "北京市", "OLD_CODE": "101360785", "COLLECT_TIME": 1622263250000, "QY_SRC_TYPE": "0", "hub_crawl_status": 0}, {"RN": 5, "QY_ID": "002105291248694961", "QY_ORG_CODE": "91110000101112503E", "QY_NAME": "北京市机械施工集团有限公司", "QY_FR_NAME": "李檀", "QY_REGION": "110100", "QY_REGION_NAME": "北京市-市辖区", "OLD_CODE": "101112503", "COLLECT_TIME": 1622263731000, "QY_SRC_TYPE": "0", "hub_crawl_status": 0}, {"RN": 6, "QY_ID": "002105291254745017", "QY_ORG_CODE": "91110000357957104Q", "QY_NAME": "中交铁道设计研究总院有限公司", "QY_FR_NAME": "颜廷祥", "QY_REGION": "110000", "QY_REGION_NAME": "北京市", "OLD_CODE": "357957104", "COLLECT_TIME": 1622264076000, "QY_SRC_TYPE": "0", "hub_crawl_status": 0}, {"RN": 7, "QY_ID": "002105291258785377", "QY_ORG_CODE": "9111011463379586X3", "QY_NAME": "北京地矿工程建设有限责任公司", "QY_FR_NAME": "刘永亮", "QY_REGION": "110000", "QY_REGION_NAME": "北京市", "OLD_CODE": "63379586X", "COLLECT_TIME": 1622264310000, "QY_SRC_TYPE": "0", "hub_crawl_status": 0}, {"RN": 8, "QY_ID": "002105291258795206", "QY_ORG_CODE": "911101065621330752", "QY_NAME": "北京中联勘工程技术有限责任公司", "QY_FR_NAME": "郑庆峰", "QY_REGION": "110000", "QY_REGION_NAME": "北京市", "OLD_CODE": "562133075", "COLLECT_TIME": 1622264321000, "QY_SRC_TYPE": "0", "hub_crawl_status": 0}, {"RN": 9, "QY_ID": "002105291306889817", "QY_ORG_CODE": "911101091023177976", "QY_NAME": "北京京能地质工程有限公司", "QY_FR_NAME": "王文考", "QY_REGION": "110000", "QY_REGION_NAME": "北京市", "OLD_CODE": "102317797", "COLLECT_TIME": 1622264771000, "QY_SRC_TYPE": "0", "hub_crawl_status": 0}]