[{"RN": 1, "QY_ID": "002105291240524770", "QY_ORG_CODE": "91110108101988695J", "QY_NAME": "普天信息工程设计服务有限公司", "QY_FR_NAME": "王栋", "QY_REGION": "110100", "QY_REGION_NAME": "北京市-市辖区", "OLD_CODE": "101988695", "COLLECT_TIME": 1622263235000, "QY_SRC_TYPE": "0", "hub_crawl_status": 0}, {"RN": 2, "QY_ID": "002105291255773824", "QY_ORG_CODE": "9111010110150788XJ", "QY_NAME": "北京市电信工程设计院有限公司", "QY_FR_NAME": "江琪", "QY_REGION": "110000", "QY_REGION_NAME": "北京市", "OLD_CODE": "10150788X", "COLLECT_TIME": 1622264108000, "QY_SRC_TYPE": "0", "hub_crawl_status": 0}]