[{"RN": 1, "QY_ID": "002105291254746927", "QY_ORG_CODE": "91110105101739779J", "QY_NAME": "北京北化研石化设计院有限公司", "QY_FR_NAME": "张韬毅", "QY_REGION": "110000", "QY_REGION_NAME": "北京市", "OLD_CODE": "101739779", "COLLECT_TIME": 1622264078000, "QY_SRC_TYPE": "0", "hub_crawl_status": 0}, {"RN": 2, "QY_ID": "002105291255776873", "QY_ORG_CODE": "91110116793401268A", "QY_NAME": "中科合成油工程有限公司", "QY_FR_NAME": "李永旺", "QY_REGION": "110100", "QY_REGION_NAME": "北京市-市辖区", "OLD_CODE": "793401268", "COLLECT_TIME": 1622264111000, "QY_SRC_TYPE": "0", "hub_crawl_status": 0}]