[{"RN": 1, "QY_ID": "002105291239452557", "QY_ORG_CODE": "9111000071093211XD", "QY_NAME": "中国水电工程顾问集团有限公司", "QY_FR_NAME": "曹春江", "QY_REGION": "110000", "QY_REGION_NAME": "北京市", "OLD_CODE": "71093211X", "COLLECT_TIME": 1622263196000, "QY_SRC_TYPE": "0", "hub_crawl_status": 0}, {"RN": 2, "QY_ID": "002105291240462587", "QY_ORG_CODE": "91110000717825966F", "QY_NAME": "中国电力建设股份有限公司", "QY_FR_NAME": "丁焰章", "QY_REGION": "110100", "QY_REGION_NAME": "北京市-市辖区", "OLD_CODE": "717825966", "COLLECT_TIME": 1622263202000, "QY_SRC_TYPE": "0", "hub_crawl_status": 0}, {"RN": 3, "QY_ID": "002105291240496777", "QY_ORG_CODE": "91110108MA019KBJ7J", "QY_NAME": "北京市水利规划设计研究院", "QY_FR_NAME": "沈来新", "QY_REGION": "110100", "QY_REGION_NAME": "北京市-市辖区", "OLD_CODE": "MA019KBJ7", "COLLECT_TIME": 1622263219000, "QY_SRC_TYPE": "0", "hub_crawl_status": 0}, {"RN": 4, "QY_ID": "002105291240509364", "QY_ORG_CODE": "9111000010001301X2", "QY_NAME": "江河水利水电咨询中心有限公司", "QY_FR_NAME": "陈建军", "QY_REGION": "110100", "QY_REGION_NAME": "北京市-市辖区", "OLD_CODE": "10001301X", "COLLECT_TIME": 1622263227000, "QY_SRC_TYPE": "0", "hub_crawl_status": 0}]