[{"RN": 1, "QY_ID": "002105291240504201", "QY_ORG_CODE": "911100006835529627", "QY_NAME": "华电重工股份有限公司", "QY_FR_NAME": "文端超", "QY_REGION": "110000", "QY_REGION_NAME": "北京市", "OLD_CODE": "683552962", "COLLECT_TIME": 1622263224000, "QY_SRC_TYPE": "0", "hub_crawl_status": 0}, {"RN": 2, "QY_ID": "002105291240546807", "QY_ORG_CODE": "91110000801210593B", "QY_NAME": "北京恒华伟业科技股份有限公司", "QY_FR_NAME": "罗新伟", "QY_REGION": "110000", "QY_REGION_NAME": "北京市", "OLD_CODE": "801210593", "COLLECT_TIME": 1622263249000, "QY_SRC_TYPE": "0", "hub_crawl_status": 0}, {"RN": 3, "QY_ID": "002105291240549463", "QY_ORG_CODE": "911101026337850556", "QY_NAME": "北京计鹏信息咨询有限公司", "QY_FR_NAME": "于进", "QY_REGION": "110000", "QY_REGION_NAME": "北京市", "OLD_CODE": "633785055", "COLLECT_TIME": 1622263251000, "QY_SRC_TYPE": "0", "hub_crawl_status": 0}, {"RN": 4, "QY_ID": "002105291241587484", "QY_ORG_CODE": "911100001000114958", "QY_NAME": "中国华电科工集团有限公司", "QY_FR_NAME": "文端超", "QY_REGION": "110000", "QY_REGION_NAME": "北京市", "OLD_CODE": "100011495", "COLLECT_TIME": 1622263277000, "QY_SRC_TYPE": "0", "hub_crawl_status": 0}, {"RN": 5, "QY_ID": "002105291241597736", "QY_ORG_CODE": "91110102585839302W", "QY_NAME": "龙源（北京）风电工程设计咨询有限公司", "QY_FR_NAME": "贾楠松", "QY_REGION": "110000", "QY_REGION_NAME": "北京市", "OLD_CODE": "585839302", "COLLECT_TIME": 1622263284000, "QY_SRC_TYPE": "0", "hub_crawl_status": 0}, {"RN": 6, "QY_ID": "002105291241626580", "QY_ORG_CODE": "911101027802218828", "QY_NAME": "北京乾华科技发展有限公司", "QY_FR_NAME": "陈晨", "QY_REGION": "110000", "QY_REGION_NAME": "北京市", "OLD_CODE": "780221882", "COLLECT_TIME": 1622263316000, "QY_SRC_TYPE": "0", "hub_crawl_status": 0}, {"RN": 7, "QY_ID": "002105291248687723", "QY_ORG_CODE": "91110108330223768G", "QY_NAME": "北京启迪清云智慧能源有限公司", "QY_FR_NAME": "靳洋", "QY_REGION": "110000", "QY_REGION_NAME": "北京市", "OLD_CODE": "330223768", "COLLECT_TIME": 1622263720000, "QY_SRC_TYPE": "0", "hub_crawl_status": 0}, {"RN": 8, "QY_ID": "002105291248694541", "QY_ORG_CODE": "91110000710932531F", "QY_NAME": "中国大唐集团科技工程有限公司", "QY_FR_NAME": "赵国庆", "QY_REGION": "110000", "QY_REGION_NAME": "北京市", "OLD_CODE": "710932531", "COLLECT_TIME": 1622263730000, "QY_SRC_TYPE": "0", "hub_crawl_status": 0}, {"RN": 9, "QY_ID": "002105291249702631", "QY_ORG_CODE": "9111010866159941X3", "QY_NAME": "北京东冉电力设计有限公司", "QY_FR_NAME": "赵华", "QY_REGION": "110000", "QY_REGION_NAME": "北京市", "OLD_CODE": "66159941X", "COLLECT_TIME": 1622263742000, "QY_SRC_TYPE": "0", "hub_crawl_status": 0}, {"RN": 10, "QY_ID": "002105291254729715", "QY_ORG_CODE": "91110109736463278A", "QY_NAME": "北京国庄国际经济技术咨询有限公司", "QY_FR_NAME": "肖乐健", "QY_REGION": "110000", "QY_REGION_NAME": "北京市", "OLD_CODE": "736463278", "COLLECT_TIME": 1622264060000, "QY_SRC_TYPE": "0", "hub_crawl_status": 0}, {"RN": 11, "QY_ID": "002105291254754645", "QY_ORG_CODE": "9111010510170121XW", "QY_NAME": "中国船舶重工集团国际工程有限公司", "QY_FR_NAME": "杨文武", "QY_REGION": "110000", "QY_REGION_NAME": "北京市", "OLD_CODE": "10170121X", "COLLECT_TIME": 1622264086000, "QY_SRC_TYPE": "0", "hub_crawl_status": 0}, {"RN": 12, "QY_ID": "002105291313931930", "QY_ORG_CODE": "911101086684022969", "QY_NAME": "聚合电力工程设计（北京）股份有限公司", "QY_FR_NAME": "李建春", "QY_REGION": "110000", "QY_REGION_NAME": "北京市", "OLD_CODE": "668402296", "COLLECT_TIME": 1622265195000, "QY_SRC_TYPE": "0", "hub_crawl_status": 0}, {"RN": 13, "QY_ID": "002105291328044324", "QY_ORG_CODE": "91110102774064956D", "QY_NAME": "中能智新科技产业发展有限公司", "QY_FR_NAME": "崔占忠", "QY_REGION": "110000", "QY_REGION_NAME": "北京市", "OLD_CODE": "774064956", "COLLECT_TIME": 1622266105000, "QY_SRC_TYPE": "0", "hub_crawl_status": 0}, {"RN": 14, "QY_ID": "002105291335088949", "QY_ORG_CODE": "911101143355456786", "QY_NAME": "北京京原电力工程设计有限公司", "QY_FR_NAME": "祁冰", "QY_REGION": "110000", "QY_REGION_NAME": "北京市", "OLD_CODE": "335545678", "COLLECT_TIME": 1622266557000, "QY_SRC_TYPE": "0", "hub_crawl_status": 0}, {"RN": 15, "QY_ID": "002106111905110993", "QY_ORG_CODE": "91110102576904766H", "QY_NAME": "德信东源智能科技（北京）有限公司", "QY_FR_NAME": "王国东", "QY_REGION": "110000", "QY_REGION_NAME": "北京市", "OLD_CODE": "576904766", "COLLECT_TIME": 1623409540000, "QY_SRC_TYPE": "0", "hub_crawl_status": 0}]