[{"RN": 61, "QY_ID": "002105291254759676", "QY_ORG_CODE": "91110107MA01DBYU0Q", "QY_NAME": "北京清美创景建筑规划设计有限公司", "QY_FR_NAME": "高晓戌", "QY_REGION": "110000", "QY_REGION_NAME": "北京市", "OLD_CODE": "MA01DBYU0", "COLLECT_TIME": 1622264091000, "QY_SRC_TYPE": "0", "hub_crawl_status": 0}, {"RN": 62, "QY_ID": "002105291254759679", "QY_ORG_CODE": "91110108MA01HCX97T", "QY_NAME": "北京华夏联合建筑设计有限公司", "QY_FR_NAME": "柳岩", "QY_REGION": "110000", "QY_REGION_NAME": "北京市", "OLD_CODE": "MA01HCX97", "COLLECT_TIME": 1622264091000, "QY_SRC_TYPE": "0", "hub_crawl_status": 0}, {"RN": 63, "QY_ID": "002105291254759687", "QY_ORG_CODE": "9111010240066210XR", "QY_NAME": "北京智博慧建筑设计院有限公司", "QY_FR_NAME": "侯力更", "QY_REGION": "110000", "QY_REGION_NAME": "北京市", "OLD_CODE": "40066210X", "COLLECT_TIME": 1622264091000, "QY_SRC_TYPE": "0", "hub_crawl_status": 0}, {"RN": 64, "QY_ID": "002105291254761397", "QY_ORG_CODE": "9111010263437838XE", "QY_NAME": "北京市多方建筑勘察设计有限公司", "QY_FR_NAME": "王为", "QY_REGION": "110000", "QY_REGION_NAME": "北京市", "OLD_CODE": "63437838X", "COLLECT_TIME": 1622264094000, "QY_SRC_TYPE": "0", "hub_crawl_status": 0}, {"RN": 65, "QY_ID": "002105291254761442", "QY_ORG_CODE": "91110109102336955F", "QY_NAME": "北京建达道桥咨询有限公司", "QY_FR_NAME": "杨征宇", "QY_REGION": "110000", "QY_REGION_NAME": "北京市", "OLD_CODE": "102336955", "COLLECT_TIME": 1622264094000, "QY_SRC_TYPE": "0", "hub_crawl_status": 0}, {"RN": 66, "QY_ID": "002105291255767930", "QY_ORG_CODE": "91410200796793949L", "QY_NAME": "北京化建城市设计有限公司", "QY_FR_NAME": "洪彤华", "QY_REGION": "110000", "QY_REGION_NAME": "北京市", "OLD_CODE": "796793949", "COLLECT_TIME": 1622264101000, "QY_SRC_TYPE": "0", "hub_crawl_status": 0}, {"RN": 67, "QY_ID": "002105291258786093", "QY_ORG_CODE": "91110105MA01ALLB3M", "QY_NAME": "南水工程勘察设计院有限责任公司", "QY_FR_NAME": "司道芬", "QY_REGION": "110000", "QY_REGION_NAME": "北京市", "OLD_CODE": "MA01ALLB3", "COLLECT_TIME": 1622264311000, "QY_SRC_TYPE": "0", "hub_crawl_status": 0}, {"RN": 68, "QY_ID": "002105291258795192", "QY_ORG_CODE": "91110101771589642E", "QY_NAME": "北京绿维文旅科技发展有限公司", "QY_FR_NAME": "林峰", "QY_REGION": "110000", "QY_REGION_NAME": "北京市", "OLD_CODE": "771589642", "COLLECT_TIME": 1622264321000, "QY_SRC_TYPE": "0", "hub_crawl_status": 0}, {"RN": 69, "QY_ID": "002105291258798353", "QY_ORG_CODE": "91110108791637576Y", "QY_NAME": "北京京鹏环宇畜牧科技股份有限公司", "QY_FR_NAME": "高继伟", "QY_REGION": "110000", "QY_REGION_NAME": "北京市", "OLD_CODE": "791637576", "COLLECT_TIME": 1622264324000, "QY_SRC_TYPE": "0", "hub_crawl_status": 0}, {"RN": 70, "QY_ID": "002105291258809834", "QY_ORG_CODE": "91110117400978657R", "QY_NAME": "北京市平谷区建筑设计有限公司", "QY_FR_NAME": "付燕生", "QY_REGION": "110000", "QY_REGION_NAME": "北京市", "OLD_CODE": "400978657", "COLLECT_TIME": 1622264338000, "QY_SRC_TYPE": "0", "hub_crawl_status": 0}, {"RN": 71, "QY_ID": "002105291258809850", "QY_ORG_CODE": "911101071022926224", "QY_NAME": "北京昌华勘察设计有限公司", "QY_FR_NAME": "陈志强", "QY_REGION": "110000", "QY_REGION_NAME": "北京市", "OLD_CODE": "102292622", "COLLECT_TIME": 1622264338000, "QY_SRC_TYPE": "0", "hub_crawl_status": 0}, {"RN": 72, "QY_ID": "002105291258809851", "QY_ORG_CODE": "9111010110122891X0", "QY_NAME": "北京市古代建筑设计研究所有限公司", "QY_FR_NAME": "井洪涛", "QY_REGION": "110000", "QY_REGION_NAME": "北京市", "OLD_CODE": "10122891X", "COLLECT_TIME": 1622264338000, "QY_SRC_TYPE": "0", "hub_crawl_status": 0}, {"RN": 73, "QY_ID": "002105291259823851", "QY_ORG_CODE": "91110101053578711P", "QY_NAME": "中交建筑设计研究院有限公司", "QY_FR_NAME": "杨国平", "QY_REGION": "110000", "QY_REGION_NAME": "北京市", "OLD_CODE": "053578711", "COLLECT_TIME": 1622264355000, "QY_SRC_TYPE": "0", "hub_crawl_status": 0}, {"RN": 74, "QY_ID": "002105291259823866", "QY_ORG_CODE": "91110112MA01KUY56X", "QY_NAME": "北京华采设计工程有限公司", "QY_FR_NAME": "冯鸿斌", "QY_REGION": "110000", "QY_REGION_NAME": "北京市", "OLD_CODE": "MA01KUY56", "COLLECT_TIME": 1622264355000, "QY_SRC_TYPE": "0", "hub_crawl_status": 0}, {"RN": 75, "QY_ID": "002105291259835670", "QY_ORG_CODE": "91110114400927075A", "QY_NAME": "北京时代鑫建筑设计有限公司", "QY_FR_NAME": "王学军", "QY_REGION": "110000", "QY_REGION_NAME": "北京市", "OLD_CODE": "400927075", "COLLECT_TIME": 1622264370000, "QY_SRC_TYPE": "0", "hub_crawl_status": 0}]