[{"RN": 1, "QY_ID": "002105291239452104", "QY_ORG_CODE": "911103021011126699", "QY_NAME": "中国通信建设集团设计院有限公司", "QY_FR_NAME": "王睿峰", "QY_REGION": "110000", "QY_REGION_NAME": "北京市", "OLD_CODE": "101112669", "COLLECT_TIME": 1622263196000, "QY_SRC_TYPE": "0", "hub_crawl_status": 0}, {"RN": 2, "QY_ID": "002105291239452159", "QY_ORG_CODE": "91110108752191073D", "QY_NAME": "北京中网华通设计咨询有限公司", "QY_FR_NAME": "张朝晖", "QY_REGION": "110000", "QY_REGION_NAME": "北京市", "OLD_CODE": "752191073", "COLLECT_TIME": 1622263196000, "QY_SRC_TYPE": "0", "hub_crawl_status": 0}, {"RN": 3, "QY_ID": "002105291240502041", "QY_ORG_CODE": "91110101699595860T", "QY_NAME": "首建品印国际建筑规划设计（北京）有限公司", "QY_FR_NAME": "柯谨", "QY_REGION": "110000", "QY_REGION_NAME": "北京市", "OLD_CODE": "699595860", "COLLECT_TIME": 1622263223000, "QY_SRC_TYPE": "0", "hub_crawl_status": 0}, {"RN": 4, "QY_ID": "002105291240504201", "QY_ORG_CODE": "911100006835529627", "QY_NAME": "华电重工股份有限公司", "QY_FR_NAME": "文端超", "QY_REGION": "110000", "QY_REGION_NAME": "北京市", "OLD_CODE": "683552962", "COLLECT_TIME": 1622263224000, "QY_SRC_TYPE": "0", "hub_crawl_status": 0}, {"RN": 5, "QY_ID": "002105291240517768", "QY_ORG_CODE": "91110102MA0071EC5C", "QY_NAME": "北京城建设计研究院有限公司", "QY_FR_NAME": "王汉军", "QY_REGION": "110100", "QY_REGION_NAME": "北京市-市辖区", "OLD_CODE": "MA0071EC5", "COLLECT_TIME": 1622263231000, "QY_SRC_TYPE": "0", "hub_crawl_status": 0}, {"RN": 6, "QY_ID": "002105291240541505", "QY_ORG_CODE": "400940165", "QY_NAME": "北京市顺义区建筑设计所", "QY_FR_NAME": "王志军", "QY_REGION": "110000", "QY_REGION_NAME": "北京市", "OLD_CODE": "400940165", "COLLECT_TIME": 1622263246000, "QY_SRC_TYPE": "0", "hub_crawl_status": 0}, {"RN": 7, "QY_ID": "002105291240547566", "QY_ORG_CODE": "91110107565789010Y", "QY_NAME": "北京筑福国际抗震技术有限责任公司", "QY_FR_NAME": "郭磊", "QY_REGION": "110000", "QY_REGION_NAME": "北京市", "OLD_CODE": "565789010", "COLLECT_TIME": 1622263250000, "QY_SRC_TYPE": "0", "hub_crawl_status": 0}, {"RN": 8, "QY_ID": "002105291240560685", "QY_ORG_CODE": "91110106723986889J", "QY_NAME": "北京京西建筑勘察设计院有限公司", "QY_FR_NAME": "张军来", "QY_REGION": "110000", "QY_REGION_NAME": "北京市", "OLD_CODE": "723986889", "COLLECT_TIME": 1622263258000, "QY_SRC_TYPE": "0", "hub_crawl_status": 0}, {"RN": 9, "QY_ID": "002105291240562733", "QY_ORG_CODE": "91110302663107204T", "QY_NAME": "北京京诚华宇建筑设计研究院有限公司", "QY_FR_NAME": "姜学宜", "QY_REGION": "110000", "QY_REGION_NAME": "北京市", "OLD_CODE": "663107204", "COLLECT_TIME": 1622263259000, "QY_SRC_TYPE": "0", "hub_crawl_status": 0}, {"RN": 10, "QY_ID": "002105291241567511", "QY_ORG_CODE": "911101085657742149", "QY_NAME": "北京土人城市规划设计股份有限公司", "QY_FR_NAME": "张志文", "QY_REGION": "110000", "QY_REGION_NAME": "北京市", "OLD_CODE": "565774214", "COLLECT_TIME": 1622263262000, "QY_SRC_TYPE": "0", "hub_crawl_status": 0}, {"RN": 11, "QY_ID": "002105291241567847", "QY_ORG_CODE": "91110000802894923B", "QY_NAME": "北京巅峰智业旅游文化创意股份有限公司", "QY_FR_NAME": "束盈", "QY_REGION": "110000", "QY_REGION_NAME": "北京市", "OLD_CODE": "802894923", "COLLECT_TIME": 1622263263000, "QY_SRC_TYPE": "0", "hub_crawl_status": 0}, {"RN": 12, "QY_ID": "002105291241574111", "QY_ORG_CODE": "91110000625909767H", "QY_NAME": "华堂建筑装修工程有限公司", "QY_FR_NAME": "王廷军", "QY_REGION": "110000", "QY_REGION_NAME": "北京市", "OLD_CODE": "625909767", "COLLECT_TIME": 1622263267000, "QY_SRC_TYPE": "0", "hub_crawl_status": 0}, {"RN": 13, "QY_ID": "002105291241574401", "QY_ORG_CODE": "91110108095179030M", "QY_NAME": "北京中景世纪工程设计有限公司", "QY_FR_NAME": "郭进召", "QY_REGION": "110000", "QY_REGION_NAME": "北京市", "OLD_CODE": "095179030", "COLLECT_TIME": 1622263268000, "QY_SRC_TYPE": "0", "hub_crawl_status": 0}, {"RN": 14, "QY_ID": "002105291241578047", "QY_ORG_CODE": "91110102101437607X", "QY_NAME": "北京华宇星园林古建设计有限公司", "QY_FR_NAME": "梁鑫", "QY_REGION": "110000", "QY_REGION_NAME": "北京市", "OLD_CODE": "101437607", "COLLECT_TIME": 1622263270000, "QY_SRC_TYPE": "0", "hub_crawl_status": 0}, {"RN": 15, "QY_ID": "002105291241580621", "QY_ORG_CODE": "911101011015776853", "QY_NAME": "北京华麒通信科技有限公司", "QY_FR_NAME": "付刚毅", "QY_REGION": "110000", "QY_REGION_NAME": "北京市", "OLD_CODE": "101577685", "COLLECT_TIME": 1622263272000, "QY_SRC_TYPE": "0", "hub_crawl_status": 0}]