[{"RN": 31, "QY_ID": "002105291242643730", "QY_ORG_CODE": "91110108700238335G", "QY_NAME": "北京当代创新建设工程有限责任公司", "QY_FR_NAME": "王国良", "QY_REGION": "110000", "QY_REGION_NAME": "北京市", "OLD_CODE": "700238335", "COLLECT_TIME": 1622263344000, "QY_SRC_TYPE": "0", "hub_crawl_status": 0}, {"RN": 32, "QY_ID": "002105291248666128", "QY_ORG_CODE": "91110102MA0177G07F", "QY_NAME": "北京北建大城市规划设计研究院有限公司", "QY_FR_NAME": "王玮", "QY_REGION": "110000", "QY_REGION_NAME": "北京市", "OLD_CODE": "MA0177G07", "COLLECT_TIME": 1622263697000, "QY_SRC_TYPE": "0", "hub_crawl_status": 0}, {"RN": 33, "QY_ID": "002105291248667037", "QY_ORG_CODE": "91110113MA009QLY91", "QY_NAME": "北京建工建筑产业化投资建设发展有限公司", "QY_FR_NAME": "刘迎杰", "QY_REGION": "110000", "QY_REGION_NAME": "北京市", "OLD_CODE": "MA009QLY9", "COLLECT_TIME": 1622263699000, "QY_SRC_TYPE": "0", "hub_crawl_status": 0}, {"RN": 34, "QY_ID": "002105291248668368", "QY_ORG_CODE": "91110113101255889H", "QY_NAME": "中国民航工程咨询有限公司", "QY_FR_NAME": "佟岱山", "QY_REGION": "110000", "QY_REGION_NAME": "北京市", "OLD_CODE": "101255889", "COLLECT_TIME": 1622263700000, "QY_SRC_TYPE": "0", "hub_crawl_status": 0}, {"RN": 35, "QY_ID": "002105291248669576", "QY_ORG_CODE": "9111010210112976XW", "QY_NAME": "北京市市政专业设计院股份公司", "QY_FR_NAME": "刘四田", "QY_REGION": "110000", "QY_REGION_NAME": "北京市", "OLD_CODE": "10112976X", "COLLECT_TIME": 1622263702000, "QY_SRC_TYPE": "0", "hub_crawl_status": 0}, {"RN": 36, "QY_ID": "002105291248672833", "QY_ORG_CODE": "91110105101700225C", "QY_NAME": "中交综合规划设计院有限公司", "QY_FR_NAME": "黄振燕", "QY_REGION": "110100", "QY_REGION_NAME": "北京市-市辖区", "OLD_CODE": "101700225", "COLLECT_TIME": 1622263704000, "QY_SRC_TYPE": "0", "hub_crawl_status": 0}, {"RN": 37, "QY_ID": "002105291248677774", "QY_ORG_CODE": "91110102101106082E", "QY_NAME": "北京景观园林设计有限公司", "QY_FR_NAME": "吴忆明", "QY_REGION": "110000", "QY_REGION_NAME": "北京市", "OLD_CODE": "101106082", "COLLECT_TIME": 1622263709000, "QY_SRC_TYPE": "0", "hub_crawl_status": 0}, {"RN": 38, "QY_ID": "002105291248686067", "QY_ORG_CODE": "911102298030382053", "QY_NAME": "北京妫谷博维建筑设计有限公司", "QY_FR_NAME": "于保军", "QY_REGION": "110000", "QY_REGION_NAME": "北京市", "OLD_CODE": "803038205", "COLLECT_TIME": 1622263718000, "QY_SRC_TYPE": "0", "hub_crawl_status": 0}, {"RN": 39, "QY_ID": "002105291248691382", "QY_ORG_CODE": "911101084007086733", "QY_NAME": "北京市园林古建设计研究院有限公司", "QY_FR_NAME": "张新宇", "QY_REGION": "110000", "QY_REGION_NAME": "北京市", "OLD_CODE": "400708673", "COLLECT_TIME": 1622263726000, "QY_SRC_TYPE": "0", "hub_crawl_status": 0}, {"RN": 40, "QY_ID": "002105291248696956", "QY_ORG_CODE": "911101165977127630", "QY_NAME": "北京水木巨匠建筑规划设计有限公司", "QY_FR_NAME": "孟义强", "QY_REGION": "110000", "QY_REGION_NAME": "北京市", "OLD_CODE": "597712763", "COLLECT_TIME": 1622263732000, "QY_SRC_TYPE": "0", "hub_crawl_status": 0}, {"RN": 41, "QY_ID": "002105291248697267", "QY_ORG_CODE": "91110115MA01FX2Y01", "QY_NAME": "北京智宇天成设计咨询有限公司", "QY_FR_NAME": "李广全", "QY_REGION": "110000", "QY_REGION_NAME": "北京市", "OLD_CODE": "MA01FX2Y0", "COLLECT_TIME": 1622263733000, "QY_SRC_TYPE": "0", "hub_crawl_status": 0}, {"RN": 42, "QY_ID": "002105291248697766", "QY_ORG_CODE": "911101086857731957", "QY_NAME": "北京源诚维尚建筑设计有限公司", "QY_FR_NAME": "王清群", "QY_REGION": "110000", "QY_REGION_NAME": "北京市", "OLD_CODE": "685773195", "COLLECT_TIME": 1622263734000, "QY_SRC_TYPE": "0", "hub_crawl_status": 0}, {"RN": 43, "QY_ID": "002105291248697828", "QY_ORG_CODE": "911101164009933122", "QY_NAME": "北京利时怀阳建筑设计有限公司", "QY_FR_NAME": "王永强", "QY_REGION": "110000", "QY_REGION_NAME": "北京市", "OLD_CODE": "400993312", "COLLECT_TIME": 1622263734000, "QY_SRC_TYPE": "0", "hub_crawl_status": 0}, {"RN": 44, "QY_ID": "002105291248698928", "QY_ORG_CODE": "911101026819643227", "QY_NAME": "北京世纪华鼎建筑设计有限公司", "QY_FR_NAME": "刘洋", "QY_REGION": "110000", "QY_REGION_NAME": "北京市", "OLD_CODE": "681964322", "COLLECT_TIME": 1622263736000, "QY_SRC_TYPE": "0", "hub_crawl_status": 0}, {"RN": 45, "QY_ID": "002105291248700398", "QY_ORG_CODE": "91110114MA008DJFXB", "QY_NAME": "中经国际规划设计集团有限公司", "QY_FR_NAME": "李建冰", "QY_REGION": "110000", "QY_REGION_NAME": "北京市", "OLD_CODE": "MA008DJFX", "COLLECT_TIME": 1622263739000, "QY_SRC_TYPE": "0", "hub_crawl_status": 0}]