[{"QY_FR_NAME": "赵鹏", "QY_REGION": "110000", "QY_NAME": "北京博宇弘城建筑设计有限公司", "QY_REGION_NAME": "北京市", "QY_ORG_CODE": "911101167177505890", "COLLECT_TIME": 1622264370000, "RN": 76, "QY_ID": "002105291259835671", "QY_SRC_TYPE": "0", "OLD_CODE": "717750589", "hub_crawl_status": 0}, {"QY_FR_NAME": "李涛", "QY_REGION": "110100", "QY_NAME": "北京中瑞电子系统工程设计院有限公司", "QY_REGION_NAME": "北京市-市辖区", "QY_ORG_CODE": "91110107101155554M", "COLLECT_TIME": 1622264730000, "RN": 77, "QY_ID": "002105291305853367", "QY_SRC_TYPE": "0", "OLD_CODE": "101155554", "hub_crawl_status": 0}, {"QY_FR_NAME": "官嵬", "QY_REGION": "110000", "QY_NAME": "北京市丰台区建筑市政设计所", "QY_REGION_NAME": "北京市", "QY_ORG_CODE": "911101064008516564", "COLLECT_TIME": 1622264735000, "RN": 78, "QY_ID": "002105291305858006", "QY_SRC_TYPE": "0", "OLD_CODE": "400851656", "hub_crawl_status": 0}, {"QY_FR_NAME": "崔可民", "QY_REGION": "110000", "QY_NAME": "北京建智达工程管理股份有限公司", "QY_REGION_NAME": "北京市", "QY_ORG_CODE": "91110116634382071B", "COLLECT_TIME": 1622264769000, "RN": 79, "QY_ID": "002105291306888401", "QY_SRC_TYPE": "0", "OLD_CODE": "634382071", "hub_crawl_status": 0}, {"QY_FR_NAME": "王宏昌", "QY_REGION": "110000", "QY_NAME": "北京大学建筑设计研究院", "QY_REGION_NAME": "北京市", "QY_ORG_CODE": "91110108102004635G", "COLLECT_TIME": 1622265187000, "RN": 80, "QY_ID": "002105291313925165", "QY_SRC_TYPE": "0", "OLD_CODE": "102004635", "hub_crawl_status": 0}, {"QY_FR_NAME": "康建民", "QY_REGION": "110000", "QY_NAME": "中国电建集团建筑规划设计研究院有限公司", "QY_REGION_NAME": "北京市", "QY_ORG_CODE": "91110105MA006TWB2R", "COLLECT_TIME": 1622265195000, "RN": 81, "QY_ID": "002105291313931935", "QY_SRC_TYPE": "0", "OLD_CODE": "MA006TWB2", "hub_crawl_status": 0}, {"QY_FR_NAME": "闫伟", "QY_REGION": "110000", "QY_NAME": "北京中北厚德设计咨询有限公司", "QY_REGION_NAME": "北京市", "QY_ORG_CODE": "91110102MA01FJBD81", "COLLECT_TIME": 1622265195000, "RN": 82, "QY_ID": "002105291313931942", "QY_SRC_TYPE": "0", "OLD_CODE": "MA01FJBD8", "hub_crawl_status": 0}, {"QY_FR_NAME": "秦波", "QY_REGION": "110000", "QY_NAME": "北京首科旅建筑设计有限公司", "QY_REGION_NAME": "北京市", "QY_ORG_CODE": "911101077426311353", "COLLECT_TIME": 1622265203000, "RN": 83, "QY_ID": "002105291313939385", "QY_SRC_TYPE": "0", "OLD_CODE": "742631135", "hub_crawl_status": 0}, {"QY_FR_NAME": "张景彬", "QY_REGION": "110000", "QY_NAME": "北京元亨凯瑞工程设计有限公司", "QY_REGION_NAME": "北京市", "QY_ORG_CODE": "911101063303938392", "COLLECT_TIME": 1622265209000, "RN": 84, "QY_ID": "002105291313945008", "QY_SRC_TYPE": "0", "OLD_CODE": "330393839", "hub_crawl_status": 0}, {"QY_FR_NAME": "李宁", "QY_REGION": "110000", "QY_NAME": "航天工程咨询（北京）有限公司", "QY_REGION_NAME": "北京市", "QY_ORG_CODE": "91110108563665137F", "COLLECT_TIME": 1622265760000, "RN": 85, "QY_ID": "002105291322002660", "QY_SRC_TYPE": "0", "OLD_CODE": "563665137", "hub_crawl_status": 0}, {"QY_FR_NAME": "陈健", "QY_REGION": "110000", "QY_NAME": "墨筑（北京）建筑设计有限公司", "QY_REGION_NAME": "北京市", "QY_ORG_CODE": "91110111758742809M", "COLLECT_TIME": 1622265762000, "RN": 86, "QY_ID": "002105291322003896", "QY_SRC_TYPE": "0", "OLD_CODE": "758742809", "hub_crawl_status": 0}, {"QY_FR_NAME": "霍剑", "QY_REGION": "110000", "QY_NAME": "城邑（北京）建筑设计院有限公司", "QY_REGION_NAME": "北京市", "QY_ORG_CODE": "91110106318043844J", "COLLECT_TIME": 1622265729000, "RN": 87, "QY_ID": "002105291322978932", "QY_SRC_TYPE": "0", "OLD_CODE": "318043844", "hub_crawl_status": 0}, {"QY_FR_NAME": "刘若梅", "QY_REGION": "110000", "QY_NAME": "北京兴中兴建筑设计有限公司", "QY_REGION_NAME": "北京市", "QY_ORG_CODE": "91110105101247635Q", "COLLECT_TIME": 1622265741000, "RN": 88, "QY_ID": "002105291322988053", "QY_SRC_TYPE": "0", "OLD_CODE": "101247635", "hub_crawl_status": 0}, {"QY_FR_NAME": "胡广杰", "QY_REGION": "110000", "QY_NAME": "核工业工程研究设计有限公司", "QY_REGION_NAME": "北京市", "QY_ORG_CODE": "911101137886559842", "COLLECT_TIME": 1622265741000, "RN": 89, "QY_ID": "002105291322988057", "QY_SRC_TYPE": "0", "OLD_CODE": "788655984", "hub_crawl_status": 0}, {"QY_FR_NAME": "刘晓都", "QY_REGION": "110000", "QY_NAME": "互联盟建筑设计（北京）有限公司", "QY_REGION_NAME": "北京市", "QY_ORG_CODE": "55308120X", "COLLECT_TIME": 1622265751000, "RN": 90, "QY_ID": "002105291322996379", "QY_SRC_TYPE": "0", "OLD_CODE": "55308120X", "hub_crawl_status": 0}]