[{"RN": 91, "QY_ID": "002105291322996383", "QY_ORG_CODE": "91110105MA01TN3G97", "QY_NAME": "北京信捷工程设计有限公司", "QY_FR_NAME": "王谊明", "QY_REGION": "110000", "QY_REGION_NAME": "北京市", "OLD_CODE": "MA01TN3G9", "COLLECT_TIME": 1622265751000, "QY_SRC_TYPE": "0", "hub_crawl_status": 0}, {"RN": 92, "QY_ID": "002105291328057882", "QY_ORG_CODE": "91110112MA01TLD81L", "QY_NAME": "北京灵睿工程设计有限公司", "QY_FR_NAME": "夏翠云", "QY_REGION": "110000", "QY_REGION_NAME": "北京市", "OLD_CODE": "MA01TLD81", "COLLECT_TIME": 1622266121000, "QY_SRC_TYPE": "0", "hub_crawl_status": 0}, {"RN": 93, "QY_ID": "002105291335088590", "QY_ORG_CODE": "91110106061345846U", "QY_NAME": "北京博雅宏图工程设计有限公司", "QY_FR_NAME": "张广波", "QY_REGION": "110000", "QY_REGION_NAME": "北京市", "OLD_CODE": "061345846", "COLLECT_TIME": 1622266557000, "QY_SRC_TYPE": "0", "hub_crawl_status": 0}, {"RN": 94, "QY_ID": "002105291335088938", "QY_ORG_CODE": "91110108MA01917D0Y", "QY_NAME": "北京国厦建筑设计研究院有限公司", "QY_FR_NAME": "王延文", "QY_REGION": "110000", "QY_REGION_NAME": "北京市", "OLD_CODE": "MA01917D0", "COLLECT_TIME": 1622266557000, "QY_SRC_TYPE": "0", "hub_crawl_status": 0}, {"RN": 95, "QY_ID": "002106211912117099", "QY_ORG_CODE": "91110112MA01G3AC5U", "QY_NAME": "北京国网伟业工程设计有限公司", "QY_FR_NAME": "陈洪波", "QY_REGION": "110000", "QY_REGION_NAME": "北京市", "OLD_CODE": "MA01G3AC5", "COLLECT_TIME": 1624273973000, "QY_SRC_TYPE": "0", "hub_crawl_status": 0}, {"RN": 96, "QY_ID": "002106211912117111", "QY_ORG_CODE": "911101010612572566", "QY_NAME": "北京美城东方环境规划设计院有限公司", "QY_FR_NAME": "魏星星", "QY_REGION": "110000", "QY_REGION_NAME": "北京市", "OLD_CODE": "061257256", "COLLECT_TIME": 1624273973000, "QY_SRC_TYPE": "0", "hub_crawl_status": 0}, {"RN": 97, "QY_ID": "002107151911146152", "QY_ORG_CODE": "91110106MA021F1A30", "QY_NAME": "北京中妍工程设计有限公司", "QY_FR_NAME": "续立萌", "QY_REGION": "110000", "QY_REGION_NAME": "北京市", "OLD_CODE": "MA021F1A3", "COLLECT_TIME": 1626347504000, "QY_SRC_TYPE": "0", "hub_crawl_status": 0}, {"RN": 98, "QY_ID": "002110261909205807", "QY_ORG_CODE": "911101057488323252", "QY_NAME": "北京大地风景旅游景观规划设计有限公司", "QY_FR_NAME": "张丽", "QY_REGION": "110000", "QY_REGION_NAME": "北京市", "OLD_CODE": "748832325", "COLLECT_TIME": 1635246581000, "QY_SRC_TYPE": "0", "hub_crawl_status": 0}, {"RN": 99, "QY_ID": "002110261909205809", "QY_ORG_CODE": "91110112MA028L3GX2", "QY_NAME": "北京星耀九州工程设计有限公司", "QY_FR_NAME": "邹志红", "QY_REGION": "110000", "QY_REGION_NAME": "北京市", "OLD_CODE": "MA028L3GX", "COLLECT_TIME": 1635246581000, "QY_SRC_TYPE": "0", "hub_crawl_status": 0}, {"RN": 100, "QY_ID": "002110281915207307", "QY_ORG_CODE": "91110106MA01Y29B6P", "QY_NAME": "中铁建工（北京）建筑设计有限公司", "QY_FR_NAME": "杨志强", "QY_REGION": "110000", "QY_REGION_NAME": "北京市", "OLD_CODE": "MA01Y29B6", "COLLECT_TIME": 1635419748000, "QY_SRC_TYPE": "0", "hub_crawl_status": 0}, {"RN": 101, "QY_ID": "002111121911216668", "QY_ORG_CODE": "91110106MA020R889Q", "QY_NAME": "北京众瑞工程设计研究院有限公司", "QY_FR_NAME": "魏文宇", "QY_REGION": "110000", "QY_REGION_NAME": "北京市", "OLD_CODE": "MA020R889", "COLLECT_TIME": 1636715494000, "QY_SRC_TYPE": "0", "hub_crawl_status": 0}]