[{"RN": 16, "QY_ID": "002105291241582556", "QY_ORG_CODE": "91110108584409968N", "QY_NAME": "北京国华筑城建筑设计院有限公司", "QY_FR_NAME": "陈振海", "QY_REGION": "110000", "QY_REGION_NAME": "北京市", "OLD_CODE": "584409968", "COLLECT_TIME": 1622263273000, "QY_SRC_TYPE": "0", "hub_crawl_status": 0}, {"RN": 17, "QY_ID": "002105291241582557", "QY_ORG_CODE": "91110114MA00CDHR7T", "QY_NAME": "首煜建筑设计院（北京）有限公司", "QY_FR_NAME": "马征", "QY_REGION": "110000", "QY_REGION_NAME": "北京市", "OLD_CODE": "MA00CDHR7", "COLLECT_TIME": 1622263273000, "QY_SRC_TYPE": "0", "hub_crawl_status": 0}, {"RN": 18, "QY_ID": "002105291241591304", "QY_ORG_CODE": "91110105697666709T", "QY_NAME": "北京景程汇捷建筑设计有限公司", "QY_FR_NAME": "张东", "QY_REGION": "110000", "QY_REGION_NAME": "北京市", "OLD_CODE": "697666709", "COLLECT_TIME": 1622263280000, "QY_SRC_TYPE": "0", "hub_crawl_status": 0}, {"RN": 19, "QY_ID": "002105291241597107", "QY_ORG_CODE": "91110102057344824M", "QY_NAME": "北京市轨道交通设计研究院有限公司", "QY_FR_NAME": "路宗存", "QY_REGION": "110000", "QY_REGION_NAME": "北京市", "OLD_CODE": "057344824", "COLLECT_TIME": 1622263284000, "QY_SRC_TYPE": "0", "hub_crawl_status": 0}, {"RN": 20, "QY_ID": "002105291241598307", "QY_ORG_CODE": "911100007461141270", "QY_NAME": "中交基础设施养护集团有限公司", "QY_FR_NAME": "王晓东", "QY_REGION": "110000", "QY_REGION_NAME": "北京市", "OLD_CODE": "746114127", "COLLECT_TIME": 1622263285000, "QY_SRC_TYPE": "0", "hub_crawl_status": 0}, {"RN": 21, "QY_ID": "002105291241599514", "QY_ORG_CODE": "91110102400708526T", "QY_NAME": "北京市煤气热力工程设计院有限公司", "QY_FR_NAME": "王建国", "QY_REGION": "110000", "QY_REGION_NAME": "北京市", "OLD_CODE": "400708526", "COLLECT_TIME": 1622263286000, "QY_SRC_TYPE": "0", "hub_crawl_status": 0}, {"RN": 22, "QY_ID": "002105291241599944", "QY_ORG_CODE": "911101087002363642", "QY_NAME": "北京桑德环境工程有限公司", "QY_FR_NAME": "文一波", "QY_REGION": "110000", "QY_REGION_NAME": "北京市", "OLD_CODE": "700236364", "COLLECT_TIME": 1622263286000, "QY_SRC_TYPE": "0", "hub_crawl_status": 0}, {"RN": 23, "QY_ID": "002105291241612723", "QY_ORG_CODE": "91110107MA003P458X", "QY_NAME": "北京首钢筑境国际建筑设计有限公司", "QY_FR_NAME": "胡新", "QY_REGION": "110000", "QY_REGION_NAME": "北京市", "OLD_CODE": "MA003P458", "COLLECT_TIME": 1622263300000, "QY_SRC_TYPE": "0", "hub_crawl_status": 0}, {"RN": 24, "QY_ID": "002105291241617986", "QY_ORG_CODE": "91110106MA008YTR9D", "QY_NAME": "北京鑫通达轨道交通工程设计有限公司", "QY_FR_NAME": "王志军", "QY_REGION": "110000", "QY_REGION_NAME": "北京市", "OLD_CODE": "MA008YTR9", "COLLECT_TIME": 1622263305000, "QY_SRC_TYPE": "0", "hub_crawl_status": 0}, {"RN": 25, "QY_ID": "002105291241618099", "QY_ORG_CODE": "911101051016586378", "QY_NAME": "北京石油化工工程有限公司", "QY_FR_NAME": "许缄涛", "QY_REGION": "110000", "QY_REGION_NAME": "北京市", "OLD_CODE": "101658637", "COLLECT_TIME": 1622263305000, "QY_SRC_TYPE": "0", "hub_crawl_status": 0}, {"RN": 26, "QY_ID": "002105291241622458", "QY_ORG_CODE": "91110108MA018LB5XQ", "QY_NAME": "北京众衡建筑设计有限公司", "QY_FR_NAME": "汪会东", "QY_REGION": "110000", "QY_REGION_NAME": "北京市", "OLD_CODE": "MA018LB5X", "COLLECT_TIME": 1622263309000, "QY_SRC_TYPE": "0", "hub_crawl_status": 0}, {"RN": 27, "QY_ID": "002105291241623536", "QY_ORG_CODE": "91110113101171570K", "QY_NAME": "北京中航油工程建设有限公司", "QY_FR_NAME": "白玉波", "QY_REGION": "110000", "QY_REGION_NAME": "北京市", "OLD_CODE": "101171570", "COLLECT_TIME": 1622263311000, "QY_SRC_TYPE": "0", "hub_crawl_status": 0}, {"RN": 28, "QY_ID": "002105291241625673", "QY_ORG_CODE": "91110228MA01D8NH6G", "QY_NAME": "北京中时工程设计有限公司", "QY_FR_NAME": "毕经明", "QY_REGION": "110000", "QY_REGION_NAME": "北京市", "OLD_CODE": "MA01D8NH6", "COLLECT_TIME": 1622263314000, "QY_SRC_TYPE": "0", "hub_crawl_status": 0}, {"RN": 29, "QY_ID": "002105291242631313", "QY_ORG_CODE": "91110105MA0028QUOC", "QY_NAME": "远洋建筑设计院有限公司", "QY_FR_NAME": "窦志", "QY_REGION": "110000", "QY_REGION_NAME": "北京市", "OLD_CODE": "MA0028QUO", "COLLECT_TIME": 1622263321000, "QY_SRC_TYPE": "0", "hub_crawl_status": 0}, {"RN": 30, "QY_ID": "002105291242638384", "QY_ORG_CODE": "91110108MA01AUMW64", "QY_NAME": "中天伟业（北京）工程技术有限公司", "QY_FR_NAME": "薛世勇", "QY_REGION": "110000", "QY_REGION_NAME": "北京市", "OLD_CODE": "MA01AUMW6", "COLLECT_TIME": 1622263334000, "QY_SRC_TYPE": "0", "hub_crawl_status": 0}]