[{"RN": 46, "QY_ID": "002105291249701664", "QY_ORG_CODE": "911101098023471022", "QY_NAME": "北京易景道景观设计工程有限公司", "QY_FR_NAME": "刘赓", "QY_REGION": "110000", "QY_REGION_NAME": "北京市", "OLD_CODE": "802347102", "COLLECT_TIME": 1622263740000, "QY_SRC_TYPE": "0", "hub_crawl_status": 0}, {"RN": 47, "QY_ID": "002105291249702649", "QY_ORG_CODE": "91110108669148437A", "QY_NAME": "三川元和（北京）国际建筑设计有限公司", "QY_FR_NAME": "陆卫东", "QY_REGION": "110000", "QY_REGION_NAME": "北京市", "OLD_CODE": "669148437", "COLLECT_TIME": 1622263742000, "QY_SRC_TYPE": "0", "hub_crawl_status": 0}, {"RN": 48, "QY_ID": "002105291249713690", "QY_ORG_CODE": "911101085752106072", "QY_NAME": "北京奥创建筑设计有限公司", "QY_FR_NAME": "周行", "QY_REGION": "110000", "QY_REGION_NAME": "北京市", "OLD_CODE": "575210607", "COLLECT_TIME": 1622263758000, "QY_SRC_TYPE": "0", "hub_crawl_status": 0}, {"RN": 49, "QY_ID": "002105291254718858", "QY_ORG_CODE": "91110000100009432T", "QY_NAME": "中国航空工业新能源投资有限公司", "QY_FR_NAME": "方近勇", "QY_REGION": "110000", "QY_REGION_NAME": "北京市", "OLD_CODE": "100009432", "COLLECT_TIME": 1622264047000, "QY_SRC_TYPE": "0", "hub_crawl_status": 0}, {"RN": 50, "QY_ID": "002105291254724843", "QY_ORG_CODE": "91110105101720461Y", "QY_NAME": "北京城建勘测设计研究院有限责任公司", "QY_FR_NAME": "马海志", "QY_REGION": "110000", "QY_REGION_NAME": "北京市", "OLD_CODE": "101720461", "COLLECT_TIME": 1622264054000, "QY_SRC_TYPE": "0", "hub_crawl_status": 0}, {"RN": 51, "QY_ID": "002105291254728494", "QY_ORG_CODE": "91110112MA01MHGN41", "QY_NAME": "中惟国际工程咨询（北京）有限公司", "QY_FR_NAME": "王刚", "QY_REGION": "110000", "QY_REGION_NAME": "北京市", "OLD_CODE": "MA01MHGN4", "COLLECT_TIME": 1622264059000, "QY_SRC_TYPE": "0", "hub_crawl_status": 0}, {"RN": 52, "QY_ID": "002105291254735286", "QY_ORG_CODE": "911101111028229025", "QY_NAME": "北京市卓美建筑设计有限公司", "QY_FR_NAME": "李彤林", "QY_REGION": "110000", "QY_REGION_NAME": "北京市", "OLD_CODE": "102822902", "COLLECT_TIME": 1622264066000, "QY_SRC_TYPE": "0", "hub_crawl_status": 0}, {"RN": 53, "QY_ID": "002105291254737984", "QY_ORG_CODE": "91110105MA01LT8C02", "QY_NAME": "唐元恒业（北京）管理咨询有限公司", "QY_FR_NAME": "杨海军", "QY_REGION": "110000", "QY_REGION_NAME": "北京市", "OLD_CODE": "MA01LT8C0", "COLLECT_TIME": 1622264068000, "QY_SRC_TYPE": "0", "hub_crawl_status": 0}, {"RN": 54, "QY_ID": "002105291254741411", "QY_ORG_CODE": "91110108MA01M9DK9R", "QY_NAME": "北京中寰宇通建筑设计有限公司", "QY_FR_NAME": "宋婧", "QY_REGION": "110000", "QY_REGION_NAME": "北京市", "OLD_CODE": "MA01M9DK9", "COLLECT_TIME": 1622264072000, "QY_SRC_TYPE": "0", "hub_crawl_status": 0}, {"RN": 55, "QY_ID": "002105291254742659", "QY_ORG_CODE": "91110228MA01KK837K", "QY_NAME": "北京中夏工程设计有限公司", "QY_FR_NAME": "陈洪波", "QY_REGION": "110000", "QY_REGION_NAME": "北京市", "OLD_CODE": "MA01KK837", "COLLECT_TIME": 1622264074000, "QY_SRC_TYPE": "0", "hub_crawl_status": 0}, {"RN": 56, "QY_ID": "002105291254746861", "QY_ORG_CODE": "91110109744711745J", "QY_NAME": "中科建（北京）建筑规划设计有限公司", "QY_FR_NAME": "王增涛", "QY_REGION": "110000", "QY_REGION_NAME": "北京市", "OLD_CODE": "744711745", "COLLECT_TIME": 1622264078000, "QY_SRC_TYPE": "0", "hub_crawl_status": 0}, {"RN": 57, "QY_ID": "002105291254746927", "QY_ORG_CODE": "91110105101739779J", "QY_NAME": "北京北化研石化设计院有限公司", "QY_FR_NAME": "张韬毅", "QY_REGION": "110000", "QY_REGION_NAME": "北京市", "OLD_CODE": "101739779", "COLLECT_TIME": 1622264078000, "QY_SRC_TYPE": "0", "hub_crawl_status": 0}, {"RN": 58, "QY_ID": "002105291254750800", "QY_ORG_CODE": "911101085694927676", "QY_NAME": "北京万合创景国际规划设计研究院有限公司", "QY_FR_NAME": "贺静", "QY_REGION": "110000", "QY_REGION_NAME": "北京市", "OLD_CODE": "569492767", "COLLECT_TIME": 1622264082000, "QY_SRC_TYPE": "0", "hub_crawl_status": 0}, {"RN": 59, "QY_ID": "002105291254753441", "QY_ORG_CODE": "9111010572398279XG", "QY_NAME": "北京东方利禾景观设计有限公司", "QY_FR_NAME": "刘旭", "QY_REGION": "110000", "QY_REGION_NAME": "北京市", "OLD_CODE": "72398279X", "COLLECT_TIME": 1622264085000, "QY_SRC_TYPE": "0", "hub_crawl_status": 0}, {"RN": 60, "QY_ID": "002105291254754142", "QY_ORG_CODE": "9111010210172119XK", "QY_NAME": "北京国建设计有限公司", "QY_FR_NAME": "张钢", "QY_REGION": "110000", "QY_REGION_NAME": "北京市", "OLD_CODE": "10172119X", "COLLECT_TIME": 1622264085000, "QY_SRC_TYPE": "0", "hub_crawl_status": 0}]