[{"RN": 1, "QY_ID": "002105291241597107", "QY_ORG_CODE": "91110102057344824M", "QY_NAME": "北京市轨道交通设计研究院有限公司", "QY_FR_NAME": "路宗存", "QY_REGION": "110000", "QY_REGION_NAME": "北京市", "OLD_CODE": "057344824", "COLLECT_TIME": 1622263284000, "QY_SRC_TYPE": "0", "hub_crawl_status": 0}, {"RN": 2, "QY_ID": "002105291248672810", "QY_ORG_CODE": "911101057065650114", "QY_NAME": "中机十院国际工程有限公司", "QY_FR_NAME": "郝宏伟", "QY_REGION": "110000", "QY_REGION_NAME": "北京市", "OLD_CODE": "706565011", "COLLECT_TIME": 1622263704000, "QY_SRC_TYPE": "0", "hub_crawl_status": 0}, {"RN": 3, "QY_ID": "002105291313939444", "QY_ORG_CODE": "911100004000011410", "QY_NAME": "中国建筑科学研究院有限公司", "QY_FR_NAME": "王俊", "QY_REGION": "110100", "QY_REGION_NAME": "北京市-市辖区", "OLD_CODE": "400001141", "COLLECT_TIME": 1622265203000, "QY_SRC_TYPE": "0", "hub_crawl_status": 0}, {"RN": 4, "QY_ID": "002105291322978932", "QY_ORG_CODE": "91110106318043844J", "QY_NAME": "城邑（北京）建筑设计院有限公司", "QY_FR_NAME": "霍剑", "QY_REGION": "110000", "QY_REGION_NAME": "北京市", "OLD_CODE": "318043844", "COLLECT_TIME": 1622265729000, "QY_SRC_TYPE": "0", "hub_crawl_status": 0}, {"RN": 5, "QY_ID": "002105291328033323", "QY_ORG_CODE": "9111010855687722X4", "QY_NAME": "中民防咨询中心有限公司", "QY_FR_NAME": "陈育罡", "QY_REGION": "110000", "QY_REGION_NAME": "北京市", "OLD_CODE": "55687722X", "COLLECT_TIME": 1622266093000, "QY_SRC_TYPE": "0", "hub_crawl_status": 0}]