[{"RN": 1, "QY_ID": "002105291239453156", "QY_ORG_CODE": "91110105783992316E", "QY_NAME": "北京兴杰恒业石油化工技术有限公司", "QY_FR_NAME": "杨从秀", "QY_REGION": "110000", "QY_REGION_NAME": "北京市", "OLD_CODE": "783992316", "COLLECT_TIME": 1622263197000, "QY_SRC_TYPE": "0", "hub_crawl_status": 0}, {"RN": 2, "QY_ID": "002105291240508899", "QY_ORG_CODE": "91110114696341099U", "QY_NAME": "洪阳冶化工程科技有限公司", "QY_FR_NAME": "刘骏", "QY_REGION": "110000", "QY_REGION_NAME": "北京市", "OLD_CODE": "696341099", "COLLECT_TIME": 1622263226000, "QY_SRC_TYPE": "0", "hub_crawl_status": 0}, {"RN": 3, "QY_ID": "002105291241602215", "QY_ORG_CODE": "91110105101180450R", "QY_NAME": "北京达瑞化工工程设计有限责任公司", "QY_FR_NAME": "杨林易", "QY_REGION": "110000", "QY_REGION_NAME": "北京市", "OLD_CODE": "101180450", "COLLECT_TIME": 1622263289000, "QY_SRC_TYPE": "0", "hub_crawl_status": 0}, {"RN": 4, "QY_ID": "002105291248684604", "QY_ORG_CODE": "91110302795955432X", "QY_NAME": "蓝星（北京）化工机械有限公司", "QY_FR_NAME": "乔霄峰", "QY_REGION": "110000", "QY_REGION_NAME": "北京市", "OLD_CODE": "795955432", "COLLECT_TIME": 1622263717000, "QY_SRC_TYPE": "0", "hub_crawl_status": 0}, {"RN": 5, "QY_ID": "002105291254738018", "QY_ORG_CODE": "91110105792104018K", "QY_NAME": "北京启迪安圆能源环境工程技术有限公司", "QY_FR_NAME": "叶伟", "QY_REGION": "110000", "QY_REGION_NAME": "北京市", "OLD_CODE": "792104018", "COLLECT_TIME": 1622264068000, "QY_SRC_TYPE": "0", "hub_crawl_status": 0}, {"RN": 6, "QY_ID": "002105291254759691", "QY_ORG_CODE": "9111010566217347XY", "QY_NAME": "北京博鼎诚工程设计有限公司", "QY_FR_NAME": "陈良琨", "QY_REGION": "110000", "QY_REGION_NAME": "北京市", "OLD_CODE": "66217347X", "COLLECT_TIME": 1622264091000, "QY_SRC_TYPE": "0", "hub_crawl_status": 0}, {"RN": 7, "QY_ID": "002105291306880297", "QY_ORG_CODE": "911101056869448571", "QY_NAME": "北京美信东方工程技术有限公司", "QY_FR_NAME": "赵小勋", "QY_REGION": "110000", "QY_REGION_NAME": "北京市", "OLD_CODE": "686944857", "COLLECT_TIME": 1622264761000, "QY_SRC_TYPE": "0", "hub_crawl_status": 0}]