[{"RN": 136, "QY_ID": "002105291248672810", "QY_ORG_CODE": "911101057065650114", "QY_NAME": "中机十院国际工程有限公司", "QY_FR_NAME": "郝宏伟", "QY_REGION": "110000", "QY_REGION_NAME": "北京市", "OLD_CODE": "706565011", "COLLECT_TIME": 1622263704000, "QY_SRC_TYPE": "0", "hub_crawl_status": 0}, {"RN": 137, "QY_ID": "002105291248672844", "QY_ORG_CODE": "9111030410276591X2", "QY_NAME": "北京燕山玉龙石化工程股份有限公司", "QY_FR_NAME": "钱文臣", "QY_REGION": "110000", "QY_REGION_NAME": "北京市", "OLD_CODE": "10276591X", "COLLECT_TIME": 1622263704000, "QY_SRC_TYPE": "0", "hub_crawl_status": 0}, {"RN": 138, "QY_ID": "002105291248673161", "QY_ORG_CODE": "911101081011011775", "QY_NAME": "中外建工程设计与顾问有限公司", "QY_FR_NAME": "张仲良", "QY_REGION": "110000", "QY_REGION_NAME": "北京市", "OLD_CODE": "101101177", "COLLECT_TIME": 1622263705000, "QY_SRC_TYPE": "0", "hub_crawl_status": 0}, {"RN": 139, "QY_ID": "002105291248683051", "QY_ORG_CODE": "91110000101112191T", "QY_NAME": "中铁华铁工程设计集团有限公司", "QY_FR_NAME": "彭晓华", "QY_REGION": "110000", "QY_REGION_NAME": "北京市", "OLD_CODE": "101112191", "COLLECT_TIME": 1622263715000, "QY_SRC_TYPE": "0", "hub_crawl_status": 0}, {"RN": 140, "QY_ID": "002105291248683397", "QY_ORG_CODE": "91110105400841941E", "QY_NAME": "北京建都设计研究院有限责任公司", "QY_FR_NAME": "蒋向军", "QY_REGION": "110000", "QY_REGION_NAME": "北京市", "OLD_CODE": "400841941", "COLLECT_TIME": 1622263715000, "QY_SRC_TYPE": "0", "hub_crawl_status": 0}, {"RN": 141, "QY_ID": "002105291248684330", "QY_ORG_CODE": "91110000100016800A", "QY_NAME": "中国友发国际工程设计咨询有限公司", "QY_FR_NAME": "陈宏铭", "QY_REGION": "110000", "QY_REGION_NAME": "北京市", "OLD_CODE": "100016800", "COLLECT_TIME": 1622263716000, "QY_SRC_TYPE": "0", "hub_crawl_status": 0}, {"RN": 142, "QY_ID": "002105291248685200", "QY_ORG_CODE": "9111010610216599XD", "QY_NAME": "中航天建设工程集团有限公司", "QY_FR_NAME": "杨明", "QY_REGION": "110000", "QY_REGION_NAME": "北京市", "OLD_CODE": "10216599X", "COLLECT_TIME": 1622263717000, "QY_SRC_TYPE": "0", "hub_crawl_status": 0}, {"RN": 143, "QY_ID": "002105291248692336", "QY_ORG_CODE": "91110000H52625196T", "QY_NAME": "建研科技股份有限公司", "QY_FR_NAME": "刘军进", "QY_REGION": "110000", "QY_REGION_NAME": "北京市", "OLD_CODE": "H52625196", "COLLECT_TIME": 1622263728000, "QY_SRC_TYPE": "0", "hub_crawl_status": 0}, {"RN": 144, "QY_ID": "002105291248694458", "QY_ORG_CODE": "91110108401705829C", "QY_NAME": "中钢集团工程设计研究院有限公司", "QY_FR_NAME": "王建", "QY_REGION": "110000", "QY_REGION_NAME": "北京市", "OLD_CODE": "401705829", "COLLECT_TIME": 1622263730000, "QY_SRC_TYPE": "0", "hub_crawl_status": 0}, {"RN": 145, "QY_ID": "002105291248694521", "QY_ORG_CODE": "91110108625909265P", "QY_NAME": "通用（北京）建筑设计院有限公司", "QY_FR_NAME": "朱峰", "QY_REGION": "110000", "QY_REGION_NAME": "北京市", "OLD_CODE": "625909265", "COLLECT_TIME": 1622263730000, "QY_SRC_TYPE": "0", "hub_crawl_status": 0}, {"RN": 146, "QY_ID": "002105291248695906", "QY_ORG_CODE": "91110000100005255X", "QY_NAME": "中国昆仑工程有限公司", "QY_FR_NAME": "王德义", "QY_REGION": "110000", "QY_REGION_NAME": "北京市", "OLD_CODE": "100005255", "COLLECT_TIME": 1622263732000, "QY_SRC_TYPE": "0", "hub_crawl_status": 0}, {"RN": 147, "QY_ID": "002105291248696870", "QY_ORG_CODE": "911101086738150528", "QY_NAME": "北京森磊源建筑规划设计有限公司", "QY_FR_NAME": "邹曙东", "QY_REGION": "110100", "QY_REGION_NAME": "北京市-市辖区", "OLD_CODE": "673815052", "COLLECT_TIME": 1622263732000, "QY_SRC_TYPE": "0", "hub_crawl_status": 0}, {"RN": 148, "QY_ID": "002105291248696909", "QY_ORG_CODE": "91110111699568897H", "QY_NAME": "北京龙源科建建筑设计有限公司", "QY_FR_NAME": "方政武", "QY_REGION": "110000", "QY_REGION_NAME": "北京市", "OLD_CODE": "699568897", "COLLECT_TIME": 1622263732000, "QY_SRC_TYPE": "0", "hub_crawl_status": 0}, {"RN": 149, "QY_ID": "002105291248697839", "QY_ORG_CODE": "91110102556804012H", "QY_NAME": "中城建（北京）建筑设计有限公司", "QY_FR_NAME": "胡睿", "QY_REGION": "110000", "QY_REGION_NAME": "北京市", "OLD_CODE": "556804012", "COLLECT_TIME": 1622263734000, "QY_SRC_TYPE": "0", "hub_crawl_status": 0}, {"RN": 150, "QY_ID": "002105291248700320", "QY_ORG_CODE": "911101076259070916", "QY_NAME": "中旭建筑设计有限责任公司", "QY_FR_NAME": "韩玉斌", "QY_REGION": "110000", "QY_REGION_NAME": "北京市", "OLD_CODE": "625907091", "COLLECT_TIME": 1622263739000, "QY_SRC_TYPE": "0", "hub_crawl_status": 0}]