[{"RN": 91, "QY_ID": "002105291241585484", "QY_ORG_CODE": "911101097000946424", "QY_NAME": "筑福（北京）城市更新建设集团有限公司", "QY_FR_NAME": "董有", "QY_REGION": "110000", "QY_REGION_NAME": "北京市", "OLD_CODE": "700094642", "COLLECT_TIME": 1622263276000, "QY_SRC_TYPE": "0", "hub_crawl_status": 0}, {"RN": 92, "QY_ID": "002105291241587738", "QY_ORG_CODE": "91110000710931686J", "QY_NAME": "世源科技工程有限公司", "QY_FR_NAME": "黄文胜", "QY_REGION": "110100", "QY_REGION_NAME": "北京市-市辖区", "OLD_CODE": "710931686", "COLLECT_TIME": 1622263278000, "QY_SRC_TYPE": "0", "hub_crawl_status": 0}, {"RN": 93, "QY_ID": "002105291241588277", "QY_ORG_CODE": "91110108600440229X", "QY_NAME": "北京中陆咨询有限公司", "QY_FR_NAME": "徐英俊", "QY_REGION": "110000", "QY_REGION_NAME": "北京市", "OLD_CODE": "600440229", "COLLECT_TIME": 1622263278000, "QY_SRC_TYPE": "0", "hub_crawl_status": 0}, {"RN": 94, "QY_ID": "002105291241592889", "QY_ORG_CODE": "9111010262590996X3", "QY_NAME": "北方—汉沙杨建筑工程设计有限公司", "QY_FR_NAME": "宋远征", "QY_REGION": "110000", "QY_REGION_NAME": "北京市", "OLD_CODE": "62590996X", "COLLECT_TIME": 1622263281000, "QY_SRC_TYPE": "0", "hub_crawl_status": 0}, {"RN": 95, "QY_ID": "002105291241595303", "QY_ORG_CODE": "91110107718720736T", "QY_NAME": "北京中联环建文建筑设计有限公司", "QY_FR_NAME": "王卫星", "QY_REGION": "110000", "QY_REGION_NAME": "北京市", "OLD_CODE": "718720736", "COLLECT_TIME": 1622263283000, "QY_SRC_TYPE": "0", "hub_crawl_status": 0}, {"RN": 96, "QY_ID": "002105291241595600", "QY_ORG_CODE": "91110102MA01C86038", "QY_NAME": "北京方州基业建筑规划设计有限公司", "QY_FR_NAME": "成立新", "QY_REGION": "110100", "QY_REGION_NAME": "北京市-市辖区", "OLD_CODE": "MA01C8603", "COLLECT_TIME": 1622263283000, "QY_SRC_TYPE": "0", "hub_crawl_status": 0}, {"RN": 97, "QY_ID": "002105291241597182", "QY_ORG_CODE": "911100007488335042", "QY_NAME": "北京中航筑诚机场建设顾问有限公司", "QY_FR_NAME": "李杨", "QY_REGION": "110000", "QY_REGION_NAME": "北京市", "OLD_CODE": "748833504", "COLLECT_TIME": 1622263284000, "QY_SRC_TYPE": "0", "hub_crawl_status": 0}, {"RN": 98, "QY_ID": "002105291241598973", "QY_ORG_CODE": "91210102573480662P", "QY_NAME": "北京三一建筑设计研究有限公司", "QY_FR_NAME": "唐修国", "QY_REGION": "110100", "QY_REGION_NAME": "北京市-市辖区", "OLD_CODE": "573480662", "COLLECT_TIME": 1622263285000, "QY_SRC_TYPE": "0", "hub_crawl_status": 0}, {"RN": 99, "QY_ID": "002105291241600075", "QY_ORG_CODE": "91110105758240593A", "QY_NAME": "北京中宇瑞德建筑设计有限公司", "QY_FR_NAME": "张跃峰", "QY_REGION": "110000", "QY_REGION_NAME": "北京市", "OLD_CODE": "758240593", "COLLECT_TIME": 1622263287000, "QY_SRC_TYPE": "0", "hub_crawl_status": 0}, {"RN": 100, "QY_ID": "002105291241608111", "QY_ORG_CODE": "91110109700091425A", "QY_NAME": "北京城建长城工程设计有限公司", "QY_FR_NAME": "孙厚琼", "QY_REGION": "110100", "QY_REGION_NAME": "北京市-市辖区", "OLD_CODE": "700091425", "COLLECT_TIME": 1622263295000, "QY_SRC_TYPE": "0", "hub_crawl_status": 0}, {"RN": 101, "QY_ID": "002105291241609612", "QY_ORG_CODE": "91110106102220514G", "QY_NAME": "航天万源实业有限公司", "QY_FR_NAME": "马光", "QY_REGION": "110000", "QY_REGION_NAME": "北京市", "OLD_CODE": "102220514", "COLLECT_TIME": 1622263297000, "QY_SRC_TYPE": "0", "hub_crawl_status": 0}, {"RN": 102, "QY_ID": "002105291241610614", "QY_ORG_CODE": "91110101556817649B", "QY_NAME": "北京华巨建筑规划设计院有限公司", "QY_FR_NAME": "王凤荣", "QY_REGION": "110000", "QY_REGION_NAME": "北京市", "OLD_CODE": "556817649", "COLLECT_TIME": 1622263298000, "QY_SRC_TYPE": "0", "hub_crawl_status": 0}, {"RN": 103, "QY_ID": "002105291241612507", "QY_ORG_CODE": "911101027002916898", "QY_NAME": "北京华茂中天建筑规划设计有限公司", "QY_FR_NAME": "姜鹏", "QY_REGION": "110000", "QY_REGION_NAME": "北京市", "OLD_CODE": "700291689", "COLLECT_TIME": 1622263299000, "QY_SRC_TYPE": "0", "hub_crawl_status": 0}, {"RN": 104, "QY_ID": "002105291241612620", "QY_ORG_CODE": "911100001018866215", "QY_NAME": "中国新兴建设开发有限责任公司", "QY_FR_NAME": "马健峰", "QY_REGION": "110100", "QY_REGION_NAME": "北京市-市辖区", "OLD_CODE": "101886621", "COLLECT_TIME": 1622263299000, "QY_SRC_TYPE": "0", "hub_crawl_status": 0}, {"RN": 105, "QY_ID": "002105291241612665", "QY_ORG_CODE": "91110108600483827E", "QY_NAME": "中咨海外咨询有限公司", "QY_FR_NAME": "徐小元", "QY_REGION": "110100", "QY_REGION_NAME": "北京市-市辖区", "OLD_CODE": "600483827", "COLLECT_TIME": 1622263299000, "QY_SRC_TYPE": "0", "hub_crawl_status": 0}]