[{"RN": 211, "QY_ID": "002105291254756648", "QY_ORG_CODE": "123456789A9999319X", "QY_NAME": "空军研究院工程设计研究所北京工程设计室", "QY_FR_NAME": "韩施方", "QY_REGION": "110100", "QY_REGION_NAME": "北京市-市辖区", "OLD_CODE": "9A9999319", "COLLECT_TIME": 1622264088000, "QY_SRC_TYPE": "0", "hub_crawl_status": 0}, {"RN": 212, "QY_ID": "002105291254756689", "QY_ORG_CODE": "91110108102052901A", "QY_NAME": "北京三磊建筑设计有限公司", "QY_FR_NAME": "尹筱周", "QY_REGION": "110000", "QY_REGION_NAME": "北京市", "OLD_CODE": "102052901", "COLLECT_TIME": 1622264088000, "QY_SRC_TYPE": "0", "hub_crawl_status": 0}, {"RN": 213, "QY_ID": "002105291254763866", "QY_ORG_CODE": "911101085636936729", "QY_NAME": "北京中天国际设计集团有限公司", "QY_FR_NAME": "唐海达", "QY_REGION": "110000", "QY_REGION_NAME": "北京市", "OLD_CODE": "563693672", "COLLECT_TIME": 1622264097000, "QY_SRC_TYPE": "0", "hub_crawl_status": 0}, {"RN": 214, "QY_ID": "002105291254764571", "QY_ORG_CODE": "91110113102551583Y", "QY_NAME": "北京伯尔明建筑工程设计有限公司", "QY_FR_NAME": "王健", "QY_REGION": "110000", "QY_REGION_NAME": "北京市", "OLD_CODE": "102551583", "COLLECT_TIME": 1622264098000, "QY_SRC_TYPE": "0", "hub_crawl_status": 0}, {"RN": 215, "QY_ID": "002105291255773823", "QY_ORG_CODE": "911101071022887381", "QY_NAME": "北京市新厦建筑设计有限责任公司", "QY_FR_NAME": "江南", "QY_REGION": "110100", "QY_REGION_NAME": "北京市-市辖区", "OLD_CODE": "102288738", "COLLECT_TIME": 1622264108000, "QY_SRC_TYPE": "0", "hub_crawl_status": 0}, {"RN": 216, "QY_ID": "002105291255773960", "QY_ORG_CODE": "91110102723995910U", "QY_NAME": "北京世纪安泰建筑工程设计有限公司", "QY_FR_NAME": "王光新", "QY_REGION": "110100", "QY_REGION_NAME": "北京市-市辖区", "OLD_CODE": "723995910", "COLLECT_TIME": 1622264108000, "QY_SRC_TYPE": "0", "hub_crawl_status": 0}, {"RN": 217, "QY_ID": "002105291255774012", "QY_ORG_CODE": "91110102633783121X", "QY_NAME": "北京墨臣工程咨询有限公司", "QY_FR_NAME": "赖军", "QY_REGION": "110100", "QY_REGION_NAME": "北京市-市辖区", "OLD_CODE": "633783121", "COLLECT_TIME": 1622264108000, "QY_SRC_TYPE": "0", "hub_crawl_status": 0}, {"RN": 218, "QY_ID": "002105291255775296", "QY_ORG_CODE": "91110108739398491Y", "QY_NAME": "北京东方华脉工程设计有限公司", "QY_FR_NAME": "乔丛", "QY_REGION": "110000", "QY_REGION_NAME": "北京市", "OLD_CODE": "739398491", "COLLECT_TIME": 1622264110000, "QY_SRC_TYPE": "0", "hub_crawl_status": 0}, {"RN": 219, "QY_ID": "002105291255775355", "QY_ORG_CODE": "911101086259064435", "QY_NAME": "马建国际建筑设计顾问有限公司", "QY_FR_NAME": "孙玮", "QY_REGION": "110100", "QY_REGION_NAME": "北京市-市辖区", "OLD_CODE": "625906443", "COLLECT_TIME": 1622264110000, "QY_SRC_TYPE": "0", "hub_crawl_status": 0}, {"RN": 220, "QY_ID": "002105291255776071", "QY_ORG_CODE": "91110108718714029Y", "QY_NAME": "北京威斯顿建筑设计有限公司", "QY_FR_NAME": "江良明", "QY_REGION": "110000", "QY_REGION_NAME": "北京市", "OLD_CODE": "718714029", "COLLECT_TIME": 1622264111000, "QY_SRC_TYPE": "0", "hub_crawl_status": 0}, {"RN": 221, "QY_ID": "002105291255776074", "QY_ORG_CODE": "91110000400000720M", "QY_NAME": "矿冶科技集团有限公司", "QY_FR_NAME": "韩龙", "QY_REGION": "110000", "QY_REGION_NAME": "北京市", "OLD_CODE": "400000720", "COLLECT_TIME": 1622264111000, "QY_SRC_TYPE": "0", "hub_crawl_status": 0}, {"RN": 222, "QY_ID": "002105291255776946", "QY_ORG_CODE": "91110101625902426A", "QY_NAME": "建华建筑设计合资有限公司", "QY_FR_NAME": "高志", "QY_REGION": "110000", "QY_REGION_NAME": "北京市", "OLD_CODE": "625902426", "COLLECT_TIME": 1622264111000, "QY_SRC_TYPE": "0", "hub_crawl_status": 0}, {"RN": 223, "QY_ID": "002105291255778430", "QY_ORG_CODE": "9111010874158586XH", "QY_NAME": "北京天地都市建筑设计有限公司", "QY_FR_NAME": "卢强", "QY_REGION": "110100", "QY_REGION_NAME": "北京市-市辖区", "OLD_CODE": "74158586X", "COLLECT_TIME": 1622264114000, "QY_SRC_TYPE": "0", "hub_crawl_status": 0}, {"RN": 224, "QY_ID": "002105291258783778", "QY_ORG_CODE": "91110102101118278H", "QY_NAME": "北京凯帝克建筑设计有限公司", "QY_FR_NAME": "黄彬", "QY_REGION": "110100", "QY_REGION_NAME": "北京市-市辖区", "OLD_CODE": "101118278", "COLLECT_TIME": 1622264309000, "QY_SRC_TYPE": "0", "hub_crawl_status": 0}, {"RN": 225, "QY_ID": "002105291258784422", "QY_ORG_CODE": "91110106101132571T", "QY_NAME": "北京多维智建工程设计有限公司", "QY_FR_NAME": "牛金树", "QY_REGION": "110100", "QY_REGION_NAME": "北京市-市辖区", "OLD_CODE": "101132571", "COLLECT_TIME": 1622264310000, "QY_SRC_TYPE": "0", "hub_crawl_status": 0}]