[{"RN": 226, "QY_ID": "002105291258784554", "QY_ORG_CODE": "91110000717824744L", "QY_NAME": "林产工业规划设计院", "QY_FR_NAME": "周岩", "QY_REGION": "110000", "QY_REGION_NAME": "北京市", "OLD_CODE": "717824744", "COLLECT_TIME": 1622264310000, "QY_SRC_TYPE": "0", "hub_crawl_status": 0}, {"RN": 227, "QY_ID": "002105291258786311", "QY_ORG_CODE": "91110108101141603W", "QY_NAME": "北京新型材料建筑设计研究院有限公司", "QY_FR_NAME": "张士元", "QY_REGION": "110100", "QY_REGION_NAME": "北京市-市辖区", "OLD_CODE": "101141603", "COLLECT_TIME": 1622264311000, "QY_SRC_TYPE": "0", "hub_crawl_status": 0}, {"RN": 228, "QY_ID": "002105291258787075", "QY_ORG_CODE": "91110108102010461N", "QY_NAME": "清华大学建筑设计研究院有限公司", "QY_FR_NAME": "庄惟敏", "QY_REGION": "110000", "QY_REGION_NAME": "北京市", "OLD_CODE": "102010461", "COLLECT_TIME": 1622264312000, "QY_SRC_TYPE": "0", "hub_crawl_status": 0}, {"RN": 229, "QY_ID": "002105291258787711", "QY_ORG_CODE": "91110101710928794H", "QY_NAME": "北京班墨国际工程设计有限公司", "QY_FR_NAME": "高庆飞", "QY_REGION": "110100", "QY_REGION_NAME": "北京市-市辖区", "OLD_CODE": "710928794", "COLLECT_TIME": 1622264313000, "QY_SRC_TYPE": "0", "hub_crawl_status": 0}, {"RN": 230, "QY_ID": "002105291258788486", "QY_ORG_CODE": "9111010180122707XB", "QY_NAME": "北京国科天创建筑设计院有限责任公司", "QY_FR_NAME": "崔磊", "QY_REGION": "110100", "QY_REGION_NAME": "北京市-市辖区", "OLD_CODE": "80122707X", "COLLECT_TIME": 1622264314000, "QY_SRC_TYPE": "0", "hub_crawl_status": 0}, {"RN": 231, "QY_ID": "002105291258791895", "QY_ORG_CODE": "911101086337216416", "QY_NAME": "中科营造（北京）工程设计研究院有限公司", "QY_FR_NAME": "还加顺", "QY_REGION": "110000", "QY_REGION_NAME": "北京市", "OLD_CODE": "633721641", "COLLECT_TIME": 1622264318000, "QY_SRC_TYPE": "0", "hub_crawl_status": 0}, {"RN": 232, "QY_ID": "002105291258795218", "QY_ORG_CODE": "913204047691035434", "QY_NAME": "北京广远工程设计研究院有限公司", "QY_FR_NAME": "刘继满", "QY_REGION": "110000", "QY_REGION_NAME": "北京市", "OLD_CODE": "769103543", "COLLECT_TIME": 1622264321000, "QY_SRC_TYPE": "0", "hub_crawl_status": 0}, {"RN": 233, "QY_ID": "002105291258798903", "QY_ORG_CODE": "91110108742335723H", "QY_NAME": "北京构易建筑设计有限公司", "QY_FR_NAME": "周伟", "QY_REGION": "110100", "QY_REGION_NAME": "北京市-市辖区", "OLD_CODE": "742335723", "COLLECT_TIME": 1622264325000, "QY_SRC_TYPE": "0", "hub_crawl_status": 0}, {"RN": 234, "QY_ID": "002105291258798957", "QY_ORG_CODE": "91110102101424806Q", "QY_NAME": "国信腾远（北京）工程设计有限公司", "QY_FR_NAME": "王胜", "QY_REGION": "110100", "QY_REGION_NAME": "北京市-市辖区", "OLD_CODE": "101424806", "COLLECT_TIME": 1622264325000, "QY_SRC_TYPE": "0", "hub_crawl_status": 0}, {"RN": 235, "QY_ID": "002105291258804492", "QY_ORG_CODE": "91110114700349940B", "QY_NAME": "华合（北京）国际工程设计有限公司", "QY_FR_NAME": "王默", "QY_REGION": "110000", "QY_REGION_NAME": "北京市", "OLD_CODE": "700349940", "COLLECT_TIME": 1622264330000, "QY_SRC_TYPE": "0", "hub_crawl_status": 0}, {"RN": 236, "QY_ID": "002105291258805542", "QY_ORG_CODE": "91110108102112601W", "QY_NAME": "中科（北京）建筑规划设计研究院有限公司", "QY_FR_NAME": "张海龙", "QY_REGION": "110100", "QY_REGION_NAME": "北京市-市辖区", "OLD_CODE": "102112601", "COLLECT_TIME": 1622264331000, "QY_SRC_TYPE": "0", "hub_crawl_status": 0}, {"RN": 237, "QY_ID": "002105291259823843", "QY_ORG_CODE": "91110108101986868M", "QY_NAME": "北京交大建筑勘察设计院有限公司", "QY_FR_NAME": "向宏军", "QY_REGION": "110100", "QY_REGION_NAME": "北京市-市辖区", "OLD_CODE": "101986868", "COLLECT_TIME": 1622264355000, "QY_SRC_TYPE": "0", "hub_crawl_status": 0}, {"RN": 238, "QY_ID": "002105291259834675", "QY_ORG_CODE": "911101051017611917", "QY_NAME": "北京工业大学建筑勘察设计院有限公司", "QY_FR_NAME": "张健", "QY_REGION": "110000", "QY_REGION_NAME": "北京市", "OLD_CODE": "101761191", "COLLECT_TIME": 1622264369000, "QY_SRC_TYPE": "0", "hub_crawl_status": 0}, {"RN": 239, "QY_ID": "002105291305851946", "QY_ORG_CODE": "91110000101107974U", "QY_NAME": "北京城建道桥建设集团有限公司", "QY_FR_NAME": "涂海毅", "QY_REGION": "110100", "QY_REGION_NAME": "北京市-市辖区", "OLD_CODE": "101107974", "COLLECT_TIME": 1622264728000, "QY_SRC_TYPE": "0", "hub_crawl_status": 0}, {"RN": 240, "QY_ID": "002105291305863864", "QY_ORG_CODE": "91110108777674231L", "QY_NAME": "青矩工程顾问有限公司", "QY_FR_NAME": "张超", "QY_REGION": "110100", "QY_REGION_NAME": "北京市-市辖区", "OLD_CODE": "777674231", "COLLECT_TIME": 1622264742000, "QY_SRC_TYPE": "0", "hub_crawl_status": 0}]