[{"RN": 181, "QY_ID": "002105291254741137", "QY_ORG_CODE": "911101057642140689", "QY_NAME": "悉地（北京）国际建筑设计顾问有限公司", "QY_FR_NAME": "李宏业", "QY_REGION": "110000", "QY_REGION_NAME": "北京市", "OLD_CODE": "764214068", "COLLECT_TIME": 1622264072000, "QY_SRC_TYPE": "0", "hub_crawl_status": 0}, {"RN": 182, "QY_ID": "002105291254741378", "QY_ORG_CODE": "911101081019461619", "QY_NAME": "北京海淀中京工程设计软件技术有限公司", "QY_FR_NAME": "王小强", "QY_REGION": "110000", "QY_REGION_NAME": "北京市", "OLD_CODE": "101946161", "COLLECT_TIME": 1622264072000, "QY_SRC_TYPE": "0", "hub_crawl_status": 0}, {"RN": 183, "QY_ID": "002105291254741379", "QY_ORG_CODE": "91110107746722261A", "QY_NAME": "中外建华诚工程技术集团有限公司", "QY_FR_NAME": "李元", "QY_REGION": "110000", "QY_REGION_NAME": "北京市", "OLD_CODE": "746722261", "COLLECT_TIME": 1622264072000, "QY_SRC_TYPE": "0", "hub_crawl_status": 0}, {"RN": 184, "QY_ID": "002105291254741396", "QY_ORG_CODE": "91110116101898681W", "QY_NAME": "北京中天元工程设计有限责任公司", "QY_FR_NAME": "刘金友", "QY_REGION": "110000", "QY_REGION_NAME": "北京市", "OLD_CODE": "101898681", "COLLECT_TIME": 1622264072000, "QY_SRC_TYPE": "0", "hub_crawl_status": 0}, {"RN": 185, "QY_ID": "002105291254741764", "QY_ORG_CODE": "91110108102104265F", "QY_NAME": "北京东方华太建筑设计工程有限责任公司", "QY_FR_NAME": "徐建伟", "QY_REGION": "110000", "QY_REGION_NAME": "北京市", "OLD_CODE": "102104265", "COLLECT_TIME": 1622264072000, "QY_SRC_TYPE": "0", "hub_crawl_status": 0}, {"RN": 186, "QY_ID": "002105291254742714", "QY_ORG_CODE": "911102288029856819", "QY_NAME": "北京建谊高能建筑设计研究院有限公司", "QY_FR_NAME": "李威", "QY_REGION": "110000", "QY_REGION_NAME": "北京市", "OLD_CODE": "802985681", "COLLECT_TIME": 1622264074000, "QY_SRC_TYPE": "0", "hub_crawl_status": 0}, {"RN": 187, "QY_ID": "002105291254744553", "QY_ORG_CODE": "91110115746711757U", "QY_NAME": "北京远骥都市建筑工程设计事务所（普通合伙）", "QY_FR_NAME": "谢远骥", "QY_REGION": "110000", "QY_REGION_NAME": "北京市", "OLD_CODE": "746711757", "COLLECT_TIME": 1622264076000, "QY_SRC_TYPE": "0", "hub_crawl_status": 0}, {"RN": 188, "QY_ID": "002105291254745017", "QY_ORG_CODE": "91110000357957104Q", "QY_NAME": "中交铁道设计研究总院有限公司", "QY_FR_NAME": "颜廷祥", "QY_REGION": "110000", "QY_REGION_NAME": "北京市", "OLD_CODE": "357957104", "COLLECT_TIME": 1622264076000, "QY_SRC_TYPE": "0", "hub_crawl_status": 0}, {"RN": 189, "QY_ID": "002105291254745019", "QY_ORG_CODE": "91110108746708750W", "QY_NAME": "北京炎黄联合国际工程设计有限公司", "QY_FR_NAME": "冈钢", "QY_REGION": "110000", "QY_REGION_NAME": "北京市", "OLD_CODE": "746708750", "COLLECT_TIME": 1622264076000, "QY_SRC_TYPE": "0", "hub_crawl_status": 0}, {"RN": 190, "QY_ID": "002105291254745026", "QY_ORG_CODE": "91110108101137831Q", "QY_NAME": "中房集团建筑设计有限公司", "QY_FR_NAME": "范强", "QY_REGION": "110000", "QY_REGION_NAME": "北京市", "OLD_CODE": "101137831", "COLLECT_TIME": 1622264076000, "QY_SRC_TYPE": "0", "hub_crawl_status": 0}, {"RN": 191, "QY_ID": "002105291254745154", "QY_ORG_CODE": "91110106101610238A", "QY_NAME": "北京北方设计研究院有限公司", "QY_FR_NAME": "姜泽栋", "QY_REGION": "110000", "QY_REGION_NAME": "北京市", "OLD_CODE": "101610238", "COLLECT_TIME": 1622264076000, "QY_SRC_TYPE": "0", "hub_crawl_status": 0}, {"RN": 192, "QY_ID": "002105291254745156", "QY_ORG_CODE": "91110102696382421C", "QY_NAME": "北京中城华鼎建筑设计有限责任公司", "QY_FR_NAME": "徐军", "QY_REGION": "110000", "QY_REGION_NAME": "北京市", "OLD_CODE": "696382421", "COLLECT_TIME": 1622264076000, "QY_SRC_TYPE": "0", "hub_crawl_status": 0}, {"RN": 193, "QY_ID": "002105291254745532", "QY_ORG_CODE": "91110115400962946N", "QY_NAME": "中建装配式建筑设计研究院有限公司", "QY_FR_NAME": "樊则森", "QY_REGION": "110000", "QY_REGION_NAME": "北京市", "OLD_CODE": "400962946", "COLLECT_TIME": 1622264077000, "QY_SRC_TYPE": "0", "hub_crawl_status": 0}, {"RN": 194, "QY_ID": "002105291254745914", "QY_ORG_CODE": "911102287629851179", "QY_NAME": "易兰（北京）规划设计股份有限公司", "QY_FR_NAME": "陈跃中", "QY_REGION": "110000", "QY_REGION_NAME": "北京市", "OLD_CODE": "762985117", "COLLECT_TIME": 1622264077000, "QY_SRC_TYPE": "0", "hub_crawl_status": 0}, {"RN": 195, "QY_ID": "002105291254746066", "QY_ORG_CODE": "91110105101366992H", "QY_NAME": "北京城市开发设计研究院有限公司", "QY_FR_NAME": "黄东", "QY_REGION": "110000", "QY_REGION_NAME": "北京市", "OLD_CODE": "101366992", "COLLECT_TIME": 1622264077000, "QY_SRC_TYPE": "0", "hub_crawl_status": 0}]