[{"RN": 61, "QY_ID": "002105291240522099", "QY_ORG_CODE": "91110000717829414L", "QY_NAME": "中国黄金集团建设有限公司", "QY_FR_NAME": "徐福山", "QY_REGION": "110100", "QY_REGION_NAME": "北京市-市辖区", "OLD_CODE": "717829414", "COLLECT_TIME": 1622263233000, "QY_SRC_TYPE": "0", "hub_crawl_status": 0}, {"RN": 62, "QY_ID": "002105291240522235", "QY_ORG_CODE": "91110000MA0048U369", "QY_NAME": "北京市住宅产业化集团股份有限公司", "QY_FR_NAME": "王春雷", "QY_REGION": "110100", "QY_REGION_NAME": "北京市-市辖区", "OLD_CODE": "MA0048U36", "COLLECT_TIME": 1622263234000, "QY_SRC_TYPE": "0", "hub_crawl_status": 0}, {"RN": 63, "QY_ID": "002105291240523530", "QY_ORG_CODE": "91110115MA008M465G", "QY_NAME": "华商国际工程有限公司", "QY_FR_NAME": "李晓虎", "QY_REGION": "110000", "QY_REGION_NAME": "北京市", "OLD_CODE": "MA008M465", "COLLECT_TIME": 1622263234000, "QY_SRC_TYPE": "0", "hub_crawl_status": 0}, {"RN": 64, "QY_ID": "002105291240524449", "QY_ORG_CODE": "911101081016246649", "QY_NAME": "中机中电设计研究院有限公司", "QY_FR_NAME": "蔡勖", "QY_REGION": "110000", "QY_REGION_NAME": "北京市", "OLD_CODE": "101624664", "COLLECT_TIME": 1622263235000, "QY_SRC_TYPE": "0", "hub_crawl_status": 0}, {"RN": 65, "QY_ID": "002105291240527987", "QY_ORG_CODE": "911101051011942112", "QY_NAME": "北京蓝图工程设计有限公司", "QY_FR_NAME": "程鸿鸣", "QY_REGION": "110000", "QY_REGION_NAME": "北京市", "OLD_CODE": "101194211", "COLLECT_TIME": 1622263237000, "QY_SRC_TYPE": "0", "hub_crawl_status": 0}, {"RN": 66, "QY_ID": "002105291240528304", "QY_ORG_CODE": "91110108101905626T", "QY_NAME": "北京城建建设工程有限公司", "QY_FR_NAME": "苗林庆", "QY_REGION": "110100", "QY_REGION_NAME": "北京市-市辖区", "OLD_CODE": "101905626", "COLLECT_TIME": 1622263237000, "QY_SRC_TYPE": "0", "hub_crawl_status": 0}, {"RN": 67, "QY_ID": "002105291240529645", "QY_ORG_CODE": "9111000010228709XY", "QY_NAME": "中铁建设集团有限公司", "QY_FR_NAME": "梅洪亮", "QY_REGION": "110000", "QY_REGION_NAME": "北京市", "OLD_CODE": "10228709X", "COLLECT_TIME": 1622263238000, "QY_SRC_TYPE": "0", "hub_crawl_status": 0}, {"RN": 68, "QY_ID": "002105291240531003", "QY_ORG_CODE": "911101086336174810", "QY_NAME": "北京交科公路勘察设计研究院有限公司", "QY_FR_NAME": "曹鹏", "QY_REGION": "110000", "QY_REGION_NAME": "北京市", "OLD_CODE": "633617481", "COLLECT_TIME": 1622263239000, "QY_SRC_TYPE": "0", "hub_crawl_status": 0}, {"RN": 69, "QY_ID": "002105291240543839", "QY_ORG_CODE": "91110000H52625911G", "QY_NAME": "中国建筑标准设计研究院有限公司", "QY_FR_NAME": "李存东", "QY_REGION": "110000", "QY_REGION_NAME": "北京市", "OLD_CODE": "H52625911", "COLLECT_TIME": 1622263247000, "QY_SRC_TYPE": "0", "hub_crawl_status": 0}, {"RN": 70, "QY_ID": "002105291240546768", "QY_ORG_CODE": "91110000400835103T", "QY_NAME": "北京中冶设备研究设计总院有限公司", "QY_FR_NAME": "费利东", "QY_REGION": "110000", "QY_REGION_NAME": "北京市", "OLD_CODE": "400835103", "COLLECT_TIME": 1622263249000, "QY_SRC_TYPE": "0", "hub_crawl_status": 0}, {"RN": 71, "QY_ID": "002105291240547146", "QY_ORG_CODE": "911101087546639278", "QY_NAME": "绿盟（北京）国际工程设计有限公司", "QY_FR_NAME": "武秀军", "QY_REGION": "110000", "QY_REGION_NAME": "北京市", "OLD_CODE": "754663927", "COLLECT_TIME": 1622263249000, "QY_SRC_TYPE": "0", "hub_crawl_status": 0}, {"RN": 72, "QY_ID": "002105291240547397", "QY_ORG_CODE": "91110111102759157K", "QY_NAME": "北京集美勘察设计有限公司", "QY_FR_NAME": "杜丽娟", "QY_REGION": "110000", "QY_REGION_NAME": "北京市", "OLD_CODE": "102759157", "COLLECT_TIME": 1622263250000, "QY_SRC_TYPE": "0", "hub_crawl_status": 0}, {"RN": 73, "QY_ID": "002105291240552455", "QY_ORG_CODE": "91110000102028784U", "QY_NAME": "北京城建六建设集团有限公司", "QY_FR_NAME": "王俊杰", "QY_REGION": "110200", "QY_REGION_NAME": "北京市", "OLD_CODE": "102028784", "COLLECT_TIME": 1622263253000, "QY_SRC_TYPE": "0", "hub_crawl_status": 0}, {"RN": 74, "QY_ID": "002105291240555784", "QY_ORG_CODE": "91110108752620827H", "QY_NAME": "北京五豪世纪建筑设计有限公司", "QY_FR_NAME": "商崇武", "QY_REGION": "110000", "QY_REGION_NAME": "北京市", "OLD_CODE": "752620827", "COLLECT_TIME": 1622263255000, "QY_SRC_TYPE": "0", "hub_crawl_status": 0}, {"RN": 75, "QY_ID": "002105291240557641", "QY_ORG_CODE": "91110105101337016J", "QY_NAME": "北京凯顺腾建筑设计有限公司", "QY_FR_NAME": "王凤成", "QY_REGION": "110100", "QY_REGION_NAME": "北京市-市辖区", "OLD_CODE": "101337016", "COLLECT_TIME": 1622263256000, "QY_SRC_TYPE": "0", "hub_crawl_status": 0}]