[{"RN": 151, "QY_ID": "002105291248700408", "QY_ORG_CODE": "91110116753318507H", "QY_NAME": "北京新松建筑设计研究院有限公司", "QY_FR_NAME": "牛晓荣", "QY_REGION": "110000", "QY_REGION_NAME": "北京市", "OLD_CODE": "753318507", "COLLECT_TIME": 1622263739000, "QY_SRC_TYPE": "0", "hub_crawl_status": 0}, {"RN": 152, "QY_ID": "002105291248700416", "QY_ORG_CODE": "91110109102340655T", "QY_NAME": "北京京业国际工程技术有限公司", "QY_FR_NAME": "张军", "QY_REGION": "110000", "QY_REGION_NAME": "北京市", "OLD_CODE": "102340655", "COLLECT_TIME": 1622263739000, "QY_SRC_TYPE": "0", "hub_crawl_status": 0}, {"RN": 153, "QY_ID": "002105291249703164", "QY_ORG_CODE": "91110114MA017LLH6Y", "QY_NAME": "神华工程技术有限公司", "QY_FR_NAME": "彭晓春", "QY_REGION": "110000", "QY_REGION_NAME": "北京市", "OLD_CODE": "MA017LLH6", "COLLECT_TIME": 1622263743000, "QY_SRC_TYPE": "0", "hub_crawl_status": 0}, {"RN": 154, "QY_ID": "002105291249707748", "QY_ORG_CODE": "91110108551426817R", "QY_NAME": "中设筑邦（北京）建筑设计研究院有限公司", "QY_FR_NAME": "曾筠", "QY_REGION": "110100", "QY_REGION_NAME": "北京市-市辖区", "OLD_CODE": "551426817", "COLLECT_TIME": 1622263750000, "QY_SRC_TYPE": "0", "hub_crawl_status": 0}, {"RN": 155, "QY_ID": "002105291249708847", "QY_ORG_CODE": "9111011510201194X3", "QY_NAME": "北京新纪元建筑工程设计有限公司", "QY_FR_NAME": "曾繁柏", "QY_REGION": "110000", "QY_REGION_NAME": "北京市", "OLD_CODE": "10201194X", "COLLECT_TIME": 1622263752000, "QY_SRC_TYPE": "0", "hub_crawl_status": 0}, {"RN": 156, "QY_ID": "002105291254716282", "QY_ORG_CODE": "91110102600466031Y", "QY_NAME": "北京本土建筑设计有限公司", "QY_FR_NAME": "田永义", "QY_REGION": "110000", "QY_REGION_NAME": "北京市", "OLD_CODE": "600466031", "COLLECT_TIME": 1622264045000, "QY_SRC_TYPE": "0", "hub_crawl_status": 0}, {"RN": 157, "QY_ID": "002105291254718848", "QY_ORG_CODE": "911101087400996321", "QY_NAME": "北京中外建建筑设计有限公司", "QY_FR_NAME": "刘方", "QY_REGION": "110000", "QY_REGION_NAME": "北京市", "OLD_CODE": "740099632", "COLLECT_TIME": 1622264047000, "QY_SRC_TYPE": "0", "hub_crawl_status": 0}, {"RN": 158, "QY_ID": "002105291254718915", "QY_ORG_CODE": "911101061021266758", "QY_NAME": "北京中建建筑设计院有限公司", "QY_FR_NAME": "李光庆", "QY_REGION": "110000", "QY_REGION_NAME": "北京市", "OLD_CODE": "102126675", "COLLECT_TIME": 1622264047000, "QY_SRC_TYPE": "0", "hub_crawl_status": 0}, {"RN": 159, "QY_ID": "002105291254720579", "QY_ORG_CODE": "91110108786875529M", "QY_NAME": "北京世纪千府国际工程设计有限公司", "QY_FR_NAME": "张楠", "QY_REGION": "110100", "QY_REGION_NAME": "北京市-市辖区", "OLD_CODE": "786875529", "COLLECT_TIME": 1622264049000, "QY_SRC_TYPE": "0", "hub_crawl_status": 0}, {"RN": 160, "QY_ID": "002105291254720994", "QY_ORG_CODE": "91110108765521561B", "QY_NAME": "北京柯德普建筑设计顾问有限公司", "QY_FR_NAME": "杨凤臣", "QY_REGION": "110000", "QY_REGION_NAME": "北京市", "OLD_CODE": "765521561", "COLLECT_TIME": 1622264049000, "QY_SRC_TYPE": "0", "hub_crawl_status": 0}, {"RN": 161, "QY_ID": "002105291254721105", "QY_ORG_CODE": "91110106MA01LJ4936", "QY_NAME": "北京中京惠工程设计有限公司", "QY_FR_NAME": "李涛", "QY_REGION": "110000", "QY_REGION_NAME": "北京市", "OLD_CODE": "MA01LJ493", "COLLECT_TIME": 1622264049000, "QY_SRC_TYPE": "0", "hub_crawl_status": 0}, {"RN": 162, "QY_ID": "002105291254722628", "QY_ORG_CODE": "911101061021926803", "QY_NAME": "北京中景昊天工程设计有限公司", "QY_FR_NAME": "孙荣荣", "QY_REGION": "110000", "QY_REGION_NAME": "北京市", "OLD_CODE": "102192680", "COLLECT_TIME": 1622264051000, "QY_SRC_TYPE": "0", "hub_crawl_status": 0}, {"RN": 163, "QY_ID": "002105291254726918", "QY_ORG_CODE": "91110109MA01LL130F", "QY_NAME": "北京盛盈工程设计有限公司", "QY_FR_NAME": "张建军", "QY_REGION": "110000", "QY_REGION_NAME": "北京市", "OLD_CODE": "MA01LL130", "COLLECT_TIME": 1622264057000, "QY_SRC_TYPE": "0", "hub_crawl_status": 0}, {"RN": 164, "QY_ID": "002105291254730504", "QY_ORG_CODE": "911101086000119855", "QY_NAME": "北京翰时建筑设计有限公司", "QY_FR_NAME": "余立", "QY_REGION": "110000", "QY_REGION_NAME": "北京市", "OLD_CODE": "600011985", "COLLECT_TIME": 1622264061000, "QY_SRC_TYPE": "0", "hub_crawl_status": 0}, {"RN": 165, "QY_ID": "002105291254732321", "QY_ORG_CODE": "91110108600019258D", "QY_NAME": "北京世纪中天国际建筑设计有限公司", "QY_FR_NAME": "吴军", "QY_REGION": "110000", "QY_REGION_NAME": "北京市", "OLD_CODE": "600019258", "COLLECT_TIME": 1622264063000, "QY_SRC_TYPE": "0", "hub_crawl_status": 0}]