[{"RN": 16, "QY_ID": "002105291239452513", "QY_ORG_CODE": "91110108102085922C", "QY_NAME": "北京众拓建筑工程设计有限责任公司", "QY_FR_NAME": "姜勇", "QY_REGION": "110000", "QY_REGION_NAME": "北京市", "OLD_CODE": "102085922", "COLLECT_TIME": 1622263196000, "QY_SRC_TYPE": "0", "hub_crawl_status": 0}, {"RN": 17, "QY_ID": "002105291239452558", "QY_ORG_CODE": "91110000710932486E", "QY_NAME": "中国移动通信集团设计院有限公司", "QY_FR_NAME": "孙卫东", "QY_REGION": "110000", "QY_REGION_NAME": "北京市", "OLD_CODE": "710932486", "COLLECT_TIME": 1622263196000, "QY_SRC_TYPE": "0", "hub_crawl_status": 0}, {"RN": 18, "QY_ID": "002105291239452575", "QY_ORG_CODE": "911101081011223650", "QY_NAME": "中土凯明工程咨询有限公司", "QY_FR_NAME": "高嵩", "QY_REGION": "110000", "QY_REGION_NAME": "北京市", "OLD_CODE": "101122365", "COLLECT_TIME": 1622263196000, "QY_SRC_TYPE": "0", "hub_crawl_status": 0}, {"RN": 19, "QY_ID": "002105291239453005", "QY_ORG_CODE": "91110000170054458G", "QY_NAME": "中讯邮电咨询设计院有限公司", "QY_FR_NAME": "张涌", "QY_REGION": "110000", "QY_REGION_NAME": "北京市", "OLD_CODE": "170054458", "COLLECT_TIME": 1622263197000, "QY_SRC_TYPE": "0", "hub_crawl_status": 0}, {"RN": 20, "QY_ID": "002105291239453011", "QY_ORG_CODE": "91110000400009055H", "QY_NAME": "中国城市建设研究院有限公司", "QY_FR_NAME": "王敬民", "QY_REGION": "110100", "QY_REGION_NAME": "北京市-市辖区", "OLD_CODE": "400009055", "COLLECT_TIME": 1622263197000, "QY_SRC_TYPE": "0", "hub_crawl_status": 0}, {"RN": 21, "QY_ID": "002105291239453826", "QY_ORG_CODE": "91110105400615610P", "QY_NAME": "北京维拓时代建筑设计股份有限公司", "QY_FR_NAME": "孙祥恕", "QY_REGION": "110000", "QY_REGION_NAME": "北京市", "OLD_CODE": "400615610", "COLLECT_TIME": 1622263197000, "QY_SRC_TYPE": "0", "hub_crawl_status": 0}, {"RN": 22, "QY_ID": "002105291240459269", "QY_ORG_CODE": "91110107743339849G", "QY_NAME": "北京中环世纪工程设计有限责任公司", "QY_FR_NAME": "黄诚", "QY_REGION": "110000", "QY_REGION_NAME": "北京市", "OLD_CODE": "743339849", "COLLECT_TIME": 1622263200000, "QY_SRC_TYPE": "0", "hub_crawl_status": 0}, {"RN": 23, "QY_ID": "002105291240461461", "QY_ORG_CODE": "91110108748132281F", "QY_NAME": "北京远洋阳光建筑设计顾问有限公司", "QY_FR_NAME": "高为", "QY_REGION": "110100", "QY_REGION_NAME": "北京市-市辖区", "OLD_CODE": "748132281", "COLLECT_TIME": 1622263201000, "QY_SRC_TYPE": "0", "hub_crawl_status": 0}, {"RN": 24, "QY_ID": "002105291240463324", "QY_ORG_CODE": "91110102782512632B", "QY_NAME": "北京首都工程技术有限公司", "QY_FR_NAME": "孙帆", "QY_REGION": "110000", "QY_REGION_NAME": "北京市", "OLD_CODE": "782512632", "COLLECT_TIME": 1622263202000, "QY_SRC_TYPE": "0", "hub_crawl_status": 0}, {"RN": 25, "QY_ID": "002105291240464434", "QY_ORG_CODE": "911100001011328547", "QY_NAME": "北京建工集团有限责任公司", "QY_FR_NAME": "樊军", "QY_REGION": "110000", "QY_REGION_NAME": "北京市", "OLD_CODE": "101132854", "COLLECT_TIME": 1622263203000, "QY_SRC_TYPE": "0", "hub_crawl_status": 0}, {"RN": 26, "QY_ID": "002105291240464611", "QY_ORG_CODE": "91110000102738495Q", "QY_NAME": "北京韩建集团有限公司", "QY_FR_NAME": "田广良", "QY_REGION": "110000", "QY_REGION_NAME": "北京市", "OLD_CODE": "102738495", "COLLECT_TIME": 1622263203000, "QY_SRC_TYPE": "0", "hub_crawl_status": 0}, {"RN": 27, "QY_ID": "002105291240465738", "QY_ORG_CODE": "911101066717771369", "QY_NAME": "杰恩国际设计（北京）股份有限公司", "QY_FR_NAME": "何鹏", "QY_REGION": "110000", "QY_REGION_NAME": "北京市", "OLD_CODE": "671777136", "COLLECT_TIME": 1622263203000, "QY_SRC_TYPE": "0", "hub_crawl_status": 0}, {"RN": 28, "QY_ID": "002105291240469551", "QY_ORG_CODE": "9111000063370987XW", "QY_NAME": "中建二局第三建筑工程有限公司", "QY_FR_NAME": "张万宾", "QY_REGION": "110000", "QY_REGION_NAME": "北京市", "OLD_CODE": "63370987X", "COLLECT_TIME": 1622263205000, "QY_SRC_TYPE": "0", "hub_crawl_status": 0}, {"RN": 29, "QY_ID": "002105291240474056", "QY_ORG_CODE": "91110000101715726A", "QY_NAME": "中建一局集团建设发展有限公司", "QY_FR_NAME": "廖钢林", "QY_REGION": "110000", "QY_REGION_NAME": "北京市", "OLD_CODE": "101715726", "COLLECT_TIME": 1622263208000, "QY_SRC_TYPE": "0", "hub_crawl_status": 0}, {"RN": 30, "QY_ID": "002105291240480486", "QY_ORG_CODE": "91110105777652403R", "QY_NAME": "蓝星工程有限公司", "QY_FR_NAME": "王立杰", "QY_REGION": "110000", "QY_REGION_NAME": "北京市", "OLD_CODE": "777652403", "COLLECT_TIME": 1622263211000, "QY_SRC_TYPE": "0", "hub_crawl_status": 0}]