[{"RN": 121, "QY_ID": "002105291242644790", "QY_ORG_CODE": "911103027795018608", "QY_NAME": "北京清润国际建筑设计研究有限公司", "QY_FR_NAME": "王立虎", "QY_REGION": "110000", "QY_REGION_NAME": "北京市", "OLD_CODE": "779501860", "COLLECT_TIME": 1622263346000, "QY_SRC_TYPE": "0", "hub_crawl_status": 0}, {"RN": 122, "QY_ID": "002105291242644794", "QY_ORG_CODE": "911101021013960324", "QY_NAME": "北京中建恒基工程设计有限公司", "QY_FR_NAME": "蒲见恕", "QY_REGION": "110000", "QY_REGION_NAME": "北京市", "OLD_CODE": "101396032", "COLLECT_TIME": 1622263346000, "QY_SRC_TYPE": "0", "hub_crawl_status": 0}, {"RN": 123, "QY_ID": "002105291247645925", "QY_ORG_CODE": "91110102625911891P", "QY_NAME": "九源建筑设计有限公司", "QY_FR_NAME": "程侃", "QY_REGION": "110100", "QY_REGION_NAME": "北京市-市辖区", "OLD_CODE": "625911891", "COLLECT_TIME": 1622263679000, "QY_SRC_TYPE": "0", "hub_crawl_status": 0}, {"RN": 124, "QY_ID": "002105291248648234", "QY_ORG_CODE": "91110105600007759B", "QY_NAME": "北京都市霍普建筑设计有限公司", "QY_FR_NAME": "周澄峰", "QY_REGION": "110000", "QY_REGION_NAME": "北京市", "OLD_CODE": "600007759", "COLLECT_TIME": 1622263682000, "QY_SRC_TYPE": "0", "hub_crawl_status": 0}, {"RN": 125, "QY_ID": "002105291248648970", "QY_ORG_CODE": "9111000073555651X9", "QY_NAME": "北京城建北方集团有限公司", "QY_FR_NAME": "王宏峰", "QY_REGION": "110100", "QY_REGION_NAME": "北京市-市辖区", "OLD_CODE": "73555651X", "COLLECT_TIME": 1622263683000, "QY_SRC_TYPE": "0", "hub_crawl_status": 0}, {"RN": 126, "QY_ID": "002105291248649730", "QY_ORG_CODE": "91110000802318774A", "QY_NAME": "北京京能建设集团有限公司", "QY_FR_NAME": "张学东", "QY_REGION": "110100", "QY_REGION_NAME": "北京市-市辖区", "OLD_CODE": "802318774", "COLLECT_TIME": 1622263683000, "QY_SRC_TYPE": "0", "hub_crawl_status": 0}, {"RN": 127, "QY_ID": "002105291248654185", "QY_ORG_CODE": "91110108752167858C", "QY_NAME": "环球空间工程设计中心有限公司", "QY_FR_NAME": "苗学军", "QY_REGION": "110000", "QY_REGION_NAME": "北京市", "OLD_CODE": "752167858", "COLLECT_TIME": 1622263687000, "QY_SRC_TYPE": "0", "hub_crawl_status": 0}, {"RN": 128, "QY_ID": "002105291248654275", "QY_ORG_CODE": "91110108783964753J", "QY_NAME": "北京清尚建筑设计研究院有限公司", "QY_FR_NAME": "吴晞", "QY_REGION": "110000", "QY_REGION_NAME": "北京市", "OLD_CODE": "783964753", "COLLECT_TIME": 1622263687000, "QY_SRC_TYPE": "0", "hub_crawl_status": 0}, {"RN": 129, "QY_ID": "002105291248654284", "QY_ORG_CODE": "91110000722604658T", "QY_NAME": "泛华建设集团有限公司", "QY_FR_NAME": "杨文", "QY_REGION": "110000", "QY_REGION_NAME": "北京市", "OLD_CODE": "722604658", "COLLECT_TIME": 1622263687000, "QY_SRC_TYPE": "0", "hub_crawl_status": 0}, {"RN": 130, "QY_ID": "002105291248654923", "QY_ORG_CODE": "91110000100001916P", "QY_NAME": "中国公路工程咨询集团有限公司", "QY_FR_NAME": "崔玉萍", "QY_REGION": "110100", "QY_REGION_NAME": "北京市-市辖区", "OLD_CODE": "100001916", "COLLECT_TIME": 1622263688000, "QY_SRC_TYPE": "0", "hub_crawl_status": 0}, {"RN": 131, "QY_ID": "002105291248655734", "QY_ORG_CODE": "91110115802898625A", "QY_NAME": "北京中健和华建筑设计有限公司", "QY_FR_NAME": "王力寰", "QY_REGION": "110100", "QY_REGION_NAME": "北京市-市辖区", "OLD_CODE": "802898625", "COLLECT_TIME": 1622263688000, "QY_SRC_TYPE": "0", "hub_crawl_status": 0}, {"RN": 132, "QY_ID": "002105291248656866", "QY_ORG_CODE": "91110115102840094C", "QY_NAME": "北京津西赛博思建筑设计有限公司", "QY_FR_NAME": "王云鹏", "QY_REGION": "110000", "QY_REGION_NAME": "北京市", "OLD_CODE": "102840094", "COLLECT_TIME": 1622263689000, "QY_SRC_TYPE": "0", "hub_crawl_status": 0}, {"RN": 133, "QY_ID": "002105291248659913", "QY_ORG_CODE": "91110108MA005YMN57", "QY_NAME": "中铁房地产集团设计咨询有限公司", "QY_FR_NAME": "姚健", "QY_REGION": "110100", "QY_REGION_NAME": "北京市-市辖区", "OLD_CODE": "MA005YMN5", "COLLECT_TIME": 1622263692000, "QY_SRC_TYPE": "0", "hub_crawl_status": 0}, {"RN": 134, "QY_ID": "002105291248667415", "QY_ORG_CODE": "911101057825421964", "QY_NAME": "北京卓建国际建筑设计有限公司", "QY_FR_NAME": "易生武", "QY_REGION": "110000", "QY_REGION_NAME": "北京市", "OLD_CODE": "782542196", "COLLECT_TIME": 1622263699000, "QY_SRC_TYPE": "0", "hub_crawl_status": 0}, {"RN": 135, "QY_ID": "002105291248668364", "QY_ORG_CODE": "91110108763537957A", "QY_NAME": "北京中核四达工程设计咨询有限公司", "QY_FR_NAME": "商武", "QY_REGION": "110000", "QY_REGION_NAME": "北京市", "OLD_CODE": "763537957", "COLLECT_TIME": 1622263700000, "QY_SRC_TYPE": "0", "hub_crawl_status": 0}]