[{"RN": 166, "QY_ID": "002105291254736404", "QY_ORG_CODE": "91110106101389668K", "QY_NAME": "北京科技建筑设计院有限责任公司", "QY_FR_NAME": "何宏宇", "QY_REGION": "110000", "QY_REGION_NAME": "北京市", "OLD_CODE": "101389668", "COLLECT_TIME": 1622264067000, "QY_SRC_TYPE": "0", "hub_crawl_status": 0}, {"RN": 167, "QY_ID": "002105291254736405", "QY_ORG_CODE": "9111022971772687X2", "QY_NAME": "北京中和建城建筑工程设计有限公司", "QY_FR_NAME": "卢理杰", "QY_REGION": "110100", "QY_REGION_NAME": "北京市-市辖区", "OLD_CODE": "71772687X", "COLLECT_TIME": 1622264067000, "QY_SRC_TYPE": "0", "hub_crawl_status": 0}, {"RN": 168, "QY_ID": "002105291254736422", "QY_ORG_CODE": "9111010660100391X8", "QY_NAME": "亚瑞建筑设计有限公司", "QY_FR_NAME": "潘蒙江", "QY_REGION": "110000", "QY_REGION_NAME": "北京市", "OLD_CODE": "60100391X", "COLLECT_TIME": 1622264067000, "QY_SRC_TYPE": "0", "hub_crawl_status": 0}, {"RN": 169, "QY_ID": "002105291254736646", "QY_ORG_CODE": "91110106748138229G", "QY_NAME": "北京中天正通工程设计有限公司", "QY_FR_NAME": "余友君", "QY_REGION": "110000", "QY_REGION_NAME": "北京市", "OLD_CODE": "748138229", "COLLECT_TIME": 1622264067000, "QY_SRC_TYPE": "0", "hub_crawl_status": 0}, {"RN": 170, "QY_ID": "002105291254736823", "QY_ORG_CODE": "911101086336453435", "QY_NAME": "北京东方筑中建设规划设计有限公司", "QY_FR_NAME": "林美凤", "QY_REGION": "110000", "QY_REGION_NAME": "北京市", "OLD_CODE": "633645343", "COLLECT_TIME": 1622264067000, "QY_SRC_TYPE": "0", "hub_crawl_status": 0}, {"RN": 171, "QY_ID": "002105291254737521", "QY_ORG_CODE": "91110108101883033D", "QY_NAME": "北京希埃希建筑设计院", "QY_FR_NAME": "王天怡", "QY_REGION": "110000", "QY_REGION_NAME": "北京市", "OLD_CODE": "101883033", "COLLECT_TIME": 1622264068000, "QY_SRC_TYPE": "0", "hub_crawl_status": 0}, {"RN": 172, "QY_ID": "002105291254738236", "QY_ORG_CODE": "911101026004696467", "QY_NAME": "北京保利达工程设计有限责任公司", "QY_FR_NAME": "郝群英", "QY_REGION": "110000", "QY_REGION_NAME": "北京市", "OLD_CODE": "600469646", "COLLECT_TIME": 1622264068000, "QY_SRC_TYPE": "0", "hub_crawl_status": 0}, {"RN": 173, "QY_ID": "002105291254738711", "QY_ORG_CODE": "91110101722616587Y", "QY_NAME": "北京天鸿圆方建筑设计有限责任公司", "QY_FR_NAME": "李思", "QY_REGION": "110000", "QY_REGION_NAME": "北京市", "OLD_CODE": "722616587", "COLLECT_TIME": 1622264069000, "QY_SRC_TYPE": "0", "hub_crawl_status": 0}, {"RN": 174, "QY_ID": "002105291254739947", "QY_ORG_CODE": "91110107101631821T", "QY_NAME": "华诚博远工程技术集团有限公司", "QY_FR_NAME": "周伟", "QY_REGION": "110000", "QY_REGION_NAME": "北京市", "OLD_CODE": "101631821", "COLLECT_TIME": 1622264070000, "QY_SRC_TYPE": "0", "hub_crawl_status": 0}, {"RN": 175, "QY_ID": "002105291254739986", "QY_ORG_CODE": "911101057415527343", "QY_NAME": "北京弘石嘉业建筑设计有限公司", "QY_FR_NAME": "张维", "QY_REGION": "110000", "QY_REGION_NAME": "北京市", "OLD_CODE": "741552734", "COLLECT_TIME": 1622264071000, "QY_SRC_TYPE": "0", "hub_crawl_status": 0}, {"RN": 176, "QY_ID": "002105291254739987", "QY_ORG_CODE": "911101087614253964", "QY_NAME": "北京鑫海厦建筑设计有限公司", "QY_FR_NAME": "陈峰", "QY_REGION": "110000", "QY_REGION_NAME": "北京市", "OLD_CODE": "761425396", "COLLECT_TIME": 1622264071000, "QY_SRC_TYPE": "0", "hub_crawl_status": 0}, {"RN": 177, "QY_ID": "002105291254740324", "QY_ORG_CODE": "911101021012035284", "QY_NAME": "北京中天建中工程设计有限责任公司", "QY_FR_NAME": "刘新国", "QY_REGION": "110000", "QY_REGION_NAME": "北京市", "OLD_CODE": "101203528", "COLLECT_TIME": 1622264071000, "QY_SRC_TYPE": "0", "hub_crawl_status": 0}, {"RN": 178, "QY_ID": "002105291254740325", "QY_ORG_CODE": "91110108101926451R", "QY_NAME": "北京华咨工程设计公司", "QY_FR_NAME": "张秋艳", "QY_REGION": "110000", "QY_REGION_NAME": "北京市", "OLD_CODE": "101926451", "COLLECT_TIME": 1622264071000, "QY_SRC_TYPE": "0", "hub_crawl_status": 0}, {"RN": 179, "QY_ID": "002105291254740326", "QY_ORG_CODE": "911101081020872236", "QY_NAME": "北京立人建筑设计有限公司", "QY_FR_NAME": "任一航", "QY_REGION": "110000", "QY_REGION_NAME": "北京市", "OLD_CODE": "102087223", "COLLECT_TIME": 1622264071000, "QY_SRC_TYPE": "0", "hub_crawl_status": 0}, {"RN": 180, "QY_ID": "002105291254740646", "QY_ORG_CODE": "91110109102343290E", "QY_NAME": "北京中元工程设计顾问有限公司", "QY_FR_NAME": "陈伟", "QY_REGION": "110000", "QY_REGION_NAME": "北京市", "OLD_CODE": "102343290", "COLLECT_TIME": 1622264071000, "QY_SRC_TYPE": "0", "hub_crawl_status": 0}]