[{"RN": 196, "QY_ID": "002105291254746067", "QY_ORG_CODE": "9111010774470369X6", "QY_NAME": "北京首都工程建筑设计有限公司", "QY_FR_NAME": "李迎旭", "QY_REGION": "110000", "QY_REGION_NAME": "北京市", "OLD_CODE": "74470369X", "COLLECT_TIME": 1622264077000, "QY_SRC_TYPE": "0", "hub_crawl_status": 0}, {"RN": 197, "QY_ID": "002105291254746845", "QY_ORG_CODE": "911101081000240691", "QY_NAME": "建学建筑与工程设计所有限公司", "QY_FR_NAME": "高海军", "QY_REGION": "110000", "QY_REGION_NAME": "北京市", "OLD_CODE": "100024069", "COLLECT_TIME": 1622264078000, "QY_SRC_TYPE": "0", "hub_crawl_status": 0}, {"RN": 198, "QY_ID": "002105291254750329", "QY_ORG_CODE": "91110108101230091H", "QY_NAME": "北京正华建筑设计有限公司", "QY_FR_NAME": "陈建", "QY_REGION": "110000", "QY_REGION_NAME": "北京市", "OLD_CODE": "101230091", "COLLECT_TIME": 1622264081000, "QY_SRC_TYPE": "0", "hub_crawl_status": 0}, {"RN": 199, "QY_ID": "002105291254752152", "QY_ORG_CODE": "91110102755291598R", "QY_NAME": "北京新华创空间建筑工程设计研究院有限公司", "QY_FR_NAME": "朱海洋", "QY_REGION": "110000", "QY_REGION_NAME": "北京市", "OLD_CODE": "755291598", "COLLECT_TIME": 1622264083000, "QY_SRC_TYPE": "0", "hub_crawl_status": 0}, {"RN": 200, "QY_ID": "002105291254752200", "QY_ORG_CODE": "91110000100015007B", "QY_NAME": "方略建筑设计有限责任公司", "QY_FR_NAME": "张诣", "QY_REGION": "110000", "QY_REGION_NAME": "北京市", "OLD_CODE": "100015007", "COLLECT_TIME": 1622264083000, "QY_SRC_TYPE": "0", "hub_crawl_status": 0}, {"RN": 201, "QY_ID": "002105291254752274", "QY_ORG_CODE": "911101021000148993", "QY_NAME": "国贸工程设计院", "QY_FR_NAME": "邱平", "QY_REGION": "110000", "QY_REGION_NAME": "北京市", "OLD_CODE": "100014899", "COLLECT_TIME": 1622264083000, "QY_SRC_TYPE": "0", "hub_crawl_status": 0}, {"RN": 202, "QY_ID": "002105291254752275", "QY_ORG_CODE": "91110102600031580P", "QY_NAME": "中城都林工程设计咨询有限公司", "QY_FR_NAME": "严奉天", "QY_REGION": "110100", "QY_REGION_NAME": "北京市-市辖区", "OLD_CODE": "600031580", "COLLECT_TIME": 1622264083000, "QY_SRC_TYPE": "0", "hub_crawl_status": 0}, {"RN": 203, "QY_ID": "002105291254752858", "QY_ORG_CODE": "91110108774079197R", "QY_NAME": "北京通程泛华建筑工程顾问有限公司", "QY_FR_NAME": "万昊", "QY_REGION": "110000", "QY_REGION_NAME": "北京市", "OLD_CODE": "774079197", "COLLECT_TIME": 1622264084000, "QY_SRC_TYPE": "0", "hub_crawl_status": 0}, {"RN": 204, "QY_ID": "002105291254753437", "QY_ORG_CODE": "91110111MA00BKHW1K", "QY_NAME": "东方梦幻（北京）建筑设计有限公司", "QY_FR_NAME": "向慧敏", "QY_REGION": "110000", "QY_REGION_NAME": "北京市", "OLD_CODE": "MA00BKHW1", "COLLECT_TIME": 1622264085000, "QY_SRC_TYPE": "0", "hub_crawl_status": 0}, {"RN": 205, "QY_ID": "002105291254753439", "QY_ORG_CODE": "91110108802011887Q", "QY_NAME": "北京东方畅想建筑设计有限公司", "QY_FR_NAME": "张德林", "QY_REGION": "110000", "QY_REGION_NAME": "北京市", "OLD_CODE": "802011887", "COLLECT_TIME": 1622264085000, "QY_SRC_TYPE": "0", "hub_crawl_status": 0}, {"RN": 206, "QY_ID": "002105291254753604", "QY_ORG_CODE": "91110101101255678M", "QY_NAME": "北京燕华建筑设计有限公司", "QY_FR_NAME": "王骊淳", "QY_REGION": "110000", "QY_REGION_NAME": "北京市", "OLD_CODE": "101255678", "COLLECT_TIME": 1622264085000, "QY_SRC_TYPE": "0", "hub_crawl_status": 0}, {"RN": 207, "QY_ID": "002105291254754123", "QY_ORG_CODE": "91110102700203984J", "QY_NAME": "水发绿建（北京）城市科技发展有限公司", "QY_FR_NAME": "孙金礼", "QY_REGION": "110100", "QY_REGION_NAME": "北京市-市辖区", "OLD_CODE": "700203984", "COLLECT_TIME": 1622264085000, "QY_SRC_TYPE": "0", "hub_crawl_status": 0}, {"RN": 208, "QY_ID": "002105291254754645", "QY_ORG_CODE": "9111010510170121XW", "QY_NAME": "中国船舶重工集团国际工程有限公司", "QY_FR_NAME": "杨文武", "QY_REGION": "110000", "QY_REGION_NAME": "北京市", "OLD_CODE": "10170121X", "COLLECT_TIME": 1622264086000, "QY_SRC_TYPE": "0", "hub_crawl_status": 0}, {"RN": 209, "QY_ID": "002105291254756169", "QY_ORG_CODE": "91110113MA01K8T2XG", "QY_NAME": "民航机场规划设计研究总院有限公司", "QY_FR_NAME": "马力", "QY_REGION": "110000", "QY_REGION_NAME": "北京市", "OLD_CODE": "MA01K8T2X", "COLLECT_TIME": 1622264087000, "QY_SRC_TYPE": "0", "hub_crawl_status": 0}, {"RN": 210, "QY_ID": "002105291254756170", "QY_ORG_CODE": "91110108633733335N", "QY_NAME": "北京汉华建筑设计有限公司", "QY_FR_NAME": "李相韬", "QY_REGION": "110000", "QY_REGION_NAME": "北京市", "OLD_CODE": "633733335", "COLLECT_TIME": 1622264087000, "QY_SRC_TYPE": "0", "hub_crawl_status": 0}]