[{"RN": 106, "QY_ID": "002105291241613308", "QY_ORG_CODE": "91110000710921189P", "QY_NAME": "中铁建工集团有限公司", "QY_FR_NAME": "张建喜", "QY_REGION": "110100", "QY_REGION_NAME": "北京市-市辖区", "OLD_CODE": "710921189", "COLLECT_TIME": 1622263300000, "QY_SRC_TYPE": "0", "hub_crawl_status": 0}, {"RN": 107, "QY_ID": "002105291241617653", "QY_ORG_CODE": "911101086621643972", "QY_NAME": "北京中奥建工程设计有限公司", "QY_FR_NAME": "郭玉清", "QY_REGION": "110000", "QY_REGION_NAME": "北京市", "OLD_CODE": "662164397", "COLLECT_TIME": 1622263305000, "QY_SRC_TYPE": "0", "hub_crawl_status": 0}, {"RN": 108, "QY_ID": "002105291241618097", "QY_ORG_CODE": "911100001028598606", "QY_NAME": "中建一局集团第二建筑有限公司", "QY_FR_NAME": "何兵", "QY_REGION": "110100", "QY_REGION_NAME": "北京市-市辖区", "OLD_CODE": "102859860", "COLLECT_TIME": 1622263305000, "QY_SRC_TYPE": "0", "hub_crawl_status": 0}, {"RN": 109, "QY_ID": "002105291241620854", "QY_ORG_CODE": "91110102766269046W", "QY_NAME": "中京方正（北京）工程技术有限公司", "QY_FR_NAME": "陈建明", "QY_REGION": "110000", "QY_REGION_NAME": "北京市", "OLD_CODE": "766269046", "COLLECT_TIME": 1622263308000, "QY_SRC_TYPE": "0", "hub_crawl_status": 0}, {"RN": 110, "QY_ID": "002105291241621309", "QY_ORG_CODE": "911101087667684864", "QY_NAME": "北京汉通建筑规划设计有限公司", "QY_FR_NAME": "谭慧娇", "QY_REGION": "110000", "QY_REGION_NAME": "北京市", "OLD_CODE": "766768486", "COLLECT_TIME": 1622263308000, "QY_SRC_TYPE": "0", "hub_crawl_status": 0}, {"RN": 111, "QY_ID": "002105291241621677", "QY_ORG_CODE": "91110105710930851H", "QY_NAME": "中国中轻国际工程有限公司", "QY_FR_NAME": "柳炜", "QY_REGION": "110000", "QY_REGION_NAME": "北京市", "OLD_CODE": "710930851", "COLLECT_TIME": 1622263308000, "QY_SRC_TYPE": "0", "hub_crawl_status": 0}, {"RN": 112, "QY_ID": "002105291241622469", "QY_ORG_CODE": "91110000101132416J", "QY_NAME": "中国中建设计研究院有限公司", "QY_FR_NAME": "孙福春", "QY_REGION": "110100", "QY_REGION_NAME": "北京市-市辖区", "OLD_CODE": "101132416", "COLLECT_TIME": 1622263309000, "QY_SRC_TYPE": "0", "hub_crawl_status": 0}, {"RN": 113, "QY_ID": "002105291241626649", "QY_ORG_CODE": "911101011012832220", "QY_NAME": "北京房地中天建筑设计研究院有限责任公司", "QY_FR_NAME": "赵俊英", "QY_REGION": "110000", "QY_REGION_NAME": "北京市", "OLD_CODE": "101283222", "COLLECT_TIME": 1622263316000, "QY_SRC_TYPE": "0", "hub_crawl_status": 0}, {"RN": 114, "QY_ID": "002105291241627243", "QY_ORG_CODE": "911101086000371816", "QY_NAME": "北京清水爱派建筑设计股份有限公司", "QY_FR_NAME": "谢江", "QY_REGION": "110000", "QY_REGION_NAME": "北京市", "OLD_CODE": "600037181", "COLLECT_TIME": 1622263316000, "QY_SRC_TYPE": "0", "hub_crawl_status": 0}, {"RN": 115, "QY_ID": "002105291242631543", "QY_ORG_CODE": "91110114737678932R", "QY_NAME": "中航工程集成设备有限公司", "QY_FR_NAME": "王世光", "QY_REGION": "110000", "QY_REGION_NAME": "北京市", "OLD_CODE": "737678932", "COLLECT_TIME": 1622263322000, "QY_SRC_TYPE": "0", "hub_crawl_status": 0}, {"RN": 116, "QY_ID": "002105291242635453", "QY_ORG_CODE": "911101011012447766", "QY_NAME": "北京市住宅建筑设计研究院有限公司", "QY_FR_NAME": "李群", "QY_REGION": "110000", "QY_REGION_NAME": "北京市", "OLD_CODE": "101244776", "COLLECT_TIME": 1622263328000, "QY_SRC_TYPE": "0", "hub_crawl_status": 0}, {"RN": 117, "QY_ID": "002105291242637642", "QY_ORG_CODE": "91110116102599317W", "QY_NAME": "北京云翔建筑设计有限公司", "QY_FR_NAME": "柳少杰", "QY_REGION": "110100", "QY_REGION_NAME": "北京市-市辖区", "OLD_CODE": "102599317", "COLLECT_TIME": 1622263331000, "QY_SRC_TYPE": "0", "hub_crawl_status": 0}, {"RN": 118, "QY_ID": "002105291242640312", "QY_ORG_CODE": "91110102101427708Y", "QY_NAME": "中广国际建筑设计有限公司", "QY_FR_NAME": "高会宗", "QY_REGION": "110100", "QY_REGION_NAME": "北京市-市辖区", "OLD_CODE": "101427708", "COLLECT_TIME": 1622263337000, "QY_SRC_TYPE": "0", "hub_crawl_status": 0}, {"RN": 119, "QY_ID": "002105291242642650", "QY_ORG_CODE": "911100007109292609", "QY_NAME": "中煤科工集团北京华宇工程有限公司", "QY_FR_NAME": "任有福", "QY_REGION": "110000", "QY_REGION_NAME": "北京市", "OLD_CODE": "710929260", "COLLECT_TIME": 1622263343000, "QY_SRC_TYPE": "0", "hub_crawl_status": 0}, {"RN": 120, "QY_ID": "002105291242644705", "QY_ORG_CODE": "91110115597668846X", "QY_NAME": "北京宏图华构建筑设计有限公司", "QY_FR_NAME": "张荣", "QY_REGION": "110000", "QY_REGION_NAME": "北京市", "OLD_CODE": "597668846", "COLLECT_TIME": 1622263346000, "QY_SRC_TYPE": "0", "hub_crawl_status": 0}]