[{"RN": 46, "QY_ID": "002105291240506887", "QY_ORG_CODE": "91110102101158915Q", "QY_NAME": "中国城市发展规划设计咨询有限公司", "QY_FR_NAME": "张扬", "QY_REGION": "110000", "QY_REGION_NAME": "北京市", "OLD_CODE": "101158915", "COLLECT_TIME": 1622263225000, "QY_SRC_TYPE": "0", "hub_crawl_status": 0}, {"RN": 47, "QY_ID": "002105291240506949", "QY_ORG_CODE": "911101157177255272", "QY_NAME": "北京坦程建筑设计有限公司", "QY_FR_NAME": "沈帆", "QY_REGION": "110000", "QY_REGION_NAME": "北京市", "OLD_CODE": "717725527", "COLLECT_TIME": 1622263225000, "QY_SRC_TYPE": "0", "hub_crawl_status": 0}, {"RN": 48, "QY_ID": "002105291240507184", "QY_ORG_CODE": "911101086908412017", "QY_NAME": "北京中帝恒成建筑设计有限公司", "QY_FR_NAME": "赵亮", "QY_REGION": "110000", "QY_REGION_NAME": "北京市", "OLD_CODE": "690841201", "COLLECT_TIME": 1622263225000, "QY_SRC_TYPE": "0", "hub_crawl_status": 0}, {"RN": 49, "QY_ID": "002105291240508662", "QY_ORG_CODE": "91110102633690865M", "QY_NAME": "正东空间实业有限公司", "QY_FR_NAME": "陶伟", "QY_REGION": "110100", "QY_REGION_NAME": "北京市-市辖区", "OLD_CODE": "633690865", "COLLECT_TIME": 1622263226000, "QY_SRC_TYPE": "0", "hub_crawl_status": 0}, {"RN": 50, "QY_ID": "002105291240508776", "QY_ORG_CODE": "625909652", "QY_NAME": "中发工程设计有限公司", "QY_FR_NAME": "袁文博", "QY_REGION": "110100", "QY_REGION_NAME": "北京市-市辖区", "OLD_CODE": "625909652", "COLLECT_TIME": 1622263226000, "QY_SRC_TYPE": "0", "hub_crawl_status": 0}, {"RN": 51, "QY_ID": "002105291240509944", "QY_ORG_CODE": "91110115101779156K", "QY_NAME": "华通设计顾问工程有限公司", "QY_FR_NAME": "魏闽红", "QY_REGION": "110000", "QY_REGION_NAME": "北京市", "OLD_CODE": "101779156", "COLLECT_TIME": 1622263227000, "QY_SRC_TYPE": "0", "hub_crawl_status": 0}, {"RN": 52, "QY_ID": "002105291240513009", "QY_ORG_CODE": "91110000101638302P", "QY_NAME": "中建一局集团第五建筑有限公司", "QY_FR_NAME": "叶青", "QY_REGION": "110100", "QY_REGION_NAME": "北京市-市辖区", "OLD_CODE": "101638302", "COLLECT_TIME": 1622263228000, "QY_SRC_TYPE": "0", "hub_crawl_status": 0}, {"RN": 53, "QY_ID": "002105291240513322", "QY_ORG_CODE": "91110000101107173B", "QY_NAME": "中国建筑一局（集团）有限公司", "QY_FR_NAME": "吴爱国", "QY_REGION": "110100", "QY_REGION_NAME": "北京市-市辖区", "OLD_CODE": "101107173", "COLLECT_TIME": 1622263229000, "QY_SRC_TYPE": "0", "hub_crawl_status": 0}, {"RN": 54, "QY_ID": "002105291240513409", "QY_ORG_CODE": "91110000100024296D", "QY_NAME": "中国建筑第二工程局有限公司", "QY_FR_NAME": "石雨", "QY_REGION": "110000", "QY_REGION_NAME": "北京市", "OLD_CODE": "100024296", "COLLECT_TIME": 1622263229000, "QY_SRC_TYPE": "0", "hub_crawl_status": 0}, {"RN": 55, "QY_ID": "002105291240513868", "QY_ORG_CODE": "91110000102173949P", "QY_NAME": "北京全路通信信号研究设计院集团有限公司", "QY_FR_NAME": "张啸林", "QY_REGION": "110000", "QY_REGION_NAME": "北京市", "OLD_CODE": "102173949", "COLLECT_TIME": 1622263229000, "QY_SRC_TYPE": "0", "hub_crawl_status": 0}, {"RN": 56, "QY_ID": "002105291240514463", "QY_ORG_CODE": "91110101700240355B", "QY_NAME": "北京中体建筑工程设计有限公司", "QY_FR_NAME": "迟平", "QY_REGION": "110100", "QY_REGION_NAME": "北京市-市辖区", "OLD_CODE": "700240355", "COLLECT_TIME": 1622263229000, "QY_SRC_TYPE": "0", "hub_crawl_status": 0}, {"RN": 57, "QY_ID": "002105291240520333", "QY_ORG_CODE": "911101021015379312", "QY_NAME": "北京市城乡建筑设计院有限公司", "QY_FR_NAME": "韩力涛", "QY_REGION": "110100", "QY_REGION_NAME": "北京市-市辖区", "OLD_CODE": "101537931", "COLLECT_TIME": 1622263232000, "QY_SRC_TYPE": "0", "hub_crawl_status": 0}, {"RN": 58, "QY_ID": "002105291240521732", "QY_ORG_CODE": "911101081014003292", "QY_NAME": "北京五合国际工程设计顾问有限公司", "QY_FR_NAME": "严涛", "QY_REGION": "110000", "QY_REGION_NAME": "北京市", "OLD_CODE": "101400329", "COLLECT_TIME": 1622263233000, "QY_SRC_TYPE": "0", "hub_crawl_status": 0}, {"RN": 59, "QY_ID": "002105291240521754", "QY_ORG_CODE": "91110000100006856A", "QY_NAME": "中国建筑技术集团有限公司", "QY_FR_NAME": "冯禄", "QY_REGION": "110100", "QY_REGION_NAME": "北京市-市辖区", "OLD_CODE": "100006856", "COLLECT_TIME": 1622263233000, "QY_SRC_TYPE": "0", "hub_crawl_status": 0}, {"RN": 60, "QY_ID": "002105291240521776", "QY_ORG_CODE": "91110105700242094K", "QY_NAME": "北京华艺空间建筑设计有限公司", "QY_FR_NAME": "张亮", "QY_REGION": "110100", "QY_REGION_NAME": "北京市-市辖区", "OLD_CODE": "700242094", "COLLECT_TIME": 1622263233000, "QY_SRC_TYPE": "0", "hub_crawl_status": 0}]