[{"QY_FR_NAME": "侯燕华", "QY_REGION": "110000", "QY_NAME": "北京清大原点建筑设计有限公司", "QY_REGION_NAME": "北京市", "QY_ORG_CODE": "911101085731842222", "COLLECT_TIME": 1622263256000, "RN": 76, "QY_ID": "002105291240558080", "QY_SRC_TYPE": "0", "OLD_CODE": "573184222", "hub_crawl_status": 0}, {"QY_FR_NAME": "孙明军", "QY_REGION": "110000", "QY_NAME": "北京东方华脉建筑设计咨询有限责任公司", "QY_REGION_NAME": "北京市", "QY_ORG_CODE": "91110102700310499B", "COLLECT_TIME": 1622263257000, "RN": 77, "QY_ID": "002105291240558604", "QY_SRC_TYPE": "0", "OLD_CODE": "700310499", "hub_crawl_status": 0}, {"QY_FR_NAME": "袁昕", "QY_REGION": "110000", "QY_NAME": "北京清华同衡规划设计研究院有限公司", "QY_REGION_NAME": "北京市", "QY_ORG_CODE": "91110108721466070C", "COLLECT_TIME": 1622263258000, "RN": 78, "QY_ID": "002105291240560337", "QY_SRC_TYPE": "0", "OLD_CODE": "721466070", "hub_crawl_status": 0}, {"QY_FR_NAME": "赵艳", "QY_REGION": "110100", "QY_NAME": "北京国瑞兴业建筑工程设计有限公司", "QY_REGION_NAME": "北京市-市辖区", "QY_ORG_CODE": "91110108758742681F", "COLLECT_TIME": 1622263259000, "RN": 79, "QY_ID": "002105291240562518", "QY_SRC_TYPE": "0", "OLD_CODE": "758742681", "hub_crawl_status": 0}, {"QY_FR_NAME": "程志强", "QY_REGION": "110100", "QY_NAME": "中铁北京工程局集团有限公司", "QY_REGION_NAME": "北京市-市辖区", "QY_ORG_CODE": "91110000102054202B", "COLLECT_TIME": 1622263262000, "RN": 80, "QY_ID": "002105291241566879", "QY_SRC_TYPE": "0", "OLD_CODE": "102054202", "hub_crawl_status": 0}, {"QY_FR_NAME": "王玉莲", "QY_REGION": "110000", "QY_NAME": "北京德水建筑设计有限公司", "QY_REGION_NAME": "北京市", "QY_ORG_CODE": "911101146996441085", "COLLECT_TIME": 1622263262000, "RN": 81, "QY_ID": "002105291241567567", "QY_SRC_TYPE": "0", "OLD_CODE": "699644108", "hub_crawl_status": 0}, {"QY_FR_NAME": "魏钧武", "QY_REGION": "110000", "QY_NAME": "北京中筑天和建筑设计有限公司", "QY_REGION_NAME": "北京市", "QY_ORG_CODE": "91110102691665510W", "COLLECT_TIME": 1622263263000, "RN": 82, "QY_ID": "002105291241568586", "QY_SRC_TYPE": "0", "OLD_CODE": "691665510", "hub_crawl_status": 0}, {"QY_FR_NAME": "周伟", "QY_REGION": "110000", "QY_NAME": "华诚博远工程咨询有限公司", "QY_REGION_NAME": "北京市", "QY_ORG_CODE": "9111010273823126XN", "COLLECT_TIME": 1622263263000, "RN": 83, "QY_ID": "002105291241568881", "QY_SRC_TYPE": "0", "OLD_CODE": "73823126X", "hub_crawl_status": 0}, {"QY_FR_NAME": "刘宏伟", "QY_REGION": "110100", "QY_NAME": "北京东方众拓建筑设计有限公司", "QY_REGION_NAME": "北京市-市辖区", "QY_ORG_CODE": "9111010860610746XC", "COLLECT_TIME": 1622263266000, "RN": 84, "QY_ID": "002105291241572904", "QY_SRC_TYPE": "0", "OLD_CODE": "60610746X", "hub_crawl_status": 0}, {"QY_FR_NAME": "马汉东", "QY_REGION": "110000", "QY_NAME": "北京市建筑工程设计有限责任公司", "QY_REGION_NAME": "北京市", "QY_ORG_CODE": "91110000101386731Y", "COLLECT_TIME": 1622263269000, "RN": 85, "QY_ID": "002105291241575888", "QY_SRC_TYPE": "0", "OLD_CODE": "101386731", "hub_crawl_status": 0}, {"QY_FR_NAME": "付军", "QY_REGION": "110000", "QY_NAME": "北京市工业设计研究院有限公司", "QY_REGION_NAME": "北京市", "QY_ORG_CODE": "91110000717702712T", "COLLECT_TIME": 1622263269000, "RN": 86, "QY_ID": "002105291241575938", "QY_SRC_TYPE": "0", "OLD_CODE": "717702712", "hub_crawl_status": 0}, {"QY_FR_NAME": "向桢", "QY_REGION": "110000", "QY_NAME": "北京建工城市更新投资建设有限公司", "QY_REGION_NAME": "北京市", "QY_ORG_CODE": "91110102101384349M", "COLLECT_TIME": 1622263269000, "RN": 87, "QY_ID": "002105291241576010", "QY_SRC_TYPE": "0", "OLD_CODE": "101384349", "hub_crawl_status": 0}, {"QY_FR_NAME": "李沛", "QY_REGION": "110000", "QY_NAME": "北京中鸿建筑工程设计有限公司", "QY_REGION_NAME": "北京市", "QY_ORG_CODE": "911101087877765733", "COLLECT_TIME": 1622263272000, "RN": 88, "QY_ID": "002105291241580827", "QY_SRC_TYPE": "0", "OLD_CODE": "787776573", "hub_crawl_status": 0}, {"QY_FR_NAME": "边志杰", "QY_REGION": "110000", "QY_NAME": "北京建工建筑设计研究院", "QY_REGION_NAME": "北京市", "QY_ORG_CODE": "911101021011034390", "COLLECT_TIME": 1622263273000, "RN": 89, "QY_ID": "002105291241582555", "QY_SRC_TYPE": "0", "OLD_CODE": "101103439", "hub_crawl_status": 0}, {"QY_FR_NAME": "白海平", "QY_REGION": "110000", "QY_NAME": "中国航空国际建设投资有限公司", "QY_REGION_NAME": "北京市", "QY_ORG_CODE": "91110000100003313T", "COLLECT_TIME": 1622263274000, "RN": 90, "QY_ID": "002105291241583589", "QY_SRC_TYPE": "0", "OLD_CODE": "100003313", "hub_crawl_status": 0}]