[{"RN": 31, "QY_ID": "002105291240481210", "QY_ORG_CODE": "91110000101110751A", "QY_NAME": "北京住总集团有限责任公司", "QY_FR_NAME": "周泽光", "QY_REGION": "110000", "QY_REGION_NAME": "北京市", "OLD_CODE": "101110751", "COLLECT_TIME": 1622263211000, "QY_SRC_TYPE": "0", "hub_crawl_status": 0}, {"RN": 32, "QY_ID": "002105291240484936", "QY_ORG_CODE": "911101081019400691", "QY_NAME": "北京电信规划设计院有限公司", "QY_FR_NAME": "赵一言", "QY_REGION": "110000", "QY_REGION_NAME": "北京市", "OLD_CODE": "101940069", "COLLECT_TIME": 1622263213000, "QY_SRC_TYPE": "0", "hub_crawl_status": 0}, {"RN": 33, "QY_ID": "002105291240485512", "QY_ORG_CODE": "911101057975557902", "QY_NAME": "万达商业规划研究院有限公司", "QY_FR_NAME": "肖广瑞", "QY_REGION": "110100", "QY_REGION_NAME": "北京市-市辖区", "OLD_CODE": "797555790", "COLLECT_TIME": 1622263213000, "QY_SRC_TYPE": "0", "hub_crawl_status": 0}, {"RN": 34, "QY_ID": "002105291240493431", "QY_ORG_CODE": "911101055996975796", "QY_NAME": "北京中合现代工程设计有限公司", "QY_FR_NAME": "邢剑鸣", "QY_REGION": "110000", "QY_REGION_NAME": "北京市", "OLD_CODE": "599697579", "COLLECT_TIME": 1622263217000, "QY_SRC_TYPE": "0", "hub_crawl_status": 0}, {"RN": 35, "QY_ID": "002105291240495422", "QY_ORG_CODE": "91110102055627978E", "QY_NAME": "国策众合（北京）建筑工程设计有限公司", "QY_FR_NAME": "刘玉莲", "QY_REGION": "110100", "QY_REGION_NAME": "北京市-市辖区", "OLD_CODE": "055627978", "COLLECT_TIME": 1622263218000, "QY_SRC_TYPE": "0", "hub_crawl_status": 0}, {"RN": 36, "QY_ID": "002105291240495458", "QY_ORG_CODE": "101489554", "QY_NAME": "华体集团有限公司", "QY_FR_NAME": "张立增", "QY_REGION": "110100", "QY_REGION_NAME": "北京市-市辖区", "OLD_CODE": "101489554", "COLLECT_TIME": 1622263218000, "QY_SRC_TYPE": "0", "hub_crawl_status": 0}, {"RN": 37, "QY_ID": "002105291240495649", "QY_ORG_CODE": "91110108600040452C", "QY_NAME": "王董（北京）建筑设计有限公司", "QY_FR_NAME": "谭国治", "QY_REGION": "110100", "QY_REGION_NAME": "北京市-市辖区", "OLD_CODE": "600040452", "COLLECT_TIME": 1622263218000, "QY_SRC_TYPE": "0", "hub_crawl_status": 0}, {"RN": 38, "QY_ID": "002105291240496792", "QY_ORG_CODE": "91110107777690127L", "QY_NAME": "北京军诚建筑工程设计有限责任公司", "QY_FR_NAME": "李增志", "QY_REGION": "110100", "QY_REGION_NAME": "北京市-市辖区", "OLD_CODE": "777690127", "COLLECT_TIME": 1622263219000, "QY_SRC_TYPE": "0", "hub_crawl_status": 0}, {"RN": 39, "QY_ID": "002105291240500337", "QY_ORG_CODE": "91110102101397035L", "QY_NAME": "北京建院约翰马丁国际建筑设计有限公司", "QY_FR_NAME": "朱颖", "QY_REGION": "110100", "QY_REGION_NAME": "北京市-市辖区", "OLD_CODE": "101397035", "COLLECT_TIME": 1622263221000, "QY_SRC_TYPE": "0", "hub_crawl_status": 0}, {"RN": 40, "QY_ID": "002105291240503530", "QY_ORG_CODE": "91110108102055141N", "QY_NAME": "中国京冶工程技术有限公司", "QY_FR_NAME": "王波", "QY_REGION": "110000", "QY_REGION_NAME": "北京市", "OLD_CODE": "102055141", "COLLECT_TIME": 1622263223000, "QY_SRC_TYPE": "0", "hub_crawl_status": 0}, {"RN": 41, "QY_ID": "002105291240503729", "QY_ORG_CODE": "91110107102294230N", "QY_NAME": "北京中色北方建筑设计院有限责任公司", "QY_FR_NAME": "王文才", "QY_REGION": "110100", "QY_REGION_NAME": "北京市-市辖区", "OLD_CODE": "102294230", "COLLECT_TIME": 1622263224000, "QY_SRC_TYPE": "0", "hub_crawl_status": 0}, {"RN": 42, "QY_ID": "002105291240505150", "QY_ORG_CODE": "9111000010123202XN", "QY_NAME": "中交第四公路工程局有限公司", "QY_FR_NAME": "蔡彬", "QY_REGION": "110100", "QY_REGION_NAME": "北京市-市辖区", "OLD_CODE": "10123202X", "COLLECT_TIME": 1622263224000, "QY_SRC_TYPE": "0", "hub_crawl_status": 0}, {"RN": 43, "QY_ID": "002105291240505526", "QY_ORG_CODE": "91110111351632632L", "QY_NAME": "北京华体创研工程设计咨询有限公司", "QY_FR_NAME": "李铁林", "QY_REGION": "110100", "QY_REGION_NAME": "北京市-市辖区", "OLD_CODE": "351632632", "COLLECT_TIME": 1622263225000, "QY_SRC_TYPE": "0", "hub_crawl_status": 0}, {"RN": 44, "QY_ID": "002105291240505986", "QY_ORG_CODE": "9111010810116643XQ", "QY_NAME": "北京华清安地建筑设计有限公司", "QY_FR_NAME": "申国全", "QY_REGION": "110100", "QY_REGION_NAME": "北京市-市辖区", "OLD_CODE": "10116643X", "COLLECT_TIME": 1622263225000, "QY_SRC_TYPE": "0", "hub_crawl_status": 0}, {"RN": 45, "QY_ID": "002105291240506671", "QY_ORG_CODE": "91110109101928254L", "QY_NAME": "北京中厦建筑设计研究院有限公司", "QY_FR_NAME": "曹文利", "QY_REGION": "110000", "QY_REGION_NAME": "北京市", "OLD_CODE": "101928254", "COLLECT_TIME": 1622263225000, "QY_SRC_TYPE": "0", "hub_crawl_status": 0}]