[{"RN": 241, "QY_ID": "002105291306889050", "QY_ORG_CODE": "9111010706489893X2", "QY_NAME": "中铁建设集团北京工程有限公司", "QY_FR_NAME": "杨军", "QY_REGION": "110000", "QY_REGION_NAME": "北京市", "OLD_CODE": "06489893X", "COLLECT_TIME": 1622264769000, "QY_SRC_TYPE": "0", "hub_crawl_status": 0}, {"RN": 242, "QY_ID": "002105291306900491", "QY_ORG_CODE": "91110102700362790M", "QY_NAME": "北规院弘都规划建筑设计研究院有限公司", "QY_FR_NAME": "陈子毅", "QY_REGION": "110000", "QY_REGION_NAME": "北京市", "OLD_CODE": "700362790", "COLLECT_TIME": 1622264787000, "QY_SRC_TYPE": "0", "hub_crawl_status": 0}, {"RN": 243, "QY_ID": "002105291306901781", "QY_ORG_CODE": "91110115753331664J", "QY_NAME": "中外建华诚（北京）工程项目管理有限公司", "QY_FR_NAME": "李元", "QY_REGION": "110100", "QY_REGION_NAME": "北京市-市辖区", "OLD_CODE": "753331664", "COLLECT_TIME": 1622264789000, "QY_SRC_TYPE": "0", "hub_crawl_status": 0}, {"RN": 244, "QY_ID": "002105291313939444", "QY_ORG_CODE": "911100004000011410", "QY_NAME": "中国建筑科学研究院有限公司", "QY_FR_NAME": "王俊", "QY_REGION": "110100", "QY_REGION_NAME": "北京市-市辖区", "OLD_CODE": "400001141", "COLLECT_TIME": 1622265203000, "QY_SRC_TYPE": "0", "hub_crawl_status": 0}, {"RN": 245, "QY_ID": "002105291313957680", "QY_ORG_CODE": "91110108MA01WJMY24", "QY_NAME": "北京筑都方圆工程设计有限公司", "QY_FR_NAME": "韦芳", "QY_REGION": "110100", "QY_REGION_NAME": "北京市-市辖区", "OLD_CODE": "MA01WJMY2", "COLLECT_TIME": 1622265229000, "QY_SRC_TYPE": "0", "hub_crawl_status": 0}, {"RN": 246, "QY_ID": "002105291313958818", "QY_ORG_CODE": "9111010810204467XX", "QY_NAME": "中规院（北京）规划设计有限公司", "QY_FR_NAME": "张全", "QY_REGION": "110100", "QY_REGION_NAME": "北京市-市辖区", "OLD_CODE": "10204467X", "COLLECT_TIME": 1622265230000, "QY_SRC_TYPE": "0", "hub_crawl_status": 0}, {"RN": 247, "QY_ID": "002105291322997521", "QY_ORG_CODE": "91110106791609794G", "QY_NAME": "远瓴工程咨询集团有限公司", "QY_FR_NAME": "刘建萍", "QY_REGION": "110100", "QY_REGION_NAME": "北京市-市辖区", "OLD_CODE": "791609794", "COLLECT_TIME": 1622265753000, "QY_SRC_TYPE": "0", "hub_crawl_status": 0}, {"RN": 248, "QY_ID": "002105291328072043", "QY_ORG_CODE": "91110107051374045P", "QY_NAME": "中外建华诚（北京）工程设计咨询有限公司", "QY_FR_NAME": "蔡大千", "QY_REGION": "110000", "QY_REGION_NAME": "北京市", "OLD_CODE": "051374045", "COLLECT_TIME": 1622266138000, "QY_SRC_TYPE": "0", "hub_crawl_status": 0}, {"RN": 249, "QY_ID": "002106021903102294", "QY_ORG_CODE": "91110000101140854G", "QY_NAME": "北京华银科技集团有限公司", "QY_FR_NAME": "孙丽芬", "QY_REGION": "110100", "QY_REGION_NAME": "北京市-市辖区", "OLD_CODE": "101140854", "COLLECT_TIME": 1622631792000, "QY_SRC_TYPE": "0", "hub_crawl_status": 0}]