[{"RN": 1, "QY_ID": "002105291239451695", "QY_ORG_CODE": "91110102102058852H", "QY_NAME": "北京联华建筑事务有限公司", "QY_FR_NAME": "张群", "QY_REGION": "110000", "QY_REGION_NAME": "北京市", "OLD_CODE": "102058852", "COLLECT_TIME": 1622263196000, "QY_SRC_TYPE": "0", "hub_crawl_status": 0}, {"RN": 2, "QY_ID": "002105291239451736", "QY_ORG_CODE": "9111010840088321X3", "QY_NAME": "中科院建筑设计研究院有限公司", "QY_FR_NAME": "王全新", "QY_REGION": "110000", "QY_REGION_NAME": "北京市", "OLD_CODE": "40088321X", "COLLECT_TIME": 1622263196000, "QY_SRC_TYPE": "0", "hub_crawl_status": 0}, {"RN": 3, "QY_ID": "002105291239451787", "QY_ORG_CODE": "723994694", "QY_NAME": "北京中机一院工程设计有限公司", "QY_FR_NAME": "许强", "QY_REGION": "110000", "QY_REGION_NAME": "北京市", "OLD_CODE": "723994694", "COLLECT_TIME": 1622263196000, "QY_SRC_TYPE": "0", "hub_crawl_status": 0}, {"RN": 4, "QY_ID": "002105291239451822", "QY_ORG_CODE": "91110108100015584F", "QY_NAME": "大有水木建筑设计（北京）有限公司", "QY_FR_NAME": "李久志", "QY_REGION": "110000", "QY_REGION_NAME": "北京市", "OLD_CODE": "100015584", "COLLECT_TIME": 1622263196000, "QY_SRC_TYPE": "0", "hub_crawl_status": 0}, {"RN": 5, "QY_ID": "002105291239451823", "QY_ORG_CODE": "911101086000144812", "QY_NAME": "大地建筑事务所（国际）", "QY_FR_NAME": "彭培根", "QY_REGION": "110000", "QY_REGION_NAME": "北京市", "OLD_CODE": "600014481", "COLLECT_TIME": 1622263196000, "QY_SRC_TYPE": "0", "hub_crawl_status": 0}, {"RN": 6, "QY_ID": "002105291239451827", "QY_ORG_CODE": "91110102101416873D", "QY_NAME": "北京东方国兴建筑设计院有限公司", "QY_FR_NAME": "胡炜", "QY_REGION": "110100", "QY_REGION_NAME": "北京市-市辖区", "OLD_CODE": "101416873", "COLLECT_TIME": 1622263196000, "QY_SRC_TYPE": "0", "hub_crawl_status": 0}, {"RN": 7, "QY_ID": "002105291239451831", "QY_ORG_CODE": "91110109752644474H", "QY_NAME": "棕榈建筑规划设计（北京）有限公司", "QY_FR_NAME": "施鹏", "QY_REGION": "110000", "QY_REGION_NAME": "北京市", "OLD_CODE": "752644474", "COLLECT_TIME": 1622263196000, "QY_SRC_TYPE": "0", "hub_crawl_status": 0}, {"RN": 8, "QY_ID": "002105291239451922", "QY_ORG_CODE": "911101086949871797", "QY_NAME": "中天泰和国际工程勘察设计（北京）有限公司", "QY_FR_NAME": "雷文建", "QY_REGION": "110000", "QY_REGION_NAME": "北京市", "OLD_CODE": "694987179", "COLLECT_TIME": 1622263196000, "QY_SRC_TYPE": "0", "hub_crawl_status": 0}, {"RN": 9, "QY_ID": "002105291239452015", "QY_ORG_CODE": "911101131020524507", "QY_NAME": "北京顺鑫建筑规划设计研究院有限公司", "QY_FR_NAME": "李树忠", "QY_REGION": "110000", "QY_REGION_NAME": "北京市", "OLD_CODE": "102052450", "COLLECT_TIME": 1622263196000, "QY_SRC_TYPE": "0", "hub_crawl_status": 0}, {"RN": 10, "QY_ID": "002105291239452140", "QY_ORG_CODE": "91110000400002689G", "QY_NAME": "建设综合勘察研究设计院有限公司", "QY_FR_NAME": "李耀刚", "QY_REGION": "110000", "QY_REGION_NAME": "北京市", "OLD_CODE": "400002689", "COLLECT_TIME": 1622263196000, "QY_SRC_TYPE": "0", "hub_crawl_status": 0}, {"RN": 11, "QY_ID": "002105291239452153", "QY_ORG_CODE": "911101026977390238", "QY_NAME": "九源（北京）国际建筑顾问有限公司", "QY_FR_NAME": "江曼", "QY_REGION": "110000", "QY_REGION_NAME": "北京市", "OLD_CODE": "697739023", "COLLECT_TIME": 1622263196000, "QY_SRC_TYPE": "0", "hub_crawl_status": 0}, {"RN": 12, "QY_ID": "002105291239452219", "QY_ORG_CODE": "91110000400005417D", "QY_NAME": "中广电广播电影电视设计研究院", "QY_FR_NAME": "许秀中", "QY_REGION": "110000", "QY_REGION_NAME": "北京市", "OLD_CODE": "400005417", "COLLECT_TIME": 1622263196000, "QY_SRC_TYPE": "0", "hub_crawl_status": 0}, {"RN": 13, "QY_ID": "002105291239452340", "QY_ORG_CODE": "91110102625900957W", "QY_NAME": "圣帝国际建筑工程设计有限公司", "QY_FR_NAME": "张利娟", "QY_REGION": "110000", "QY_REGION_NAME": "北京市", "OLD_CODE": "625900957", "COLLECT_TIME": 1622263196000, "QY_SRC_TYPE": "0", "hub_crawl_status": 0}, {"RN": 14, "QY_ID": "002105291239452348", "QY_ORG_CODE": "91110101101212993L", "QY_NAME": "北京阳光建筑设计事务所", "QY_FR_NAME": "何永", "QY_REGION": "110000", "QY_REGION_NAME": "北京市", "OLD_CODE": "101212993", "COLLECT_TIME": 1622263196000, "QY_SRC_TYPE": "0", "hub_crawl_status": 0}, {"RN": 15, "QY_ID": "002105291239452478", "QY_ORG_CODE": "101688262", "QY_NAME": "中信建筑设计（北京）研究院有限公司", "QY_FR_NAME": "吴凌", "QY_REGION": "110000", "QY_REGION_NAME": "北京市", "OLD_CODE": "101688262", "COLLECT_TIME": 1622263196000, "QY_SRC_TYPE": "0", "hub_crawl_status": 0}]