[{"RN": 1, "QY_ID": "002105291239453011", "QY_ORG_CODE": "91110000400009055H", "QY_NAME": "中国城市建设研究院有限公司", "QY_FR_NAME": "王敬民", "QY_REGION": "110100", "QY_REGION_NAME": "北京市-市辖区", "OLD_CODE": "400009055", "COLLECT_TIME": 1622263197000, "QY_SRC_TYPE": "0", "hub_crawl_status": 0}, {"RN": 2, "QY_ID": "002105291248697267", "QY_ORG_CODE": "91110115MA01FX2Y01", "QY_NAME": "北京智宇天成设计咨询有限公司", "QY_FR_NAME": "李广全", "QY_REGION": "110000", "QY_REGION_NAME": "北京市", "OLD_CODE": "MA01FX2Y0", "COLLECT_TIME": 1622263733000, "QY_SRC_TYPE": "0", "hub_crawl_status": 0}]