[{"RN": 1, "QY_ID": "002105291240503927", "QY_ORG_CODE": "9111010676994780XX", "QY_NAME": "北京中水利德科技发展有限公司", "QY_FR_NAME": "马金宝", "QY_REGION": "110000", "QY_REGION_NAME": "北京市", "OLD_CODE": "76994780X", "COLLECT_TIME": 1622263224000, "QY_SRC_TYPE": "0", "hub_crawl_status": 0}, {"RN": 2, "QY_ID": "002105291241590033", "QY_ORG_CODE": "91110102563673743Q", "QY_NAME": "海绵金水（北京）工程设计院有限公司", "QY_FR_NAME": "杨中春", "QY_REGION": "110100", "QY_REGION_NAME": "北京市-市辖区", "OLD_CODE": "563673743", "COLLECT_TIME": 1622263279000, "QY_SRC_TYPE": "0", "hub_crawl_status": 0}, {"RN": 3, "QY_ID": "002105291242634124", "QY_ORG_CODE": "91110108753346348K", "QY_NAME": "北京禹冰水利勘测规划设计有限公司", "QY_FR_NAME": "吴震", "QY_REGION": "110000", "QY_REGION_NAME": "北京市", "OLD_CODE": "753346348", "COLLECT_TIME": 1622263326000, "QY_SRC_TYPE": "0", "hub_crawl_status": 0}]