[{"RN": 31, "QY_ID": "002105291248667011", "QY_ORG_CODE": "91110108573160511J", "QY_NAME": "北京赛科康仑环保科技有限公司", "QY_FR_NAME": "李琴芝", "QY_REGION": "110000", "QY_REGION_NAME": "北京市", "OLD_CODE": "573160511", "COLLECT_TIME": 1622263698000, "QY_SRC_TYPE": "0", "hub_crawl_status": 0}, {"RN": 32, "QY_ID": "002105291248672844", "QY_ORG_CODE": "9111030410276591X2", "QY_NAME": "北京燕山玉龙石化工程股份有限公司", "QY_FR_NAME": "钱文臣", "QY_REGION": "110000", "QY_REGION_NAME": "北京市", "OLD_CODE": "10276591X", "COLLECT_TIME": 1622263704000, "QY_SRC_TYPE": "0", "hub_crawl_status": 0}, {"RN": 33, "QY_ID": "002105291248700585", "QY_ORG_CODE": "91110105747535281X", "QY_NAME": "北京汇恒环保工程股份有限公司", "QY_FR_NAME": "李遥", "QY_REGION": "110000", "QY_REGION_NAME": "北京市", "OLD_CODE": "747535281", "COLLECT_TIME": 1622263739000, "QY_SRC_TYPE": "0", "hub_crawl_status": 0}, {"RN": 34, "QY_ID": "002105291249710193", "QY_ORG_CODE": "91110101693299315Q", "QY_NAME": "北京汉唐环保科技股份有限公司", "QY_FR_NAME": "董浩骅", "QY_REGION": "110000", "QY_REGION_NAME": "北京市", "OLD_CODE": "693299315", "COLLECT_TIME": 1622263753000, "QY_SRC_TYPE": "0", "hub_crawl_status": 0}, {"RN": 35, "QY_ID": "002105291249712700", "QY_ORG_CODE": "91110108MA00GBDM7T", "QY_NAME": "清控环境（北京）有限公司", "QY_FR_NAME": "陈兆林", "QY_REGION": "110000", "QY_REGION_NAME": "北京市", "OLD_CODE": "MA00GBDM7", "COLLECT_TIME": 1622263756000, "QY_SRC_TYPE": "0", "hub_crawl_status": 0}, {"RN": 36, "QY_ID": "002105291249713681", "QY_ORG_CODE": "911101066337689849", "QY_NAME": "北京航天环境工程有限公司", "QY_FR_NAME": "王乐", "QY_REGION": "110000", "QY_REGION_NAME": "北京市", "OLD_CODE": "633768984", "COLLECT_TIME": 1622263758000, "QY_SRC_TYPE": "0", "hub_crawl_status": 0}, {"RN": 37, "QY_ID": "002105291254753441", "QY_ORG_CODE": "9111010572398279XG", "QY_NAME": "北京东方利禾景观设计有限公司", "QY_FR_NAME": "刘旭", "QY_REGION": "110000", "QY_REGION_NAME": "北京市", "OLD_CODE": "72398279X", "COLLECT_TIME": 1622264085000, "QY_SRC_TYPE": "0", "hub_crawl_status": 0}, {"RN": 38, "QY_ID": "002105291254754645", "QY_ORG_CODE": "9111010510170121XW", "QY_NAME": "中国船舶重工集团国际工程有限公司", "QY_FR_NAME": "杨文武", "QY_REGION": "110000", "QY_REGION_NAME": "北京市", "OLD_CODE": "10170121X", "COLLECT_TIME": 1622264086000, "QY_SRC_TYPE": "0", "hub_crawl_status": 0}, {"RN": 39, "QY_ID": "002105291254759677", "QY_ORG_CODE": "91110106695006352P", "QY_NAME": "北京兴晟科技有限公司", "QY_FR_NAME": "明顺成", "QY_REGION": "110000", "QY_REGION_NAME": "北京市", "OLD_CODE": "695006352", "COLLECT_TIME": 1622264091000, "QY_SRC_TYPE": "0", "hub_crawl_status": 0}, {"RN": 40, "QY_ID": "002105291255776074", "QY_ORG_CODE": "91110000400000720M", "QY_NAME": "矿冶科技集团有限公司", "QY_FR_NAME": "韩龙", "QY_REGION": "110000", "QY_REGION_NAME": "北京市", "OLD_CODE": "400000720", "COLLECT_TIME": 1622264111000, "QY_SRC_TYPE": "0", "hub_crawl_status": 0}, {"RN": 41, "QY_ID": "002105291258795911", "QY_ORG_CODE": "911101087376669155", "QY_NAME": "北京天地人环保科技有限公司", "QY_FR_NAME": "谢涛", "QY_REGION": "110000", "QY_REGION_NAME": "北京市", "OLD_CODE": "737666915", "COLLECT_TIME": 1622264322000, "QY_SRC_TYPE": "0", "hub_crawl_status": 0}, {"RN": 42, "QY_ID": "002105291259833571", "QY_ORG_CODE": "91110108756718987T", "QY_NAME": "北京中电加美环保科技有限公司", "QY_FR_NAME": "戴云帆", "QY_REGION": "110000", "QY_REGION_NAME": "北京市", "OLD_CODE": "756718987", "COLLECT_TIME": 1622264368000, "QY_SRC_TYPE": "0", "hub_crawl_status": 0}, {"RN": 43, "QY_ID": "002105291259837509", "QY_ORG_CODE": "911101128024242196", "QY_NAME": "北京赛诺环境工程有限公司", "QY_FR_NAME": "张岩岗", "QY_REGION": "110000", "QY_REGION_NAME": "北京市", "OLD_CODE": "802424219", "COLLECT_TIME": 1622264373000, "QY_SRC_TYPE": "0", "hub_crawl_status": 0}, {"RN": 44, "QY_ID": "002105291312904864", "QY_ORG_CODE": "91110000802115985Y", "QY_NAME": "北京碧水源科技股份有限公司", "QY_FR_NAME": "文剑平", "QY_REGION": "110000", "QY_REGION_NAME": "北京市", "OLD_CODE": "802115985", "COLLECT_TIME": 1622265164000, "QY_SRC_TYPE": "0", "hub_crawl_status": 0}, {"RN": 45, "QY_ID": "002105291312906395", "QY_ORG_CODE": "9111010877335269XR", "QY_NAME": "北京盈和瑞环境科技有限公司", "QY_FR_NAME": "周建华", "QY_REGION": "110000", "QY_REGION_NAME": "北京市", "OLD_CODE": "77335269X", "COLLECT_TIME": 1622265166000, "QY_SRC_TYPE": "0", "hub_crawl_status": 0}]