[{"RN": 1, "QY_ID": "002105291239451989", "QY_ORG_CODE": "91110108740402507R", "QY_NAME": "北京京城环保股份有限公司", "QY_FR_NAME": "赵传军", "QY_REGION": "110000", "QY_REGION_NAME": "北京市", "OLD_CODE": "740402507", "COLLECT_TIME": 1622263196000, "QY_SRC_TYPE": "0", "hub_crawl_status": 0}, {"RN": 2, "QY_ID": "002105291239453544", "QY_ORG_CODE": "91110115MA00GANH7N", "QY_NAME": "北京轩昂环境修复有限公司", "QY_FR_NAME": "赵义武", "QY_REGION": "110000", "QY_REGION_NAME": "北京市", "OLD_CODE": "MA00GANH7", "COLLECT_TIME": 1622263197000, "QY_SRC_TYPE": "0", "hub_crawl_status": 0}, {"RN": 3, "QY_ID": "002105291240461962", "QY_ORG_CODE": "911101086835621402", "QY_NAME": "北京中岩大地科技股份有限公司", "QY_FR_NAME": "王立建", "QY_REGION": "110000", "QY_REGION_NAME": "北京市", "OLD_CODE": "683562140", "COLLECT_TIME": 1622263201000, "QY_SRC_TYPE": "0", "hub_crawl_status": 0}, {"RN": 4, "QY_ID": "002105291240462984", "QY_ORG_CODE": "91110000098907136P", "QY_NAME": "志峰（北京）环境科技集团有限公司", "QY_FR_NAME": "邵志元", "QY_REGION": "110000", "QY_REGION_NAME": "北京市", "OLD_CODE": "098907136", "COLLECT_TIME": 1622263202000, "QY_SRC_TYPE": "0", "hub_crawl_status": 0}, {"RN": 5, "QY_ID": "002105291240466067", "QY_ORG_CODE": "91110108802070297Y", "QY_NAME": "北京纬纶华业环保科技股份有限公司", "QY_FR_NAME": "李国文", "QY_REGION": "110000", "QY_REGION_NAME": "北京市", "OLD_CODE": "802070297", "COLLECT_TIME": 1622263203000, "QY_SRC_TYPE": "0", "hub_crawl_status": 0}, {"RN": 6, "QY_ID": "002105291240480486", "QY_ORG_CODE": "91110105777652403R", "QY_NAME": "蓝星工程有限公司", "QY_FR_NAME": "王立杰", "QY_REGION": "110000", "QY_REGION_NAME": "北京市", "OLD_CODE": "777652403", "COLLECT_TIME": 1622263211000, "QY_SRC_TYPE": "0", "hub_crawl_status": 0}, {"RN": 7, "QY_ID": "002105291240495267", "QY_ORG_CODE": "911101085514354300", "QY_NAME": "北京中能诺泰节能环保技术有限责任公司", "QY_FR_NAME": "丁康", "QY_REGION": "110000", "QY_REGION_NAME": "北京市", "OLD_CODE": "551435430", "COLLECT_TIME": 1622263218000, "QY_SRC_TYPE": "0", "hub_crawl_status": 0}, {"RN": 8, "QY_ID": "002105291240495436", "QY_ORG_CODE": "911101065877336329", "QY_NAME": "北京国能中电节能环保技术股份有限公司", "QY_FR_NAME": "白云峰", "QY_REGION": "110000", "QY_REGION_NAME": "北京市", "OLD_CODE": "587733632", "COLLECT_TIME": 1622263218000, "QY_SRC_TYPE": "0", "hub_crawl_status": 0}, {"RN": 9, "QY_ID": "002105291240509992", "QY_ORG_CODE": "911101087003903886", "QY_NAME": "北京万侯环境技术开发有限公司", "QY_FR_NAME": "韩峰", "QY_REGION": "110000", "QY_REGION_NAME": "北京市", "OLD_CODE": "700390388", "COLLECT_TIME": 1622263227000, "QY_SRC_TYPE": "0", "hub_crawl_status": 0}, {"RN": 10, "QY_ID": "002105291240518062", "QY_ORG_CODE": "91110302593868824H", "QY_NAME": "北京绿恒科技有限公司", "QY_FR_NAME": "张恒", "QY_REGION": "110000", "QY_REGION_NAME": "北京市", "OLD_CODE": "593868824", "COLLECT_TIME": 1622263231000, "QY_SRC_TYPE": "0", "hub_crawl_status": 0}, {"RN": 11, "QY_ID": "002105291240546932", "QY_ORG_CODE": "911100001022884121", "QY_NAME": "北京高能时代环境技术股份有限公司", "QY_FR_NAME": "凌锦明", "QY_REGION": "110000", "QY_REGION_NAME": "北京市", "OLD_CODE": "102288412", "COLLECT_TIME": 1622263249000, "QY_SRC_TYPE": "0", "hub_crawl_status": 0}, {"RN": 12, "QY_ID": "002105291240562731", "QY_ORG_CODE": "911101055621025438", "QY_NAME": "中垣联合（北京）城乡规划设计有限公司", "QY_FR_NAME": "李璇", "QY_REGION": "110000", "QY_REGION_NAME": "北京市", "OLD_CODE": "562102543", "COLLECT_TIME": 1622263259000, "QY_SRC_TYPE": "0", "hub_crawl_status": 0}, {"RN": 13, "QY_ID": "002105291241568388", "QY_ORG_CODE": "91110101101692704B", "QY_NAME": "京鼎工程建设有限公司", "QY_FR_NAME": "张铁石", "QY_REGION": "110000", "QY_REGION_NAME": "北京市", "OLD_CODE": "101692704", "COLLECT_TIME": 1622263263000, "QY_SRC_TYPE": "0", "hub_crawl_status": 0}, {"RN": 14, "QY_ID": "002105291241573510", "QY_ORG_CODE": "911103027655015019", "QY_NAME": "北京龙源环保工程有限公司", "QY_FR_NAME": "何强", "QY_REGION": "110000", "QY_REGION_NAME": "北京市", "OLD_CODE": "765501501", "COLLECT_TIME": 1622263267000, "QY_SRC_TYPE": "0", "hub_crawl_status": 0}, {"RN": 15, "QY_ID": "002105291241575938", "QY_ORG_CODE": "91110000717702712T", "QY_NAME": "北京市工业设计研究院有限公司", "QY_FR_NAME": "付军", "QY_REGION": "110000", "QY_REGION_NAME": "北京市", "OLD_CODE": "717702712", "COLLECT_TIME": 1622263269000, "QY_SRC_TYPE": "0", "hub_crawl_status": 0}]