[{"QY_FR_NAME": "林小强", "QY_REGION": "110100", "QY_NAME": "华航环境发展有限公司", "QY_REGION_NAME": "北京市-市辖区", "QY_ORG_CODE": "91110000100013773F", "COLLECT_TIME": 1622263297000, "RN": 16, "QY_ID": "002105291241610057", "QY_SRC_TYPE": "0", "OLD_CODE": "100013773", "hub_crawl_status": 0}, {"QY_FR_NAME": "邹艾艾", "QY_REGION": "110000", "QY_NAME": "北京清新环境技术股份有限公司", "QY_REGION_NAME": "北京市", "QY_ORG_CODE": "91110000X003879117", "COLLECT_TIME": 1622263300000, "RN": 17, "QY_ID": "002105291241613204", "QY_SRC_TYPE": "0", "OLD_CODE": "X00387911", "hub_crawl_status": 0}, {"QY_FR_NAME": "刘昕", "QY_REGION": "110000", "QY_NAME": "北京中环瑞德环境工程技术有限公司", "QY_REGION_NAME": "北京市", "QY_ORG_CODE": "911101057582266877", "COLLECT_TIME": 1622263306000, "RN": 18, "QY_ID": "002105291241618620", "QY_SRC_TYPE": "0", "OLD_CODE": "758226687", "hub_crawl_status": 0}, {"QY_FR_NAME": "于延生", "QY_REGION": "110000", "QY_NAME": "北京翰海青天环保科技有限公司", "QY_REGION_NAME": "北京市", "QY_ORG_CODE": "9111011266691460XD", "COLLECT_TIME": 1622263308000, "RN": 19, "QY_ID": "002105291241621446", "QY_SRC_TYPE": "0", "OLD_CODE": "66691460X", "hub_crawl_status": 0}, {"QY_FR_NAME": "沙海", "QY_REGION": "110000", "QY_NAME": "中建一局集团安装工程有限公司", "QY_REGION_NAME": "北京市", "QY_ORG_CODE": "91110000102845514P", "COLLECT_TIME": 1622263315000, "RN": 20, "QY_ID": "002105291241626316", "QY_SRC_TYPE": "0", "OLD_CODE": "102845514", "hub_crawl_status": 0}, {"QY_FR_NAME": "李力", "QY_REGION": "110000", "QY_NAME": "北京北华中清环境工程技术有限公司", "QY_REGION_NAME": "北京市", "QY_ORG_CODE": "91110105098529550Y", "COLLECT_TIME": 1622263322000, "RN": 21, "QY_ID": "002105291242631575", "QY_SRC_TYPE": "0", "OLD_CODE": "098529550", "hub_crawl_status": 0}, {"QY_FR_NAME": "刘学良", "QY_REGION": "110000", "QY_NAME": "北京中电联环保股份有限公司", "QY_REGION_NAME": "北京市", "QY_ORG_CODE": "91110106766754842Q", "COLLECT_TIME": 1622263328000, "RN": 22, "QY_ID": "002105291242635809", "QY_SRC_TYPE": "0", "OLD_CODE": "766754842", "hub_crawl_status": 0}, {"QY_FR_NAME": "任有福", "QY_REGION": "110000", "QY_NAME": "中煤科工集团北京华宇工程有限公司", "QY_REGION_NAME": "北京市", "QY_ORG_CODE": "911100007109292609", "COLLECT_TIME": 1622263343000, "RN": 23, "QY_ID": "002105291242642650", "QY_SRC_TYPE": "0", "OLD_CODE": "710929260", "hub_crawl_status": 0}, {"QY_FR_NAME": "殷晓东", "QY_REGION": "110000", "QY_NAME": "中科鼎实环境工程有限公司", "QY_REGION_NAME": "北京市", "QY_ORG_CODE": "911101027351329441", "COLLECT_TIME": 1622263343000, "RN": 24, "QY_ID": "002105291242642937", "QY_SRC_TYPE": "0", "OLD_CODE": "735132944", "hub_crawl_status": 0}, {"QY_FR_NAME": "张国宇", "QY_REGION": "110000", "QY_NAME": "北京金泽环境能源技术研究股份有限公司", "QY_REGION_NAME": "北京市", "QY_ORG_CODE": "911101055548974462", "COLLECT_TIME": 1622263345000, "RN": 25, "QY_ID": "002105291242644368", "QY_SRC_TYPE": "0", "OLD_CODE": "554897446", "hub_crawl_status": 0}, {"QY_FR_NAME": "李崇新", "QY_REGION": "110000", "QY_NAME": "北京科净源设备安装工程有限公司", "QY_REGION_NAME": "北京市", "QY_ORG_CODE": "91110113798534924L", "COLLECT_TIME": 1622263345000, "RN": 26, "QY_ID": "002105291242644442", "QY_SRC_TYPE": "0", "OLD_CODE": "798534924", "hub_crawl_status": 0}, {"QY_FR_NAME": "杨文", "QY_REGION": "110000", "QY_NAME": "泛华建设集团有限公司", "QY_REGION_NAME": "北京市", "QY_ORG_CODE": "91110000722604658T", "COLLECT_TIME": 1622263687000, "RN": 27, "QY_ID": "002105291248654284", "QY_SRC_TYPE": "0", "OLD_CODE": "722604658", "hub_crawl_status": 0}, {"QY_FR_NAME": "冯炳坤", "QY_REGION": "110000", "QY_NAME": "北京华德创业环保设备有限公司", "QY_REGION_NAME": "北京市", "QY_ORG_CODE": "911101057567190749", "COLLECT_TIME": 1622263688000, "RN": 28, "QY_ID": "002105291248655366", "QY_SRC_TYPE": "0", "OLD_CODE": "756719074", "hub_crawl_status": 0}, {"QY_FR_NAME": "陈福泰", "QY_REGION": "110000", "QY_NAME": "清大国华环境集团股份有限公司", "QY_REGION_NAME": "北京市", "QY_ORG_CODE": "911101087629781362", "COLLECT_TIME": 1622263688000, "RN": 29, "QY_ID": "002105291248656119", "QY_SRC_TYPE": "0", "OLD_CODE": "762978136", "hub_crawl_status": 0}, {"QY_FR_NAME": "徐义生", "QY_REGION": "110000", "QY_NAME": "中国环境科学研究院环境技术工程有限公司", "QY_REGION_NAME": "北京市", "QY_ORG_CODE": "911101051017174063", "COLLECT_TIME": 1622263689000, "RN": 30, "QY_ID": "002105291248656513", "QY_SRC_TYPE": "0", "OLD_CODE": "101717406", "hub_crawl_status": 0}]