[{"RN": 46, "QY_ID": "002105291313931758", "QY_ORG_CODE": "91110108671725862F", "QY_NAME": "北京蓝源恒基环保科技有限公司", "QY_FR_NAME": "王福军", "QY_REGION": "110000", "QY_REGION_NAME": "北京市", "OLD_CODE": "671725862", "COLLECT_TIME": 1622265194000, "QY_SRC_TYPE": "0", "hub_crawl_status": 0}, {"RN": 47, "QY_ID": "002105291313939135", "QY_ORG_CODE": "911101127454523007", "QY_NAME": "北京能泰高科环保技术有限公司", "QY_FR_NAME": "刘彦华", "QY_REGION": "110000", "QY_REGION_NAME": "北京市", "OLD_CODE": "745452300", "COLLECT_TIME": 1622265202000, "QY_SRC_TYPE": "0", "hub_crawl_status": 0}, {"RN": 48, "QY_ID": "002105291313948863", "QY_ORG_CODE": "91110108MA01DTPE1H", "QY_NAME": "北京道成维优环境科技有限公司", "QY_FR_NAME": "施伟红", "QY_REGION": "110000", "QY_REGION_NAME": "北京市", "OLD_CODE": "MA01DTPE1", "COLLECT_TIME": 1622265214000, "QY_SRC_TYPE": "0", "hub_crawl_status": 0}, {"RN": 49, "QY_ID": "002105291313957570", "QY_ORG_CODE": "91110112MA01B12F6F", "QY_NAME": "北京华大通城工程设计有限公司", "QY_FR_NAME": "张小艳", "QY_REGION": "110000", "QY_REGION_NAME": "北京市", "OLD_CODE": "MA01B12F6", "COLLECT_TIME": 1622265229000, "QY_SRC_TYPE": "0", "hub_crawl_status": 0}, {"RN": 50, "QY_ID": "002105291313957590", "QY_ORG_CODE": "911101111028224355", "QY_NAME": "北京丰得源水务科技有限公司", "QY_FR_NAME": "陈海连", "QY_REGION": "110000", "QY_REGION_NAME": "北京市", "OLD_CODE": "102822435", "COLLECT_TIME": 1622265229000, "QY_SRC_TYPE": "0", "hub_crawl_status": 0}, {"RN": 51, "QY_ID": "002105291328043658", "QY_ORG_CODE": "911100007178497738", "QY_NAME": "中建生态环境集团有限公司", "QY_FR_NAME": "王连峰", "QY_REGION": "110100", "QY_REGION_NAME": "北京市-市辖区", "OLD_CODE": "717849773", "COLLECT_TIME": 1622266103000, "QY_SRC_TYPE": "0", "hub_crawl_status": 0}, {"RN": 52, "QY_ID": "002105291328045532", "QY_ORG_CODE": "91110105339794612R", "QY_NAME": "北京欧美环境工程有限公司", "QY_FR_NAME": "倪健", "QY_REGION": "110000", "QY_REGION_NAME": "北京市", "OLD_CODE": "339794612", "COLLECT_TIME": 1622266107000, "QY_SRC_TYPE": "0", "hub_crawl_status": 0}]