[{"RN": 1, "QY_ID": "002105291239451680", "QY_ORG_CODE": "76629724X", "QY_NAME": "北京中通海科技有限公司", "QY_FR_NAME": "李致堂", "QY_REGION": "110000", "QY_REGION_NAME": "北京市", "OLD_CODE": "76629724X", "COLLECT_TIME": 1622263196000, "QY_SRC_TYPE": "0", "hub_crawl_status": 0}, {"RN": 2, "QY_ID": "002105291239452219", "QY_ORG_CODE": "91110000400005417D", "QY_NAME": "中广电广播电影电视设计研究院", "QY_FR_NAME": "许秀中", "QY_REGION": "110000", "QY_REGION_NAME": "北京市", "OLD_CODE": "400005417", "COLLECT_TIME": 1622263196000, "QY_SRC_TYPE": "0", "hub_crawl_status": 0}, {"RN": 3, "QY_ID": "002105291239453436", "QY_ORG_CODE": "911101021013989942", "QY_NAME": "北京邮通电信工程设计有限公司", "QY_FR_NAME": "王立勇", "QY_REGION": "110000", "QY_REGION_NAME": "北京市", "OLD_CODE": "101398994", "COLLECT_TIME": 1622263197000, "QY_SRC_TYPE": "0", "hub_crawl_status": 0}, {"RN": 4, "QY_ID": "002105291240486280", "QY_ORG_CODE": "327176737", "QY_NAME": "北京博思睿诚通信工程设计有限公司", "QY_FR_NAME": "苑小雪", "QY_REGION": "110100", "QY_REGION_NAME": "北京市-市辖区", "OLD_CODE": "327176737", "COLLECT_TIME": 1622263213000, "QY_SRC_TYPE": "0", "hub_crawl_status": 0}, {"RN": 5, "QY_ID": "002105291240537604", "QY_ORG_CODE": "91110108767525662D", "QY_NAME": "北京锦程前方科技有限公司", "QY_FR_NAME": "戴大军", "QY_REGION": "110000", "QY_REGION_NAME": "北京市", "OLD_CODE": "767525662", "COLLECT_TIME": 1622263244000, "QY_SRC_TYPE": "0", "hub_crawl_status": 0}, {"RN": 6, "QY_ID": "002105291240558581", "QY_ORG_CODE": "911101056728237476", "QY_NAME": "北京六合北方通讯工程设计院有限公司", "QY_FR_NAME": "张树铭", "QY_REGION": "110000", "QY_REGION_NAME": "北京市", "OLD_CODE": "672823747", "COLLECT_TIME": 1622263257000, "QY_SRC_TYPE": "0", "hub_crawl_status": 0}, {"RN": 7, "QY_ID": "002105291248679307", "QY_ORG_CODE": "9111010830679697XM", "QY_NAME": "北京红海岸通信工程技术有限公司", "QY_FR_NAME": "崔具平", "QY_REGION": "110000", "QY_REGION_NAME": "北京市", "OLD_CODE": "30679697X", "COLLECT_TIME": 1622263710000, "QY_SRC_TYPE": "0", "hub_crawl_status": 0}, {"RN": 8, "QY_ID": "002105291254759776", "QY_ORG_CODE": "911101076330946096", "QY_NAME": "北京京侨通信工程设计院有限公司", "QY_FR_NAME": "冯杰", "QY_REGION": "110000", "QY_REGION_NAME": "北京市", "OLD_CODE": "633094609", "COLLECT_TIME": 1622264091000, "QY_SRC_TYPE": "0", "hub_crawl_status": 0}]