[{"RN": 16, "QY_ID": "002105291240545954", "QY_ORG_CODE": "91110105700279882K", "QY_NAME": "北京奥信建筑工程设备安装有限公司", "QY_FR_NAME": "赵剑", "QY_REGION": "110000", "QY_REGION_NAME": "北京市", "OLD_CODE": "700279882", "COLLECT_TIME": 1622263249000, "QY_SRC_TYPE": "0", "hub_crawl_status": 0}, {"RN": 17, "QY_ID": "002105291240551946", "QY_ORG_CODE": "91110000760108591F", "QY_NAME": "北京海湾威尔电子工程有限公司", "QY_FR_NAME": "高如良", "QY_REGION": "110000", "QY_REGION_NAME": "北京市", "OLD_CODE": "760108591", "COLLECT_TIME": 1622263252000, "QY_SRC_TYPE": "0", "hub_crawl_status": 0}, {"RN": 18, "QY_ID": "002105291241586177", "QY_ORG_CODE": "91110112802431136B", "QY_NAME": "北京中消长城消防安全工程有限公司", "QY_FR_NAME": "许鹭", "QY_REGION": "110000", "QY_REGION_NAME": "北京市", "OLD_CODE": "802431136", "COLLECT_TIME": 1622263276000, "QY_SRC_TYPE": "0", "hub_crawl_status": 0}, {"RN": 19, "QY_ID": "002105291241606306", "QY_ORG_CODE": "911101097000794770", "QY_NAME": "北京科华消防工程有限公司", "QY_FR_NAME": "鲍晓庆", "QY_REGION": "110000", "QY_REGION_NAME": "北京市", "OLD_CODE": "700079477", "COLLECT_TIME": 1622263294000, "QY_SRC_TYPE": "0", "hub_crawl_status": 0}, {"RN": 20, "QY_ID": "002105291241606734", "QY_ORG_CODE": "91110108725348258K", "QY_NAME": "北京沃得沃机电安装有限公司", "QY_FR_NAME": "佘谦", "QY_REGION": "110000", "QY_REGION_NAME": "北京市", "OLD_CODE": "725348258", "COLLECT_TIME": 1622263294000, "QY_SRC_TYPE": "0", "hub_crawl_status": 0}, {"RN": 21, "QY_ID": "002105291248654540", "QY_ORG_CODE": "91110108102060004R", "QY_NAME": "北京费尔消防技术工程有限公司", "QY_FR_NAME": "雷京波", "QY_REGION": "110000", "QY_REGION_NAME": "北京市", "OLD_CODE": "102060004", "COLLECT_TIME": 1622263687000, "QY_SRC_TYPE": "0", "hub_crawl_status": 0}, {"RN": 22, "QY_ID": "002105291248657482", "QY_ORG_CODE": "911101097002844890", "QY_NAME": "北京友安盛防火技术有限公司", "QY_FR_NAME": "王文铎", "QY_REGION": "110000", "QY_REGION_NAME": "北京市", "OLD_CODE": "700284489", "COLLECT_TIME": 1622263690000, "QY_SRC_TYPE": "0", "hub_crawl_status": 0}, {"RN": 23, "QY_ID": "002105291248664571", "QY_ORG_CODE": "91110228600054539E", "QY_NAME": "北京中山消防保安技术有限公司", "QY_FR_NAME": "俞楚明", "QY_REGION": "110000", "QY_REGION_NAME": "北京市", "OLD_CODE": "600054539", "COLLECT_TIME": 1622263696000, "QY_SRC_TYPE": "0", "hub_crawl_status": 0}, {"RN": 24, "QY_ID": "002105291249714361", "QY_ORG_CODE": "911101076000040059", "QY_NAME": "北京阿科普机电工程有限公司", "QY_FR_NAME": "黄智勇", "QY_REGION": "110000", "QY_REGION_NAME": "北京市", "OLD_CODE": "600004005", "COLLECT_TIME": 1622263759000, "QY_SRC_TYPE": "0", "hub_crawl_status": 0}, {"RN": 25, "QY_ID": "002105291254763524", "QY_ORG_CODE": "911101027177096078", "QY_NAME": "北京中建科安消防工程有限公司", "QY_FR_NAME": "王明华", "QY_REGION": "110100", "QY_REGION_NAME": "北京市-市辖区", "OLD_CODE": "717709607", "COLLECT_TIME": 1622264097000, "QY_SRC_TYPE": "0", "hub_crawl_status": 0}, {"RN": 26, "QY_ID": "002105291259825298", "QY_ORG_CODE": "911101087187739778", "QY_NAME": "中圆智能工程有限公司", "QY_FR_NAME": "黄兆权", "QY_REGION": "110100", "QY_REGION_NAME": "北京市-市辖区", "OLD_CODE": "718773977", "COLLECT_TIME": 1622264357000, "QY_SRC_TYPE": "0", "hub_crawl_status": 0}, {"RN": 27, "QY_ID": "002105291259838843", "QY_ORG_CODE": "91110101101295004Y", "QY_NAME": "中核利华消防工程有限公司", "QY_FR_NAME": "王兆兵", "QY_REGION": "110000", "QY_REGION_NAME": "北京市", "OLD_CODE": "101295004", "COLLECT_TIME": 1622264374000, "QY_SRC_TYPE": "0", "hub_crawl_status": 0}, {"RN": 28, "QY_ID": "002105291306888776", "QY_ORG_CODE": "91110106682884148D", "QY_NAME": "国泰瑞安股份有限公司", "QY_FR_NAME": "胡永博", "QY_REGION": "110000", "QY_REGION_NAME": "北京市", "OLD_CODE": "682884148", "COLLECT_TIME": 1622264769000, "QY_SRC_TYPE": "0", "hub_crawl_status": 0}, {"RN": 29, "QY_ID": "002105291328063428", "QY_ORG_CODE": "91110106678763941Y", "QY_NAME": "北京泽仪建设工程有限公司", "QY_FR_NAME": "张碧华", "QY_REGION": "110100", "QY_REGION_NAME": "北京市-市辖区", "OLD_CODE": "678763941", "COLLECT_TIME": 1622266127000, "QY_SRC_TYPE": "0", "hub_crawl_status": 0}, {"RN": 30, "QY_ID": "002108301913176343", "QY_ORG_CODE": "91110117MA0212D7XH", "QY_NAME": "北京国宏鼎盛建筑设计有限公司", "QY_FR_NAME": "吴洁美", "QY_REGION": "110100", "QY_REGION_NAME": "北京市-市辖区", "OLD_CODE": "MA0212D7X", "COLLECT_TIME": 1630322017000, "QY_SRC_TYPE": "0", "hub_crawl_status": 0}]