[{"RN": 1, "QY_ID": "002105291239452493", "QY_ORG_CODE": "91110108100007373N", "QY_NAME": "中国中安消防安全工程有限公司", "QY_FR_NAME": "李炜", "QY_REGION": "110000", "QY_REGION_NAME": "北京市", "OLD_CODE": "100007373", "COLLECT_TIME": 1622263196000, "QY_SRC_TYPE": "0", "hub_crawl_status": 0}, {"RN": 2, "QY_ID": "002105291239452531", "QY_ORG_CODE": "91110000710930827K", "QY_NAME": "华夏消防工程有限公司", "QY_FR_NAME": "徐美芬", "QY_REGION": "110000", "QY_REGION_NAME": "北京市", "OLD_CODE": "710930827", "COLLECT_TIME": 1622263196000, "QY_SRC_TYPE": "0", "hub_crawl_status": 0}, {"RN": 3, "QY_ID": "002105291239452705", "QY_ORG_CODE": "91110101101463880P", "QY_NAME": "北京市亚太安设备安装有限责任公司", "QY_FR_NAME": "郑贺田", "QY_REGION": "110000", "QY_REGION_NAME": "北京市", "OLD_CODE": "101463880", "COLLECT_TIME": 1622263197000, "QY_SRC_TYPE": "0", "hub_crawl_status": 0}, {"RN": 4, "QY_ID": "002105291239452733", "QY_ORG_CODE": "911101086337903805", "QY_NAME": "北京昕亿华消防工程有限公司", "QY_FR_NAME": "李欣欣", "QY_REGION": "110000", "QY_REGION_NAME": "北京市", "OLD_CODE": "633790380", "COLLECT_TIME": 1622263197000, "QY_SRC_TYPE": "0", "hub_crawl_status": 0}, {"RN": 5, "QY_ID": "002105291239458143", "QY_ORG_CODE": "91110302633015077G", "QY_NAME": "北京中卓时代消防工程有限公司", "QY_FR_NAME": "王东方", "QY_REGION": "110000", "QY_REGION_NAME": "北京市", "OLD_CODE": "633015077", "COLLECT_TIME": 1622263199000, "QY_SRC_TYPE": "0", "hub_crawl_status": 0}, {"RN": 6, "QY_ID": "002105291240461175", "QY_ORG_CODE": "91110108600033623M", "QY_NAME": "北京安迪盛安全系统自动化有限公司", "QY_FR_NAME": "郑会余", "QY_REGION": "110000", "QY_REGION_NAME": "北京市", "OLD_CODE": "600033623", "COLLECT_TIME": 1622263201000, "QY_SRC_TYPE": "0", "hub_crawl_status": 0}, {"RN": 7, "QY_ID": "002105291240466105", "QY_ORG_CODE": "91110105101759286D", "QY_NAME": "金舟消防工程（北京）股份有限公司", "QY_FR_NAME": "田桂兰", "QY_REGION": "110000", "QY_REGION_NAME": "北京市", "OLD_CODE": "101759286", "COLLECT_TIME": 1622263204000, "QY_SRC_TYPE": "0", "hub_crawl_status": 0}, {"RN": 8, "QY_ID": "002105291240491822", "QY_ORG_CODE": "911101061015434771", "QY_NAME": "北京城建天宁消防有限责任公司", "QY_FR_NAME": "粟付芃", "QY_REGION": "110000", "QY_REGION_NAME": "北京市", "OLD_CODE": "101543477", "COLLECT_TIME": 1622263216000, "QY_SRC_TYPE": "0", "hub_crawl_status": 0}, {"RN": 9, "QY_ID": "002105291240513470", "QY_ORG_CODE": "911101131025455469", "QY_NAME": "北京迅达成消防工程有限责任公司", "QY_FR_NAME": "茹彬", "QY_REGION": "110000", "QY_REGION_NAME": "北京市", "OLD_CODE": "102545546", "COLLECT_TIME": 1622263229000, "QY_SRC_TYPE": "0", "hub_crawl_status": 0}, {"RN": 10, "QY_ID": "002105291240526805", "QY_ORG_CODE": "911101016000153884", "QY_NAME": "北京华安北海机电工程有限公司", "QY_FR_NAME": "刘伟", "QY_REGION": "110000", "QY_REGION_NAME": "北京市", "OLD_CODE": "600015388", "COLLECT_TIME": 1622263236000, "QY_SRC_TYPE": "0", "hub_crawl_status": 0}, {"RN": 11, "QY_ID": "002105291240528101", "QY_ORG_CODE": "91110113600025615Q", "QY_NAME": "首安工业消防有限公司", "QY_FR_NAME": "李伟刚", "QY_REGION": "110000", "QY_REGION_NAME": "北京市", "OLD_CODE": "600025615", "COLLECT_TIME": 1622263237000, "QY_SRC_TYPE": "0", "hub_crawl_status": 0}, {"RN": 12, "QY_ID": "002105291240532266", "QY_ORG_CODE": "911101051013901089", "QY_NAME": "北京四海消防工程有限公司", "QY_FR_NAME": "郑玉焜", "QY_REGION": "110000", "QY_REGION_NAME": "北京市", "OLD_CODE": "101390108", "COLLECT_TIME": 1622263240000, "QY_SRC_TYPE": "0", "hub_crawl_status": 0}, {"RN": 13, "QY_ID": "002105291240539138", "QY_ORG_CODE": "91110107633763972C", "QY_NAME": "北京金海龙机电工程有限责任公司", "QY_FR_NAME": "刘宁", "QY_REGION": "110000", "QY_REGION_NAME": "北京市", "OLD_CODE": "633763972", "COLLECT_TIME": 1622263245000, "QY_SRC_TYPE": "0", "hub_crawl_status": 0}, {"RN": 14, "QY_ID": "002105291240541032", "QY_ORG_CODE": "911101086337132038", "QY_NAME": "北京市航安百校建筑智能系统工程有限公司", "QY_FR_NAME": "江卫民", "QY_REGION": "110000", "QY_REGION_NAME": "北京市", "OLD_CODE": "633713203", "COLLECT_TIME": 1622263246000, "QY_SRC_TYPE": "0", "hub_crawl_status": 0}, {"RN": 15, "QY_ID": "002105291240541420", "QY_ORG_CODE": "91110101634308058L", "QY_NAME": "北京华祺洋消防安全有限公司", "QY_FR_NAME": "孟庆国", "QY_REGION": "110100", "QY_REGION_NAME": "北京市-市辖区", "OLD_CODE": "634308058", "COLLECT_TIME": 1622263246000, "QY_SRC_TYPE": "0", "hub_crawl_status": 0}]