[{"RN": 1, "QY_ID": "002105291241593827", "QY_ORG_CODE": "91110000717843400B", "QY_NAME": "中国建筑设计研究院有限公司", "QY_FR_NAME": "宋源", "QY_REGION": "110100", "QY_REGION_NAME": "北京市-市辖区", "OLD_CODE": "717843400", "COLLECT_TIME": 1622263282000, "QY_SRC_TYPE": "0", "hub_crawl_status": 0}, {"RN": 2, "QY_ID": "002105291248654923", "QY_ORG_CODE": "91110000100001916P", "QY_NAME": "中国公路工程咨询集团有限公司", "QY_FR_NAME": "崔玉萍", "QY_REGION": "110100", "QY_REGION_NAME": "北京市-市辖区", "OLD_CODE": "100001916", "COLLECT_TIME": 1622263688000, "QY_SRC_TYPE": "0", "hub_crawl_status": 0}, {"RN": 3, "QY_ID": "002105291254741379", "QY_ORG_CODE": "91110107746722261A", "QY_NAME": "中外建华诚工程技术集团有限公司", "QY_FR_NAME": "李元", "QY_REGION": "110000", "QY_REGION_NAME": "北京市", "OLD_CODE": "746722261", "COLLECT_TIME": 1622264072000, "QY_SRC_TYPE": "0", "hub_crawl_status": 0}]