[{"RN": 16, "QY_ID": "002105291241621677", "QY_ORG_CODE": "91110105710930851H", "QY_NAME": "中国中轻国际工程有限公司", "QY_FR_NAME": "柳炜", "QY_REGION": "110000", "QY_REGION_NAME": "北京市", "OLD_CODE": "710930851", "COLLECT_TIME": 1622263308000, "QY_SRC_TYPE": "0", "hub_crawl_status": 0}, {"RN": 17, "QY_ID": "002105291242635809", "QY_ORG_CODE": "91110106766754842Q", "QY_NAME": "北京中电联环保股份有限公司", "QY_FR_NAME": "刘学良", "QY_REGION": "110000", "QY_REGION_NAME": "北京市", "OLD_CODE": "766754842", "COLLECT_TIME": 1622263328000, "QY_SRC_TYPE": "0", "hub_crawl_status": 0}, {"RN": 18, "QY_ID": "002105291242642650", "QY_ORG_CODE": "911100007109292609", "QY_NAME": "中煤科工集团北京华宇工程有限公司", "QY_FR_NAME": "任有福", "QY_REGION": "110000", "QY_REGION_NAME": "北京市", "OLD_CODE": "710929260", "COLLECT_TIME": 1622263343000, "QY_SRC_TYPE": "0", "hub_crawl_status": 0}, {"RN": 19, "QY_ID": "002105291248654184", "QY_ORG_CODE": "91110102625910098Q", "QY_NAME": "五洲富士化水工程有限公司", "QY_FR_NAME": "桶谷智", "QY_REGION": "110000", "QY_REGION_NAME": "北京市", "OLD_CODE": "625910098", "COLLECT_TIME": 1622263687000, "QY_SRC_TYPE": "0", "hub_crawl_status": 0}, {"RN": 20, "QY_ID": "002105291248657650", "QY_ORG_CODE": "9111010674008510XK", "QY_NAME": "北京博奇电力科技有限公司", "QY_FR_NAME": "曾之俊", "QY_REGION": "110000", "QY_REGION_NAME": "北京市", "OLD_CODE": "74008510X", "COLLECT_TIME": 1622263690000, "QY_SRC_TYPE": "0", "hub_crawl_status": 0}, {"RN": 21, "QY_ID": "002105291248683397", "QY_ORG_CODE": "91110105400841941E", "QY_NAME": "北京建都设计研究院有限责任公司", "QY_FR_NAME": "蒋向军", "QY_REGION": "110000", "QY_REGION_NAME": "北京市", "OLD_CODE": "400841941", "COLLECT_TIME": 1622263715000, "QY_SRC_TYPE": "0", "hub_crawl_status": 0}, {"RN": 22, "QY_ID": "002105291248689874", "QY_ORG_CODE": "91110108055561016N", "QY_NAME": "北京佰能蓝天科技股份有限公司", "QY_FR_NAME": "陈立刚", "QY_REGION": "110000", "QY_REGION_NAME": "北京市", "OLD_CODE": "055561016", "COLLECT_TIME": 1622263722000, "QY_SRC_TYPE": "0", "hub_crawl_status": 0}, {"RN": 23, "QY_ID": "002105291248699462", "QY_ORG_CODE": "91110108569519237X", "QY_NAME": "北京龙电宏泰环保科技有限公司", "QY_FR_NAME": "项光明", "QY_REGION": "110000", "QY_REGION_NAME": "北京市", "OLD_CODE": "569519237", "COLLECT_TIME": 1622263737000, "QY_SRC_TYPE": "0", "hub_crawl_status": 0}, {"RN": 24, "QY_ID": "002105291249706079", "QY_ORG_CODE": "91110106587714554K", "QY_NAME": "北京中航泰达环保科技股份有限公司", "QY_FR_NAME": "刘斌", "QY_REGION": "110000", "QY_REGION_NAME": "北京市", "OLD_CODE": "587714554", "COLLECT_TIME": 1622263746000, "QY_SRC_TYPE": "0", "hub_crawl_status": 0}, {"RN": 25, "QY_ID": "002105291249708329", "QY_ORG_CODE": "9111010867662100XY", "QY_NAME": "北京北科欧远科技有限公司", "QY_FR_NAME": "王东", "QY_REGION": "110100", "QY_REGION_NAME": "北京市-市辖区", "OLD_CODE": "67662100X", "COLLECT_TIME": 1622263751000, "QY_SRC_TYPE": "0", "hub_crawl_status": 0}, {"RN": 26, "QY_ID": "002105291254736622", "QY_ORG_CODE": "911101087334777386", "QY_NAME": "北京北方节能环保有限公司", "QY_FR_NAME": "辛永献", "QY_REGION": "110000", "QY_REGION_NAME": "北京市", "OLD_CODE": "733477738", "COLLECT_TIME": 1622264067000, "QY_SRC_TYPE": "0", "hub_crawl_status": 0}, {"RN": 27, "QY_ID": "002105291254752916", "QY_ORG_CODE": "12100000425008729F", "QY_NAME": "中国船舶重工集团公司第七一一研究所", "QY_FR_NAME": "董建福", "QY_REGION": "110000", "QY_REGION_NAME": "北京市", "OLD_CODE": "425008729", "COLLECT_TIME": 1622264084000, "QY_SRC_TYPE": "0", "hub_crawl_status": 0}, {"RN": 28, "QY_ID": "002105291322984943", "QY_ORG_CODE": "91110108726367469H", "QY_NAME": "国能朗新明环保科技有限公司", "QY_FR_NAME": "徐志清", "QY_REGION": "110000", "QY_REGION_NAME": "北京市", "OLD_CODE": "726367469", "COLLECT_TIME": 1622265737000, "QY_SRC_TYPE": "0", "hub_crawl_status": 0}, {"RN": 29, "QY_ID": "002105291328026744", "QY_ORG_CODE": "91110108788600297J", "QY_NAME": "国能龙源环保有限公司", "QY_FR_NAME": "赵喆", "QY_REGION": "110000", "QY_REGION_NAME": "北京市", "OLD_CODE": "788600297", "COLLECT_TIME": 1622266085000, "QY_SRC_TYPE": "0", "hub_crawl_status": 0}, {"RN": 30, "QY_ID": "002110251910205154", "QY_ORG_CODE": "91110108MA01TDCE2W", "QY_NAME": "北京融合环保有限公司", "QY_FR_NAME": "郭炜", "QY_REGION": "110100", "QY_REGION_NAME": "北京市-市辖区", "OLD_CODE": "MA01TDCE2", "COLLECT_TIME": 1635160223000, "QY_SRC_TYPE": "0", "hub_crawl_status": 0}]