[{"RN": 1, "QY_ID": "002105291239453592", "QY_ORG_CODE": "91110000717830079A", "QY_NAME": "大唐环境产业集团股份有限公司", "QY_FR_NAME": "金耀华", "QY_REGION": "110000", "QY_REGION_NAME": "北京市", "OLD_CODE": "717830079", "COLLECT_TIME": 1622263197000, "QY_SRC_TYPE": "0", "hub_crawl_status": 0}, {"RN": 2, "QY_ID": "002105291240470407", "QY_ORG_CODE": "91110102102087928N", "QY_NAME": "北京实华油海工程技术有限公司", "QY_FR_NAME": "郑立军", "QY_REGION": "110000", "QY_REGION_NAME": "北京市", "OLD_CODE": "102087928", "COLLECT_TIME": 1622263206000, "QY_SRC_TYPE": "0", "hub_crawl_status": 0}, {"RN": 3, "QY_ID": "002105291240495267", "QY_ORG_CODE": "911101085514354300", "QY_NAME": "北京中能诺泰节能环保技术有限责任公司", "QY_FR_NAME": "丁康", "QY_REGION": "110000", "QY_REGION_NAME": "北京市", "OLD_CODE": "551435430", "COLLECT_TIME": 1622263218000, "QY_SRC_TYPE": "0", "hub_crawl_status": 0}, {"RN": 4, "QY_ID": "002105291240495436", "QY_ORG_CODE": "911101065877336329", "QY_NAME": "北京国能中电节能环保技术股份有限公司", "QY_FR_NAME": "白云峰", "QY_REGION": "110000", "QY_REGION_NAME": "北京市", "OLD_CODE": "587733632", "COLLECT_TIME": 1622263218000, "QY_SRC_TYPE": "0", "hub_crawl_status": 0}, {"RN": 5, "QY_ID": "002105291240514229", "QY_ORG_CODE": "9111010810195169X3", "QY_NAME": "中冶节能环保有限责任公司", "QY_FR_NAME": "李惊涛", "QY_REGION": "110000", "QY_REGION_NAME": "北京市", "OLD_CODE": "10195169X", "COLLECT_TIME": 1622263229000, "QY_SRC_TYPE": "0", "hub_crawl_status": 0}, {"RN": 6, "QY_ID": "002105291240530410", "QY_ORG_CODE": "911101085604494477", "QY_NAME": "北京龙腾华创环境能源技术有限公司", "QY_FR_NAME": "马文军", "QY_REGION": "110000", "QY_REGION_NAME": "北京市", "OLD_CODE": "560449447", "COLLECT_TIME": 1622263238000, "QY_SRC_TYPE": "0", "hub_crawl_status": 0}, {"RN": 7, "QY_ID": "002105291240539454", "QY_ORG_CODE": "9111010910236944X9", "QY_NAME": "北京利德衡环保工程有限公司", "QY_FR_NAME": "卢来印", "QY_REGION": "110000", "QY_REGION_NAME": "北京市", "OLD_CODE": "10236944X", "COLLECT_TIME": 1622263245000, "QY_SRC_TYPE": "0", "hub_crawl_status": 0}, {"RN": 8, "QY_ID": "002105291241567874", "QY_ORG_CODE": "91110102101576244C", "QY_NAME": "北京华能达电力技术应用有限责任公司", "QY_FR_NAME": "马利君", "QY_REGION": "110000", "QY_REGION_NAME": "北京市", "OLD_CODE": "101576244", "COLLECT_TIME": 1622263263000, "QY_SRC_TYPE": "0", "hub_crawl_status": 0}, {"RN": 9, "QY_ID": "002105291241573510", "QY_ORG_CODE": "911103027655015019", "QY_NAME": "北京龙源环保工程有限公司", "QY_FR_NAME": "何强", "QY_REGION": "110000", "QY_REGION_NAME": "北京市", "OLD_CODE": "765501501", "COLLECT_TIME": 1622263267000, "QY_SRC_TYPE": "0", "hub_crawl_status": 0}, {"RN": 10, "QY_ID": "002105291241578037", "QY_ORG_CODE": "91110106710921402N", "QY_NAME": "华电环保系统工程有限公司", "QY_FR_NAME": "白永锋", "QY_REGION": "110000", "QY_REGION_NAME": "北京市", "OLD_CODE": "710921402", "COLLECT_TIME": 1622263270000, "QY_SRC_TYPE": "0", "hub_crawl_status": 0}, {"RN": 11, "QY_ID": "002105291241581942", "QY_ORG_CODE": "91110106565787015H", "QY_NAME": "北京慧宇伟业国际环境工程有限公司", "QY_FR_NAME": "袁俊强", "QY_REGION": "110100", "QY_REGION_NAME": "北京市-市辖区", "OLD_CODE": "565787015", "COLLECT_TIME": 1622263273000, "QY_SRC_TYPE": "0", "hub_crawl_status": 0}, {"RN": 12, "QY_ID": "002105291241582888", "QY_ORG_CODE": "911101087541503206", "QY_NAME": "同方环境股份有限公司", "QY_FR_NAME": "薛霖", "QY_REGION": "110100", "QY_REGION_NAME": "北京市-市辖区", "OLD_CODE": "754150320", "COLLECT_TIME": 1622263273000, "QY_SRC_TYPE": "0", "hub_crawl_status": 0}, {"RN": 13, "QY_ID": "002105291241587484", "QY_ORG_CODE": "911100001000114958", "QY_NAME": "中国华电科工集团有限公司", "QY_FR_NAME": "文端超", "QY_REGION": "110000", "QY_REGION_NAME": "北京市", "OLD_CODE": "100011495", "COLLECT_TIME": 1622263277000, "QY_SRC_TYPE": "0", "hub_crawl_status": 0}, {"RN": 14, "QY_ID": "002105291241587738", "QY_ORG_CODE": "91110000710931686J", "QY_NAME": "世源科技工程有限公司", "QY_FR_NAME": "黄文胜", "QY_REGION": "110100", "QY_REGION_NAME": "北京市-市辖区", "OLD_CODE": "710931686", "COLLECT_TIME": 1622263278000, "QY_SRC_TYPE": "0", "hub_crawl_status": 0}, {"RN": 15, "QY_ID": "002105291241613204", "QY_ORG_CODE": "91110000X003879117", "QY_NAME": "北京清新环境技术股份有限公司", "QY_FR_NAME": "邹艾艾", "QY_REGION": "110000", "QY_REGION_NAME": "北京市", "OLD_CODE": "X00387911", "COLLECT_TIME": 1622263300000, "QY_SRC_TYPE": "0", "hub_crawl_status": 0}]