[{"RN": 1, "QY_ID": "002105291239452159", "QY_ORG_CODE": "91110108752191073D", "QY_NAME": "北京中网华通设计咨询有限公司", "QY_FR_NAME": "张朝晖", "QY_REGION": "110000", "QY_REGION_NAME": "北京市", "OLD_CODE": "752191073", "COLLECT_TIME": 1622263196000, "QY_SRC_TYPE": "0", "hub_crawl_status": 0}, {"RN": 2, "QY_ID": "002105291239452558", "QY_ORG_CODE": "91110000710932486E", "QY_NAME": "中国移动通信集团设计院有限公司", "QY_FR_NAME": "孙卫东", "QY_REGION": "110000", "QY_REGION_NAME": "北京市", "OLD_CODE": "710932486", "COLLECT_TIME": 1622263196000, "QY_SRC_TYPE": "0", "hub_crawl_status": 0}, {"RN": 3, "QY_ID": "002105291239453005", "QY_ORG_CODE": "91110000170054458G", "QY_NAME": "中讯邮电咨询设计院有限公司", "QY_FR_NAME": "张涌", "QY_REGION": "110000", "QY_REGION_NAME": "北京市", "OLD_CODE": "170054458", "COLLECT_TIME": 1622263197000, "QY_SRC_TYPE": "0", "hub_crawl_status": 0}]