[{"RN": 1, "QY_ID": "002105291239453281", "QY_ORG_CODE": "91110108700007035U", "QY_NAME": "北京永新环保有限公司", "QY_FR_NAME": "金永生", "QY_REGION": "110000", "QY_REGION_NAME": "北京市", "OLD_CODE": "700007035", "COLLECT_TIME": 1622263197000, "QY_SRC_TYPE": "0", "hub_crawl_status": 0}, {"RN": 2, "QY_ID": "002105291241599514", "QY_ORG_CODE": "91110102400708526T", "QY_NAME": "北京市煤气热力工程设计院有限公司", "QY_FR_NAME": "王建国", "QY_REGION": "110000", "QY_REGION_NAME": "北京市", "OLD_CODE": "400708526", "COLLECT_TIME": 1622263286000, "QY_SRC_TYPE": "0", "hub_crawl_status": 0}, {"RN": 3, "QY_ID": "002105291241611851", "QY_ORG_CODE": "91110112666935849M", "QY_NAME": "北京环境工程技术有限公司", "QY_FR_NAME": "王进安", "QY_REGION": "110000", "QY_REGION_NAME": "北京市", "OLD_CODE": "666935849", "COLLECT_TIME": 1622263298000, "QY_SRC_TYPE": "0", "hub_crawl_status": 0}, {"RN": 4, "QY_ID": "002105291242642650", "QY_ORG_CODE": "911100007109292609", "QY_NAME": "中煤科工集团北京华宇工程有限公司", "QY_FR_NAME": "任有福", "QY_REGION": "110000", "QY_REGION_NAME": "北京市", "OLD_CODE": "710929260", "COLLECT_TIME": 1622263343000, "QY_SRC_TYPE": "0", "hub_crawl_status": 0}, {"RN": 5, "QY_ID": "002105291248672810", "QY_ORG_CODE": "911101057065650114", "QY_NAME": "中机十院国际工程有限公司", "QY_FR_NAME": "郝宏伟", "QY_REGION": "110000", "QY_REGION_NAME": "北京市", "OLD_CODE": "706565011", "COLLECT_TIME": 1622263704000, "QY_SRC_TYPE": "0", "hub_crawl_status": 0}, {"RN": 6, "QY_ID": "002105291249703164", "QY_ORG_CODE": "91110114MA017LLH6Y", "QY_NAME": "神华工程技术有限公司", "QY_FR_NAME": "彭晓春", "QY_REGION": "110000", "QY_REGION_NAME": "北京市", "OLD_CODE": "MA017LLH6", "COLLECT_TIME": 1622263743000, "QY_SRC_TYPE": "0", "hub_crawl_status": 0}, {"RN": 7, "QY_ID": "002105291254718858", "QY_ORG_CODE": "91110000100009432T", "QY_NAME": "中国航空工业新能源投资有限公司", "QY_FR_NAME": "方近勇", "QY_REGION": "110000", "QY_REGION_NAME": "北京市", "OLD_CODE": "100009432", "COLLECT_TIME": 1622264047000, "QY_SRC_TYPE": "0", "hub_crawl_status": 0}, {"RN": 8, "QY_ID": "002105291254753441", "QY_ORG_CODE": "9111010572398279XG", "QY_NAME": "北京东方利禾景观设计有限公司", "QY_FR_NAME": "刘旭", "QY_REGION": "110000", "QY_REGION_NAME": "北京市", "OLD_CODE": "72398279X", "COLLECT_TIME": 1622264085000, "QY_SRC_TYPE": "0", "hub_crawl_status": 0}, {"RN": 9, "QY_ID": "002105291258784554", "QY_ORG_CODE": "91110000717824744L", "QY_NAME": "林产工业规划设计院", "QY_FR_NAME": "周岩", "QY_REGION": "110000", "QY_REGION_NAME": "北京市", "OLD_CODE": "717824744", "COLLECT_TIME": 1622264310000, "QY_SRC_TYPE": "0", "hub_crawl_status": 0}]