[{"RN": 1, "QY_ID": "002105291241563890", "QY_ORG_CODE": "91110113569543317L", "QY_NAME": "北京盛禾川水利规划设计院有限公司", "QY_FR_NAME": "葛立东", "QY_REGION": "110100", "QY_REGION_NAME": "北京市-市辖区", "OLD_CODE": "569543317", "COLLECT_TIME": 1622263260000, "QY_SRC_TYPE": "0", "hub_crawl_status": 0}, {"RN": 2, "QY_ID": "002105291254753441", "QY_ORG_CODE": "9111010572398279XG", "QY_NAME": "北京东方利禾景观设计有限公司", "QY_FR_NAME": "刘旭", "QY_REGION": "110000", "QY_REGION_NAME": "北京市", "OLD_CODE": "72398279X", "COLLECT_TIME": 1622264085000, "QY_SRC_TYPE": "0", "hub_crawl_status": 0}, {"RN": 3, "QY_ID": "002105291258787075", "QY_ORG_CODE": "91110108102010461N", "QY_NAME": "清华大学建筑设计研究院有限公司", "QY_FR_NAME": "庄惟敏", "QY_REGION": "110000", "QY_REGION_NAME": "北京市", "OLD_CODE": "102010461", "COLLECT_TIME": 1622264312000, "QY_SRC_TYPE": "0", "hub_crawl_status": 0}, {"RN": 4, "QY_ID": "002105291259836602", "QY_ORG_CODE": "911101057493755411", "QY_NAME": "北京友馨绘水利工程设计有限责任公司", "QY_FR_NAME": "滕兆国", "QY_REGION": "110000", "QY_REGION_NAME": "北京市", "OLD_CODE": "749375541", "COLLECT_TIME": 1622264371000, "QY_SRC_TYPE": "0", "hub_crawl_status": 0}]