[{"QY_FR_NAME": "牛保瑛", "QY_REGION": "110000", "QY_NAME": "北京方法科技发展有限公司", "QY_REGION_NAME": "北京市", "QY_ORG_CODE": "911101087832087555", "COLLECT_TIME": 1622263269000, "RN": 31, "QY_ID": "002105291241576355", "QY_SRC_TYPE": "0", "OLD_CODE": "783208755", "hub_crawl_status": 0}, {"QY_FR_NAME": "黄敏刚", "QY_REGION": "110000", "QY_NAME": "同方股份有限公司", "QY_REGION_NAME": "北京市", "QY_ORG_CODE": "91110000100026793Y", "COLLECT_TIME": 1622263272000, "RN": 32, "QY_ID": "002105291241580334", "QY_SRC_TYPE": "0", "OLD_CODE": "100026793", "hub_crawl_status": 0}, {"QY_FR_NAME": "张星炜", "QY_REGION": "110000", "QY_NAME": "北京中科软件有限公司", "QY_REGION_NAME": "北京市", "QY_ORG_CODE": "91110108700215002X", "COLLECT_TIME": 1622263272000, "RN": 33, "QY_ID": "002105291241580695", "QY_SRC_TYPE": "0", "OLD_CODE": "700215002", "hub_crawl_status": 0}, {"QY_FR_NAME": "佟强", "QY_REGION": "110100", "QY_NAME": "北京北航天华时代科技有限公司", "QY_REGION_NAME": "北京市-市辖区", "QY_ORG_CODE": "91110108738212472X", "COLLECT_TIME": 1622263273000, "RN": 34, "QY_ID": "002105291241582097", "QY_SRC_TYPE": "0", "OLD_CODE": "738212472", "hub_crawl_status": 0}, {"QY_FR_NAME": "孙国政", "QY_REGION": "110000", "QY_NAME": "中电系统建设工程有限公司", "QY_REGION_NAME": "北京市", "QY_ORG_CODE": "91110111MA0192W9XD", "COLLECT_TIME": 1622263275000, "RN": 35, "QY_ID": "002105291241584678", "QY_SRC_TYPE": "0", "OLD_CODE": "MA0192W9X", "hub_crawl_status": 0}, {"QY_FR_NAME": "王子宗", "QY_REGION": "110000", "QY_NAME": "石化盈科信息技术有限责任公司", "QY_REGION_NAME": "北京市", "QY_ORG_CODE": "91110108735130113M", "COLLECT_TIME": 1622263276000, "RN": 36, "QY_ID": "002105291241585772", "QY_SRC_TYPE": "0", "OLD_CODE": "735130113", "hub_crawl_status": 0}, {"QY_FR_NAME": "韩晓东", "QY_REGION": "110000", "QY_NAME": "北京京仪自动化系统工程研究设计院有限公司", "QY_REGION_NAME": "北京市", "QY_ORG_CODE": "91110102788959902A", "COLLECT_TIME": 1622263276000, "RN": 37, "QY_ID": "002105291241585897", "QY_SRC_TYPE": "0", "OLD_CODE": "788959902", "hub_crawl_status": 0}, {"QY_FR_NAME": "黄文胜", "QY_REGION": "110100", "QY_NAME": "世源科技工程有限公司", "QY_REGION_NAME": "北京市-市辖区", "QY_ORG_CODE": "91110000710931686J", "COLLECT_TIME": 1622263278000, "RN": 38, "QY_ID": "002105291241587738", "QY_SRC_TYPE": "0", "OLD_CODE": "710931686", "hub_crawl_status": 0}, {"QY_FR_NAME": "李建武", "QY_REGION": "110000", "QY_NAME": "北京城建安装集团有限公司", "QY_REGION_NAME": "北京市", "QY_ORG_CODE": "9111000010110532XK", "COLLECT_TIME": 1622263291000, "RN": 39, "QY_ID": "002105291241603452", "QY_SRC_TYPE": "0", "OLD_CODE": "10110532X", "hub_crawl_status": 0}, {"QY_FR_NAME": "佘谦", "QY_REGION": "110000", "QY_NAME": "北京沃得沃机电安装有限公司", "QY_REGION_NAME": "北京市", "QY_ORG_CODE": "91110108725348258K", "COLLECT_TIME": 1622263294000, "RN": 40, "QY_ID": "002105291241606734", "QY_SRC_TYPE": "0", "OLD_CODE": "725348258", "hub_crawl_status": 0}, {"QY_FR_NAME": "王涛", "QY_REGION": "110000", "QY_NAME": "中网国金集团有限公司", "QY_REGION_NAME": "北京市", "QY_ORG_CODE": "911100007001412694", "COLLECT_TIME": 1622263294000, "RN": 41, "QY_ID": "002105291241606909", "QY_SRC_TYPE": "0", "OLD_CODE": "700141269", "hub_crawl_status": 0}, {"QY_FR_NAME": "葛琳", "QY_REGION": "110000", "QY_NAME": "中安消技术有限公司", "QY_REGION_NAME": "北京市", "QY_ORG_CODE": "911101081030134965", "COLLECT_TIME": 1622263295000, "RN": 42, "QY_ID": "002105291241607493", "QY_SRC_TYPE": "0", "OLD_CODE": "103013496", "hub_crawl_status": 0}, {"QY_FR_NAME": "林小强", "QY_REGION": "110100", "QY_NAME": "华航环境发展有限公司", "QY_REGION_NAME": "北京市-市辖区", "QY_ORG_CODE": "91110000100013773F", "COLLECT_TIME": 1622263297000, "RN": 43, "QY_ID": "002105291241610057", "QY_SRC_TYPE": "0", "OLD_CODE": "100013773", "hub_crawl_status": 0}, {"QY_FR_NAME": "彭志平", "QY_REGION": "110000", "QY_NAME": "北京天川科技发展有限公司", "QY_REGION_NAME": "北京市", "QY_ORG_CODE": "91110108633053807K", "COLLECT_TIME": 1622263298000, "RN": 44, "QY_ID": "002105291241610613", "QY_SRC_TYPE": "0", "OLD_CODE": "633053807", "hub_crawl_status": 0}, {"QY_FR_NAME": "逯金重", "QY_REGION": "110000", "QY_NAME": "北京蓝海华业工程技术有限公司", "QY_REGION_NAME": "北京市", "QY_ORG_CODE": "91110105700091492E", "COLLECT_TIME": 1622263309000, "RN": 45, "QY_ID": "002105291241622261", "QY_SRC_TYPE": "0", "OLD_CODE": "700091492", "hub_crawl_status": 0}]