[{"RN": 1, "QY_ID": "002105291239452104", "QY_ORG_CODE": "911103021011126699", "QY_NAME": "中国通信建设集团设计院有限公司", "QY_FR_NAME": "王睿峰", "QY_REGION": "110000", "QY_REGION_NAME": "北京市", "OLD_CODE": "101112669", "COLLECT_TIME": 1622263196000, "QY_SRC_TYPE": "0", "hub_crawl_status": 0}, {"RN": 2, "QY_ID": "002105291239452341", "QY_ORG_CODE": "911100001017173187", "QY_NAME": "北京住总建设安装工程有限责任公司", "QY_FR_NAME": "王香震", "QY_REGION": "110000", "QY_REGION_NAME": "北京市", "OLD_CODE": "101717318", "COLLECT_TIME": 1622263196000, "QY_SRC_TYPE": "0", "hub_crawl_status": 0}, {"RN": 3, "QY_ID": "002105291239452705", "QY_ORG_CODE": "91110101101463880P", "QY_NAME": "北京市亚太安设备安装有限责任公司", "QY_FR_NAME": "郑贺田", "QY_REGION": "110000", "QY_REGION_NAME": "北京市", "OLD_CODE": "101463880", "COLLECT_TIME": 1622263197000, "QY_SRC_TYPE": "0", "hub_crawl_status": 0}, {"RN": 4, "QY_ID": "002105291239452910", "QY_ORG_CODE": "911101088011499138", "QY_NAME": "北京北控电信通信息技术有限公司", "QY_FR_NAME": "丛春水", "QY_REGION": "110000", "QY_REGION_NAME": "北京市", "OLD_CODE": "801149913", "COLLECT_TIME": 1622263197000, "QY_SRC_TYPE": "0", "hub_crawl_status": 0}, {"RN": 5, "QY_ID": "002105291239453186", "QY_ORG_CODE": "911100007226196221", "QY_NAME": "北京北大青鸟安全系统工程技术有限公司", "QY_FR_NAME": "王卉", "QY_REGION": "110000", "QY_REGION_NAME": "北京市", "OLD_CODE": "722619622", "COLLECT_TIME": 1622263197000, "QY_SRC_TYPE": "0", "hub_crawl_status": 0}, {"RN": 6, "QY_ID": "002105291239453810", "QY_ORG_CODE": "911101087776697660", "QY_NAME": "北京明星信达电子技术有限公司", "QY_FR_NAME": "孙大伟", "QY_REGION": "110000", "QY_REGION_NAME": "北京市", "OLD_CODE": "777669766", "COLLECT_TIME": 1622263197000, "QY_SRC_TYPE": "0", "hub_crawl_status": 0}, {"RN": 7, "QY_ID": "002105291239456761", "QY_ORG_CODE": "91110108100024798Q", "QY_NAME": "中智建设技术工程有限责任公司", "QY_FR_NAME": "林颖", "QY_REGION": "110000", "QY_REGION_NAME": "北京市", "OLD_CODE": "100024798", "COLLECT_TIME": 1622263199000, "QY_SRC_TYPE": "0", "hub_crawl_status": 0}, {"RN": 8, "QY_ID": "002105291239456772", "QY_ORG_CODE": "911101081013894496", "QY_NAME": "北京国安电气有限责任公司", "QY_FR_NAME": "罗襄屏", "QY_REGION": "110000", "QY_REGION_NAME": "北京市", "OLD_CODE": "101389449", "COLLECT_TIME": 1622263199000, "QY_SRC_TYPE": "0", "hub_crawl_status": 0}, {"RN": 9, "QY_ID": "002105291240461175", "QY_ORG_CODE": "91110108600033623M", "QY_NAME": "北京安迪盛安全系统自动化有限公司", "QY_FR_NAME": "郑会余", "QY_REGION": "110000", "QY_REGION_NAME": "北京市", "OLD_CODE": "600033623", "COLLECT_TIME": 1622263201000, "QY_SRC_TYPE": "0", "hub_crawl_status": 0}, {"RN": 10, "QY_ID": "002105291240462475", "QY_ORG_CODE": "9111010675822215XD", "QY_NAME": "北京中鼎立天电子科技发展有限公司", "QY_FR_NAME": "常建岭", "QY_REGION": "110000", "QY_REGION_NAME": "北京市", "OLD_CODE": "75822215X", "COLLECT_TIME": 1622263202000, "QY_SRC_TYPE": "0", "hub_crawl_status": 0}, {"RN": 11, "QY_ID": "002105291240462864", "QY_ORG_CODE": "91110105600059444Y", "QY_NAME": "施耐德长城工程（北京）有限公司", "QY_FR_NAME": "富耀宗", "QY_REGION": "110000", "QY_REGION_NAME": "北京市", "OLD_CODE": "600059444", "COLLECT_TIME": 1622263202000, "QY_SRC_TYPE": "0", "hub_crawl_status": 0}, {"RN": 12, "QY_ID": "002105291240472799", "QY_ORG_CODE": "911101087693917686", "QY_NAME": "北京北方安恒利数码技术有限公司", "QY_FR_NAME": "郭丽梅", "QY_REGION": "110000", "QY_REGION_NAME": "北京市", "OLD_CODE": "769391768", "COLLECT_TIME": 1622263207000, "QY_SRC_TYPE": "0", "hub_crawl_status": 0}, {"RN": 13, "QY_ID": "002105291240491822", "QY_ORG_CODE": "911101061015434771", "QY_NAME": "北京城建天宁消防有限责任公司", "QY_FR_NAME": "粟付芃", "QY_REGION": "110000", "QY_REGION_NAME": "北京市", "OLD_CODE": "101543477", "COLLECT_TIME": 1622263216000, "QY_SRC_TYPE": "0", "hub_crawl_status": 0}, {"RN": 14, "QY_ID": "002105291240496114", "QY_ORG_CODE": "911101081019172648", "QY_NAME": "北京科计通电子工程有限公司", "QY_FR_NAME": "张根来", "QY_REGION": "110000", "QY_REGION_NAME": "北京市", "OLD_CODE": "101917264", "COLLECT_TIME": 1622263219000, "QY_SRC_TYPE": "0", "hub_crawl_status": 0}, {"RN": 15, "QY_ID": "002105291240502674", "QY_ORG_CODE": "911101161012062007", "QY_NAME": "北京国信桥通信工程有限公司", "QY_FR_NAME": "谷俊平", "QY_REGION": "110000", "QY_REGION_NAME": "北京市", "OLD_CODE": "101206200", "COLLECT_TIME": 1622263223000, "QY_SRC_TYPE": "0", "hub_crawl_status": 0}]