[{"RN": 16, "QY_ID": "002105291240504929", "QY_ORG_CODE": "911103026336518153", "QY_NAME": "北京泰豪智能工程有限公司", "QY_FR_NAME": "邹卫明", "QY_REGION": "110000", "QY_REGION_NAME": "北京市", "OLD_CODE": "633651815", "COLLECT_TIME": 1622263224000, "QY_SRC_TYPE": "0", "hub_crawl_status": 0}, {"RN": 17, "QY_ID": "002105291240506526", "QY_ORG_CODE": "911101086336912514", "QY_NAME": "北京华科建筑智能系统工程有限公司", "QY_FR_NAME": "朱信钰", "QY_REGION": "110100", "QY_REGION_NAME": "北京市-市辖区", "OLD_CODE": "633691251", "COLLECT_TIME": 1622263225000, "QY_SRC_TYPE": "0", "hub_crawl_status": 0}, {"RN": 18, "QY_ID": "002105291240508810", "QY_ORG_CODE": "91110105700222464P", "QY_NAME": "北京中建智能建筑系统集成有限公司", "QY_FR_NAME": "孙凯华", "QY_REGION": "110000", "QY_REGION_NAME": "北京市", "OLD_CODE": "700222464", "COLLECT_TIME": 1622263226000, "QY_SRC_TYPE": "0", "hub_crawl_status": 0}, {"RN": 19, "QY_ID": "002105291240514564", "QY_ORG_CODE": "911101026259046327", "QY_NAME": "北京中加集成智能系统工程有限公司", "QY_FR_NAME": "阎利宏", "QY_REGION": "110000", "QY_REGION_NAME": "北京市", "OLD_CODE": "625904632", "COLLECT_TIME": 1622263229000, "QY_SRC_TYPE": "0", "hub_crawl_status": 0}, {"RN": 20, "QY_ID": "002105291240515520", "QY_ORG_CODE": "911101061016946114", "QY_NAME": "北京瑞拓电子技术发展有限公司", "QY_FR_NAME": "龚军", "QY_REGION": "110000", "QY_REGION_NAME": "北京市", "OLD_CODE": "101694611", "COLLECT_TIME": 1622263230000, "QY_SRC_TYPE": "0", "hub_crawl_status": 0}, {"RN": 21, "QY_ID": "002105291240516612", "QY_ORG_CODE": "91110000101389916D", "QY_NAME": "北京市设备安装工程集团有限公司", "QY_FR_NAME": "桑振宇", "QY_REGION": "110000", "QY_REGION_NAME": "北京市", "OLD_CODE": "101389916", "COLLECT_TIME": 1622263230000, "QY_SRC_TYPE": "0", "hub_crawl_status": 0}, {"RN": 22, "QY_ID": "002105291240518621", "QY_ORG_CODE": "911101086000115043", "QY_NAME": "北京江森自控有限公司", "QY_FR_NAME": "朱永焕", "QY_REGION": "110000", "QY_REGION_NAME": "北京市", "OLD_CODE": "600011504", "COLLECT_TIME": 1622263231000, "QY_SRC_TYPE": "0", "hub_crawl_status": 0}, {"RN": 23, "QY_ID": "002105291240524770", "QY_ORG_CODE": "91110108101988695J", "QY_NAME": "普天信息工程设计服务有限公司", "QY_FR_NAME": "王栋", "QY_REGION": "110100", "QY_REGION_NAME": "北京市-市辖区", "OLD_CODE": "101988695", "COLLECT_TIME": 1622263235000, "QY_SRC_TYPE": "0", "hub_crawl_status": 0}, {"RN": 24, "QY_ID": "002105291240526805", "QY_ORG_CODE": "911101016000153884", "QY_NAME": "北京华安北海机电工程有限公司", "QY_FR_NAME": "刘伟", "QY_REGION": "110000", "QY_REGION_NAME": "北京市", "OLD_CODE": "600015388", "COLLECT_TIME": 1622263236000, "QY_SRC_TYPE": "0", "hub_crawl_status": 0}, {"RN": 25, "QY_ID": "002105291240526843", "QY_ORG_CODE": "91110102101400097B", "QY_NAME": "北京市电话工程有限公司", "QY_FR_NAME": "王明辉", "QY_REGION": "110000", "QY_REGION_NAME": "北京市", "OLD_CODE": "101400097", "COLLECT_TIME": 1622263236000, "QY_SRC_TYPE": "0", "hub_crawl_status": 0}, {"RN": 26, "QY_ID": "002105291240541421", "QY_ORG_CODE": "911101087002225799", "QY_NAME": "北京科海致能科技有限公司", "QY_FR_NAME": "夏清", "QY_REGION": "110000", "QY_REGION_NAME": "北京市", "OLD_CODE": "700222579", "COLLECT_TIME": 1622263246000, "QY_SRC_TYPE": "0", "hub_crawl_status": 0}, {"RN": 27, "QY_ID": "002105291240544472", "QY_ORG_CODE": "91110108633699288N", "QY_NAME": "北京银泰永辉智能科技有限公司", "QY_FR_NAME": "邓勇", "QY_REGION": "110100", "QY_REGION_NAME": "北京市-市辖区", "OLD_CODE": "633699288", "COLLECT_TIME": 1622263248000, "QY_SRC_TYPE": "0", "hub_crawl_status": 0}, {"RN": 28, "QY_ID": "002105291240544857", "QY_ORG_CODE": "91110000100005511E", "QY_NAME": "中国通广电子有限公司", "QY_FR_NAME": "贺亚峰", "QY_REGION": "110000", "QY_REGION_NAME": "北京市", "OLD_CODE": "100005511", "COLLECT_TIME": 1622263248000, "QY_SRC_TYPE": "0", "hub_crawl_status": 0}, {"RN": 29, "QY_ID": "002105291240557901", "QY_ORG_CODE": "91110105600032532B", "QY_NAME": "捷通智慧科技股份有限公司", "QY_FR_NAME": "杨春华", "QY_REGION": "110000", "QY_REGION_NAME": "北京市", "OLD_CODE": "600032532", "COLLECT_TIME": 1622263256000, "QY_SRC_TYPE": "0", "hub_crawl_status": 0}, {"RN": 30, "QY_ID": "002105291241563695", "QY_ORG_CODE": "91110108100018355R", "QY_NAME": "中建电子信息技术有限公司", "QY_FR_NAME": "孙庆军", "QY_REGION": "110000", "QY_REGION_NAME": "北京市", "OLD_CODE": "100018355", "COLLECT_TIME": 1622263260000, "QY_SRC_TYPE": "0", "hub_crawl_status": 0}]