[{"RN": 61, "QY_ID": "002105291248654278", "QY_ORG_CODE": "91110000100001641A", "QY_NAME": "中国自控系统工程有限公司", "QY_FR_NAME": "王兆杰", "QY_REGION": "110000", "QY_REGION_NAME": "北京市", "OLD_CODE": "100001641", "COLLECT_TIME": 1622263687000, "QY_SRC_TYPE": "0", "hub_crawl_status": 0}, {"RN": 62, "QY_ID": "002105291248661142", "QY_ORG_CODE": "91110108633796520M", "QY_NAME": "北京中电兴发科技有限公司", "QY_FR_NAME": "张桂芹", "QY_REGION": "110100", "QY_REGION_NAME": "北京市-市辖区", "OLD_CODE": "633796520", "COLLECT_TIME": 1622263693000, "QY_SRC_TYPE": "0", "hub_crawl_status": 0}, {"RN": 63, "QY_ID": "002105291248664571", "QY_ORG_CODE": "91110228600054539E", "QY_NAME": "北京中山消防保安技术有限公司", "QY_FR_NAME": "俞楚明", "QY_REGION": "110000", "QY_REGION_NAME": "北京市", "OLD_CODE": "600054539", "COLLECT_TIME": 1622263696000, "QY_SRC_TYPE": "0", "hub_crawl_status": 0}, {"RN": 64, "QY_ID": "002105291248667459", "QY_ORG_CODE": "91110102700366011M", "QY_NAME": "北京长信泰康通信技术有限公司", "QY_FR_NAME": "李作灵", "QY_REGION": "110000", "QY_REGION_NAME": "北京市", "OLD_CODE": "700366011", "COLLECT_TIME": 1622263699000, "QY_SRC_TYPE": "0", "hub_crawl_status": 0}, {"RN": 65, "QY_ID": "002105291248675332", "QY_ORG_CODE": "91110108633691809R", "QY_NAME": "北京益泰电子集团有限责任公司", "QY_FR_NAME": "王家彬", "QY_REGION": "110000", "QY_REGION_NAME": "北京市", "OLD_CODE": "633691809", "COLLECT_TIME": 1622263706000, "QY_SRC_TYPE": "0", "hub_crawl_status": 0}, {"RN": 66, "QY_ID": "002105291248676512", "QY_ORG_CODE": "91110000053586105N", "QY_NAME": "通号工程局集团有限公司", "QY_FR_NAME": "万宝华", "QY_REGION": "110100", "QY_REGION_NAME": "北京市-市辖区", "OLD_CODE": "053586105", "COLLECT_TIME": 1622263707000, "QY_SRC_TYPE": "0", "hub_crawl_status": 0}, {"RN": 67, "QY_ID": "002105291248676763", "QY_ORG_CODE": "91110102678780813C", "QY_NAME": "北京中景恒基科技发展有限公司", "QY_FR_NAME": "王伟", "QY_REGION": "110000", "QY_REGION_NAME": "北京市", "OLD_CODE": "678780813", "COLLECT_TIME": 1622263708000, "QY_SRC_TYPE": "0", "hub_crawl_status": 0}, {"RN": 68, "QY_ID": "002105291248678101", "QY_ORG_CODE": "911101177000697113", "QY_NAME": "北京玛斯特系统工程有限公司", "QY_FR_NAME": "李海钧", "QY_REGION": "110000", "QY_REGION_NAME": "北京市", "OLD_CODE": "700069711", "COLLECT_TIME": 1622263709000, "QY_SRC_TYPE": "0", "hub_crawl_status": 0}, {"RN": 69, "QY_ID": "002105291248691338", "QY_ORG_CODE": "911101056000643665", "QY_NAME": "铭基电子技术（北京）有限公司", "QY_FR_NAME": "赵钢", "QY_REGION": "110100", "QY_REGION_NAME": "北京市-市辖区", "OLD_CODE": "600064366", "COLLECT_TIME": 1622263726000, "QY_SRC_TYPE": "0", "hub_crawl_status": 0}, {"RN": 70, "QY_ID": "002105291249705666", "QY_ORG_CODE": "91110106802949779K", "QY_NAME": "北京建自凯科系统工程有限公司", "QY_FR_NAME": "吕明", "QY_REGION": "110000", "QY_REGION_NAME": "北京市", "OLD_CODE": "802949779", "COLLECT_TIME": 1622263746000, "QY_SRC_TYPE": "0", "hub_crawl_status": 0}, {"RN": 71, "QY_ID": "002105291249706146", "QY_ORG_CODE": "91110108721460365G", "QY_NAME": "中安消达明科技有限公司", "QY_FR_NAME": "葛琳", "QY_REGION": "110000", "QY_REGION_NAME": "北京市", "OLD_CODE": "721460365", "COLLECT_TIME": 1622263747000, "QY_SRC_TYPE": "0", "hub_crawl_status": 0}, {"RN": 72, "QY_ID": "002105291249714361", "QY_ORG_CODE": "911101076000040059", "QY_NAME": "北京阿科普机电工程有限公司", "QY_FR_NAME": "黄智勇", "QY_REGION": "110000", "QY_REGION_NAME": "北京市", "OLD_CODE": "600004005", "COLLECT_TIME": 1622263759000, "QY_SRC_TYPE": "0", "hub_crawl_status": 0}, {"RN": 73, "QY_ID": "002105291254715724", "QY_ORG_CODE": "91110108744729267H", "QY_NAME": "千方捷通科技股份有限公司", "QY_FR_NAME": "毛晓光", "QY_REGION": "110000", "QY_REGION_NAME": "北京市", "OLD_CODE": "744729267", "COLLECT_TIME": 1622264045000, "QY_SRC_TYPE": "0", "hub_crawl_status": 0}, {"RN": 74, "QY_ID": "002105291254715907", "QY_ORG_CODE": "91110108X00385772F", "QY_NAME": "北京鼎越工程技术有限责任公司", "QY_FR_NAME": "范旭东", "QY_REGION": "110100", "QY_REGION_NAME": "北京市-市辖区", "OLD_CODE": "X00385772", "COLLECT_TIME": 1622264045000, "QY_SRC_TYPE": "0", "hub_crawl_status": 0}, {"RN": 75, "QY_ID": "002105291254717519", "QY_ORG_CODE": "911101086337860150", "QY_NAME": "北京华埠特克科技发展有限公司", "QY_FR_NAME": "骆德永", "QY_REGION": "110000", "QY_REGION_NAME": "北京市", "OLD_CODE": "633786015", "COLLECT_TIME": 1622264046000, "QY_SRC_TYPE": "0", "hub_crawl_status": 0}]