[{"RN": 46, "QY_ID": "002105291241627961", "QY_ORG_CODE": "91110108101205304F", "QY_NAME": "北京和利时系统工程有限公司", "QY_FR_NAME": "李智", "QY_REGION": "110000", "QY_REGION_NAME": "北京市", "OLD_CODE": "101205304", "COLLECT_TIME": 1622263317000, "QY_SRC_TYPE": "0", "hub_crawl_status": 0}, {"RN": 47, "QY_ID": "002105291241628350", "QY_ORG_CODE": "91110000101137049C", "QY_NAME": "太极计算机股份有限公司", "QY_FR_NAME": "刘学林", "QY_REGION": "110000", "QY_REGION_NAME": "北京市", "OLD_CODE": "101137049", "COLLECT_TIME": 1622263318000, "QY_SRC_TYPE": "0", "hub_crawl_status": 0}, {"RN": 48, "QY_ID": "002105291241628639", "QY_ORG_CODE": "91110108633689784Y", "QY_NAME": "北京通建泰利特智能系统工程技术有限公司", "QY_FR_NAME": "王蚺", "QY_REGION": "110000", "QY_REGION_NAME": "北京市", "OLD_CODE": "633689784", "COLLECT_TIME": 1622263318000, "QY_SRC_TYPE": "0", "hub_crawl_status": 0}, {"RN": 49, "QY_ID": "002105291241630066", "QY_ORG_CODE": "911101070627535779", "QY_NAME": "中核弘盛智能科技有限公司", "QY_FR_NAME": "郑砚军", "QY_REGION": "110000", "QY_REGION_NAME": "北京市", "OLD_CODE": "062753577", "COLLECT_TIME": 1622263319000, "QY_SRC_TYPE": "0", "hub_crawl_status": 0}, {"RN": 50, "QY_ID": "002105291242634373", "QY_ORG_CODE": "91110108802088147M", "QY_NAME": "北京航天天盾信息有限公司", "QY_FR_NAME": "王润江", "QY_REGION": "110000", "QY_REGION_NAME": "北京市", "OLD_CODE": "802088147", "COLLECT_TIME": 1622263326000, "QY_SRC_TYPE": "0", "hub_crawl_status": 0}, {"RN": 51, "QY_ID": "002105291242635959", "QY_ORG_CODE": "91110108802083573Y", "QY_NAME": "北京伟通讯联科技股份有限公司", "QY_FR_NAME": "周昕", "QY_REGION": "110000", "QY_REGION_NAME": "北京市", "OLD_CODE": "802083573", "COLLECT_TIME": 1622263328000, "QY_SRC_TYPE": "0", "hub_crawl_status": 0}, {"RN": 52, "QY_ID": "002105291242638989", "QY_ORG_CODE": "91110106600008567G", "QY_NAME": "富盛科技股份有限公司", "QY_FR_NAME": "陈京", "QY_REGION": "110000", "QY_REGION_NAME": "北京市", "OLD_CODE": "600008567", "COLLECT_TIME": 1622263334000, "QY_SRC_TYPE": "0", "hub_crawl_status": 0}, {"RN": 53, "QY_ID": "002105291242641014", "QY_ORG_CODE": "91110116790652328C", "QY_NAME": "同方泰德国际科技（北京）有限公司", "QY_FR_NAME": "赵晓波", "QY_REGION": "110000", "QY_REGION_NAME": "北京市", "OLD_CODE": "790652328", "COLLECT_TIME": 1622263339000, "QY_SRC_TYPE": "0", "hub_crawl_status": 0}, {"RN": 54, "QY_ID": "002105291242642424", "QY_ORG_CODE": "91110108100016069P", "QY_NAME": "北京航天长峰科技工业集团有限公司", "QY_FR_NAME": "王艳彬", "QY_REGION": "110000", "QY_REGION_NAME": "北京市", "OLD_CODE": "100016069", "COLLECT_TIME": 1622263343000, "QY_SRC_TYPE": "0", "hub_crawl_status": 0}, {"RN": 55, "QY_ID": "002105291242644789", "QY_ORG_CODE": "911101087629870080", "QY_NAME": "北京中科软科技有限公司", "QY_FR_NAME": "左春", "QY_REGION": "110000", "QY_REGION_NAME": "北京市", "OLD_CODE": "762987008", "COLLECT_TIME": 1622263346000, "QY_SRC_TYPE": "0", "hub_crawl_status": 0}, {"RN": 56, "QY_ID": "002105291242645090", "QY_ORG_CODE": "91110116MA01FXPF1A", "QY_NAME": "北京中闰电子工程有限公司", "QY_FR_NAME": "梁骥", "QY_REGION": "110000", "QY_REGION_NAME": "北京市", "OLD_CODE": "MA01FXPF1", "COLLECT_TIME": 1622263347000, "QY_SRC_TYPE": "0", "hub_crawl_status": 0}, {"RN": 57, "QY_ID": "002105291242645213", "QY_ORG_CODE": "911101086337025983", "QY_NAME": "北京恒业世纪科技股份有限公司", "QY_FR_NAME": "刘燕生", "QY_REGION": "110000", "QY_REGION_NAME": "北京市", "OLD_CODE": "633702598", "COLLECT_TIME": 1622263347000, "QY_SRC_TYPE": "0", "hub_crawl_status": 0}, {"RN": 58, "QY_ID": "002105291248651640", "QY_ORG_CODE": "91110108101951796H", "QY_NAME": "北京益泰牡丹电子工程有限责任公司", "QY_FR_NAME": "丁燕", "QY_REGION": "110000", "QY_REGION_NAME": "北京市", "OLD_CODE": "101951796", "COLLECT_TIME": 1622263685000, "QY_SRC_TYPE": "0", "hub_crawl_status": 0}, {"RN": 59, "QY_ID": "002105291248653668", "QY_ORG_CODE": "91110108600003280L", "QY_NAME": "北京亚洲卫星通信技术有限公司", "QY_FR_NAME": "王秀华", "QY_REGION": "110000", "QY_REGION_NAME": "北京市", "OLD_CODE": "600003280", "COLLECT_TIME": 1622263686000, "QY_SRC_TYPE": "0", "hub_crawl_status": 0}, {"RN": 60, "QY_ID": "002105291248653673", "QY_ORG_CODE": "91110105666288389K", "QY_NAME": "北京时代凌宇科技股份有限公司", "QY_FR_NAME": "黄孝斌", "QY_REGION": "110000", "QY_REGION_NAME": "北京市", "OLD_CODE": "666288389", "COLLECT_TIME": 1622263686000, "QY_SRC_TYPE": "0", "hub_crawl_status": 0}]