[{"RN": 76, "QY_ID": "002105291254723981", "QY_ORG_CODE": "911101081019493970", "QY_NAME": "北京长城电子工程技术有限公司", "QY_FR_NAME": "郑鑫", "QY_REGION": "110000", "QY_REGION_NAME": "北京市", "OLD_CODE": "101949397", "COLLECT_TIME": 1622264053000, "QY_SRC_TYPE": "0", "hub_crawl_status": 0}, {"RN": 77, "QY_ID": "002105291254735300", "QY_ORG_CODE": "911101087334896917", "QY_NAME": "北京易豪伟业弱电系统工程技术有限公司", "QY_FR_NAME": "程芳", "QY_REGION": "110000", "QY_REGION_NAME": "北京市", "OLD_CODE": "733489691", "COLLECT_TIME": 1622264066000, "QY_SRC_TYPE": "0", "hub_crawl_status": 0}, {"RN": 78, "QY_ID": "002105291254745049", "QY_ORG_CODE": "911101056337088694", "QY_NAME": "北京中航弱电系统工程有限公司", "QY_FR_NAME": "周晟", "QY_REGION": "110100", "QY_REGION_NAME": "北京市-市辖区", "OLD_CODE": "633708869", "COLLECT_TIME": 1622264076000, "QY_SRC_TYPE": "0", "hub_crawl_status": 0}, {"RN": 79, "QY_ID": "002105291254745832", "QY_ORG_CODE": "91110000742312628D", "QY_NAME": "中铁建工集团建筑安装有限公司", "QY_FR_NAME": "王志江", "QY_REGION": "110000", "QY_REGION_NAME": "北京市", "OLD_CODE": "742312628", "COLLECT_TIME": 1622264077000, "QY_SRC_TYPE": "0", "hub_crawl_status": 0}, {"RN": 80, "QY_ID": "002105291254750606", "QY_ORG_CODE": "911100001000166590", "QY_NAME": "中华通信系统有限责任公司", "QY_FR_NAME": "姚勇", "QY_REGION": "110100", "QY_REGION_NAME": "北京市-市辖区", "OLD_CODE": "100016659", "COLLECT_TIME": 1622264082000, "QY_SRC_TYPE": "0", "hub_crawl_status": 0}, {"RN": 81, "QY_ID": "002105291254758804", "QY_ORG_CODE": "911101083064219166", "QY_NAME": "北京佰能智诚技术有限公司", "QY_FR_NAME": "张洁莹", "QY_REGION": "110100", "QY_REGION_NAME": "北京市-市辖区", "OLD_CODE": "306421916", "COLLECT_TIME": 1622264090000, "QY_SRC_TYPE": "0", "hub_crawl_status": 0}, {"RN": 82, "QY_ID": "002105291255773944", "QY_ORG_CODE": "91110108633618230K", "QY_NAME": "北京飞利信电子技术有限公司", "QY_FR_NAME": "杨惠超", "QY_REGION": "110000", "QY_REGION_NAME": "北京市", "OLD_CODE": "633618230", "COLLECT_TIME": 1622264108000, "QY_SRC_TYPE": "0", "hub_crawl_status": 0}, {"RN": 83, "QY_ID": "002105291255777694", "QY_ORG_CODE": "91110108633693951A", "QY_NAME": "北京市太极华青信息系统有限公司", "QY_FR_NAME": "葛小军", "QY_REGION": "110000", "QY_REGION_NAME": "北京市", "OLD_CODE": "633693951", "COLLECT_TIME": 1622264112000, "QY_SRC_TYPE": "0", "hub_crawl_status": 0}, {"RN": 84, "QY_ID": "002105291305860007", "QY_ORG_CODE": "91110000802085421K", "QY_NAME": "北京易华录信息技术股份有限公司", "QY_FR_NAME": "林拥军", "QY_REGION": "110000", "QY_REGION_NAME": "北京市", "OLD_CODE": "802085421", "COLLECT_TIME": 1622264737000, "QY_SRC_TYPE": "0", "hub_crawl_status": 0}, {"RN": 85, "QY_ID": "002105291306880160", "QY_ORG_CODE": "91110109721450941T", "QY_NAME": "中科朗劢技术有限公司", "QY_FR_NAME": "殷晓东", "QY_REGION": "110000", "QY_REGION_NAME": "北京市", "OLD_CODE": "721450941", "COLLECT_TIME": 1622264761000, "QY_SRC_TYPE": "0", "hub_crawl_status": 0}, {"RN": 86, "QY_ID": "002105291313936024", "QY_ORG_CODE": "91110108802041525J", "QY_NAME": "北京国安信息科技有限公司", "QY_FR_NAME": "吕鹏", "QY_REGION": "110100", "QY_REGION_NAME": "北京市-市辖区", "OLD_CODE": "802041525", "COLLECT_TIME": 1622265199000, "QY_SRC_TYPE": "0", "hub_crawl_status": 0}, {"RN": 87, "QY_ID": "002105291313942042", "QY_ORG_CODE": "911100004008344778", "QY_NAME": "中国交通信息科技集团有限公司", "QY_FR_NAME": "袁航", "QY_REGION": "110100", "QY_REGION_NAME": "北京市-市辖区", "OLD_CODE": "400834477", "COLLECT_TIME": 1622265205000, "QY_SRC_TYPE": "0", "hub_crawl_status": 0}, {"RN": 88, "QY_ID": "002105291336094141", "QY_ORG_CODE": "91110108801442685R", "QY_NAME": "北京航天世纪规划设计院有限公司", "QY_FR_NAME": "徐军", "QY_REGION": "110100", "QY_REGION_NAME": "北京市-市辖区", "OLD_CODE": "801442685", "COLLECT_TIME": 1622266565000, "QY_SRC_TYPE": "0", "hub_crawl_status": 0}]