[{"RN": 166, "QY_ID": "002105291249705379", "QY_ORG_CODE": "91110111MA008QDB4H", "QY_NAME": "丽贝亚建设集团有限公司", "QY_FR_NAME": "张宝宗", "QY_REGION": "110100", "QY_REGION_NAME": "北京市-市辖区", "OLD_CODE": "MA008QDB4", "COLLECT_TIME": 1622263745000, "QY_SRC_TYPE": "0", "hub_crawl_status": 0}, {"RN": 167, "QY_ID": "002105291249705668", "QY_ORG_CODE": "91110105684371733J", "QY_NAME": "北京天元世纪装饰工程设计有限公司", "QY_FR_NAME": "高辉", "QY_REGION": "110000", "QY_REGION_NAME": "北京市", "OLD_CODE": "684371733", "COLLECT_TIME": 1622263746000, "QY_SRC_TYPE": "0", "hub_crawl_status": 0}, {"RN": 168, "QY_ID": "002105291249706608", "QY_ORG_CODE": "911101147226878360", "QY_NAME": "北京众邦展览有限公司", "QY_FR_NAME": "李贺", "QY_REGION": "110000", "QY_REGION_NAME": "北京市", "OLD_CODE": "722687836", "COLLECT_TIME": 1622263747000, "QY_SRC_TYPE": "0", "hub_crawl_status": 0}, {"RN": 169, "QY_ID": "002105291249706692", "QY_ORG_CODE": "91110102567453430H", "QY_NAME": "清元工程设计有限公司", "QY_FR_NAME": "赵华", "QY_REGION": "110000", "QY_REGION_NAME": "北京市", "OLD_CODE": "567453430", "COLLECT_TIME": 1622263747000, "QY_SRC_TYPE": "0", "hub_crawl_status": 0}, {"RN": 170, "QY_ID": "002105291249707234", "QY_ORG_CODE": "91110105733446683C", "QY_NAME": "北京金元建筑装饰工程有限公司", "QY_FR_NAME": "陈铭泉", "QY_REGION": "110000", "QY_REGION_NAME": "北京市", "OLD_CODE": "733446683", "COLLECT_TIME": 1622263749000, "QY_SRC_TYPE": "0", "hub_crawl_status": 0}, {"RN": 171, "QY_ID": "002105291249707527", "QY_ORG_CODE": "91110105721409199U", "QY_NAME": "北京佳饰诺装饰工程有限公司", "QY_FR_NAME": "王耘隆", "QY_REGION": "110000", "QY_REGION_NAME": "北京市", "OLD_CODE": "721409199", "COLLECT_TIME": 1622263749000, "QY_SRC_TYPE": "0", "hub_crawl_status": 0}, {"RN": 172, "QY_ID": "002105291249710410", "QY_ORG_CODE": "91110000102079653X", "QY_NAME": "建峰建设集团股份有限公司", "QY_FR_NAME": "庄大刚", "QY_REGION": "110000", "QY_REGION_NAME": "北京市", "OLD_CODE": "102079653", "COLLECT_TIME": 1622263753000, "QY_SRC_TYPE": "0", "hub_crawl_status": 0}, {"RN": 173, "QY_ID": "002105291254715907", "QY_ORG_CODE": "91110108X00385772F", "QY_NAME": "北京鼎越工程技术有限责任公司", "QY_FR_NAME": "范旭东", "QY_REGION": "110100", "QY_REGION_NAME": "北京市-市辖区", "OLD_CODE": "X00385772", "COLLECT_TIME": 1622264045000, "QY_SRC_TYPE": "0", "hub_crawl_status": 0}, {"RN": 174, "QY_ID": "002105291254716948", "QY_ORG_CODE": "9111011755856709XX", "QY_NAME": "北京百尚达建筑装饰工程有限公司", "QY_FR_NAME": "张莉", "QY_REGION": "110100", "QY_REGION_NAME": "北京市-市辖区", "OLD_CODE": "55856709X", "COLLECT_TIME": 1622264046000, "QY_SRC_TYPE": "0", "hub_crawl_status": 0}, {"RN": 175, "QY_ID": "002105291254717806", "QY_ORG_CODE": "91110112764223335J", "QY_NAME": "北京中天鸿业装饰有限公司", "QY_FR_NAME": "徐忠", "QY_REGION": "110000", "QY_REGION_NAME": "北京市", "OLD_CODE": "764223335", "COLLECT_TIME": 1622264047000, "QY_SRC_TYPE": "0", "hub_crawl_status": 0}, {"RN": 176, "QY_ID": "002105291254721843", "QY_ORG_CODE": "91110115771977960Q", "QY_NAME": "北京朋明建筑装饰工程有限公司", "QY_FR_NAME": "王立苹", "QY_REGION": "110000", "QY_REGION_NAME": "北京市", "OLD_CODE": "771977960", "COLLECT_TIME": 1622264050000, "QY_SRC_TYPE": "0", "hub_crawl_status": 0}, {"RN": 177, "QY_ID": "002105291254727368", "QY_ORG_CODE": "911102281029981075", "QY_NAME": "北京筑工建设工程有限公司", "QY_FR_NAME": "曹虎星", "QY_REGION": "110000", "QY_REGION_NAME": "北京市", "OLD_CODE": "102998107", "COLLECT_TIME": 1622264058000, "QY_SRC_TYPE": "0", "hub_crawl_status": 0}, {"RN": 178, "QY_ID": "002105291254731577", "QY_ORG_CODE": "91110115MA01N75474", "QY_NAME": "北京永创众信建筑设计有限公司", "QY_FR_NAME": "朱晓强", "QY_REGION": "110000", "QY_REGION_NAME": "北京市", "OLD_CODE": "MA01N7547", "COLLECT_TIME": 1622264062000, "QY_SRC_TYPE": "0", "hub_crawl_status": 0}, {"RN": 179, "QY_ID": "002105291254734181", "QY_ORG_CODE": "91110111697730504M", "QY_NAME": "北京金世茗华建筑装饰工程有限公司", "QY_FR_NAME": "孙财军", "QY_REGION": "110000", "QY_REGION_NAME": "北京市", "OLD_CODE": "697730504", "COLLECT_TIME": 1622264065000, "QY_SRC_TYPE": "0", "hub_crawl_status": 0}, {"RN": 180, "QY_ID": "002105291254735281", "QY_ORG_CODE": "91110109MA01CTT826", "QY_NAME": "北京中筑鼎业建筑工程有限公司", "QY_FR_NAME": "黄伟", "QY_REGION": "110100", "QY_REGION_NAME": "北京市-市辖区", "OLD_CODE": "MA01CTT82", "COLLECT_TIME": 1622264066000, "QY_SRC_TYPE": "0", "hub_crawl_status": 0}]