[{"RN": 136, "QY_ID": "002105291248660812", "QY_ORG_CODE": "91110108102113700N", "QY_NAME": "北京北方世纪建筑装饰工程有限公司", "QY_FR_NAME": "陈旭", "QY_REGION": "110000", "QY_REGION_NAME": "北京市", "OLD_CODE": "102113700", "COLLECT_TIME": 1622263693000, "QY_SRC_TYPE": "0", "hub_crawl_status": 0}, {"RN": 137, "QY_ID": "002105291248661152", "QY_ORG_CODE": "9111011210238739X4", "QY_NAME": "中建二局装饰工程有限公司", "QY_FR_NAME": "杜建波", "QY_REGION": "110000", "QY_REGION_NAME": "北京市", "OLD_CODE": "10238739X", "COLLECT_TIME": 1622263693000, "QY_SRC_TYPE": "0", "hub_crawl_status": 0}, {"RN": 138, "QY_ID": "002105291248661153", "QY_ORG_CODE": "911101050592801232", "QY_NAME": "北京乐克建筑装饰工程有限公司", "QY_FR_NAME": "钱林", "QY_REGION": "110000", "QY_REGION_NAME": "北京市", "OLD_CODE": "059280123", "COLLECT_TIME": 1622263693000, "QY_SRC_TYPE": "0", "hub_crawl_status": 0}, {"RN": 139, "QY_ID": "002105291248663104", "QY_ORG_CODE": "91110105101172741K", "QY_NAME": "北京洲际建筑装饰设计与工程有限责任公司", "QY_FR_NAME": "顾利强", "QY_REGION": "110000", "QY_REGION_NAME": "北京市", "OLD_CODE": "101172741", "COLLECT_TIME": 1622263695000, "QY_SRC_TYPE": "0", "hub_crawl_status": 0}, {"RN": 140, "QY_ID": "002105291248664475", "QY_ORG_CODE": "911101161016911389", "QY_NAME": "北京清尚建筑装饰工程有限公司", "QY_FR_NAME": "田海婴", "QY_REGION": "110000", "QY_REGION_NAME": "北京市", "OLD_CODE": "101691138", "COLLECT_TIME": 1622263696000, "QY_SRC_TYPE": "0", "hub_crawl_status": 0}, {"RN": 141, "QY_ID": "002105291248667416", "QY_ORG_CODE": "91110109726339986C", "QY_NAME": "北京力天大成装饰工程有限公司", "QY_FR_NAME": "张文韬", "QY_REGION": "110000", "QY_REGION_NAME": "北京市", "OLD_CODE": "726339986", "COLLECT_TIME": 1622263699000, "QY_SRC_TYPE": "0", "hub_crawl_status": 0}, {"RN": 142, "QY_ID": "002105291248668200", "QY_ORG_CODE": "91110106699583640F", "QY_NAME": "北京丰禹森建设有限公司", "QY_FR_NAME": "马静", "QY_REGION": "110000", "QY_REGION_NAME": "北京市", "OLD_CODE": "699583640", "COLLECT_TIME": 1622263699000, "QY_SRC_TYPE": "0", "hub_crawl_status": 0}, {"RN": 143, "QY_ID": "002105291248668365", "QY_ORG_CODE": "911101166000120999", "QY_NAME": "北京侨信装饰工程有限公司", "QY_FR_NAME": "刘丽江", "QY_REGION": "110000", "QY_REGION_NAME": "北京市", "OLD_CODE": "600012099", "COLLECT_TIME": 1622263700000, "QY_SRC_TYPE": "0", "hub_crawl_status": 0}, {"RN": 144, "QY_ID": "002105291248669612", "QY_ORG_CODE": "91110105693297256M", "QY_NAME": "北京顶超文化传媒有限责任公司", "QY_FR_NAME": "赵新志", "QY_REGION": "110100", "QY_REGION_NAME": "北京市-市辖区", "OLD_CODE": "693297256", "COLLECT_TIME": 1622263702000, "QY_SRC_TYPE": "0", "hub_crawl_status": 0}, {"RN": 145, "QY_ID": "002105291248670037", "QY_ORG_CODE": "9111010510112378XY", "QY_NAME": "北京市建筑装饰设计工程有限公司", "QY_FR_NAME": "田巍", "QY_REGION": "110000", "QY_REGION_NAME": "北京市", "OLD_CODE": "10112378X", "COLLECT_TIME": 1622263702000, "QY_SRC_TYPE": "0", "hub_crawl_status": 0}, {"RN": 146, "QY_ID": "002105291248671996", "QY_ORG_CODE": "91110101774748960W", "QY_NAME": "北京方略博华文化传媒有限公司", "QY_FR_NAME": "张翘", "QY_REGION": "110100", "QY_REGION_NAME": "北京市-市辖区", "OLD_CODE": "774748960", "COLLECT_TIME": 1622263704000, "QY_SRC_TYPE": "0", "hub_crawl_status": 0}, {"RN": 147, "QY_ID": "002105291248672247", "QY_ORG_CODE": "91110117102931527R", "QY_NAME": "北京高辉利豪建设有限公司", "QY_FR_NAME": "唐建飞", "QY_REGION": "110000", "QY_REGION_NAME": "北京市", "OLD_CODE": "102931527", "COLLECT_TIME": 1622263704000, "QY_SRC_TYPE": "0", "hub_crawl_status": 0}, {"RN": 148, "QY_ID": "002105291248673743", "QY_ORG_CODE": "911101167002698954", "QY_NAME": "北京硕泽建设开发集团有限公司", "QY_FR_NAME": "黄文金", "QY_REGION": "110100", "QY_REGION_NAME": "北京市-市辖区", "OLD_CODE": "700269895", "COLLECT_TIME": 1622263705000, "QY_SRC_TYPE": "0", "hub_crawl_status": 0}, {"RN": 149, "QY_ID": "002105291248675083", "QY_ORG_CODE": "91110108101890778T", "QY_NAME": "北京国建建筑装饰工程有限公司", "QY_FR_NAME": "王洪平", "QY_REGION": "110100", "QY_REGION_NAME": "北京市-市辖区", "OLD_CODE": "101890778", "COLLECT_TIME": 1622263706000, "QY_SRC_TYPE": "0", "hub_crawl_status": 0}, {"RN": 150, "QY_ID": "002105291248676468", "QY_ORG_CODE": "911101157334698500", "QY_NAME": "北京市美兴达建筑装饰装修工程有限责任公司", "QY_FR_NAME": "黄诚", "QY_REGION": "110000", "QY_REGION_NAME": "北京市", "OLD_CODE": "733469850", "COLLECT_TIME": 1622263707000, "QY_SRC_TYPE": "0", "hub_crawl_status": 0}]