[{"RN": 31, "QY_ID": "002105291240509989", "QY_ORG_CODE": "911101086259072431", "QY_NAME": "北京中建海外装饰工程有限公司", "QY_FR_NAME": "褚军", "QY_REGION": "110000", "QY_REGION_NAME": "北京市", "OLD_CODE": "625907243", "COLLECT_TIME": 1622263227000, "QY_SRC_TYPE": "0", "hub_crawl_status": 0}, {"RN": 32, "QY_ID": "002105291240511183", "QY_ORG_CODE": "91110108100026486Y", "QY_NAME": "中外建工程建设有限责任公司", "QY_FR_NAME": "周云", "QY_REGION": "110000", "QY_REGION_NAME": "北京市", "OLD_CODE": "100026486", "COLLECT_TIME": 1622263227000, "QY_SRC_TYPE": "0", "hub_crawl_status": 0}, {"RN": 33, "QY_ID": "002105291240525457", "QY_ORG_CODE": "911100001013034494", "QY_NAME": "北京市建筑工程装饰集团有限公司", "QY_FR_NAME": "杜振羿", "QY_REGION": "110000", "QY_REGION_NAME": "北京市", "OLD_CODE": "101303449", "COLLECT_TIME": 1622263235000, "QY_SRC_TYPE": "0", "hub_crawl_status": 0}, {"RN": 34, "QY_ID": "002105291240526251", "QY_ORG_CODE": "91110112758233799A", "QY_NAME": "北京博华天工展览有限公司", "QY_FR_NAME": "曹晖", "QY_REGION": "110000", "QY_REGION_NAME": "北京市", "OLD_CODE": "758233799", "COLLECT_TIME": 1622263236000, "QY_SRC_TYPE": "0", "hub_crawl_status": 0}, {"RN": 35, "QY_ID": "002105291240527518", "QY_ORG_CODE": "9111011274936309XE", "QY_NAME": "北京西典展览股份有限公司", "QY_FR_NAME": "余练武", "QY_REGION": "110100", "QY_REGION_NAME": "北京市-市辖区", "OLD_CODE": "74936309X", "COLLECT_TIME": 1622263237000, "QY_SRC_TYPE": "0", "hub_crawl_status": 0}, {"RN": 36, "QY_ID": "002105291240529303", "QY_ORG_CODE": "91110105738224000L", "QY_NAME": "北京鸿屹丰彩装饰工程有限公司", "QY_FR_NAME": "赖昌泉", "QY_REGION": "110000", "QY_REGION_NAME": "北京市", "OLD_CODE": "738224000", "COLLECT_TIME": 1622263238000, "QY_SRC_TYPE": "0", "hub_crawl_status": 0}, {"RN": 37, "QY_ID": "002105291240530486", "QY_ORG_CODE": "91110114787764724U", "QY_NAME": "北京龙惠源装饰有限公司", "QY_FR_NAME": "陈杰", "QY_REGION": "110000", "QY_REGION_NAME": "北京市", "OLD_CODE": "787764724", "COLLECT_TIME": 1622263239000, "QY_SRC_TYPE": "0", "hub_crawl_status": 0}, {"RN": 38, "QY_ID": "002105291240530570", "QY_ORG_CODE": "9111010574009898X8", "QY_NAME": "北京业永兴装饰有限公司", "QY_FR_NAME": "叶立平", "QY_REGION": "110000", "QY_REGION_NAME": "北京市", "OLD_CODE": "74009898X", "COLLECT_TIME": 1622263239000, "QY_SRC_TYPE": "0", "hub_crawl_status": 0}, {"RN": 39, "QY_ID": "002105291240531916", "QY_ORG_CODE": "9111010567381835X7", "QY_NAME": "北京金盛艺建设工程有限公司", "QY_FR_NAME": "陈方银", "QY_REGION": "110000", "QY_REGION_NAME": "北京市", "OLD_CODE": "67381835X", "COLLECT_TIME": 1622263240000, "QY_SRC_TYPE": "0", "hub_crawl_status": 0}, {"RN": 40, "QY_ID": "002105291240539182", "QY_ORG_CODE": "91110106695048915C", "QY_NAME": "北京中外建建设发展有限公司", "QY_FR_NAME": "郭迎彬", "QY_REGION": "110100", "QY_REGION_NAME": "北京市-市辖区", "OLD_CODE": "695048915", "COLLECT_TIME": 1622263245000, "QY_SRC_TYPE": "0", "hub_crawl_status": 0}, {"RN": 41, "QY_ID": "002105291240539217", "QY_ORG_CODE": "911101058017293441", "QY_NAME": "北京荔恒元装饰有限责任公司", "QY_FR_NAME": "黄文庆", "QY_REGION": "110100", "QY_REGION_NAME": "北京市-市辖区", "OLD_CODE": "801729344", "COLLECT_TIME": 1622263245000, "QY_SRC_TYPE": "0", "hub_crawl_status": 0}, {"RN": 42, "QY_ID": "002105291240540280", "QY_ORG_CODE": "91110102101427601K", "QY_NAME": "北京艾迪尔建筑装饰工程股份有限公司", "QY_FR_NAME": "罗勍", "QY_REGION": "110000", "QY_REGION_NAME": "北京市", "OLD_CODE": "101427601", "COLLECT_TIME": 1622263245000, "QY_SRC_TYPE": "0", "hub_crawl_status": 0}, {"RN": 43, "QY_ID": "002105291240543379", "QY_ORG_CODE": "91110113MA00D4HK07", "QY_NAME": "北京三匠建筑工程设计有限公司", "QY_FR_NAME": "张浪", "QY_REGION": "110000", "QY_REGION_NAME": "北京市", "OLD_CODE": "MA00D4HK0", "COLLECT_TIME": 1622263247000, "QY_SRC_TYPE": "0", "hub_crawl_status": 0}, {"RN": 44, "QY_ID": "002105291240544654", "QY_ORG_CODE": "911101127426150479", "QY_NAME": "北京五洲环球装饰工程设计有限公司", "QY_FR_NAME": "谢国栋", "QY_REGION": "110100", "QY_REGION_NAME": "北京市-市辖区", "OLD_CODE": "742615047", "COLLECT_TIME": 1622263248000, "QY_SRC_TYPE": "0", "hub_crawl_status": 0}, {"RN": 45, "QY_ID": "002105291240545934", "QY_ORG_CODE": "911101097002944255", "QY_NAME": "北京城建深港建筑装饰工程有限公司", "QY_FR_NAME": "段天明", "QY_REGION": "110100", "QY_REGION_NAME": "北京市-市辖区", "OLD_CODE": "700294425", "COLLECT_TIME": 1622263249000, "QY_SRC_TYPE": "0", "hub_crawl_status": 0}]