[{"RN": 91, "QY_ID": "002105291241610269", "QY_ORG_CODE": "91110112596128776X", "QY_NAME": "中装伟业建设发展有限公司", "QY_FR_NAME": "鲜斌", "QY_REGION": "110000", "QY_REGION_NAME": "北京市", "OLD_CODE": "596128776", "COLLECT_TIME": 1622263297000, "QY_SRC_TYPE": "0", "hub_crawl_status": 0}, {"RN": 92, "QY_ID": "002105291241610294", "QY_ORG_CODE": "91110102633704753J", "QY_NAME": "北京建院装饰工程设计有限公司", "QY_FR_NAME": "闫志刚", "QY_REGION": "110000", "QY_REGION_NAME": "北京市", "OLD_CODE": "633704753", "COLLECT_TIME": 1622263297000, "QY_SRC_TYPE": "0", "hub_crawl_status": 0}, {"RN": 93, "QY_ID": "002105291241610615", "QY_ORG_CODE": "91110108802041875Q", "QY_NAME": "北京天文弘建筑装饰集团有限公司", "QY_FR_NAME": "吴绍兵", "QY_REGION": "110000", "QY_REGION_NAME": "北京市", "OLD_CODE": "802041875", "COLLECT_TIME": 1622263298000, "QY_SRC_TYPE": "0", "hub_crawl_status": 0}, {"RN": 94, "QY_ID": "002105291241611363", "QY_ORG_CODE": "911101091014170400", "QY_NAME": "北京建磊国际装饰工程股份有限公司", "QY_FR_NAME": "石明剑", "QY_REGION": "110000", "QY_REGION_NAME": "北京市", "OLD_CODE": "101417040", "COLLECT_TIME": 1622263298000, "QY_SRC_TYPE": "0", "hub_crawl_status": 0}, {"RN": 95, "QY_ID": "002105291241613045", "QY_ORG_CODE": "91110116102590830L", "QY_NAME": "北京海汀顿建筑设计工程有限公司", "QY_FR_NAME": "张强", "QY_REGION": "110000", "QY_REGION_NAME": "北京市", "OLD_CODE": "102590830", "COLLECT_TIME": 1622263300000, "QY_SRC_TYPE": "0", "hub_crawl_status": 0}, {"RN": 96, "QY_ID": "002105291241615868", "QY_ORG_CODE": "91110228101179927H", "QY_NAME": "北京筑邦建筑装饰工程有限公司", "QY_FR_NAME": "张翔", "QY_REGION": "110000", "QY_REGION_NAME": "北京市", "OLD_CODE": "101179927", "COLLECT_TIME": 1622263303000, "QY_SRC_TYPE": "0", "hub_crawl_status": 0}, {"RN": 97, "QY_ID": "002105291241616458", "QY_ORG_CODE": "91110108795966641J", "QY_NAME": "北京和正装饰工程有限公司", "QY_FR_NAME": "刘年松", "QY_REGION": "110100", "QY_REGION_NAME": "北京市-市辖区", "OLD_CODE": "795966641", "COLLECT_TIME": 1622263303000, "QY_SRC_TYPE": "0", "hub_crawl_status": 0}, {"RN": 98, "QY_ID": "002105291241618048", "QY_ORG_CODE": "91110000675726598B", "QY_NAME": "北京弘洁建设集团有限公司", "QY_FR_NAME": "任成群", "QY_REGION": "110000", "QY_REGION_NAME": "北京市", "OLD_CODE": "675726598", "COLLECT_TIME": 1622263305000, "QY_SRC_TYPE": "0", "hub_crawl_status": 0}, {"RN": 99, "QY_ID": "002105291241618097", "QY_ORG_CODE": "911100001028598606", "QY_NAME": "中建一局集团第二建筑有限公司", "QY_FR_NAME": "何兵", "QY_REGION": "110100", "QY_REGION_NAME": "北京市-市辖区", "OLD_CODE": "102859860", "COLLECT_TIME": 1622263305000, "QY_SRC_TYPE": "0", "hub_crawl_status": 0}, {"RN": 100, "QY_ID": "002105291241618098", "QY_ORG_CODE": "911101128024523839", "QY_NAME": "神州长城国际工程有限公司", "QY_FR_NAME": "秦有喜", "QY_REGION": "110000", "QY_REGION_NAME": "北京市", "OLD_CODE": "802452383", "COLLECT_TIME": 1622263305000, "QY_SRC_TYPE": "0", "hub_crawl_status": 0}, {"RN": 101, "QY_ID": "002105291241622285", "QY_ORG_CODE": "911101011015118111", "QY_NAME": "首越（北京）装饰装修工程有限公司", "QY_FR_NAME": "陈杰", "QY_REGION": "110100", "QY_REGION_NAME": "北京市-市辖区", "OLD_CODE": "101511811", "COLLECT_TIME": 1622263309000, "QY_SRC_TYPE": "0", "hub_crawl_status": 0}, {"RN": 102, "QY_ID": "002105291241622392", "QY_ORG_CODE": "911101126705809643", "QY_NAME": "中融艺乐田建设有限公司", "QY_FR_NAME": "张维兵", "QY_REGION": "110000", "QY_REGION_NAME": "北京市", "OLD_CODE": "670580964", "COLLECT_TIME": 1622263309000, "QY_SRC_TYPE": "0", "hub_crawl_status": 0}, {"RN": 103, "QY_ID": "002105291241622963", "QY_ORG_CODE": "911101156963457437", "QY_NAME": "北京旭锋建设工程有限公司", "QY_FR_NAME": "余毅", "QY_REGION": "110000", "QY_REGION_NAME": "北京市", "OLD_CODE": "696345743", "COLLECT_TIME": 1622263309000, "QY_SRC_TYPE": "0", "hub_crawl_status": 0}, {"RN": 104, "QY_ID": "002105291241623498", "QY_ORG_CODE": "911100007002198398", "QY_NAME": "北京广佳建设股份有限公司", "QY_FR_NAME": "唐华雄", "QY_REGION": "110000", "QY_REGION_NAME": "北京市", "OLD_CODE": "700219839", "COLLECT_TIME": 1622263311000, "QY_SRC_TYPE": "0", "hub_crawl_status": 0}, {"RN": 105, "QY_ID": "002105291241624759", "QY_ORG_CODE": "91110108X00385406K", "QY_NAME": "中迅达装饰工程集团有限公司", "QY_FR_NAME": "雷远辉", "QY_REGION": "110000", "QY_REGION_NAME": "北京市", "OLD_CODE": "X00385406", "COLLECT_TIME": 1622263313000, "QY_SRC_TYPE": "0", "hub_crawl_status": 0}]