[{"RN": 211, "QY_ID": "002105291305845821", "QY_ORG_CODE": "91110109MA01Q8HN8Y", "QY_NAME": "北京众德樟建筑工程技术集团有限公司", "QY_FR_NAME": "叶洲池", "QY_REGION": "110100", "QY_REGION_NAME": "北京市-市辖区", "OLD_CODE": "MA01Q8HN8", "COLLECT_TIME": 1622264721000, "QY_SRC_TYPE": "0", "hub_crawl_status": 0}, {"RN": 212, "QY_ID": "002105291305849646", "QY_ORG_CODE": "91110106802420285E", "QY_NAME": "忠信博艺建设集团有限公司", "QY_FR_NAME": "李宝珠", "QY_REGION": "110100", "QY_REGION_NAME": "北京市-市辖区", "OLD_CODE": "802420285", "COLLECT_TIME": 1622264726000, "QY_SRC_TYPE": "0", "hub_crawl_status": 0}, {"RN": 213, "QY_ID": "002105291305851262", "QY_ORG_CODE": "91110102633605800E", "QY_NAME": "北京汇欣建筑装饰工程集团有限公司", "QY_FR_NAME": "冯磊", "QY_REGION": "110100", "QY_REGION_NAME": "北京市-市辖区", "OLD_CODE": "633605800", "COLLECT_TIME": 1622264728000, "QY_SRC_TYPE": "0", "hub_crawl_status": 0}, {"RN": 214, "QY_ID": "002105291305875176", "QY_ORG_CODE": "91110101663745345Y", "QY_NAME": "四海嘉禾建设集团有限公司", "QY_FR_NAME": "许先阳", "QY_REGION": "110100", "QY_REGION_NAME": "北京市-市辖区", "OLD_CODE": "663745345", "COLLECT_TIME": 1622264756000, "QY_SRC_TYPE": "0", "hub_crawl_status": 0}, {"RN": 215, "QY_ID": "002105291305876877", "QY_ORG_CODE": "91110113MA01EDHD4Q", "QY_NAME": "悦装（北京）装饰工程有限公司", "QY_FR_NAME": "罗凌捷", "QY_REGION": "110000", "QY_REGION_NAME": "北京市", "OLD_CODE": "MA01EDHD4", "COLLECT_TIME": 1622264758000, "QY_SRC_TYPE": "0", "hub_crawl_status": 0}, {"RN": 216, "QY_ID": "002105291306888776", "QY_ORG_CODE": "91110106682884148D", "QY_NAME": "国泰瑞安股份有限公司", "QY_FR_NAME": "胡永博", "QY_REGION": "110000", "QY_REGION_NAME": "北京市", "OLD_CODE": "682884148", "COLLECT_TIME": 1622264769000, "QY_SRC_TYPE": "0", "hub_crawl_status": 0}, {"RN": 217, "QY_ID": "002105291306891921", "QY_ORG_CODE": "91110108721446504E", "QY_NAME": "北京太伟宜居装饰工程有限公司", "QY_FR_NAME": "熊奘", "QY_REGION": "110000", "QY_REGION_NAME": "北京市", "OLD_CODE": "721446504", "COLLECT_TIME": 1622264776000, "QY_SRC_TYPE": "0", "hub_crawl_status": 0}, {"RN": 218, "QY_ID": "002105291306897897", "QY_ORG_CODE": "91110115685124582Q", "QY_NAME": "戴工建设集团有限公司", "QY_FR_NAME": "戴辉", "QY_REGION": "110100", "QY_REGION_NAME": "北京市-市辖区", "OLD_CODE": "685124582", "COLLECT_TIME": 1622264784000, "QY_SRC_TYPE": "0", "hub_crawl_status": 0}, {"RN": 219, "QY_ID": "002105291312909701", "QY_ORG_CODE": "91110106760928856U", "QY_NAME": "亮堂建设集团有限公司", "QY_FR_NAME": "王文才", "QY_REGION": "110100", "QY_REGION_NAME": "北京市-市辖区", "OLD_CODE": "760928856", "COLLECT_TIME": 1622265170000, "QY_SRC_TYPE": "0", "hub_crawl_status": 0}, {"RN": 220, "QY_ID": "002105291312911117", "QY_ORG_CODE": "91110106682884543L", "QY_NAME": "东方经纬装饰工程集团有限公司", "QY_FR_NAME": "陈定店", "QY_REGION": "110100", "QY_REGION_NAME": "北京市-市辖区", "OLD_CODE": "682884543", "COLLECT_TIME": 1622265171000, "QY_SRC_TYPE": "0", "hub_crawl_status": 0}, {"RN": 221, "QY_ID": "002105291313944572", "QY_ORG_CODE": "91110117098288988D", "QY_NAME": "北京白砂建筑装饰工程有限公司", "QY_FR_NAME": "李志忠", "QY_REGION": "110000", "QY_REGION_NAME": "北京市", "OLD_CODE": "098288988", "COLLECT_TIME": 1622265208000, "QY_SRC_TYPE": "0", "hub_crawl_status": 0}, {"RN": 222, "QY_ID": "002105291322005311", "QY_ORG_CODE": "91110106693230887B", "QY_NAME": "北京挚诚华腾建设工程有限公司", "QY_FR_NAME": "黄凌鹄", "QY_REGION": "110000", "QY_REGION_NAME": "北京市", "OLD_CODE": "693230887", "COLLECT_TIME": 1622265765000, "QY_SRC_TYPE": "0", "hub_crawl_status": 0}, {"RN": 223, "QY_ID": "002105291323019014", "QY_ORG_CODE": "91110108102020950N", "QY_NAME": "北京华尊建设集团有限公司", "QY_FR_NAME": "倪春胜", "QY_REGION": "110100", "QY_REGION_NAME": "北京市-市辖区", "OLD_CODE": "102020950", "COLLECT_TIME": 1622265784000, "QY_SRC_TYPE": "0", "hub_crawl_status": 0}, {"RN": 224, "QY_ID": "002105291328051868", "QY_ORG_CODE": "911101120805349849", "QY_NAME": "北京雅虹博艺文化发展有限公司", "QY_FR_NAME": "刘立军", "QY_REGION": "110100", "QY_REGION_NAME": "北京市-市辖区", "OLD_CODE": "080534984", "COLLECT_TIME": 1622266113000, "QY_SRC_TYPE": "0", "hub_crawl_status": 0}, {"RN": 225, "QY_ID": "002109071940181206", "QY_ORG_CODE": "91110106MA02073W9Y", "QY_NAME": "北京世纪开元建设工程有限公司", "QY_FR_NAME": "王学军", "QY_REGION": "110100", "QY_REGION_NAME": "北京市-市辖区", "OLD_CODE": "MA02073W9", "COLLECT_TIME": 1631014835000, "QY_SRC_TYPE": "0", "hub_crawl_status": 0}]