[{"RN": 181, "QY_ID": "002105291254737454", "QY_ORG_CODE": "91110105746113394F", "QY_NAME": "北京佰达明建筑装饰工程有限公司", "QY_FR_NAME": "黄钧秋", "QY_REGION": "110000", "QY_REGION_NAME": "北京市", "OLD_CODE": "746113394", "COLLECT_TIME": 1622264068000, "QY_SRC_TYPE": "0", "hub_crawl_status": 0}, {"RN": 182, "QY_ID": "002105291254737981", "QY_ORG_CODE": "91110117MA0016UU53", "QY_NAME": "中景博远（北京）工程设计有限公司", "QY_FR_NAME": "刘洪云", "QY_REGION": "110100", "QY_REGION_NAME": "北京市-市辖区", "OLD_CODE": "MA0016UU5", "COLLECT_TIME": 1622264068000, "QY_SRC_TYPE": "0", "hub_crawl_status": 0}, {"RN": 183, "QY_ID": "002105291254738279", "QY_ORG_CODE": "91110000101692085B", "QY_NAME": "中国凯瑞国际经济技术合作有限公司", "QY_FR_NAME": "杨春亮", "QY_REGION": "110000", "QY_REGION_NAME": "北京市", "OLD_CODE": "101692085", "COLLECT_TIME": 1622264068000, "QY_SRC_TYPE": "0", "hub_crawl_status": 0}, {"RN": 184, "QY_ID": "002105291254741099", "QY_ORG_CODE": "91110115102900632M", "QY_NAME": "北京富美达建设工程有限公司", "QY_FR_NAME": "余智", "QY_REGION": "110000", "QY_REGION_NAME": "北京市", "OLD_CODE": "102900632", "COLLECT_TIME": 1622264072000, "QY_SRC_TYPE": "0", "hub_crawl_status": 0}, {"RN": 185, "QY_ID": "002105291254741100", "QY_ORG_CODE": "91110114721444592Q", "QY_NAME": "北京筑维建筑装饰工程有限公司", "QY_FR_NAME": "贾英涛", "QY_REGION": "110000", "QY_REGION_NAME": "北京市", "OLD_CODE": "721444592", "COLLECT_TIME": 1622264072000, "QY_SRC_TYPE": "0", "hub_crawl_status": 0}, {"RN": 186, "QY_ID": "002105291254745021", "QY_ORG_CODE": "9111010763439585XR", "QY_NAME": "北京市辛迪森建筑装饰工程设计有限公司", "QY_FR_NAME": "杜志伟", "QY_REGION": "110000", "QY_REGION_NAME": "北京市", "OLD_CODE": "63439585X", "COLLECT_TIME": 1622264076000, "QY_SRC_TYPE": "0", "hub_crawl_status": 0}, {"RN": 187, "QY_ID": "002105291254745050", "QY_ORG_CODE": "911101056000644709", "QY_NAME": "北京金碧合力建筑设计工程有限公司", "QY_FR_NAME": "欧阳学", "QY_REGION": "110000", "QY_REGION_NAME": "北京市", "OLD_CODE": "600064470", "COLLECT_TIME": 1622264076000, "QY_SRC_TYPE": "0", "hub_crawl_status": 0}, {"RN": 188, "QY_ID": "002105291254745526", "QY_ORG_CODE": "91110105101715734J", "QY_NAME": "北京中建华腾装饰工程有限公司", "QY_FR_NAME": "陈建东", "QY_REGION": "110000", "QY_REGION_NAME": "北京市", "OLD_CODE": "101715734", "COLLECT_TIME": 1622264077000, "QY_SRC_TYPE": "0", "hub_crawl_status": 0}, {"RN": 189, "QY_ID": "002105291254745527", "QY_ORG_CODE": "91110102600000223B", "QY_NAME": "北京华开建筑装饰工程有限公司", "QY_FR_NAME": "王翀", "QY_REGION": "110000", "QY_REGION_NAME": "北京市", "OLD_CODE": "600000223", "COLLECT_TIME": 1622264077000, "QY_SRC_TYPE": "0", "hub_crawl_status": 0}, {"RN": 190, "QY_ID": "002105291254745832", "QY_ORG_CODE": "91110000742312628D", "QY_NAME": "中铁建工集团建筑安装有限公司", "QY_FR_NAME": "王志江", "QY_REGION": "110000", "QY_REGION_NAME": "北京市", "OLD_CODE": "742312628", "COLLECT_TIME": 1622264077000, "QY_SRC_TYPE": "0", "hub_crawl_status": 0}, {"RN": 191, "QY_ID": "002105291254745836", "QY_ORG_CODE": "911101051011377279", "QY_NAME": "中信装饰装修工程有限公司", "QY_FR_NAME": "田心", "QY_REGION": "110100", "QY_REGION_NAME": "北京市-市辖区", "OLD_CODE": "101137727", "COLLECT_TIME": 1622264077000, "QY_SRC_TYPE": "0", "hub_crawl_status": 0}, {"RN": 192, "QY_ID": "002105291254745890", "QY_ORG_CODE": "911101081021136390", "QY_NAME": "北京城建长城建设集团有限公司", "QY_FR_NAME": "潘建红", "QY_REGION": "110000", "QY_REGION_NAME": "北京市", "OLD_CODE": "102113639", "COLLECT_TIME": 1622264077000, "QY_SRC_TYPE": "0", "hub_crawl_status": 0}, {"RN": 193, "QY_ID": "002105291254747437", "QY_ORG_CODE": "91110106757724035G", "QY_NAME": "方圆化集团有限公司", "QY_FR_NAME": "翟方化", "QY_REGION": "110000", "QY_REGION_NAME": "北京市", "OLD_CODE": "757724035", "COLLECT_TIME": 1622264079000, "QY_SRC_TYPE": "0", "hub_crawl_status": 0}, {"RN": 194, "QY_ID": "002105291254749682", "QY_ORG_CODE": "91110108102072275M", "QY_NAME": "北京群成建设集团股份有限公司", "QY_FR_NAME": "王学文", "QY_REGION": "110000", "QY_REGION_NAME": "北京市", "OLD_CODE": "102072275", "COLLECT_TIME": 1622264081000, "QY_SRC_TYPE": "0", "hub_crawl_status": 0}, {"RN": 195, "QY_ID": "002105291254751261", "QY_ORG_CODE": "91110116593872145A", "QY_NAME": "北京笔硕国际装饰工程有限公司", "QY_FR_NAME": "王泉水", "QY_REGION": "110000", "QY_REGION_NAME": "北京市", "OLD_CODE": "593872145", "COLLECT_TIME": 1622264082000, "QY_SRC_TYPE": "0", "hub_crawl_status": 0}]