[{"RN": 61, "QY_ID": "002105291241567917", "QY_ORG_CODE": "91110102782523091B", "QY_NAME": "森唯（北京）建筑工程有限公司", "QY_FR_NAME": "杨颜光", "QY_REGION": "110000", "QY_REGION_NAME": "北京市", "OLD_CODE": "782523091", "COLLECT_TIME": 1622263263000, "QY_SRC_TYPE": "0", "hub_crawl_status": 0}, {"RN": 62, "QY_ID": "002105291241568471", "QY_ORG_CODE": "91110112633070877D", "QY_NAME": "北京蓝海建筑装饰有限公司", "QY_FR_NAME": "王瑞珍", "QY_REGION": "110100", "QY_REGION_NAME": "北京市-市辖区", "OLD_CODE": "633070877", "COLLECT_TIME": 1622263263000, "QY_SRC_TYPE": "0", "hub_crawl_status": 0}, {"RN": 63, "QY_ID": "002105291241574003", "QY_ORG_CODE": "91110102722677814K", "QY_NAME": "北京磊鑫建筑工程有限公司", "QY_FR_NAME": "蒋清林", "QY_REGION": "110000", "QY_REGION_NAME": "北京市", "OLD_CODE": "722677814", "COLLECT_TIME": 1622263267000, "QY_SRC_TYPE": "0", "hub_crawl_status": 0}, {"RN": 64, "QY_ID": "002105291241574111", "QY_ORG_CODE": "91110000625909767H", "QY_NAME": "华堂建筑装修工程有限公司", "QY_FR_NAME": "王廷军", "QY_REGION": "110000", "QY_REGION_NAME": "北京市", "OLD_CODE": "625909767", "COLLECT_TIME": 1622263267000, "QY_SRC_TYPE": "0", "hub_crawl_status": 0}, {"RN": 65, "QY_ID": "002105291241574135", "QY_ORG_CODE": "91110105689239686J", "QY_NAME": "北京洛德时代文化产业发展有限公司", "QY_FR_NAME": "魏洪泉", "QY_REGION": "110000", "QY_REGION_NAME": "北京市", "OLD_CODE": "689239686", "COLLECT_TIME": 1622263267000, "QY_SRC_TYPE": "0", "hub_crawl_status": 0}, {"RN": 66, "QY_ID": "002105291241575007", "QY_ORG_CODE": "911101157577420490", "QY_NAME": "北京楚海力建筑装饰工程有限公司", "QY_FR_NAME": "王国旗", "QY_REGION": "110100", "QY_REGION_NAME": "北京市-市辖区", "OLD_CODE": "757742049", "COLLECT_TIME": 1622263268000, "QY_SRC_TYPE": "0", "hub_crawl_status": 0}, {"RN": 67, "QY_ID": "002105291241575479", "QY_ORG_CODE": "9111011280241925XL", "QY_NAME": "北京冠华装饰设计有限公司", "QY_FR_NAME": "周玉川", "QY_REGION": "110000", "QY_REGION_NAME": "北京市", "OLD_CODE": "80241925X", "COLLECT_TIME": 1622263268000, "QY_SRC_TYPE": "0", "hub_crawl_status": 0}, {"RN": 68, "QY_ID": "002105291241575715", "QY_ORG_CODE": "911101166337013418", "QY_NAME": "远洋装饰工程股份有限公司", "QY_FR_NAME": "万玉岩", "QY_REGION": "110000", "QY_REGION_NAME": "北京市", "OLD_CODE": "633701341", "COLLECT_TIME": 1622263269000, "QY_SRC_TYPE": "0", "hub_crawl_status": 0}, {"RN": 69, "QY_ID": "002105291241577279", "QY_ORG_CODE": "91110108633705940H", "QY_NAME": "正品达（北京）建筑科技有限公司", "QY_FR_NAME": "童友兵", "QY_REGION": "110100", "QY_REGION_NAME": "北京市-市辖区", "OLD_CODE": "633705940", "COLLECT_TIME": 1622263270000, "QY_SRC_TYPE": "0", "hub_crawl_status": 0}, {"RN": 70, "QY_ID": "002105291241578064", "QY_ORG_CODE": "91110108700196753G", "QY_NAME": "神州必晟建设发展有限公司", "QY_FR_NAME": "李法勇", "QY_REGION": "110000", "QY_REGION_NAME": "北京市", "OLD_CODE": "700196753", "COLLECT_TIME": 1622263270000, "QY_SRC_TYPE": "0", "hub_crawl_status": 0}, {"RN": 71, "QY_ID": "002105291241584274", "QY_ORG_CODE": "911101116835685184", "QY_NAME": "北京侨兴达装饰工程有限公司", "QY_FR_NAME": "张建兵", "QY_REGION": "110000", "QY_REGION_NAME": "北京市", "OLD_CODE": "683568518", "COLLECT_TIME": 1622263275000, "QY_SRC_TYPE": "0", "hub_crawl_status": 0}, {"RN": 72, "QY_ID": "002105291241584405", "QY_ORG_CODE": "91110117802952804M", "QY_NAME": "普业科技工程（北京）股份有限公司", "QY_FR_NAME": "刘晓勇", "QY_REGION": "110000", "QY_REGION_NAME": "北京市", "OLD_CODE": "802952804", "COLLECT_TIME": 1622263275000, "QY_SRC_TYPE": "0", "hub_crawl_status": 0}, {"RN": 73, "QY_ID": "002105291241584527", "QY_ORG_CODE": "91110106757748491D", "QY_NAME": "北京金碧筑业装饰工程技术有限公司", "QY_FR_NAME": "张斌", "QY_REGION": "110000", "QY_REGION_NAME": "北京市", "OLD_CODE": "757748491", "COLLECT_TIME": 1622263275000, "QY_SRC_TYPE": "0", "hub_crawl_status": 0}, {"RN": 74, "QY_ID": "002105291241585356", "QY_ORG_CODE": "9111011580289646XY", "QY_NAME": "北京艺成园装修设计有限公司", "QY_FR_NAME": "谢少宁", "QY_REGION": "110100", "QY_REGION_NAME": "北京市-市辖区", "OLD_CODE": "80289646X", "COLLECT_TIME": 1622263276000, "QY_SRC_TYPE": "0", "hub_crawl_status": 0}, {"RN": 75, "QY_ID": "002105291241586762", "QY_ORG_CODE": "911101157001737115", "QY_NAME": "中装华泰（北京）装饰工程有限公司", "QY_FR_NAME": "董忠生", "QY_REGION": "110000", "QY_REGION_NAME": "北京市", "OLD_CODE": "700173711", "COLLECT_TIME": 1622263277000, "QY_SRC_TYPE": "0", "hub_crawl_status": 0}]