[{"RN": 106, "QY_ID": "002105291241625352", "QY_ORG_CODE": "91110116694982423Y", "QY_NAME": "远联建筑工程有限公司", "QY_FR_NAME": "余春旺", "QY_REGION": "110000", "QY_REGION_NAME": "北京市", "OLD_CODE": "694982423", "COLLECT_TIME": 1622263313000, "QY_SRC_TYPE": "0", "hub_crawl_status": 0}, {"RN": 107, "QY_ID": "002105291241626835", "QY_ORG_CODE": "91110229114112617H", "QY_NAME": "中机城市建设有限公司", "QY_FR_NAME": "程建", "QY_REGION": "110000", "QY_REGION_NAME": "北京市", "OLD_CODE": "114112617", "COLLECT_TIME": 1622263316000, "QY_SRC_TYPE": "0", "hub_crawl_status": 0}, {"RN": 108, "QY_ID": "002105291241627852", "QY_ORG_CODE": "91110105717774812J", "QY_NAME": "北京海世腾装饰工程有限公司", "QY_FR_NAME": "孙巍", "QY_REGION": "110000", "QY_REGION_NAME": "北京市", "OLD_CODE": "717774812", "COLLECT_TIME": 1622263317000, "QY_SRC_TYPE": "0", "hub_crawl_status": 0}, {"RN": 109, "QY_ID": "002105291241628352", "QY_ORG_CODE": "911101087770723887", "QY_NAME": "北京鑫恒昌建筑装饰有限公司", "QY_FR_NAME": "崔春红", "QY_REGION": "110000", "QY_REGION_NAME": "北京市", "OLD_CODE": "777072388", "COLLECT_TIME": 1622263318000, "QY_SRC_TYPE": "0", "hub_crawl_status": 0}, {"RN": 110, "QY_ID": "002105291241628700", "QY_ORG_CODE": "911101081013944916", "QY_NAME": "北京长迪建筑装饰工程有限公司", "QY_FR_NAME": "钟燕龄", "QY_REGION": "110000", "QY_REGION_NAME": "北京市", "OLD_CODE": "101394491", "COLLECT_TIME": 1622263318000, "QY_SRC_TYPE": "0", "hub_crawl_status": 0}, {"RN": 111, "QY_ID": "002105291242631311", "QY_ORG_CODE": "91110116551401556Q", "QY_NAME": "中闳建设集团有限公司", "QY_FR_NAME": "初占凯", "QY_REGION": "110100", "QY_REGION_NAME": "北京市-市辖区", "OLD_CODE": "551401556", "COLLECT_TIME": 1622263321000, "QY_SRC_TYPE": "0", "hub_crawl_status": 0}, {"RN": 112, "QY_ID": "002105291242631368", "QY_ORG_CODE": "91110117735136582W", "QY_NAME": "智达世通建设集团有限公司", "QY_FR_NAME": "霍飞", "QY_REGION": "110000", "QY_REGION_NAME": "北京市", "OLD_CODE": "735136582", "COLLECT_TIME": 1622263321000, "QY_SRC_TYPE": "0", "hub_crawl_status": 0}, {"RN": 113, "QY_ID": "002105291242631961", "QY_ORG_CODE": "91110106780961813Y", "QY_NAME": "北京戴纳实验科技有限公司", "QY_FR_NAME": "迟海鹏", "QY_REGION": "110000", "QY_REGION_NAME": "北京市", "OLD_CODE": "780961813", "COLLECT_TIME": 1622263322000, "QY_SRC_TYPE": "0", "hub_crawl_status": 0}, {"RN": 114, "QY_ID": "002105291242632097", "QY_ORG_CODE": "911100001026899611", "QY_NAME": "北京东豪建设集团有限公司", "QY_FR_NAME": "陈作海", "QY_REGION": "110000", "QY_REGION_NAME": "北京市", "OLD_CODE": "102689961", "COLLECT_TIME": 1622263323000, "QY_SRC_TYPE": "0", "hub_crawl_status": 0}, {"RN": 115, "QY_ID": "002105291242632652", "QY_ORG_CODE": "91110115667518836Q", "QY_NAME": "北京荣威建设装饰工程有限公司", "QY_FR_NAME": "邓志强", "QY_REGION": "110000", "QY_REGION_NAME": "北京市", "OLD_CODE": "667518836", "COLLECT_TIME": 1622263324000, "QY_SRC_TYPE": "0", "hub_crawl_status": 0}, {"RN": 116, "QY_ID": "002105291242634125", "QY_ORG_CODE": "911101086000176158", "QY_NAME": "北京诺思威建筑装饰工程有限公司", "QY_FR_NAME": "刘力峰", "QY_REGION": "110000", "QY_REGION_NAME": "北京市", "OLD_CODE": "600017615", "COLLECT_TIME": 1622263326000, "QY_SRC_TYPE": "0", "hub_crawl_status": 0}, {"RN": 117, "QY_ID": "002105291242634330", "QY_ORG_CODE": "91110105672395041K", "QY_NAME": "北京莱格装饰工程有限公司", "QY_FR_NAME": "丁拥军", "QY_REGION": "110000", "QY_REGION_NAME": "北京市", "OLD_CODE": "672395041", "COLLECT_TIME": 1622263326000, "QY_SRC_TYPE": "0", "hub_crawl_status": 0}, {"RN": 118, "QY_ID": "002105291242634436", "QY_ORG_CODE": "9111010810000501XH", "QY_NAME": "中国建筑装饰集团有限公司", "QY_FR_NAME": "袁文清", "QY_REGION": "110000", "QY_REGION_NAME": "北京市", "OLD_CODE": "10000501X", "COLLECT_TIME": 1622263327000, "QY_SRC_TYPE": "0", "hub_crawl_status": 0}, {"RN": 119, "QY_ID": "002105291242635091", "QY_ORG_CODE": "911101057684988467", "QY_NAME": "北京千里驹展览展示有限公司", "QY_FR_NAME": "张闪闪", "QY_REGION": "110000", "QY_REGION_NAME": "北京市", "OLD_CODE": "768498846", "COLLECT_TIME": 1622263328000, "QY_SRC_TYPE": "0", "hub_crawl_status": 0}, {"RN": 120, "QY_ID": "002105291242635409", "QY_ORG_CODE": "911101058017185225", "QY_NAME": "北京亿尊装饰工程有限公司", "QY_FR_NAME": "王宏波", "QY_REGION": "110000", "QY_REGION_NAME": "北京市", "OLD_CODE": "801718522", "COLLECT_TIME": 1622263328000, "QY_SRC_TYPE": "0", "hub_crawl_status": 0}]