[{"RN": 151, "QY_ID": "002105291248676506", "QY_ORG_CODE": "91110000741570705N", "QY_NAME": "天禹文化集团有限公司", "QY_FR_NAME": "张秀福", "QY_REGION": "110000", "QY_REGION_NAME": "北京市", "OLD_CODE": "741570705", "COLLECT_TIME": 1622263707000, "QY_SRC_TYPE": "0", "hub_crawl_status": 0}, {"RN": 152, "QY_ID": "002105291248679264", "QY_ORG_CODE": "91110116721483639J", "QY_NAME": "北京阳光丽景建筑装饰有限公司", "QY_FR_NAME": "高运", "QY_REGION": "110000", "QY_REGION_NAME": "北京市", "OLD_CODE": "721483639", "COLLECT_TIME": 1622263710000, "QY_SRC_TYPE": "0", "hub_crawl_status": 0}, {"RN": 153, "QY_ID": "002105291248679468", "QY_ORG_CODE": "91110117MA004XEWX2", "QY_NAME": "北京民建国际工程管理有限公司", "QY_FR_NAME": "孙铭佑", "QY_REGION": "110000", "QY_REGION_NAME": "北京市", "OLD_CODE": "MA004XEWX", "COLLECT_TIME": 1622263710000, "QY_SRC_TYPE": "0", "hub_crawl_status": 0}, {"RN": 154, "QY_ID": "002105291248682394", "QY_ORG_CODE": "91110105101158210W", "QY_NAME": "北京天图设计工程有限公司", "QY_FR_NAME": "王博", "QY_REGION": "110000", "QY_REGION_NAME": "北京市", "OLD_CODE": "101158210", "COLLECT_TIME": 1622263714000, "QY_SRC_TYPE": "0", "hub_crawl_status": 0}, {"RN": 155, "QY_ID": "002105291248687657", "QY_ORG_CODE": "91110101674269380B", "QY_NAME": "北京木凡装饰工程有限公司", "QY_FR_NAME": "章望来", "QY_REGION": "110000", "QY_REGION_NAME": "北京市", "OLD_CODE": "674269380", "COLLECT_TIME": 1622263720000, "QY_SRC_TYPE": "0", "hub_crawl_status": 0}, {"RN": 156, "QY_ID": "002105291248687806", "QY_ORG_CODE": "91110109748116193W", "QY_NAME": "北京中集信达建设集团有限公司", "QY_FR_NAME": "彭屹", "QY_REGION": "110100", "QY_REGION_NAME": "北京市-市辖区", "OLD_CODE": "748116193", "COLLECT_TIME": 1622263720000, "QY_SRC_TYPE": "0", "hub_crawl_status": 0}, {"RN": 157, "QY_ID": "002105291248688918", "QY_ORG_CODE": "9111011367740674XP", "QY_NAME": "中新合创建设集团有限公司", "QY_FR_NAME": "刘建龙", "QY_REGION": "110000", "QY_REGION_NAME": "北京市", "OLD_CODE": "67740674X", "COLLECT_TIME": 1622263721000, "QY_SRC_TYPE": "0", "hub_crawl_status": 0}, {"RN": 158, "QY_ID": "002105291248693505", "QY_ORG_CODE": "911101135877165924", "QY_NAME": "北京中航空港工程管理有限公司", "QY_FR_NAME": "程嵘", "QY_REGION": "110000", "QY_REGION_NAME": "北京市", "OLD_CODE": "587716592", "COLLECT_TIME": 1622263730000, "QY_SRC_TYPE": "0", "hub_crawl_status": 0}, {"RN": 159, "QY_ID": "002105291248695403", "QY_ORG_CODE": "911101051018876243", "QY_NAME": "北京市建筑装饰设计院有限公司", "QY_FR_NAME": "徐姗", "QY_REGION": "110000", "QY_REGION_NAME": "北京市", "OLD_CODE": "101887624", "COLLECT_TIME": 1622263731000, "QY_SRC_TYPE": "0", "hub_crawl_status": 0}, {"RN": 160, "QY_ID": "002105291248696624", "QY_ORG_CODE": "911101056996360362", "QY_NAME": "北京中唐建筑装饰工程有限公司", "QY_FR_NAME": "戴思景", "QY_REGION": "110000", "QY_REGION_NAME": "北京市", "OLD_CODE": "699636036", "COLLECT_TIME": 1622263732000, "QY_SRC_TYPE": "0", "hub_crawl_status": 0}, {"RN": 161, "QY_ID": "002105291248699656", "QY_ORG_CODE": "911101178029272118", "QY_NAME": "北京松杰建筑装饰有限公司", "QY_FR_NAME": "刘佳", "QY_REGION": "110000", "QY_REGION_NAME": "北京市", "OLD_CODE": "802927211", "COLLECT_TIME": 1622263738000, "QY_SRC_TYPE": "0", "hub_crawl_status": 0}, {"RN": 162, "QY_ID": "002105291249701095", "QY_ORG_CODE": "91110111MA01HDTQ3E", "QY_NAME": "闪维（北京）建筑装饰工程有限公司", "QY_FR_NAME": "陈浪", "QY_REGION": "110100", "QY_REGION_NAME": "北京市-市辖区", "OLD_CODE": "MA01HDTQ3", "COLLECT_TIME": 1622263740000, "QY_SRC_TYPE": "0", "hub_crawl_status": 0}, {"RN": 163, "QY_ID": "002105291249702574", "QY_ORG_CODE": "91110112571281360Y", "QY_NAME": "建元科技发展有限公司", "QY_FR_NAME": "苏明山", "QY_REGION": "110000", "QY_REGION_NAME": "北京市", "OLD_CODE": "571281360", "COLLECT_TIME": 1622263742000, "QY_SRC_TYPE": "0", "hub_crawl_status": 0}, {"RN": 164, "QY_ID": "002105291249702817", "QY_ORG_CODE": "911101051018128332", "QY_NAME": "北京中建华昊建筑工程有限公司", "QY_FR_NAME": "王健", "QY_REGION": "110100", "QY_REGION_NAME": "北京市-市辖区", "OLD_CODE": "101812833", "COLLECT_TIME": 1622263742000, "QY_SRC_TYPE": "0", "hub_crawl_status": 0}, {"RN": 165, "QY_ID": "002105291249703681", "QY_ORG_CODE": "9111010574470713XK", "QY_NAME": "北京建工海亚建设工程有限公司", "QY_FR_NAME": "高永祥", "QY_REGION": "110100", "QY_REGION_NAME": "北京市-市辖区", "OLD_CODE": "74470713X", "COLLECT_TIME": 1622263743000, "QY_SRC_TYPE": "0", "hub_crawl_status": 0}]