[{"RN": 121, "QY_ID": "002105291242635838", "QY_ORG_CODE": "911101086916528672", "QY_NAME": "北京英豪建筑装饰设计工程有限公司", "QY_FR_NAME": "叶三樟", "QY_REGION": "110000", "QY_REGION_NAME": "北京市", "OLD_CODE": "691652867", "COLLECT_TIME": 1622263328000, "QY_SRC_TYPE": "0", "hub_crawl_status": 0}, {"RN": 122, "QY_ID": "002105291242637426", "QY_ORG_CODE": "91110108723957033A", "QY_NAME": "北京今典装饰工程有限公司", "QY_FR_NAME": "张宝全", "QY_REGION": "110100", "QY_REGION_NAME": "北京市-市辖区", "OLD_CODE": "723957033", "COLLECT_TIME": 1622263331000, "QY_SRC_TYPE": "0", "hub_crawl_status": 0}, {"RN": 123, "QY_ID": "002105291242644653", "QY_ORG_CODE": "91110102600051194X", "QY_NAME": "北京艺豪建筑装饰设计工程有限公司", "QY_FR_NAME": "冯普超", "QY_REGION": "110000", "QY_REGION_NAME": "北京市", "OLD_CODE": "600051194", "COLLECT_TIME": 1622263346000, "QY_SRC_TYPE": "0", "hub_crawl_status": 0}, {"RN": 124, "QY_ID": "002105291242644788", "QY_ORG_CODE": "911101141012276347", "QY_NAME": "北京欣艺科建筑装饰工程有限责任公司", "QY_FR_NAME": "郭宝善", "QY_REGION": "110000", "QY_REGION_NAME": "北京市", "OLD_CODE": "101227634", "COLLECT_TIME": 1622263346000, "QY_SRC_TYPE": "0", "hub_crawl_status": 0}, {"RN": 125, "QY_ID": "002105291242645211", "QY_ORG_CODE": "911101058017596159", "QY_NAME": "凯基鼎世建设发展有限公司", "QY_FR_NAME": "刘炜", "QY_REGION": "110000", "QY_REGION_NAME": "北京市", "OLD_CODE": "801759615", "COLLECT_TIME": 1622263347000, "QY_SRC_TYPE": "0", "hub_crawl_status": 0}, {"RN": 126, "QY_ID": "002105291248653396", "QY_ORG_CODE": "91110108798547135H", "QY_NAME": "恒开国际建设有限公司", "QY_FR_NAME": "付禹", "QY_REGION": "110100", "QY_REGION_NAME": "北京市-市辖区", "OLD_CODE": "798547135", "COLLECT_TIME": 1622263686000, "QY_SRC_TYPE": "0", "hub_crawl_status": 0}, {"RN": 127, "QY_ID": "002105291248653636", "QY_ORG_CODE": "9111011271770737XK", "QY_NAME": "北京星际元会展有限公司", "QY_FR_NAME": "张昱", "QY_REGION": "110000", "QY_REGION_NAME": "北京市", "OLD_CODE": "71770737X", "COLLECT_TIME": 1622263686000, "QY_SRC_TYPE": "0", "hub_crawl_status": 0}, {"RN": 128, "QY_ID": "002105291248653637", "QY_ORG_CODE": "91110109802370687T", "QY_NAME": "北京笔中展览展示有限公司", "QY_FR_NAME": "韩喜文", "QY_REGION": "110000", "QY_REGION_NAME": "北京市", "OLD_CODE": "802370687", "COLLECT_TIME": 1622263686000, "QY_SRC_TYPE": "0", "hub_crawl_status": 0}, {"RN": 129, "QY_ID": "002105291248654177", "QY_ORG_CODE": "91110114600000717F", "QY_NAME": "北京港源建筑装饰工程有限公司", "QY_FR_NAME": "符剑平", "QY_REGION": "110000", "QY_REGION_NAME": "北京市", "OLD_CODE": "600000717", "COLLECT_TIME": 1622263687000, "QY_SRC_TYPE": "0", "hub_crawl_status": 0}, {"RN": 130, "QY_ID": "002105291248654186", "QY_ORG_CODE": "911100006330023135", "QY_NAME": "东易日盛家居装饰集团股份有限公司", "QY_FR_NAME": "陈辉", "QY_REGION": "110000", "QY_REGION_NAME": "北京市", "OLD_CODE": "633002313", "COLLECT_TIME": 1622263687000, "QY_SRC_TYPE": "0", "hub_crawl_status": 0}, {"RN": 131, "QY_ID": "002105291248655630", "QY_ORG_CODE": "911101173067077890", "QY_NAME": "中腾（北京）建筑工程有限公司", "QY_FR_NAME": "陈延景", "QY_REGION": "110100", "QY_REGION_NAME": "北京市-市辖区", "OLD_CODE": "306707789", "COLLECT_TIME": 1622263688000, "QY_SRC_TYPE": "0", "hub_crawl_status": 0}, {"RN": 132, "QY_ID": "002105291248657903", "QY_ORG_CODE": "91110105793438159J", "QY_NAME": "北京兴中创国际展示有限公司", "QY_FR_NAME": "巴根那", "QY_REGION": "110000", "QY_REGION_NAME": "北京市", "OLD_CODE": "793438159", "COLLECT_TIME": 1622263690000, "QY_SRC_TYPE": "0", "hub_crawl_status": 0}, {"RN": 133, "QY_ID": "002105291248660745", "QY_ORG_CODE": "911101125674329558", "QY_NAME": "北京众创国际展览有限公司", "QY_FR_NAME": "兰港", "QY_REGION": "110000", "QY_REGION_NAME": "北京市", "OLD_CODE": "567432955", "COLLECT_TIME": 1622263692000, "QY_SRC_TYPE": "0", "hub_crawl_status": 0}, {"RN": 134, "QY_ID": "002105291248660793", "QY_ORG_CODE": "91110106560439345N", "QY_NAME": "中鼎建设工程（北京）有限公司", "QY_FR_NAME": "邓忠", "QY_REGION": "110000", "QY_REGION_NAME": "北京市", "OLD_CODE": "560439345", "COLLECT_TIME": 1622263693000, "QY_SRC_TYPE": "0", "hub_crawl_status": 0}, {"RN": 135, "QY_ID": "002105291248660801", "QY_ORG_CODE": "911101057817305233", "QY_NAME": "北京一彩空间工程技术有限公司", "QY_FR_NAME": "刘兴春", "QY_REGION": "110100", "QY_REGION_NAME": "北京市-市辖区", "OLD_CODE": "781730523", "COLLECT_TIME": 1622263693000, "QY_SRC_TYPE": "0", "hub_crawl_status": 0}]