[{"RN": 1, "QY_ID": "002105291239451703", "QY_ORG_CODE": "91110105625907120L", "QY_NAME": "北京扶桑建筑装饰有限公司", "QY_FR_NAME": "王全民", "QY_REGION": "110000", "QY_REGION_NAME": "北京市", "OLD_CODE": "625907120", "COLLECT_TIME": 1622263196000, "QY_SRC_TYPE": "0", "hub_crawl_status": 0}, {"RN": 2, "QY_ID": "002105291239451730", "QY_ORG_CODE": "91110112600015484B", "QY_NAME": "北京燕佳建筑工程有限公司", "QY_FR_NAME": "钟博英", "QY_REGION": "110000", "QY_REGION_NAME": "北京市", "OLD_CODE": "600015484", "COLLECT_TIME": 1622263196000, "QY_SRC_TYPE": "0", "hub_crawl_status": 0}, {"RN": 3, "QY_ID": "002105291239451825", "QY_ORG_CODE": "91110102625902039C", "QY_NAME": "北京菲尼有限公司", "QY_FR_NAME": "白雨", "QY_REGION": "110000", "QY_REGION_NAME": "北京市", "OLD_CODE": "625902039", "COLLECT_TIME": 1622263196000, "QY_SRC_TYPE": "0", "hub_crawl_status": 0}, {"RN": 4, "QY_ID": "002105291239451984", "QY_ORG_CODE": "91110106102124696Y", "QY_NAME": "中建一局集团装饰工程有限公司", "QY_FR_NAME": "毛立臣", "QY_REGION": "110000", "QY_REGION_NAME": "北京市", "OLD_CODE": "102124696", "COLLECT_TIME": 1622263196000, "QY_SRC_TYPE": "0", "hub_crawl_status": 0}, {"RN": 5, "QY_ID": "002105291239452201", "QY_ORG_CODE": "911101016000418349", "QY_NAME": "北京贝盟国际建筑装饰工程有限公司", "QY_FR_NAME": "苏建青", "QY_REGION": "110000", "QY_REGION_NAME": "北京市", "OLD_CODE": "600041834", "COLLECT_TIME": 1622263196000, "QY_SRC_TYPE": "0", "hub_crawl_status": 0}, {"RN": 6, "QY_ID": "002105291239452853", "QY_ORG_CODE": "91110101101124926A", "QY_NAME": "北京华美装饰工程有限责任公司", "QY_FR_NAME": "李忠生", "QY_REGION": "110000", "QY_REGION_NAME": "北京市", "OLD_CODE": "101124926", "COLLECT_TIME": 1622263197000, "QY_SRC_TYPE": "0", "hub_crawl_status": 0}, {"RN": 7, "QY_ID": "002105291239453294", "QY_ORG_CODE": "91110000633739120D", "QY_NAME": "国都建设（集团）有限公司", "QY_FR_NAME": "王文海", "QY_REGION": "110000", "QY_REGION_NAME": "北京市", "OLD_CODE": "633739120", "COLLECT_TIME": 1622263197000, "QY_SRC_TYPE": "0", "hub_crawl_status": 0}, {"RN": 8, "QY_ID": "002105291239453519", "QY_ORG_CODE": "91110105723551068U", "QY_NAME": "北京瑞安特声学装饰工程有限公司", "QY_FR_NAME": "阮文富", "QY_REGION": "110000", "QY_REGION_NAME": "北京市", "OLD_CODE": "723551068", "COLLECT_TIME": 1622263197000, "QY_SRC_TYPE": "0", "hub_crawl_status": 0}, {"RN": 9, "QY_ID": "002105291239453528", "QY_ORG_CODE": "9111010863305739XH", "QY_NAME": "北京市金龙腾装饰股份有限公司", "QY_FR_NAME": "孙喜顺", "QY_REGION": "110000", "QY_REGION_NAME": "北京市", "OLD_CODE": "63305739X", "COLLECT_TIME": 1622263197000, "QY_SRC_TYPE": "0", "hub_crawl_status": 0}, {"RN": 10, "QY_ID": "002105291239456560", "QY_ORG_CODE": "91110115101824068W", "QY_NAME": "北京环洋经典建筑发展有限责任公司", "QY_FR_NAME": "杨宏伟", "QY_REGION": "110000", "QY_REGION_NAME": "北京市", "OLD_CODE": "101824068", "COLLECT_TIME": 1622263199000, "QY_SRC_TYPE": "0", "hub_crawl_status": 0}, {"RN": 11, "QY_ID": "002105291239456837", "QY_ORG_CODE": "91110108101401639B", "QY_NAME": "北京雅林士博建筑工程有限公司", "QY_FR_NAME": "林山", "QY_REGION": "110000", "QY_REGION_NAME": "北京市", "OLD_CODE": "101401639", "COLLECT_TIME": 1622263199000, "QY_SRC_TYPE": "0", "hub_crawl_status": 0}, {"RN": 12, "QY_ID": "002105291240465418", "QY_ORG_CODE": "91110112700351426G", "QY_NAME": "北京唯诚信德装饰工程有限公司", "QY_FR_NAME": "马洪伟", "QY_REGION": "110100", "QY_REGION_NAME": "北京市-市辖区", "OLD_CODE": "700351426", "COLLECT_TIME": 1622263203000, "QY_SRC_TYPE": "0", "hub_crawl_status": 0}, {"RN": 13, "QY_ID": "002105291240466288", "QY_ORG_CODE": "91110102700240654P", "QY_NAME": "北京东华绿源建筑装饰工程技术有限公司", "QY_FR_NAME": "李东", "QY_REGION": "110000", "QY_REGION_NAME": "北京市", "OLD_CODE": "700240654", "COLLECT_TIME": 1622263204000, "QY_SRC_TYPE": "0", "hub_crawl_status": 0}, {"RN": 14, "QY_ID": "002105291240471245", "QY_ORG_CODE": "91110117102957997J", "QY_NAME": "玛雅森林（北京）建筑装饰工程有限公司", "QY_FR_NAME": "戴玮霆", "QY_REGION": "110000", "QY_REGION_NAME": "北京市", "OLD_CODE": "102957997", "COLLECT_TIME": 1622263206000, "QY_SRC_TYPE": "0", "hub_crawl_status": 0}, {"RN": 15, "QY_ID": "002105291240480039", "QY_ORG_CODE": "91110106680461475C", "QY_NAME": "北京晨洲装饰工程设计有限公司", "QY_FR_NAME": "闫海江", "QY_REGION": "110100", "QY_REGION_NAME": "北京市-市辖区", "OLD_CODE": "680461475", "COLLECT_TIME": 1622263211000, "QY_SRC_TYPE": "0", "hub_crawl_status": 0}]