[{"RN": 196, "QY_ID": "002105291254754126", "QY_ORG_CODE": "91110105625904448T", "QY_NAME": "中艺建筑装饰有限公司", "QY_FR_NAME": "陈彦杰", "QY_REGION": "110000", "QY_REGION_NAME": "北京市", "OLD_CODE": "625904448", "COLLECT_TIME": 1622264085000, "QY_SRC_TYPE": "0", "hub_crawl_status": 0}, {"RN": 197, "QY_ID": "002105291254754848", "QY_ORG_CODE": "91110105600025332X", "QY_NAME": "北京金隅装饰工程有限公司", "QY_FR_NAME": "朱江", "QY_REGION": "110000", "QY_REGION_NAME": "北京市", "OLD_CODE": "600025332", "COLLECT_TIME": 1622264086000, "QY_SRC_TYPE": "0", "hub_crawl_status": 0}, {"RN": 198, "QY_ID": "002105291254756688", "QY_ORG_CODE": "91110108793415774D", "QY_NAME": "北京港源建筑装饰设计研究院有限公司", "QY_FR_NAME": "丁春亚", "QY_REGION": "110000", "QY_REGION_NAME": "北京市", "OLD_CODE": "793415774", "COLLECT_TIME": 1622264088000, "QY_SRC_TYPE": "0", "hub_crawl_status": 0}, {"RN": 199, "QY_ID": "002105291254759777", "QY_ORG_CODE": "91110108633706329G", "QY_NAME": "北京中建装饰工程有限公司", "QY_FR_NAME": "韩文君", "QY_REGION": "110000", "QY_REGION_NAME": "北京市", "OLD_CODE": "633706329", "COLLECT_TIME": 1622264091000, "QY_SRC_TYPE": "0", "hub_crawl_status": 0}, {"RN": 200, "QY_ID": "002105291255766871", "QY_ORG_CODE": "91110111661566693K", "QY_NAME": "北京启新建筑装饰工程有限公司", "QY_FR_NAME": "陆井卫", "QY_REGION": "110100", "QY_REGION_NAME": "北京市-市辖区", "OLD_CODE": "661566693", "COLLECT_TIME": 1622264100000, "QY_SRC_TYPE": "0", "hub_crawl_status": 0}, {"RN": 201, "QY_ID": "002105291255767595", "QY_ORG_CODE": "91110114MA0014UG5X", "QY_NAME": "北京天睿数展科技有限公司", "QY_FR_NAME": "耿业强", "QY_REGION": "110100", "QY_REGION_NAME": "北京市-市辖区", "OLD_CODE": "MA0014UG5", "COLLECT_TIME": 1622264101000, "QY_SRC_TYPE": "0", "hub_crawl_status": 0}, {"RN": 202, "QY_ID": "002105291255774864", "QY_ORG_CODE": "9111010567281084XJ", "QY_NAME": "北京同州建设有限公司", "QY_FR_NAME": "胡来胜", "QY_REGION": "110100", "QY_REGION_NAME": "北京市-市辖区", "OLD_CODE": "67281084X", "COLLECT_TIME": 1622264109000, "QY_SRC_TYPE": "0", "hub_crawl_status": 0}, {"RN": 203, "QY_ID": "002105291255776073", "QY_ORG_CODE": "911100007940942471", "QY_NAME": "首投创通建设集团有限公司", "QY_FR_NAME": "秦永余", "QY_REGION": "110000", "QY_REGION_NAME": "北京市", "OLD_CODE": "794094247", "COLLECT_TIME": 1622264111000, "QY_SRC_TYPE": "0", "hub_crawl_status": 0}, {"RN": 204, "QY_ID": "002105291258788248", "QY_ORG_CODE": "91110116575246052T", "QY_NAME": "北京华邑建设集团有限公司", "QY_FR_NAME": "林玉江", "QY_REGION": "110100", "QY_REGION_NAME": "北京市-市辖区", "OLD_CODE": "575246052", "COLLECT_TIME": 1622264314000, "QY_SRC_TYPE": "0", "hub_crawl_status": 0}, {"RN": 205, "QY_ID": "002105291258790556", "QY_ORG_CODE": "91110116MA00AARA21", "QY_NAME": "国艺天成建设工程技术有限公司", "QY_FR_NAME": "刘洪伟", "QY_REGION": "110000", "QY_REGION_NAME": "北京市", "OLD_CODE": "MA00AARA2", "COLLECT_TIME": 1622264316000, "QY_SRC_TYPE": "0", "hub_crawl_status": 0}, {"RN": 206, "QY_ID": "002105291258791085", "QY_ORG_CODE": "91110114791627714U", "QY_NAME": "北京弘高建筑装饰工程设计有限公司", "QY_FR_NAME": "何宁", "QY_REGION": "110000", "QY_REGION_NAME": "北京市", "OLD_CODE": "791627714", "COLLECT_TIME": 1622264317000, "QY_SRC_TYPE": "0", "hub_crawl_status": 0}, {"RN": 207, "QY_ID": "002105291258797014", "QY_ORG_CODE": "91110106682867524U", "QY_NAME": "中实创建科技股份有限公司", "QY_FR_NAME": "尹达", "QY_REGION": "110000", "QY_REGION_NAME": "北京市", "OLD_CODE": "682867524", "COLLECT_TIME": 1622264323000, "QY_SRC_TYPE": "0", "hub_crawl_status": 0}, {"RN": 208, "QY_ID": "002105291258809829", "QY_ORG_CODE": "91110105666916410K", "QY_NAME": "北京钜祥装饰工程设计有限公司", "QY_FR_NAME": "张德法", "QY_REGION": "110100", "QY_REGION_NAME": "北京市-市辖区", "OLD_CODE": "666916410", "COLLECT_TIME": 1622264338000, "QY_SRC_TYPE": "0", "hub_crawl_status": 0}, {"RN": 209, "QY_ID": "002105291259817804", "QY_ORG_CODE": "91110112774723093G", "QY_NAME": "北京盛世永信文化发展有限公司", "QY_FR_NAME": "史茂蕊", "QY_REGION": "110100", "QY_REGION_NAME": "北京市-市辖区", "OLD_CODE": "774723093", "COLLECT_TIME": 1622264349000, "QY_SRC_TYPE": "0", "hub_crawl_status": 0}, {"RN": 210, "QY_ID": "002105291259832226", "QY_ORG_CODE": "91110106596038367Q", "QY_NAME": "中恬建设集团有限公司", "QY_FR_NAME": "余光秋", "QY_REGION": "110000", "QY_REGION_NAME": "北京市", "OLD_CODE": "596038367", "COLLECT_TIME": 1622264366000, "QY_SRC_TYPE": "0", "hub_crawl_status": 0}]