[{"RN": 76, "QY_ID": "002105291241586768", "QY_ORG_CODE": "911101057513205668", "QY_NAME": "北京城建亚泰建筑装饰工程设计有限公司", "QY_FR_NAME": "殷庆华", "QY_REGION": "110000", "QY_REGION_NAME": "北京市", "OLD_CODE": "751320566", "COLLECT_TIME": 1622263277000, "QY_SRC_TYPE": "0", "hub_crawl_status": 0}, {"RN": 77, "QY_ID": "002105291241590149", "QY_ORG_CODE": "91110101600022342F", "QY_NAME": "北京优高雅装饰工程有限公司", "QY_FR_NAME": "洪先煜", "QY_REGION": "110000", "QY_REGION_NAME": "北京市", "OLD_CODE": "600022342", "COLLECT_TIME": 1622263279000, "QY_SRC_TYPE": "0", "hub_crawl_status": 0}, {"RN": 78, "QY_ID": "002105291241590246", "QY_ORG_CODE": "91110102721425519H", "QY_NAME": "北京集美组装饰工程有限公司", "QY_FR_NAME": "龙雪贵", "QY_REGION": "110000", "QY_REGION_NAME": "北京市", "OLD_CODE": "721425519", "COLLECT_TIME": 1622263279000, "QY_SRC_TYPE": "0", "hub_crawl_status": 0}, {"RN": 79, "QY_ID": "002105291241591437", "QY_ORG_CODE": "91110107102312507G", "QY_NAME": "北京中铁装饰工程有限公司", "QY_FR_NAME": "王艳立", "QY_REGION": "110000", "QY_REGION_NAME": "北京市", "OLD_CODE": "102312507", "COLLECT_TIME": 1622263280000, "QY_SRC_TYPE": "0", "hub_crawl_status": 0}, {"RN": 80, "QY_ID": "002105291241592467", "QY_ORG_CODE": "91110101633059192U", "QY_NAME": "北京塑美建筑装饰工程有限公司", "QY_FR_NAME": "肖克明", "QY_REGION": "110000", "QY_REGION_NAME": "北京市", "OLD_CODE": "633059192", "COLLECT_TIME": 1622263281000, "QY_SRC_TYPE": "0", "hub_crawl_status": 0}, {"RN": 81, "QY_ID": "002105291241592991", "QY_ORG_CODE": "91110108771588789U", "QY_NAME": "北京三月雨文化传播有限责任公司", "QY_FR_NAME": "李迎玉", "QY_REGION": "110000", "QY_REGION_NAME": "北京市", "OLD_CODE": "771588789", "COLLECT_TIME": 1622263281000, "QY_SRC_TYPE": "0", "hub_crawl_status": 0}, {"RN": 82, "QY_ID": "002105291241595142", "QY_ORG_CODE": "91110113558581879M", "QY_NAME": "北京笔克展览展示有限公司", "QY_FR_NAME": "梁诚", "QY_REGION": "110100", "QY_REGION_NAME": "北京市-市辖区", "OLD_CODE": "558581879", "COLLECT_TIME": 1622263283000, "QY_SRC_TYPE": "0", "hub_crawl_status": 0}, {"RN": 83, "QY_ID": "002105291241596538", "QY_ORG_CODE": "91110000062849608N", "QY_NAME": "华诚建设集团股份有限公司", "QY_FR_NAME": "王军帅", "QY_REGION": "110000", "QY_REGION_NAME": "北京市", "OLD_CODE": "062849608", "COLLECT_TIME": 1622263284000, "QY_SRC_TYPE": "0", "hub_crawl_status": 0}, {"RN": 84, "QY_ID": "002105291241597022", "QY_ORG_CODE": "91110111597680749D", "QY_NAME": "北京盛世笔特国际文化创意有限公司", "QY_FR_NAME": "杨金栋", "QY_REGION": "110100", "QY_REGION_NAME": "北京市-市辖区", "OLD_CODE": "597680749", "COLLECT_TIME": 1622263284000, "QY_SRC_TYPE": "0", "hub_crawl_status": 0}, {"RN": 85, "QY_ID": "002105291241597686", "QY_ORG_CODE": "91110107782547376E", "QY_NAME": "北京风云汇工程设计有限公司", "QY_FR_NAME": "黄国英", "QY_REGION": "110000", "QY_REGION_NAME": "北京市", "OLD_CODE": "782547376", "COLLECT_TIME": 1622263284000, "QY_SRC_TYPE": "0", "hub_crawl_status": 0}, {"RN": 86, "QY_ID": "002105291241600406", "QY_ORG_CODE": "91110102633688554J", "QY_NAME": "北京华运装饰工程有限责任公司", "QY_FR_NAME": "刘进", "QY_REGION": "110000", "QY_REGION_NAME": "北京市", "OLD_CODE": "633688554", "COLLECT_TIME": 1622263287000, "QY_SRC_TYPE": "0", "hub_crawl_status": 0}, {"RN": 87, "QY_ID": "002105291241601574", "QY_ORG_CODE": "91110114102670988E", "QY_NAME": "北京弘高建筑装饰设计工程有限公司", "QY_FR_NAME": "荆明", "QY_REGION": "110000", "QY_REGION_NAME": "北京市", "OLD_CODE": "102670988", "COLLECT_TIME": 1622263288000, "QY_SRC_TYPE": "0", "hub_crawl_status": 0}, {"RN": 88, "QY_ID": "002105291241607625", "QY_ORG_CODE": "9111010880117086XE", "QY_NAME": "北京点意空间展览展示有限公司", "QY_FR_NAME": "吕玉贵", "QY_REGION": "110000", "QY_REGION_NAME": "北京市", "OLD_CODE": "80117086X", "COLLECT_TIME": 1622263295000, "QY_SRC_TYPE": "0", "hub_crawl_status": 0}, {"RN": 89, "QY_ID": "002105291241608798", "QY_ORG_CODE": "91110101101248144P", "QY_NAME": "北京山水装饰工程有限公司", "QY_FR_NAME": "吴敏", "QY_REGION": "110000", "QY_REGION_NAME": "北京市", "OLD_CODE": "101248144", "COLLECT_TIME": 1622263296000, "QY_SRC_TYPE": "0", "hub_crawl_status": 0}, {"RN": 90, "QY_ID": "002105291241609146", "QY_ORG_CODE": "91110101661563812E", "QY_NAME": "北京潮鑫建筑装饰工程有限公司", "QY_FR_NAME": "曹生敏", "QY_REGION": "110000", "QY_REGION_NAME": "北京市", "OLD_CODE": "661563812", "COLLECT_TIME": 1622263296000, "QY_SRC_TYPE": "0", "hub_crawl_status": 0}]