[{"RN": 46, "QY_ID": "002105291240547080", "QY_ORG_CODE": "91110116335583666C", "QY_NAME": "北京三鑫晶品装饰工程有限公司", "QY_FR_NAME": "张桂先", "QY_REGION": "110100", "QY_REGION_NAME": "北京市-市辖区", "OLD_CODE": "335583666", "COLLECT_TIME": 1622263249000, "QY_SRC_TYPE": "0", "hub_crawl_status": 0}, {"RN": 47, "QY_ID": "002105291240548058", "QY_ORG_CODE": "911101168026016411", "QY_NAME": "华翔飞建筑装饰工程有限公司", "QY_FR_NAME": "叶飞", "QY_REGION": "110000", "QY_REGION_NAME": "北京市", "OLD_CODE": "802601641", "COLLECT_TIME": 1622263250000, "QY_SRC_TYPE": "0", "hub_crawl_status": 0}, {"RN": 48, "QY_ID": "002105291240553334", "QY_ORG_CODE": "91110107600018933X", "QY_NAME": "北京丽贝亚建筑装饰工程有限公司", "QY_FR_NAME": "高建林", "QY_REGION": "110000", "QY_REGION_NAME": "北京市", "OLD_CODE": "600018933", "COLLECT_TIME": 1622263253000, "QY_SRC_TYPE": "0", "hub_crawl_status": 0}, {"RN": 49, "QY_ID": "002105291240557642", "QY_ORG_CODE": "911101057959984676", "QY_NAME": "北京住宏建筑装饰工程有限公司", "QY_FR_NAME": "张文政", "QY_REGION": "110000", "QY_REGION_NAME": "北京市", "OLD_CODE": "795998467", "COLLECT_TIME": 1622263256000, "QY_SRC_TYPE": "0", "hub_crawl_status": 0}, {"RN": 50, "QY_ID": "002105291240557901", "QY_ORG_CODE": "91110105600032532B", "QY_NAME": "捷通智慧科技股份有限公司", "QY_FR_NAME": "杨春华", "QY_REGION": "110000", "QY_REGION_NAME": "北京市", "OLD_CODE": "600032532", "COLLECT_TIME": 1622263256000, "QY_SRC_TYPE": "0", "hub_crawl_status": 0}, {"RN": 51, "QY_ID": "002105291240558007", "QY_ORG_CODE": "911101097214565182", "QY_NAME": "中天开元建设发展有限公司", "QY_FR_NAME": "周杰", "QY_REGION": "110000", "QY_REGION_NAME": "北京市", "OLD_CODE": "721456518", "COLLECT_TIME": 1622263256000, "QY_SRC_TYPE": "0", "hub_crawl_status": 0}, {"RN": 52, "QY_ID": "002105291240560815", "QY_ORG_CODE": "91110102582543346F", "QY_NAME": "中建装饰设计研究院有限公司", "QY_FR_NAME": "张国榕", "QY_REGION": "110100", "QY_REGION_NAME": "北京市-市辖区", "OLD_CODE": "582543346", "COLLECT_TIME": 1622263258000, "QY_SRC_TYPE": "0", "hub_crawl_status": 0}, {"RN": 53, "QY_ID": "002105291240561075", "QY_ORG_CODE": "9111010510113944XW", "QY_NAME": "北京业之峰诺创建筑装饰工程有限公司", "QY_FR_NAME": "李长城", "QY_REGION": "110000", "QY_REGION_NAME": "北京市", "OLD_CODE": "10113944X", "COLLECT_TIME": 1622263258000, "QY_SRC_TYPE": "0", "hub_crawl_status": 0}, {"RN": 54, "QY_ID": "002105291240561104", "QY_ORG_CODE": "91110105579094260Y", "QY_NAME": "中御建设发展（北京）股份有限公司", "QY_FR_NAME": "许中", "QY_REGION": "110000", "QY_REGION_NAME": "北京市", "OLD_CODE": "579094260", "COLLECT_TIME": 1622263258000, "QY_SRC_TYPE": "0", "hub_crawl_status": 0}, {"RN": 55, "QY_ID": "002105291240561698", "QY_ORG_CODE": "91110000101510712K", "QY_NAME": "北京建工四建工程建设有限公司", "QY_FR_NAME": "孙振泉", "QY_REGION": "110100", "QY_REGION_NAME": "北京市-市辖区", "OLD_CODE": "101510712", "COLLECT_TIME": 1622263259000, "QY_SRC_TYPE": "0", "hub_crawl_status": 0}, {"RN": 56, "QY_ID": "002105291240561718", "QY_ORG_CODE": "911101137541527568", "QY_NAME": "北京承达创建装饰工程有限公司", "QY_FR_NAME": "丁敬勇", "QY_REGION": "110000", "QY_REGION_NAME": "北京市", "OLD_CODE": "754152756", "COLLECT_TIME": 1622263259000, "QY_SRC_TYPE": "0", "hub_crawl_status": 0}, {"RN": 57, "QY_ID": "002105291241563388", "QY_ORG_CODE": "911101161012016020", "QY_NAME": "北京保发津樑装饰工程有限公司", "QY_FR_NAME": "张玉龙", "QY_REGION": "110000", "QY_REGION_NAME": "北京市", "OLD_CODE": "101201602", "COLLECT_TIME": 1622263260000, "QY_SRC_TYPE": "0", "hub_crawl_status": 0}, {"RN": 58, "QY_ID": "002105291241564076", "QY_ORG_CODE": "91110102600041017H", "QY_NAME": "东兆华美建筑装饰有限公司", "QY_FR_NAME": "张超力", "QY_REGION": "110000", "QY_REGION_NAME": "北京市", "OLD_CODE": "600041017", "COLLECT_TIME": 1622263260000, "QY_SRC_TYPE": "0", "hub_crawl_status": 0}, {"RN": 59, "QY_ID": "002105291241565596", "QY_ORG_CODE": "911101051017210773", "QY_NAME": "北京住总装饰有限责任公司", "QY_FR_NAME": "郭建平", "QY_REGION": "110000", "QY_REGION_NAME": "北京市", "OLD_CODE": "101721077", "COLLECT_TIME": 1622263261000, "QY_SRC_TYPE": "0", "hub_crawl_status": 0}, {"RN": 60, "QY_ID": "002105291241566879", "QY_ORG_CODE": "91110000102054202B", "QY_NAME": "中铁北京工程局集团有限公司", "QY_FR_NAME": "程志强", "QY_REGION": "110100", "QY_REGION_NAME": "北京市-市辖区", "OLD_CODE": "102054202", "COLLECT_TIME": 1622263262000, "QY_SRC_TYPE": "0", "hub_crawl_status": 0}]