[{"RN": 16, "QY_ID": "002105291240484575", "QY_ORG_CODE": "911100007263609379", "QY_NAME": "北京金港建设股份有限公司", "QY_FR_NAME": "谭子恒", "QY_REGION": "110000", "QY_REGION_NAME": "北京市", "OLD_CODE": "726360937", "COLLECT_TIME": 1622263213000, "QY_SRC_TYPE": "0", "hub_crawl_status": 0}, {"RN": 17, "QY_ID": "002105291240484683", "QY_ORG_CODE": "91110115700062560A", "QY_NAME": "北京北恒建筑装饰工程有限公司", "QY_FR_NAME": "齐洪庆", "QY_REGION": "110000", "QY_REGION_NAME": "北京市", "OLD_CODE": "700062560", "COLLECT_TIME": 1622263213000, "QY_SRC_TYPE": "0", "hub_crawl_status": 0}, {"RN": 18, "QY_ID": "002105291240495406", "QY_ORG_CODE": "911101078021062965", "QY_NAME": "北京北方诚信装饰工程有限公司", "QY_FR_NAME": "徐衡", "QY_REGION": "110000", "QY_REGION_NAME": "北京市", "OLD_CODE": "802106296", "COLLECT_TIME": 1622263218000, "QY_SRC_TYPE": "0", "hub_crawl_status": 0}, {"RN": 19, "QY_ID": "002105291240495765", "QY_ORG_CODE": "91110102600454647E", "QY_NAME": "北京北方天宇医疗建筑科技有限公司", "QY_FR_NAME": "曹海", "QY_REGION": "110000", "QY_REGION_NAME": "北京市", "OLD_CODE": "600454647", "COLLECT_TIME": 1622263219000, "QY_SRC_TYPE": "0", "hub_crawl_status": 0}, {"RN": 20, "QY_ID": "002105291240497499", "QY_ORG_CODE": "911101051022329455", "QY_NAME": "北京维拓时代建筑装饰工程有限公司", "QY_FR_NAME": "李洪求", "QY_REGION": "110000", "QY_REGION_NAME": "北京市", "OLD_CODE": "102232945", "COLLECT_TIME": 1622263220000, "QY_SRC_TYPE": "0", "hub_crawl_status": 0}, {"RN": 21, "QY_ID": "002105291240498162", "QY_ORG_CODE": "91110000633700269T", "QY_NAME": "北京首钢建设集团有限公司", "QY_FR_NAME": "杨波", "QY_REGION": "110000", "QY_REGION_NAME": "北京市", "OLD_CODE": "633700269", "COLLECT_TIME": 1622263220000, "QY_SRC_TYPE": "0", "hub_crawl_status": 0}, {"RN": 22, "QY_ID": "002105291240502114", "QY_ORG_CODE": "9111010755683254XM", "QY_NAME": "北京金翅鸟建筑装饰工程有限公司", "QY_FR_NAME": "徐辉", "QY_REGION": "110000", "QY_REGION_NAME": "北京市", "OLD_CODE": "55683254X", "COLLECT_TIME": 1622263223000, "QY_SRC_TYPE": "0", "hub_crawl_status": 0}, {"RN": 23, "QY_ID": "002105291240502483", "QY_ORG_CODE": "91110105102852319B", "QY_NAME": "北京迪迈建筑装饰工程有限公司", "QY_FR_NAME": "周玉波", "QY_REGION": "110000", "QY_REGION_NAME": "北京市", "OLD_CODE": "102852319", "COLLECT_TIME": 1622263223000, "QY_SRC_TYPE": "0", "hub_crawl_status": 0}, {"RN": 24, "QY_ID": "002105291240504498", "QY_ORG_CODE": "9111010663370215XC", "QY_NAME": "北京建兴泰建设科技有限责任公司", "QY_FR_NAME": "夏春阳", "QY_REGION": "110000", "QY_REGION_NAME": "北京市", "OLD_CODE": "63370215X", "COLLECT_TIME": 1622263224000, "QY_SRC_TYPE": "0", "hub_crawl_status": 0}, {"RN": 25, "QY_ID": "002105291240506051", "QY_ORG_CODE": "91110114553112491E", "QY_NAME": "北京金丰环球建筑装饰有限公司", "QY_FR_NAME": "陈康胜", "QY_REGION": "110000", "QY_REGION_NAME": "北京市", "OLD_CODE": "553112491", "COLLECT_TIME": 1622263225000, "QY_SRC_TYPE": "0", "hub_crawl_status": 0}, {"RN": 26, "QY_ID": "002105291240506526", "QY_ORG_CODE": "911101086336912514", "QY_NAME": "北京华科建筑智能系统工程有限公司", "QY_FR_NAME": "朱信钰", "QY_REGION": "110100", "QY_REGION_NAME": "北京市-市辖区", "OLD_CODE": "633691251", "COLLECT_TIME": 1622263225000, "QY_SRC_TYPE": "0", "hub_crawl_status": 0}, {"RN": 27, "QY_ID": "002105291240506611", "QY_ORG_CODE": "91110116700269131R", "QY_NAME": "北京一木装饰工程有限公司", "QY_FR_NAME": "许延平", "QY_REGION": "110000", "QY_REGION_NAME": "北京市", "OLD_CODE": "700269131", "COLLECT_TIME": 1622263225000, "QY_SRC_TYPE": "0", "hub_crawl_status": 0}, {"RN": 28, "QY_ID": "002105291240506958", "QY_ORG_CODE": "911100001000027404", "QY_NAME": "中国装饰股份有限公司", "QY_FR_NAME": "秦钊", "QY_REGION": "110000", "QY_REGION_NAME": "北京市", "OLD_CODE": "100002740", "COLLECT_TIME": 1622263225000, "QY_SRC_TYPE": "0", "hub_crawl_status": 0}, {"RN": 29, "QY_ID": "002105291240509013", "QY_ORG_CODE": "911101051014194686", "QY_NAME": "北京花旗建设有限公司", "QY_FR_NAME": "祁羽", "QY_REGION": "110100", "QY_REGION_NAME": "北京市-市辖区", "OLD_CODE": "101419468", "COLLECT_TIME": 1622263226000, "QY_SRC_TYPE": "0", "hub_crawl_status": 0}, {"RN": 30, "QY_ID": "002105291240509017", "QY_ORG_CODE": "911102296337105717", "QY_NAME": "北京华夏建设发展有限公司", "QY_FR_NAME": "陈立国", "QY_REGION": "110200", "QY_REGION_NAME": "北京市", "OLD_CODE": "633710571", "COLLECT_TIME": 1622263226000, "QY_SRC_TYPE": "0", "hub_crawl_status": 0}]