[{"RN": 1, "QY_ID": "002105291241591347", "QY_ORG_CODE": "91110108569467641Q", "QY_NAME": "北京中联奥意工程设计咨询有限公司", "QY_FR_NAME": "单富强", "QY_REGION": "110000", "QY_REGION_NAME": "北京市", "OLD_CODE": "569467641", "COLLECT_TIME": 1622263280000, "QY_SRC_TYPE": "0", "hub_crawl_status": 0}, {"RN": 2, "QY_ID": "002105291241599514", "QY_ORG_CODE": "91110102400708526T", "QY_NAME": "北京市煤气热力工程设计院有限公司", "QY_FR_NAME": "王建国", "QY_REGION": "110000", "QY_REGION_NAME": "北京市", "OLD_CODE": "400708526", "COLLECT_TIME": 1622263286000, "QY_SRC_TYPE": "0", "hub_crawl_status": 0}, {"RN": 3, "QY_ID": "002105291241618099", "QY_ORG_CODE": "911101051016586378", "QY_NAME": "北京石油化工工程有限公司", "QY_FR_NAME": "许缄涛", "QY_REGION": "110000", "QY_REGION_NAME": "北京市", "OLD_CODE": "101658637", "COLLECT_TIME": 1622263305000, "QY_SRC_TYPE": "0", "hub_crawl_status": 0}, {"RN": 4, "QY_ID": "002105291242644715", "QY_ORG_CODE": "911101147481407831", "QY_NAME": "北京石大东方工程设计有限公司", "QY_FR_NAME": "艾万发", "QY_REGION": "110000", "QY_REGION_NAME": "北京市", "OLD_CODE": "748140783", "COLLECT_TIME": 1622263346000, "QY_SRC_TYPE": "0", "hub_crawl_status": 0}]