[{"RN": 1, "QY_ID": "002105291239452469", "QY_ORG_CODE": "91110000663105807B", "QY_NAME": "航天长征化学工程股份有限公司", "QY_FR_NAME": "姜从斌", "QY_REGION": "110000", "QY_REGION_NAME": "北京市", "OLD_CODE": "663105807", "COLLECT_TIME": 1622263196000, "QY_SRC_TYPE": "0", "hub_crawl_status": 0}, {"RN": 2, "QY_ID": "002105291239452867", "QY_ORG_CODE": "91110105666942838F", "QY_NAME": "北京众联盛化工工程有限公司", "QY_FR_NAME": "杨跃平", "QY_REGION": "110000", "QY_REGION_NAME": "北京市", "OLD_CODE": "666942838", "COLLECT_TIME": 1622263197000, "QY_SRC_TYPE": "0", "hub_crawl_status": 0}, {"RN": 3, "QY_ID": "002105291240507252", "QY_ORG_CODE": "91110116744708271U", "QY_NAME": "北京大湖建设工程有限公司", "QY_FR_NAME": "沈光浩", "QY_REGION": "110100", "QY_REGION_NAME": "北京市-市辖区", "OLD_CODE": "744708271", "COLLECT_TIME": 1622263225000, "QY_SRC_TYPE": "0", "hub_crawl_status": 0}, {"RN": 4, "QY_ID": "002105291240524446", "QY_ORG_CODE": "91110000746119630U", "QY_NAME": "北京华福工程有限公司", "QY_FR_NAME": "吴道洪", "QY_REGION": "110100", "QY_REGION_NAME": "北京市-市辖区", "OLD_CODE": "746119630", "COLLECT_TIME": 1622263235000, "QY_SRC_TYPE": "0", "hub_crawl_status": 0}, {"RN": 5, "QY_ID": "002105291240527987", "QY_ORG_CODE": "911101051011942112", "QY_NAME": "北京蓝图工程设计有限公司", "QY_FR_NAME": "程鸿鸣", "QY_REGION": "110000", "QY_REGION_NAME": "北京市", "OLD_CODE": "101194211", "COLLECT_TIME": 1622263237000, "QY_SRC_TYPE": "0", "hub_crawl_status": 0}, {"RN": 6, "QY_ID": "002105291241606908", "QY_ORG_CODE": "911103027415717917", "QY_NAME": "北京中寰工程项目管理有限公司", "QY_FR_NAME": "方贤信", "QY_REGION": "110100", "QY_REGION_NAME": "北京市-市辖区", "OLD_CODE": "741571791", "COLLECT_TIME": 1622263294000, "QY_SRC_TYPE": "0", "hub_crawl_status": 0}, {"RN": 7, "QY_ID": "002105291241621677", "QY_ORG_CODE": "91110105710930851H", "QY_NAME": "中国中轻国际工程有限公司", "QY_FR_NAME": "柳炜", "QY_REGION": "110000", "QY_REGION_NAME": "北京市", "OLD_CODE": "710930851", "COLLECT_TIME": 1622263308000, "QY_SRC_TYPE": "0", "hub_crawl_status": 0}, {"RN": 8, "QY_ID": "002105291248676949", "QY_ORG_CODE": "91110108400001643B", "QY_NAME": "中化化工科学技术研究总院有限公司", "QY_FR_NAME": "杨林", "QY_REGION": "110000", "QY_REGION_NAME": "北京市", "OLD_CODE": "400001643", "COLLECT_TIME": 1622263708000, "QY_SRC_TYPE": "0", "hub_crawl_status": 0}, {"RN": 9, "QY_ID": "002105291248695906", "QY_ORG_CODE": "91110000100005255X", "QY_NAME": "中国昆仑工程有限公司", "QY_FR_NAME": "王德义", "QY_REGION": "110000", "QY_REGION_NAME": "北京市", "OLD_CODE": "100005255", "COLLECT_TIME": 1622263732000, "QY_SRC_TYPE": "0", "hub_crawl_status": 0}, {"RN": 10, "QY_ID": "002105291254728467", "QY_ORG_CODE": "91110112571237300D", "QY_NAME": "北京慎恒工程设计有限公司", "QY_FR_NAME": "何可飞", "QY_REGION": "110000", "QY_REGION_NAME": "北京市", "OLD_CODE": "571237300", "COLLECT_TIME": 1622264059000, "QY_SRC_TYPE": "0", "hub_crawl_status": 0}, {"RN": 11, "QY_ID": "002105291254741378", "QY_ORG_CODE": "911101081019461619", "QY_NAME": "北京海淀中京工程设计软件技术有限公司", "QY_FR_NAME": "王小强", "QY_REGION": "110000", "QY_REGION_NAME": "北京市", "OLD_CODE": "101946161", "COLLECT_TIME": 1622264072000, "QY_SRC_TYPE": "0", "hub_crawl_status": 0}, {"RN": 12, "QY_ID": "002105291255776873", "QY_ORG_CODE": "91110116793401268A", "QY_NAME": "中科合成油工程有限公司", "QY_FR_NAME": "李永旺", "QY_REGION": "110100", "QY_REGION_NAME": "北京市-市辖区", "OLD_CODE": "793401268", "COLLECT_TIME": 1622264111000, "QY_SRC_TYPE": "0", "hub_crawl_status": 0}]