[{"RN": 1, "QY_ID": "002105291239452139", "QY_ORG_CODE": "911101177003359791", "QY_NAME": "北京中天路通工程勘测有限公司", "QY_FR_NAME": "李丞鹏", "QY_REGION": "110000", "QY_REGION_NAME": "北京市", "OLD_CODE": "700335979", "COLLECT_TIME": 1622263196000, "QY_SRC_TYPE": "0", "hub_crawl_status": 0}, {"RN": 2, "QY_ID": "002105291239452222", "QY_ORG_CODE": "911101141023570433", "QY_NAME": "北京京盛工程勘察中心", "QY_FR_NAME": "刘海生", "QY_REGION": "110000", "QY_REGION_NAME": "北京市", "OLD_CODE": "102357043", "COLLECT_TIME": 1622263196000, "QY_SRC_TYPE": "0", "hub_crawl_status": 0}, {"RN": 3, "QY_ID": "002105291240503530", "QY_ORG_CODE": "91110108102055141N", "QY_NAME": "中国京冶工程技术有限公司", "QY_FR_NAME": "王波", "QY_REGION": "110000", "QY_REGION_NAME": "北京市", "OLD_CODE": "102055141", "COLLECT_TIME": 1622263223000, "QY_SRC_TYPE": "0", "hub_crawl_status": 0}, {"RN": 4, "QY_ID": "002105291240546807", "QY_ORG_CODE": "91110000801210593B", "QY_NAME": "北京恒华伟业科技股份有限公司", "QY_FR_NAME": "罗新伟", "QY_REGION": "110000", "QY_REGION_NAME": "北京市", "OLD_CODE": "801210593", "COLLECT_TIME": 1622263249000, "QY_SRC_TYPE": "0", "hub_crawl_status": 0}, {"RN": 5, "QY_ID": "002105291240548425", "QY_ORG_CODE": "91110000101360785M", "QY_NAME": "北京城建设计发展集团股份有限公司", "QY_FR_NAME": "裴宏伟", "QY_REGION": "110000", "QY_REGION_NAME": "北京市", "OLD_CODE": "101360785", "COLLECT_TIME": 1622263250000, "QY_SRC_TYPE": "0", "hub_crawl_status": 0}, {"RN": 6, "QY_ID": "002105291241574402", "QY_ORG_CODE": "9111011674155406X8", "QY_NAME": "北京昆仑利时勘察基础工程有限公司", "QY_FR_NAME": "商建学", "QY_REGION": "110100", "QY_REGION_NAME": "北京市-市辖区", "OLD_CODE": "74155406X", "COLLECT_TIME": 1622263268000, "QY_SRC_TYPE": "0", "hub_crawl_status": 0}, {"RN": 7, "QY_ID": "002105291241575877", "QY_ORG_CODE": "911101147214415431", "QY_NAME": "北京市建平工程勘察有限责任公司", "QY_FR_NAME": "朱光亮", "QY_REGION": "110000", "QY_REGION_NAME": "北京市", "OLD_CODE": "721441543", "COLLECT_TIME": 1622263269000, "QY_SRC_TYPE": "0", "hub_crawl_status": 0}, {"RN": 8, "QY_ID": "002105291241591588", "QY_ORG_CODE": "91110111MA0094UC6F", "QY_NAME": "北京房勘金地工程勘察设计有限公司", "QY_FR_NAME": "苗海良", "QY_REGION": "110000", "QY_REGION_NAME": "北京市", "OLD_CODE": "MA0094UC6", "COLLECT_TIME": 1622263280000, "QY_SRC_TYPE": "0", "hub_crawl_status": 0}, {"RN": 9, "QY_ID": "002105291241603463", "QY_ORG_CODE": "91110102101373949Q", "QY_NAME": "北京电力经济技术研究院有限公司", "QY_FR_NAME": "邓华", "QY_REGION": "110000", "QY_REGION_NAME": "北京市", "OLD_CODE": "101373949", "COLLECT_TIME": 1622263291000, "QY_SRC_TYPE": "0", "hub_crawl_status": 0}, {"RN": 10, "QY_ID": "002105291241626580", "QY_ORG_CODE": "911101027802218828", "QY_NAME": "北京乾华科技发展有限公司", "QY_FR_NAME": "陈晨", "QY_REGION": "110000", "QY_REGION_NAME": "北京市", "OLD_CODE": "780221882", "COLLECT_TIME": 1622263316000, "QY_SRC_TYPE": "0", "hub_crawl_status": 0}, {"RN": 11, "QY_ID": "002105291248667345", "QY_ORG_CODE": "91110112746703378M", "QY_NAME": "北京城际通岩土工程有限公司", "QY_FR_NAME": "王有为", "QY_REGION": "110100", "QY_REGION_NAME": "北京市-市辖区", "OLD_CODE": "746703378", "COLLECT_TIME": 1622263699000, "QY_SRC_TYPE": "0", "hub_crawl_status": 0}, {"RN": 12, "QY_ID": "002105291248695906", "QY_ORG_CODE": "91110000100005255X", "QY_NAME": "中国昆仑工程有限公司", "QY_FR_NAME": "王德义", "QY_REGION": "110000", "QY_REGION_NAME": "北京市", "OLD_CODE": "100005255", "COLLECT_TIME": 1622263732000, "QY_SRC_TYPE": "0", "hub_crawl_status": 0}, {"RN": 13, "QY_ID": "002105291254745017", "QY_ORG_CODE": "91110000357957104Q", "QY_NAME": "中交铁道设计研究总院有限公司", "QY_FR_NAME": "颜廷祥", "QY_REGION": "110100", "QY_REGION_NAME": "北京市-市辖区", "OLD_CODE": "357957104", "COLLECT_TIME": 1622264076000, "QY_SRC_TYPE": "0", "hub_crawl_status": 0}, {"RN": 14, "QY_ID": "002105291258785377", "QY_ORG_CODE": "9111011463379586X3", "QY_NAME": "北京地矿工程建设有限责任公司", "QY_FR_NAME": "刘永亮", "QY_REGION": "110000", "QY_REGION_NAME": "北京市", "OLD_CODE": "63379586X", "COLLECT_TIME": 1622264310000, "QY_SRC_TYPE": "0", "hub_crawl_status": 0}, {"RN": 15, "QY_ID": "002105291258795206", "QY_ORG_CODE": "911101065621330752", "QY_NAME": "北京中联勘工程技术有限责任公司", "QY_FR_NAME": "郑庆峰", "QY_REGION": "110000", "QY_REGION_NAME": "北京市", "OLD_CODE": "562133075", "COLLECT_TIME": 1622264321000, "QY_SRC_TYPE": "0", "hub_crawl_status": 0}]