[{"RN": 16, "QY_ID": "002105291258797003", "QY_ORG_CODE": "911103027582388059", "QY_NAME": "北京力佳图科技有限公司", "QY_FR_NAME": "李新召", "QY_REGION": "110000", "QY_REGION_NAME": "北京市", "OLD_CODE": "758238805", "COLLECT_TIME": 1622264323000, "QY_SRC_TYPE": "0", "hub_crawl_status": 0}, {"RN": 17, "QY_ID": "002105291306889817", "QY_ORG_CODE": "911101091023177976", "QY_NAME": "北京京能地质工程有限公司", "QY_FR_NAME": "王文考", "QY_REGION": "110000", "QY_REGION_NAME": "北京市", "OLD_CODE": "102317797", "COLLECT_TIME": 1622264771000, "QY_SRC_TYPE": "0", "hub_crawl_status": 0}, {"RN": 18, "QY_ID": "002105291322990531", "QY_ORG_CODE": "91110108102781549J", "QY_NAME": "同创数字空间（北京）有限公司", "QY_FR_NAME": "王璞", "QY_REGION": "110000", "QY_REGION_NAME": "北京市", "OLD_CODE": "102781549", "COLLECT_TIME": 1622265743000, "QY_SRC_TYPE": "0", "hub_crawl_status": 0}, {"RN": 19, "QY_ID": "002105291322996359", "QY_ORG_CODE": "911101147635026902", "QY_NAME": "北京帝测科技股份有限公司", "QY_FR_NAME": "张向前", "QY_REGION": "110000", "QY_REGION_NAME": "北京市", "OLD_CODE": "763502690", "COLLECT_TIME": 1622265751000, "QY_SRC_TYPE": "0", "hub_crawl_status": 0}, {"RN": 20, "QY_ID": "002111181912219010", "QY_ORG_CODE": "91110107069614588E", "QY_NAME": "中设建工（北京）勘察设计有限公司", "QY_FR_NAME": "庞国庆", "QY_REGION": "110100", "QY_REGION_NAME": "北京市-市辖区", "OLD_CODE": "069614588", "COLLECT_TIME": 1637233959000, "QY_SRC_TYPE": "0", "hub_crawl_status": 0}]