[{"RN": 1, "QY_ID": "002105291239451489", "QY_ORG_CODE": "91110115722675384T", "QY_NAME": "北京市七环工程技术咨询有限责任公司", "QY_FR_NAME": "张太迟", "QY_REGION": "110000", "QY_REGION_NAME": "北京市", "OLD_CODE": "722675384", "COLLECT_TIME": 1622263196000, "QY_SRC_TYPE": "0", "hub_crawl_status": 0}, {"RN": 2, "QY_ID": "002105291239452309", "QY_ORG_CODE": "57121466X", "QY_NAME": "北京路桥瑞通工程设计咨询有限公司", "QY_FR_NAME": "王凤平", "QY_REGION": "110000", "QY_REGION_NAME": "北京市", "OLD_CODE": "57121466X", "COLLECT_TIME": 1622263196000, "QY_SRC_TYPE": "0", "hub_crawl_status": 0}, {"RN": 3, "QY_ID": "002105291240467638", "QY_ORG_CODE": "771559427", "QY_NAME": "北京交科工程咨询有限公司", "QY_FR_NAME": "石文学", "QY_REGION": "110100", "QY_REGION_NAME": "北京市-市辖区", "OLD_CODE": "771559427", "COLLECT_TIME": 1622263204000, "QY_SRC_TYPE": "0", "hub_crawl_status": 0}, {"RN": 4, "QY_ID": "002105291241582882", "QY_ORG_CODE": "91110105MA003ELX5A", "QY_NAME": "北京京博通工程咨询有限公司", "QY_FR_NAME": "王林", "QY_REGION": "110000", "QY_REGION_NAME": "北京市", "OLD_CODE": "MA003ELX5", "COLLECT_TIME": 1622263273000, "QY_SRC_TYPE": "0", "hub_crawl_status": 0}, {"RN": 5, "QY_ID": "002105291241587478", "QY_ORG_CODE": "91110107733468292E", "QY_NAME": "北京华融路通工程咨询有限公司", "QY_FR_NAME": "胡芳芳", "QY_REGION": "110000", "QY_REGION_NAME": "北京市", "OLD_CODE": "733468292", "COLLECT_TIME": 1622263277000, "QY_SRC_TYPE": "0", "hub_crawl_status": 0}, {"RN": 6, "QY_ID": "002105291241587685", "QY_ORG_CODE": "911101087481161426", "QY_NAME": "北京公科固桥技术有限公司", "QY_FR_NAME": "谢峻", "QY_REGION": "110100", "QY_REGION_NAME": "北京市-市辖区", "OLD_CODE": "748116142", "COLLECT_TIME": 1622263278000, "QY_SRC_TYPE": "0", "hub_crawl_status": 0}, {"RN": 7, "QY_ID": "002105291241587962", "QY_ORG_CODE": "91110114802238600C", "QY_NAME": "北京深华达交通工程检测有限公司", "QY_FR_NAME": "张绍理", "QY_REGION": "110100", "QY_REGION_NAME": "北京市-市辖区", "OLD_CODE": "802238600", "COLLECT_TIME": 1622263278000, "QY_SRC_TYPE": "0", "hub_crawl_status": 0}, {"RN": 8, "QY_ID": "002105291241595331", "QY_ORG_CODE": "91110302700218692J", "QY_NAME": "北京逸群工程咨询有限公司", "QY_FR_NAME": "陈尚和", "QY_REGION": "110000", "QY_REGION_NAME": "北京市", "OLD_CODE": "700218692", "COLLECT_TIME": 1622263283000, "QY_SRC_TYPE": "0", "hub_crawl_status": 0}, {"RN": 9, "QY_ID": "002105291241618073", "QY_ORG_CODE": "91110108786158343X", "QY_NAME": "北京中交通华科技有限公司", "QY_FR_NAME": "孙绿松", "QY_REGION": "110100", "QY_REGION_NAME": "北京市-市辖区", "OLD_CODE": "786158343", "COLLECT_TIME": 1622263305000, "QY_SRC_TYPE": "0", "hub_crawl_status": 0}, {"RN": 10, "QY_ID": "002105291241618462", "QY_ORG_CODE": "911101087921053363", "QY_NAME": "中交路桥设计咨询有限公司", "QY_FR_NAME": "孟表柱", "QY_REGION": "110000", "QY_REGION_NAME": "北京市", "OLD_CODE": "792105336", "COLLECT_TIME": 1622263306000, "QY_SRC_TYPE": "0", "hub_crawl_status": 0}, {"RN": 11, "QY_ID": "002105291242638653", "QY_ORG_CODE": "12345678999999189X", "QY_NAME": "空军研究院工程设计研究所", "QY_FR_NAME": "巩卫东", "QY_REGION": "110100", "QY_REGION_NAME": "北京市-市辖区", "OLD_CODE": "999999189", "COLLECT_TIME": 1622263334000, "QY_SRC_TYPE": "0", "hub_crawl_status": 0}, {"RN": 12, "QY_ID": "002105291242642576", "QY_ORG_CODE": "91110105099732083F", "QY_NAME": "中路建（北京）交通规划设计院有限公司", "QY_FR_NAME": "朱斌", "QY_REGION": "110000", "QY_REGION_NAME": "北京市", "OLD_CODE": "099732083", "COLLECT_TIME": 1622263343000, "QY_SRC_TYPE": "0", "hub_crawl_status": 0}, {"RN": 13, "QY_ID": "002105291242642578", "QY_ORG_CODE": "91110108677437300A", "QY_NAME": "交科院科技集团有限公司", "QY_FR_NAME": "陆旭东", "QY_REGION": "110100", "QY_REGION_NAME": "北京市-市辖区", "OLD_CODE": "677437300", "COLLECT_TIME": 1622263343000, "QY_SRC_TYPE": "0", "hub_crawl_status": 0}, {"RN": 14, "QY_ID": "002105291248654284", "QY_ORG_CODE": "91110000722604658T", "QY_NAME": "泛华建设集团有限公司", "QY_FR_NAME": "杨文", "QY_REGION": "110000", "QY_REGION_NAME": "北京市", "OLD_CODE": "722604658", "COLLECT_TIME": 1622263687000, "QY_SRC_TYPE": "0", "hub_crawl_status": 0}, {"RN": 15, "QY_ID": "002105291248671482", "QY_ORG_CODE": "91110101760127039H", "QY_NAME": "北京华路祥交通技术有限公司", "QY_FR_NAME": "郭瑞军", "QY_REGION": "110000", "QY_REGION_NAME": "北京市", "OLD_CODE": "760127039", "COLLECT_TIME": 1622263703000, "QY_SRC_TYPE": "0", "hub_crawl_status": 0}]