[{"RN": 16, "QY_ID": "002105291248681348", "QY_ORG_CODE": "911101087802337794", "QY_NAME": "中路港（北京）工程技术有限公司", "QY_FR_NAME": "沈永木", "QY_REGION": "110000", "QY_REGION_NAME": "北京市", "OLD_CODE": "780233779", "COLLECT_TIME": 1622263713000, "QY_SRC_TYPE": "0", "hub_crawl_status": 0}, {"RN": 17, "QY_ID": "002105291254759855", "QY_ORG_CODE": "91110106789972025F", "QY_NAME": "北京中交华安科技有限公司", "QY_FR_NAME": "常成利", "QY_REGION": "110000", "QY_REGION_NAME": "北京市", "OLD_CODE": "789972025", "COLLECT_TIME": 1622264091000, "QY_SRC_TYPE": "0", "hub_crawl_status": 0}, {"RN": 18, "QY_ID": "002105291306890980", "QY_ORG_CODE": "91110108MA00BB3P0P", "QY_NAME": "中路高科交通检测检验认证有限公司", "QY_FR_NAME": "李万恒", "QY_REGION": "110000", "QY_REGION_NAME": "北京市", "OLD_CODE": "MA00BB3P0", "COLLECT_TIME": 1622264774000, "QY_SRC_TYPE": "0", "hub_crawl_status": 0}]