[{"RN": 1, "QY_ID": "002105291239451989", "QY_ORG_CODE": "91110108740402507R", "QY_NAME": "北京京城环保股份有限公司", "QY_FR_NAME": "赵传军", "QY_REGION": "110000", "QY_REGION_NAME": "北京市", "OLD_CODE": "740402507", "COLLECT_TIME": 1622263196000, "QY_SRC_TYPE": "0", "hub_crawl_status": 0}, {"RN": 2, "QY_ID": "002105291239453281", "QY_ORG_CODE": "91110108700007035U", "QY_NAME": "北京永新环保有限公司", "QY_FR_NAME": "金永生", "QY_REGION": "110000", "QY_REGION_NAME": "北京市", "OLD_CODE": "700007035", "COLLECT_TIME": 1622263197000, "QY_SRC_TYPE": "0", "hub_crawl_status": 0}, {"RN": 3, "QY_ID": "002105291239453592", "QY_ORG_CODE": "91110000717830079A", "QY_NAME": "大唐环境产业集团股份有限公司", "QY_FR_NAME": "金耀华", "QY_REGION": "110000", "QY_REGION_NAME": "北京市", "OLD_CODE": "717830079", "COLLECT_TIME": 1622263197000, "QY_SRC_TYPE": "0", "hub_crawl_status": 0}, {"RN": 4, "QY_ID": "002105291240514229", "QY_ORG_CODE": "9111010810195169X3", "QY_NAME": "中冶节能环保有限责任公司", "QY_FR_NAME": "李惊涛", "QY_REGION": "110000", "QY_REGION_NAME": "北京市", "OLD_CODE": "10195169X", "COLLECT_TIME": 1622263229000, "QY_SRC_TYPE": "0", "hub_crawl_status": 0}, {"RN": 5, "QY_ID": "002105291240546932", "QY_ORG_CODE": "911100001022884121", "QY_NAME": "北京高能时代环境技术股份有限公司", "QY_FR_NAME": "凌锦明", "QY_REGION": "110000", "QY_REGION_NAME": "北京市", "OLD_CODE": "102288412", "COLLECT_TIME": 1622263249000, "QY_SRC_TYPE": "0", "hub_crawl_status": 0}, {"RN": 6, "QY_ID": "002105291241582888", "QY_ORG_CODE": "911101087541503206", "QY_NAME": "同方环境股份有限公司", "QY_FR_NAME": "薛霖", "QY_REGION": "110100", "QY_REGION_NAME": "北京市-市辖区", "OLD_CODE": "754150320", "COLLECT_TIME": 1622263273000, "QY_SRC_TYPE": "0", "hub_crawl_status": 0}, {"RN": 7, "QY_ID": "002105291241587484", "QY_ORG_CODE": "911100001000114958", "QY_NAME": "中国华电科工集团有限公司", "QY_FR_NAME": "文端超", "QY_REGION": "110000", "QY_REGION_NAME": "北京市", "OLD_CODE": "100011495", "COLLECT_TIME": 1622263277000, "QY_SRC_TYPE": "0", "hub_crawl_status": 0}, {"RN": 8, "QY_ID": "002105291242642650", "QY_ORG_CODE": "911100007109292609", "QY_NAME": "中煤科工集团北京华宇工程有限公司", "QY_FR_NAME": "任有福", "QY_REGION": "110000", "QY_REGION_NAME": "北京市", "OLD_CODE": "710929260", "COLLECT_TIME": 1622263343000, "QY_SRC_TYPE": "0", "hub_crawl_status": 0}, {"RN": 9, "QY_ID": "002105291248683397", "QY_ORG_CODE": "91110105400841941E", "QY_NAME": "北京建都设计研究院有限责任公司", "QY_FR_NAME": "蒋向军", "QY_REGION": "110000", "QY_REGION_NAME": "北京市", "OLD_CODE": "400841941", "COLLECT_TIME": 1622263715000, "QY_SRC_TYPE": "0", "hub_crawl_status": 0}, {"RN": 10, "QY_ID": "002105291248697270", "QY_ORG_CODE": "91110105755281891Q", "QY_NAME": "泰戈特（北京）工程技术有限公司", "QY_FR_NAME": "孙国敏", "QY_REGION": "110000", "QY_REGION_NAME": "北京市", "OLD_CODE": "755281891", "COLLECT_TIME": 1622263733000, "QY_SRC_TYPE": "0", "hub_crawl_status": 0}, {"RN": 11, "QY_ID": "002105291254736622", "QY_ORG_CODE": "911101087334777386", "QY_NAME": "北京北方节能环保有限公司", "QY_FR_NAME": "辛永献", "QY_REGION": "110000", "QY_REGION_NAME": "北京市", "OLD_CODE": "733477738", "COLLECT_TIME": 1622264067000, "QY_SRC_TYPE": "0", "hub_crawl_status": 0}, {"RN": 12, "QY_ID": "002105291254763913", "QY_ORG_CODE": "911101087001457885", "QY_NAME": "北京国环清华环境工程设计研究院有限公司", "QY_FR_NAME": "汪诚文", "QY_REGION": "110000", "QY_REGION_NAME": "北京市", "OLD_CODE": "700145788", "COLLECT_TIME": 1622264097000, "QY_SRC_TYPE": "0", "hub_crawl_status": 0}, {"RN": 13, "QY_ID": "002105291328026744", "QY_ORG_CODE": "91110108788600297J", "QY_NAME": "国能龙源环保有限公司", "QY_FR_NAME": "赵喆", "QY_REGION": "110000", "QY_REGION_NAME": "北京市", "OLD_CODE": "788600297", "COLLECT_TIME": 1622266085000, "QY_SRC_TYPE": "0", "hub_crawl_status": 0}, {"RN": 14, "QY_ID": "002105291328047916", "QY_ORG_CODE": "91110102592317334T", "QY_NAME": "中城院（北京）环境科技有限公司", "QY_FR_NAME": "刘涛", "QY_REGION": "110100", "QY_REGION_NAME": "北京市-市辖区", "OLD_CODE": "592317334", "COLLECT_TIME": 1622266109000, "QY_SRC_TYPE": "0", "hub_crawl_status": 0}]