[{"RN": 1, "QY_ID": "002105291239452139", "QY_ORG_CODE": "911101177003359791", "QY_NAME": "北京中天路通工程勘测有限公司", "QY_FR_NAME": "李丞鹏", "QY_REGION": "110000", "QY_REGION_NAME": "北京市", "OLD_CODE": "700335979", "COLLECT_TIME": 1622263196000, "QY_SRC_TYPE": "0", "hub_crawl_status": 0}, {"RN": 2, "QY_ID": "002105291239452140", "QY_ORG_CODE": "91110000400002689G", "QY_NAME": "建设综合勘察研究设计院有限公司", "QY_FR_NAME": "李耀刚", "QY_REGION": "110000", "QY_REGION_NAME": "北京市", "OLD_CODE": "400002689", "COLLECT_TIME": 1622263196000, "QY_SRC_TYPE": "0", "hub_crawl_status": 0}, {"RN": 3, "QY_ID": "002105291239452222", "QY_ORG_CODE": "911101141023570433", "QY_NAME": "北京京盛工程勘察中心", "QY_FR_NAME": "刘海生", "QY_REGION": "110000", "QY_REGION_NAME": "北京市", "OLD_CODE": "102357043", "COLLECT_TIME": 1622263196000, "QY_SRC_TYPE": "0", "hub_crawl_status": 0}, {"RN": 4, "QY_ID": "002105291240498169", "QY_ORG_CODE": "91110000108283057Y", "QY_NAME": "北京东方新星石化工程股份有限公司", "QY_FR_NAME": "陈会利", "QY_REGION": "110000", "QY_REGION_NAME": "北京市", "OLD_CODE": "108283057", "COLLECT_TIME": 1622263220000, "QY_SRC_TYPE": "0", "hub_crawl_status": 0}, {"RN": 5, "QY_ID": "002105291240514897", "QY_ORG_CODE": "91110000400009987X", "QY_NAME": "中航勘察设计研究院有限公司", "QY_FR_NAME": "刘宁", "QY_REGION": "110000", "QY_REGION_NAME": "北京市", "OLD_CODE": "400009987", "COLLECT_TIME": 1622263229000, "QY_SRC_TYPE": "0", "hub_crawl_status": 0}, {"RN": 6, "QY_ID": "002105291240518785", "QY_ORG_CODE": "9111010810205187XB", "QY_NAME": "北京中地大工程勘察设计研究院有限责任公司", "QY_FR_NAME": "任宪福", "QY_REGION": "110000", "QY_REGION_NAME": "北京市", "OLD_CODE": "10205187X", "COLLECT_TIME": 1622263231000, "QY_SRC_TYPE": "0", "hub_crawl_status": 0}, {"RN": 7, "QY_ID": "002105291240519167", "QY_ORG_CODE": "911101071011206856", "QY_NAME": "北京爱地地质勘察基础工程公司", "QY_FR_NAME": "王自文", "QY_REGION": "110100", "QY_REGION_NAME": "北京市-市辖区", "OLD_CODE": "101120685", "COLLECT_TIME": 1622263232000, "QY_SRC_TYPE": "0", "hub_crawl_status": 0}, {"RN": 8, "QY_ID": "002105291240521754", "QY_ORG_CODE": "91110000100006856A", "QY_NAME": "中国建筑技术集团有限公司", "QY_FR_NAME": "冯禄", "QY_REGION": "110100", "QY_REGION_NAME": "北京市-市辖区", "OLD_CODE": "100006856", "COLLECT_TIME": 1622263233000, "QY_SRC_TYPE": "0", "hub_crawl_status": 0}, {"RN": 9, "QY_ID": "002105291240521925", "QY_ORG_CODE": "91110000710929148A", "QY_NAME": "中化岩土集团股份有限公司", "QY_FR_NAME": "邓明长", "QY_REGION": "110000", "QY_REGION_NAME": "北京市", "OLD_CODE": "710929148", "COLLECT_TIME": 1622263233000, "QY_SRC_TYPE": "0", "hub_crawl_status": 0}, {"RN": 10, "QY_ID": "002105291240546807", "QY_ORG_CODE": "91110000801210593B", "QY_NAME": "北京恒华伟业科技股份有限公司", "QY_FR_NAME": "罗新伟", "QY_REGION": "110000", "QY_REGION_NAME": "北京市", "OLD_CODE": "801210593", "COLLECT_TIME": 1622263249000, "QY_SRC_TYPE": "0", "hub_crawl_status": 0}, {"RN": 11, "QY_ID": "002105291241565340", "QY_ORG_CODE": "91110117355279231H", "QY_NAME": "北京同创天成劳务分包有限公司", "QY_FR_NAME": "吴迅", "QY_REGION": "110000", "QY_REGION_NAME": "北京市", "OLD_CODE": "355279231", "COLLECT_TIME": 1622263261000, "QY_SRC_TYPE": "0", "hub_crawl_status": 0}, {"RN": 12, "QY_ID": "002105291241574402", "QY_ORG_CODE": "9111011674155406X8", "QY_NAME": "北京昆仑利时勘察基础工程有限公司", "QY_FR_NAME": "商建学", "QY_REGION": "110100", "QY_REGION_NAME": "北京市-市辖区", "OLD_CODE": "74155406X", "COLLECT_TIME": 1622263268000, "QY_SRC_TYPE": "0", "hub_crawl_status": 0}, {"RN": 13, "QY_ID": "002105291241575877", "QY_ORG_CODE": "911101147214415431", "QY_NAME": "北京市建平工程勘察有限责任公司", "QY_FR_NAME": "朱光亮", "QY_REGION": "110000", "QY_REGION_NAME": "北京市", "OLD_CODE": "721441543", "COLLECT_TIME": 1622263269000, "QY_SRC_TYPE": "0", "hub_crawl_status": 0}, {"RN": 14, "QY_ID": "002105291241582558", "QY_ORG_CODE": "9111011369003707X0", "QY_NAME": "北京集隆永安工程勘查设计有限责任公司", "QY_FR_NAME": "张换龙", "QY_REGION": "110000", "QY_REGION_NAME": "北京市", "OLD_CODE": "69003707X", "COLLECT_TIME": 1622263273000, "QY_SRC_TYPE": "0", "hub_crawl_status": 0}, {"RN": 15, "QY_ID": "002105291241591588", "QY_ORG_CODE": "91110111MA0094UC6F", "QY_NAME": "北京房勘金地工程勘察设计有限公司", "QY_FR_NAME": "苗海良", "QY_REGION": "110000", "QY_REGION_NAME": "北京市", "OLD_CODE": "MA0094UC6", "COLLECT_TIME": 1622263280000, "QY_SRC_TYPE": "0", "hub_crawl_status": 0}]