[{"RN": 46, "QY_ID": "002105291313942041", "QY_ORG_CODE": "91110114101719030C", "QY_NAME": "中电建振冲建设工程股份有限公司", "QY_FR_NAME": "康建民", "QY_REGION": "110000", "QY_REGION_NAME": "北京市", "OLD_CODE": "101719030", "COLLECT_TIME": 1622265205000, "QY_SRC_TYPE": "0", "hub_crawl_status": 0}, {"RN": 47, "QY_ID": "002105291322003880", "QY_ORG_CODE": "91110228103011167R", "QY_NAME": "北京市一零一地质有限公司", "QY_FR_NAME": "段石敦", "QY_REGION": "110000", "QY_REGION_NAME": "北京市", "OLD_CODE": "103011167", "COLLECT_TIME": 1622265762000, "QY_SRC_TYPE": "0", "hub_crawl_status": 0}, {"RN": 48, "QY_ID": "002105291322990531", "QY_ORG_CODE": "91110108102781549J", "QY_NAME": "同创数字空间（北京）有限公司", "QY_FR_NAME": "王璞", "QY_REGION": "110000", "QY_REGION_NAME": "北京市", "OLD_CODE": "102781549", "COLLECT_TIME": 1622265743000, "QY_SRC_TYPE": "0", "hub_crawl_status": 0}, {"RN": 49, "QY_ID": "002105291322996359", "QY_ORG_CODE": "911101147635026902", "QY_NAME": "北京帝测科技股份有限公司", "QY_FR_NAME": "张向前", "QY_REGION": "110000", "QY_REGION_NAME": "北京市", "OLD_CODE": "763502690", "COLLECT_TIME": 1622265751000, "QY_SRC_TYPE": "0", "hub_crawl_status": 0}, {"RN": 50, "QY_ID": "002109281907191587", "QY_ORG_CODE": "91110102563610611M", "QY_NAME": "北京建工兴合工程勘察设计研究院有限公司", "QY_FR_NAME": "刘海龙", "QY_REGION": "110000", "QY_REGION_NAME": "北京市", "OLD_CODE": "563610611", "COLLECT_TIME": 1632827225000, "QY_SRC_TYPE": "0", "hub_crawl_status": 0}]