[{"RN": 16, "QY_ID": "002105291241593863", "QY_ORG_CODE": "911101061011822294", "QY_NAME": "明达海洋工程有限公司", "QY_FR_NAME": "贺斌", "QY_REGION": "110000", "QY_REGION_NAME": "北京市", "OLD_CODE": "101182229", "COLLECT_TIME": 1622263282000, "QY_SRC_TYPE": "0", "hub_crawl_status": 0}, {"RN": 17, "QY_ID": "002105291241605978", "QY_ORG_CODE": "911101075712703544", "QY_NAME": "北京意诚远耀勘测设计有限公司", "QY_FR_NAME": "冯振民", "QY_REGION": "110000", "QY_REGION_NAME": "北京市", "OLD_CODE": "571270354", "COLLECT_TIME": 1622263293000, "QY_SRC_TYPE": "0", "hub_crawl_status": 0}, {"RN": 18, "QY_ID": "002105291241609151", "QY_ORG_CODE": "911101061021633613", "QY_NAME": "航天建筑设计研究院有限公司", "QY_FR_NAME": "马向东", "QY_REGION": "110100", "QY_REGION_NAME": "北京市-市辖区", "OLD_CODE": "102163361", "COLLECT_TIME": 1622263296000, "QY_SRC_TYPE": "0", "hub_crawl_status": 0}, {"RN": 19, "QY_ID": "002105291241616463", "QY_ORG_CODE": "91110108668419194P", "QY_NAME": "北京市勘察设计研究院有限公司", "QY_FR_NAME": "徐宏声", "QY_REGION": "110000", "QY_REGION_NAME": "北京市", "OLD_CODE": "668419194", "COLLECT_TIME": 1622263303000, "QY_SRC_TYPE": "0", "hub_crawl_status": 0}, {"RN": 20, "QY_ID": "002105291241618741", "QY_ORG_CODE": "91110114569497023P", "QY_NAME": "立兴荣（北京）建设工程有限公司", "QY_FR_NAME": "周广敏", "QY_REGION": "110000", "QY_REGION_NAME": "北京市", "OLD_CODE": "569497023", "COLLECT_TIME": 1622263306000, "QY_SRC_TYPE": "0", "hub_crawl_status": 0}, {"RN": 21, "QY_ID": "002105291242631602", "QY_ORG_CODE": "91110109597674437E", "QY_NAME": "众信成勘测设计（北京）有限公司", "QY_FR_NAME": "康佃泉", "QY_REGION": "110000", "QY_REGION_NAME": "北京市", "OLD_CODE": "597674437", "COLLECT_TIME": 1622263322000, "QY_SRC_TYPE": "0", "hub_crawl_status": 0}, {"RN": 22, "QY_ID": "002105291242631607", "QY_ORG_CODE": "911101020696178501", "QY_NAME": "北京启力岩土工程有限公司", "QY_FR_NAME": "朱寰", "QY_REGION": "110000", "QY_REGION_NAME": "北京市", "OLD_CODE": "069617850", "COLLECT_TIME": 1622263322000, "QY_SRC_TYPE": "0", "hub_crawl_status": 0}, {"RN": 23, "QY_ID": "002105291242632649", "QY_ORG_CODE": "911101157501028154", "QY_NAME": "北京航勘建设有限公司", "QY_FR_NAME": "李云华", "QY_REGION": "110000", "QY_REGION_NAME": "北京市", "OLD_CODE": "750102815", "COLLECT_TIME": 1622263324000, "QY_SRC_TYPE": "0", "hub_crawl_status": 0}, {"RN": 24, "QY_ID": "002105291242634485", "QY_ORG_CODE": "91110102600456896A", "QY_NAME": "北京捷利文勘察设计有限公司", "QY_FR_NAME": "牛啟文", "QY_REGION": "110000", "QY_REGION_NAME": "北京市", "OLD_CODE": "600456896", "COLLECT_TIME": 1622263327000, "QY_SRC_TYPE": "0", "hub_crawl_status": 0}, {"RN": 25, "QY_ID": "002105291242639096", "QY_ORG_CODE": "91110102400823911Y", "QY_NAME": "中兵勘察设计研究院有限公司", "QY_FR_NAME": "夏向东", "QY_REGION": "110000", "QY_REGION_NAME": "北京市", "OLD_CODE": "400823911", "COLLECT_TIME": 1622263335000, "QY_SRC_TYPE": "0", "hub_crawl_status": 0}, {"RN": 26, "QY_ID": "002105291242642650", "QY_ORG_CODE": "911100007109292609", "QY_NAME": "中煤科工集团北京华宇工程有限公司", "QY_FR_NAME": "任有福", "QY_REGION": "110000", "QY_REGION_NAME": "北京市", "OLD_CODE": "710929260", "COLLECT_TIME": 1622263343000, "QY_SRC_TYPE": "0", "hub_crawl_status": 0}, {"RN": 27, "QY_ID": "002105291242644447", "QY_ORG_CODE": "91110000400000974J", "QY_NAME": "中材地质工程勘查研究院有限公司", "QY_FR_NAME": "郭党生", "QY_REGION": "110000", "QY_REGION_NAME": "北京市", "OLD_CODE": "400000974", "COLLECT_TIME": 1622263346000, "QY_SRC_TYPE": "0", "hub_crawl_status": 0}, {"RN": 28, "QY_ID": "002105291248653312", "QY_ORG_CODE": "911101090649001637", "QY_NAME": "北京金镶岩劳务服务有限公司", "QY_FR_NAME": "任彩芬", "QY_REGION": "110000", "QY_REGION_NAME": "北京市", "OLD_CODE": "064900163", "COLLECT_TIME": 1622263686000, "QY_SRC_TYPE": "0", "hub_crawl_status": 0}, {"RN": 29, "QY_ID": "002105291248654284", "QY_ORG_CODE": "91110000722604658T", "QY_NAME": "泛华建设集团有限公司", "QY_FR_NAME": "杨文", "QY_REGION": "110000", "QY_REGION_NAME": "北京市", "OLD_CODE": "722604658", "COLLECT_TIME": 1622263687000, "QY_SRC_TYPE": "0", "hub_crawl_status": 0}, {"RN": 30, "QY_ID": "002105291248667345", "QY_ORG_CODE": "91110112746703378M", "QY_NAME": "北京城际通岩土工程有限公司", "QY_FR_NAME": "王有为", "QY_REGION": "110100", "QY_REGION_NAME": "北京市-市辖区", "OLD_CODE": "746703378", "COLLECT_TIME": 1622263699000, "QY_SRC_TYPE": "0", "hub_crawl_status": 0}]