[{"RN": 31, "QY_ID": "002105291249701447", "QY_ORG_CODE": "91110106765527234Y", "QY_NAME": "北京金水源岩土工程有限公司", "QY_FR_NAME": "郝利霞", "QY_REGION": "110000", "QY_REGION_NAME": "北京市", "OLD_CODE": "765527234", "COLLECT_TIME": 1622263740000, "QY_SRC_TYPE": "0", "hub_crawl_status": 0}, {"RN": 32, "QY_ID": "002105291254724843", "QY_ORG_CODE": "91110105101720461Y", "QY_NAME": "北京城建勘测设计研究院有限责任公司", "QY_FR_NAME": "马海志", "QY_REGION": "110000", "QY_REGION_NAME": "北京市", "OLD_CODE": "101720461", "COLLECT_TIME": 1622264054000, "QY_SRC_TYPE": "0", "hub_crawl_status": 0}, {"RN": 33, "QY_ID": "002105291258784479", "QY_ORG_CODE": "91110105101716593H", "QY_NAME": "北京京岩工程有限公司", "QY_FR_NAME": "贾志远", "QY_REGION": "110000", "QY_REGION_NAME": "北京市", "OLD_CODE": "101716593", "COLLECT_TIME": 1622264310000, "QY_SRC_TYPE": "0", "hub_crawl_status": 0}, {"RN": 34, "QY_ID": "002105291258785377", "QY_ORG_CODE": "9111011463379586X3", "QY_NAME": "北京地矿工程建设有限责任公司", "QY_FR_NAME": "刘永亮", "QY_REGION": "110000", "QY_REGION_NAME": "北京市", "OLD_CODE": "63379586X", "COLLECT_TIME": 1622264310000, "QY_SRC_TYPE": "0", "hub_crawl_status": 0}, {"RN": 35, "QY_ID": "002105291258795206", "QY_ORG_CODE": "911101065621330752", "QY_NAME": "北京中联勘工程技术有限责任公司", "QY_FR_NAME": "郑庆峰", "QY_REGION": "110000", "QY_REGION_NAME": "北京市", "OLD_CODE": "562133075", "COLLECT_TIME": 1622264321000, "QY_SRC_TYPE": "0", "hub_crawl_status": 0}, {"RN": 36, "QY_ID": "002105291258809858", "QY_ORG_CODE": "91110105670558388X", "QY_NAME": "北京京海铁鑫工程勘察有限公司", "QY_FR_NAME": "李永强", "QY_REGION": "110000", "QY_REGION_NAME": "北京市", "OLD_CODE": "670558388", "COLLECT_TIME": 1622264338000, "QY_SRC_TYPE": "0", "hub_crawl_status": 0}, {"RN": 37, "QY_ID": "002105291259823841", "QY_ORG_CODE": "669942016", "QY_NAME": "北勘国建（北京）建设工程有限公司", "QY_FR_NAME": "刁呈城", "QY_REGION": "110000", "QY_REGION_NAME": "北京市", "OLD_CODE": "669942016", "COLLECT_TIME": 1622264355000, "QY_SRC_TYPE": "0", "hub_crawl_status": 0}, {"RN": 38, "QY_ID": "002105291259823842", "QY_ORG_CODE": "9111010605560969X9", "QY_NAME": "北京环京昌建建设工程有限公司", "QY_FR_NAME": "唐占海", "QY_REGION": "110000", "QY_REGION_NAME": "北京市", "OLD_CODE": "05560969X", "COLLECT_TIME": 1622264355000, "QY_SRC_TYPE": "0", "hub_crawl_status": 0}, {"RN": 39, "QY_ID": "002105291259834676", "QY_ORG_CODE": "91110000710929674D", "QY_NAME": "建研地基基础工程有限责任公司", "QY_FR_NAME": "高文生", "QY_REGION": "110000", "QY_REGION_NAME": "北京市", "OLD_CODE": "710929674", "COLLECT_TIME": 1622264369000, "QY_SRC_TYPE": "0", "hub_crawl_status": 0}, {"RN": 40, "QY_ID": "002105291305853379", "QY_ORG_CODE": "9111010257127462X4", "QY_NAME": "国岩华北工程技术（北京）有限公司", "QY_FR_NAME": "张富礼", "QY_REGION": "110000", "QY_REGION_NAME": "北京市", "OLD_CODE": "57127462X", "COLLECT_TIME": 1622264730000, "QY_SRC_TYPE": "0", "hub_crawl_status": 0}, {"RN": 41, "QY_ID": "002105291305866309", "QY_ORG_CODE": "91110111MA01J2541L", "QY_NAME": "北京长顺源水利工程有限公司", "QY_FR_NAME": "张建强", "QY_REGION": "110000", "QY_REGION_NAME": "北京市", "OLD_CODE": "MA01J2541", "COLLECT_TIME": 1622264746000, "QY_SRC_TYPE": "0", "hub_crawl_status": 0}, {"RN": 42, "QY_ID": "002105291306879489", "QY_ORG_CODE": "91110108668442765E", "QY_NAME": "中地华北（北京）工程技术研究院有限公司", "QY_FR_NAME": "王超凡", "QY_REGION": "110000", "QY_REGION_NAME": "北京市", "OLD_CODE": "668442765", "COLLECT_TIME": 1622264761000, "QY_SRC_TYPE": "0", "hub_crawl_status": 0}, {"RN": 43, "QY_ID": "002105291306889817", "QY_ORG_CODE": "911101091023177976", "QY_NAME": "北京京能地质工程有限公司", "QY_FR_NAME": "王文考", "QY_REGION": "110000", "QY_REGION_NAME": "北京市", "OLD_CODE": "102317797", "COLLECT_TIME": 1622264771000, "QY_SRC_TYPE": "0", "hub_crawl_status": 0}, {"RN": 44, "QY_ID": "002105291313921274", "QY_ORG_CODE": "91110000670551952A", "QY_NAME": "中核大地勘察设计有限公司", "QY_FR_NAME": "周玉县", "QY_REGION": "110000", "QY_REGION_NAME": "北京市", "OLD_CODE": "670551952", "COLLECT_TIME": 1622265183000, "QY_SRC_TYPE": "0", "hub_crawl_status": 0}, {"RN": 45, "QY_ID": "002105291313925188", "QY_ORG_CODE": "91110111699606443Y", "QY_NAME": "北京杰赫达勘测设计有限公司", "QY_FR_NAME": "潘杰", "QY_REGION": "110000", "QY_REGION_NAME": "北京市", "OLD_CODE": "699606443", "COLLECT_TIME": 1622265187000, "QY_SRC_TYPE": "0", "hub_crawl_status": 0}]