[{"RN": 1, "QY_ID": "002105291240524449", "QY_ORG_CODE": "911101081016246649", "QY_NAME": "中机中电设计研究院有限公司", "QY_FR_NAME": "蔡勖", "QY_REGION": "110000", "QY_REGION_NAME": "北京市", "OLD_CODE": "101624664", "COLLECT_TIME": 1622263235000, "QY_SRC_TYPE": "0", "hub_crawl_status": 0}, {"RN": 2, "QY_ID": "002105291241575938", "QY_ORG_CODE": "91110000717702712T", "QY_NAME": "北京市工业设计研究院有限公司", "QY_FR_NAME": "付军", "QY_REGION": "110000", "QY_REGION_NAME": "北京市", "OLD_CODE": "717702712", "COLLECT_TIME": 1622263269000, "QY_SRC_TYPE": "0", "hub_crawl_status": 0}, {"RN": 3, "QY_ID": "002105291248672810", "QY_ORG_CODE": "911101057065650114", "QY_NAME": "中机十院国际工程有限公司", "QY_FR_NAME": "郝宏伟", "QY_REGION": "110000", "QY_REGION_NAME": "北京市", "OLD_CODE": "706565011", "COLLECT_TIME": 1622263704000, "QY_SRC_TYPE": "0", "hub_crawl_status": 0}, {"RN": 4, "QY_ID": "002105291254754645", "QY_ORG_CODE": "9111010510170121XW", "QY_NAME": "中国船舶重工集团国际工程有限公司", "QY_FR_NAME": "杨文武", "QY_REGION": "110000", "QY_REGION_NAME": "北京市", "OLD_CODE": "10170121X", "COLLECT_TIME": 1622264086000, "QY_SRC_TYPE": "0", "hub_crawl_status": 0}]