[{"RN": 1, "QY_ID": "002105291240472627", "QY_ORG_CODE": "91110000710933796P", "QY_NAME": "中国港湾工程有限责任公司", "QY_FR_NAME": "唐桥梁", "QY_REGION": "110100", "QY_REGION_NAME": "北京市-市辖区", "OLD_CODE": "710933796", "COLLECT_TIME": 1622263207000, "QY_SRC_TYPE": "0", "hub_crawl_status": 0}, {"RN": 2, "QY_ID": "002105291241596944", "QY_ORG_CODE": "12345678999999119X", "QY_NAME": "海军研究院海防工程设计研究所", "QY_FR_NAME": "王全胜", "QY_REGION": "110000", "QY_REGION_NAME": "北京市", "OLD_CODE": "999999119", "COLLECT_TIME": 1622263284000, "QY_SRC_TYPE": "0", "hub_crawl_status": 0}]