[{"RN": 1, "QY_ID": "002105291240513009", "QY_ORG_CODE": "91110000101638302P", "QY_NAME": "中建一局集团第五建筑有限公司", "QY_FR_NAME": "叶青", "QY_REGION": "110100", "QY_REGION_NAME": "北京市-市辖区", "OLD_CODE": "101638302", "COLLECT_TIME": 1622263228000, "QY_SRC_TYPE": "0", "hub_crawl_status": 0}, {"RN": 2, "QY_ID": "002105291240528304", "QY_ORG_CODE": "91110108101905626T", "QY_NAME": "北京城建建设工程有限公司", "QY_FR_NAME": "苗林庆", "QY_REGION": "110100", "QY_REGION_NAME": "北京市-市辖区", "OLD_CODE": "101905626", "COLLECT_TIME": 1622263237000, "QY_SRC_TYPE": "0", "hub_crawl_status": 0}, {"RN": 3, "QY_ID": "002105291240543839", "QY_ORG_CODE": "91110000H52625911G", "QY_NAME": "中国建筑标准设计研究院有限公司", "QY_FR_NAME": "李存东", "QY_REGION": "110000", "QY_REGION_NAME": "北京市", "OLD_CODE": "H52625911", "COLLECT_TIME": 1622263247000, "QY_SRC_TYPE": "0", "hub_crawl_status": 0}, {"RN": 4, "QY_ID": "002105291240552455", "QY_ORG_CODE": "91110000102028784U", "QY_NAME": "北京城建六建设集团有限公司", "QY_FR_NAME": "王俊杰", "QY_REGION": "110200", "QY_REGION_NAME": "北京市", "OLD_CODE": "102028784", "COLLECT_TIME": 1622263253000, "QY_SRC_TYPE": "0", "hub_crawl_status": 0}, {"RN": 5, "QY_ID": "002105291241618097", "QY_ORG_CODE": "911100001028598606", "QY_NAME": "中建一局集团第二建筑有限公司", "QY_FR_NAME": "何兵", "QY_REGION": "110100", "QY_REGION_NAME": "北京市-市辖区", "OLD_CODE": "102859860", "COLLECT_TIME": 1622263305000, "QY_SRC_TYPE": "0", "hub_crawl_status": 0}, {"RN": 6, "QY_ID": "002105291248648970", "QY_ORG_CODE": "9111000073555651X9", "QY_NAME": "北京城建北方集团有限公司", "QY_FR_NAME": "王宏峰", "QY_REGION": "110100", "QY_REGION_NAME": "北京市-市辖区", "OLD_CODE": "73555651X", "COLLECT_TIME": 1622263683000, "QY_SRC_TYPE": "0", "hub_crawl_status": 0}, {"RN": 7, "QY_ID": "002105291248649730", "QY_ORG_CODE": "91110000802318774A", "QY_NAME": "北京京能建设集团有限公司", "QY_FR_NAME": "张学东", "QY_REGION": "110100", "QY_REGION_NAME": "北京市-市辖区", "OLD_CODE": "802318774", "COLLECT_TIME": 1622263683000, "QY_SRC_TYPE": "0", "hub_crawl_status": 0}, {"RN": 8, "QY_ID": "002105291248654274", "QY_ORG_CODE": "91110106MA006PLB12", "QY_NAME": "天仁民防建筑工程设计有限公司", "QY_FR_NAME": "修应奎", "QY_REGION": "110000", "QY_REGION_NAME": "北京市", "OLD_CODE": "MA006PLB1", "COLLECT_TIME": 1622263687000, "QY_SRC_TYPE": "0", "hub_crawl_status": 0}, {"RN": 9, "QY_ID": "002105291248685200", "QY_ORG_CODE": "9111010610216599XD", "QY_NAME": "中航天建设工程集团有限公司", "QY_FR_NAME": "杨明", "QY_REGION": "110000", "QY_REGION_NAME": "北京市", "OLD_CODE": "10216599X", "COLLECT_TIME": 1622263717000, "QY_SRC_TYPE": "0", "hub_crawl_status": 0}, {"RN": 10, "QY_ID": "002105291305851946", "QY_ORG_CODE": "91110000101107974U", "QY_NAME": "北京城建道桥建设集团有限公司", "QY_FR_NAME": "涂海毅", "QY_REGION": "110100", "QY_REGION_NAME": "北京市-市辖区", "OLD_CODE": "101107974", "COLLECT_TIME": 1622264728000, "QY_SRC_TYPE": "0", "hub_crawl_status": 0}, {"RN": 11, "QY_ID": "002105291306889050", "QY_ORG_CODE": "9111010706489893X2", "QY_NAME": "中铁建设集团北京工程有限公司", "QY_FR_NAME": "杨军", "QY_REGION": "110000", "QY_REGION_NAME": "北京市", "OLD_CODE": "06489893X", "COLLECT_TIME": 1622264769000, "QY_SRC_TYPE": "0", "hub_crawl_status": 0}]