[{"RN": 1, "QY_ID": "002105291239451652", "QY_ORG_CODE": "569467588", "QY_NAME": "北京京评宏图交通科技有限公司", "QY_FR_NAME": "安晓光", "QY_REGION": "110000", "QY_REGION_NAME": "北京市", "OLD_CODE": "569467588", "COLLECT_TIME": 1622263196000, "QY_SRC_TYPE": "0", "hub_crawl_status": 0}, {"RN": 2, "QY_ID": "002105291239452584", "QY_ORG_CODE": "911101051017081201", "QY_NAME": "北京中通公路桥梁工程咨询发展有限公司", "QY_FR_NAME": "彭毅", "QY_REGION": "110000", "QY_REGION_NAME": "北京市", "OLD_CODE": "101708120", "COLLECT_TIME": 1622263196000, "QY_SRC_TYPE": "0", "hub_crawl_status": 0}, {"RN": 3, "QY_ID": "002105291240511530", "QY_ORG_CODE": "91110108551384936U", "QY_NAME": "中交公路养护工程技术有限公司", "QY_FR_NAME": "张根合", "QY_REGION": "110000", "QY_REGION_NAME": "北京市", "OLD_CODE": "551384936", "COLLECT_TIME": 1622263228000, "QY_SRC_TYPE": "0", "hub_crawl_status": 0}, {"RN": 4, "QY_ID": "002105291241587685", "QY_ORG_CODE": "911101087481161426", "QY_NAME": "北京公科固桥技术有限公司", "QY_FR_NAME": "谢峻", "QY_REGION": "110000", "QY_REGION_NAME": "北京市", "OLD_CODE": "748116142", "COLLECT_TIME": 1622263278000, "QY_SRC_TYPE": "0", "hub_crawl_status": 0}, {"RN": 5, "QY_ID": "002105291241587962", "QY_ORG_CODE": "91110114802238600C", "QY_NAME": "北京深华达交通工程检测有限公司", "QY_FR_NAME": "张绍理", "QY_REGION": "110100", "QY_REGION_NAME": "北京市-市辖区", "OLD_CODE": "802238600", "COLLECT_TIME": 1622263278000, "QY_SRC_TYPE": "0", "hub_crawl_status": 0}, {"RN": 6, "QY_ID": "002105291242643006", "QY_ORG_CODE": "9111011230660152X6", "QY_NAME": "特路（北京）科技有限公司", "QY_FR_NAME": "刘春杰", "QY_REGION": "110000", "QY_REGION_NAME": "北京市", "OLD_CODE": "30660152X", "COLLECT_TIME": 1622263343000, "QY_SRC_TYPE": "0", "hub_crawl_status": 0}, {"RN": 7, "QY_ID": "002105291254734417", "QY_ORG_CODE": "9111010680221924XQ", "QY_NAME": "北京中咨路捷工程技术咨询有限公司", "QY_FR_NAME": "冯松", "QY_REGION": "110000", "QY_REGION_NAME": "北京市", "OLD_CODE": "80221924X", "COLLECT_TIME": 1622264065000, "QY_SRC_TYPE": "0", "hub_crawl_status": 0}, {"RN": 8, "QY_ID": "002105291254745017", "QY_ORG_CODE": "91110000357957104Q", "QY_NAME": "中交铁道设计研究总院有限公司", "QY_FR_NAME": "颜廷祥", "QY_REGION": "110000", "QY_REGION_NAME": "北京市", "OLD_CODE": "357957104", "COLLECT_TIME": 1622264076000, "QY_SRC_TYPE": "0", "hub_crawl_status": 0}, {"RN": 9, "QY_ID": "002105291254759855", "QY_ORG_CODE": "91110106789972025F", "QY_NAME": "北京中交华安科技有限公司", "QY_FR_NAME": "常成利", "QY_REGION": "110000", "QY_REGION_NAME": "北京市", "OLD_CODE": "789972025", "COLLECT_TIME": 1622264091000, "QY_SRC_TYPE": "0", "hub_crawl_status": 0}, {"RN": 10, "QY_ID": "002105291255773133", "QY_ORG_CODE": "91110105061344608W", "QY_NAME": "北京中咨恒通工程咨询有限公司", "QY_FR_NAME": "王振", "QY_REGION": "110000", "QY_REGION_NAME": "北京市", "OLD_CODE": "061344608", "COLLECT_TIME": 1622264107000, "QY_SRC_TYPE": "0", "hub_crawl_status": 0}, {"RN": 11, "QY_ID": "002105291255774187", "QY_ORG_CODE": "91110108102037461Q", "QY_NAME": "北京新桥技术发展有限公司", "QY_FR_NAME": "赵之杰", "QY_REGION": "110100", "QY_REGION_NAME": "北京市-市辖区", "OLD_CODE": "102037461", "COLLECT_TIME": 1622264109000, "QY_SRC_TYPE": "0", "hub_crawl_status": 0}]