[{"RN": 1, "QY_ID": "002105291240483567", "QY_ORG_CODE": "911101021021649460", "QY_NAME": "北京北方天亚工程设计有限公司", "QY_FR_NAME": "刘野", "QY_REGION": "110000", "QY_REGION_NAME": "北京市", "OLD_CODE": "102164946", "COLLECT_TIME": 1622263212000, "QY_SRC_TYPE": "0", "hub_crawl_status": 0}, {"RN": 2, "QY_ID": "002105291255776074", "QY_ORG_CODE": "91110000400000720M", "QY_NAME": "矿冶科技集团有限公司", "QY_FR_NAME": "韩龙", "QY_REGION": "110000", "QY_REGION_NAME": "北京市", "OLD_CODE": "400000720", "COLLECT_TIME": 1622264111000, "QY_SRC_TYPE": "0", "hub_crawl_status": 0}]