[{"RN": 1, "QY_ID": "002105291239452104", "QY_ORG_CODE": "911103021011126699", "QY_NAME": "中国通信建设集团设计院有限公司", "QY_FR_NAME": "王睿峰", "QY_REGION": "110000", "QY_REGION_NAME": "北京市", "OLD_CODE": "101112669", "COLLECT_TIME": 1622263196000, "QY_SRC_TYPE": "0", "hub_crawl_status": 0}, {"RN": 2, "QY_ID": "002105291248672318", "QY_ORG_CODE": "911101145977270259", "QY_NAME": "北京中传广视工程设计院有限公司", "QY_FR_NAME": "杨壮壮", "QY_REGION": "110000", "QY_REGION_NAME": "北京市", "OLD_CODE": "597727025", "COLLECT_TIME": 1622263704000, "QY_SRC_TYPE": "0", "hub_crawl_status": 0}]