[{"RN": 1, "QY_ID": "002105291240546932", "QY_ORG_CODE": "911100001022884121", "QY_NAME": "北京高能时代环境技术股份有限公司", "QY_FR_NAME": "凌锦明", "QY_REGION": "110000", "QY_REGION_NAME": "北京市", "OLD_CODE": "102288412", "COLLECT_TIME": 1622263249000, "QY_SRC_TYPE": "0", "hub_crawl_status": 0}, {"RN": 2, "QY_ID": "002105291305847556", "QY_ORG_CODE": "9111010566840059XP", "QY_NAME": "北京建工环境修复股份有限公司", "QY_FR_NAME": "陈德明", "QY_REGION": "110000", "QY_REGION_NAME": "北京市", "OLD_CODE": "66840059X", "COLLECT_TIME": 1622264722000, "QY_SRC_TYPE": "0", "hub_crawl_status": 0}]