[{"RN": 1, "QY_ID": "002105291240503927", "QY_ORG_CODE": "9111010676994780XX", "QY_NAME": "北京中水利德科技发展有限公司", "QY_FR_NAME": "马金宝", "QY_REGION": "110000", "QY_REGION_NAME": "北京市", "OLD_CODE": "76994780X", "COLLECT_TIME": 1622263224000, "QY_SRC_TYPE": "0", "hub_crawl_status": 0}, {"RN": 2, "QY_ID": "002105291258783028", "QY_ORG_CODE": "91110000100006303F", "QY_NAME": "中国水利水电建设工程咨询有限公司", "QY_FR_NAME": "王忠耀", "QY_REGION": "110100", "QY_REGION_NAME": "北京市-市辖区", "OLD_CODE": "100006303", "COLLECT_TIME": 1622264309000, "QY_SRC_TYPE": "0", "hub_crawl_status": 0}]