[{"RN": 1, "QY_ID": "002105291241583589", "QY_ORG_CODE": "91110000100003313T", "QY_NAME": "中国航空国际建设投资有限公司", "QY_FR_NAME": "白海平", "QY_REGION": "110000", "QY_REGION_NAME": "北京市", "OLD_CODE": "100003313", "COLLECT_TIME": 1622263274000, "QY_SRC_TYPE": "0", "hub_crawl_status": 0}, {"RN": 2, "QY_ID": "002105291248668368", "QY_ORG_CODE": "91110113101255889H", "QY_NAME": "中国民航工程咨询有限公司", "QY_FR_NAME": "佟岱山", "QY_REGION": "110000", "QY_REGION_NAME": "北京市", "OLD_CODE": "101255889", "COLLECT_TIME": 1622263700000, "QY_SRC_TYPE": "0", "hub_crawl_status": 0}, {"RN": 3, "QY_ID": "002105291254734082", "QY_ORG_CODE": "91110105MA01AEJE6B", "QY_NAME": "北京金航诚规划设计有限公司", "QY_FR_NAME": "张海东", "QY_REGION": "110000", "QY_REGION_NAME": "北京市", "OLD_CODE": "MA01AEJE6", "COLLECT_TIME": 1622264064000, "QY_SRC_TYPE": "0", "hub_crawl_status": 0}, {"RN": 4, "QY_ID": "002105291254756648", "QY_ORG_CODE": "123456789A9999319X", "QY_NAME": "空军研究院工程设计研究所北京工程设计室", "QY_FR_NAME": "韩施方", "QY_REGION": "110100", "QY_REGION_NAME": "北京市-市辖区", "OLD_CODE": "9A9999319", "COLLECT_TIME": 1622264088000, "QY_SRC_TYPE": "0", "hub_crawl_status": 0}, {"RN": 5, "QY_ID": "002105291258795082", "QY_ORG_CODE": "91110113MA019Y3Q1F", "QY_NAME": "北京佳和工程设计咨询有限公司", "QY_FR_NAME": "杨健", "QY_REGION": "110000", "QY_REGION_NAME": "北京市", "OLD_CODE": "MA019Y3Q1", "COLLECT_TIME": 1622264321000, "QY_SRC_TYPE": "0", "hub_crawl_status": 0}, {"RN": 6, "QY_ID": "002105291305859291", "QY_ORG_CODE": "91110117MA01H62N8P", "QY_NAME": "北京天羿机场设计咨询有限公司", "QY_FR_NAME": "李学军", "QY_REGION": "110100", "QY_REGION_NAME": "北京市-市辖区", "OLD_CODE": "MA01H62N8", "COLLECT_TIME": 1622264737000, "QY_SRC_TYPE": "0", "hub_crawl_status": 0}, {"RN": 7, "QY_ID": "002105291328024170", "QY_ORG_CODE": "91110113MA018YQT7K", "QY_NAME": "华设设计集团北京民航设计研究院有限公司", "QY_FR_NAME": "廖志高", "QY_REGION": "110100", "QY_REGION_NAME": "北京市-市辖区", "OLD_CODE": "MA018YQT7", "COLLECT_TIME": 1622266083000, "QY_SRC_TYPE": "0", "hub_crawl_status": 0}]