[{"RN": 1, "QY_ID": "002105291241577441", "QY_ORG_CODE": "91110102774741689M", "QY_NAME": "北京圆之翰工程技术有限公司", "QY_FR_NAME": "王结义", "QY_REGION": "110000", "QY_REGION_NAME": "北京市", "OLD_CODE": "774741689", "COLLECT_TIME": 1622263270000, "QY_SRC_TYPE": "0", "hub_crawl_status": 0}, {"RN": 2, "QY_ID": "002105291241610532", "QY_ORG_CODE": "911100007109261826", "QY_NAME": "天地科技股份有限公司", "QY_FR_NAME": "胡善亭", "QY_REGION": "110000", "QY_REGION_NAME": "北京市", "OLD_CODE": "710926182", "COLLECT_TIME": 1622263298000, "QY_SRC_TYPE": "0", "hub_crawl_status": 0}, {"RN": 3, "QY_ID": "002105291248691960", "QY_ORG_CODE": "91110108560429155H", "QY_NAME": "北京国华技术有限公司", "QY_FR_NAME": "赵树彦", "QY_REGION": "110000", "QY_REGION_NAME": "北京市", "OLD_CODE": "560429155", "COLLECT_TIME": 1622263727000, "QY_SRC_TYPE": "0", "hub_crawl_status": 0}, {"RN": 4, "QY_ID": "002105291248697270", "QY_ORG_CODE": "91110105755281891Q", "QY_NAME": "泰戈特（北京）工程技术有限公司", "QY_FR_NAME": "孙国敏", "QY_REGION": "110000", "QY_REGION_NAME": "北京市", "OLD_CODE": "755281891", "COLLECT_TIME": 1622263733000, "QY_SRC_TYPE": "0", "hub_crawl_status": 0}, {"RN": 5, "QY_ID": "002105291254744530", "QY_ORG_CODE": "9111010569503963XQ", "QY_NAME": "滨海金地矿业工程技术（北京）有限公司", "QY_FR_NAME": "吕文舵", "QY_REGION": "110000", "QY_REGION_NAME": "北京市", "OLD_CODE": "69503963X", "COLLECT_TIME": 1622264076000, "QY_SRC_TYPE": "0", "hub_crawl_status": 0}]