[{"RN": 1, "QY_ID": "002105291240513868", "QY_ORG_CODE": "91110000102173949P", "QY_NAME": "北京全路通信信号研究设计院集团有限公司", "QY_FR_NAME": "张啸林", "QY_REGION": "110000", "QY_REGION_NAME": "北京市", "OLD_CODE": "102173949", "COLLECT_TIME": 1622263229000, "QY_SRC_TYPE": "0", "hub_crawl_status": 0}, {"RN": 2, "QY_ID": "002105291240516974", "QY_ORG_CODE": "91110000067323023E", "QY_NAME": "中交机电工程局有限公司", "QY_FR_NAME": "陈中秋", "QY_REGION": "110000", "QY_REGION_NAME": "北京市", "OLD_CODE": "067323023", "COLLECT_TIME": 1622263230000, "QY_SRC_TYPE": "0", "hub_crawl_status": 0}, {"RN": 3, "QY_ID": "002105291241599853", "QY_ORG_CODE": "91110000625906144E", "QY_NAME": "中铁电气化局集团有限公司", "QY_FR_NAME": "豆保信", "QY_REGION": "110100", "QY_REGION_NAME": "北京市-市辖区", "OLD_CODE": "625906144", "COLLECT_TIME": 1622263286000, "QY_SRC_TYPE": "0", "hub_crawl_status": 0}, {"RN": 4, "QY_ID": "002105291248683087", "QY_ORG_CODE": "9111010778996181XM", "QY_NAME": "北京中铁建电气化设计研究院有限公司", "QY_FR_NAME": "阚绍忠", "QY_REGION": "110000", "QY_REGION_NAME": "北京市", "OLD_CODE": "78996181X", "COLLECT_TIME": 1622263715000, "QY_SRC_TYPE": "0", "hub_crawl_status": 0}]