[{"RN": 1, "QY_ID": "002105291241582882", "QY_ORG_CODE": "91110105MA003ELX5A", "QY_NAME": "北京京博通工程咨询有限公司", "QY_FR_NAME": "王林", "QY_REGION": "110000", "QY_REGION_NAME": "北京市", "OLD_CODE": "MA003ELX5", "COLLECT_TIME": 1622263273000, "QY_SRC_TYPE": "0", "hub_crawl_status": 0}, {"RN": 2, "QY_ID": "002105291242631541", "QY_ORG_CODE": "911101135960310262", "QY_NAME": "中交金桥工程设计（北京）有限公司", "QY_FR_NAME": "刘勇", "QY_REGION": "110000", "QY_REGION_NAME": "北京市", "OLD_CODE": "596031026", "COLLECT_TIME": 1622263322000, "QY_SRC_TYPE": "0", "hub_crawl_status": 0}, {"RN": 3, "QY_ID": "002105291248656866", "QY_ORG_CODE": "91110115102840094C", "QY_NAME": "北京津西赛博思建筑设计有限公司", "QY_FR_NAME": "王云鹏", "QY_REGION": "110000", "QY_REGION_NAME": "北京市", "OLD_CODE": "102840094", "COLLECT_TIME": 1622263689000, "QY_SRC_TYPE": "0", "hub_crawl_status": 0}, {"RN": 4, "QY_ID": "002105291254736646", "QY_ORG_CODE": "91110106748138229G", "QY_NAME": "北京中天正通工程设计有限公司", "QY_FR_NAME": "余友君", "QY_REGION": "110000", "QY_REGION_NAME": "北京市", "OLD_CODE": "748138229", "COLLECT_TIME": 1622264067000, "QY_SRC_TYPE": "0", "hub_crawl_status": 0}, {"RN": 5, "QY_ID": "002105291254743127", "QY_ORG_CODE": "91110112682865166N", "QY_NAME": "北京市通州市政工程设计有限公司", "QY_FR_NAME": "臧国莉", "QY_REGION": "110000", "QY_REGION_NAME": "北京市", "OLD_CODE": "682865166", "COLLECT_TIME": 1622264074000, "QY_SRC_TYPE": "0", "hub_crawl_status": 0}, {"RN": 6, "QY_ID": "002105291313945008", "QY_ORG_CODE": "911101063303938392", "QY_NAME": "北京元亨凯瑞工程设计有限公司", "QY_FR_NAME": "张景彬", "QY_REGION": "110000", "QY_REGION_NAME": "北京市", "OLD_CODE": "330393839", "COLLECT_TIME": 1622265209000, "QY_SRC_TYPE": "0", "hub_crawl_status": 0}, {"RN": 7, "QY_ID": "002105291313946894", "QY_ORG_CODE": "91110113102555269B", "QY_NAME": "北京市顺政市政设计有限公司", "QY_FR_NAME": "刘宝华", "QY_REGION": "110000", "QY_REGION_NAME": "北京市", "OLD_CODE": "102555269", "COLLECT_TIME": 1622265211000, "QY_SRC_TYPE": "0", "hub_crawl_status": 0}]