[{"RN": 1, "QY_ID": "002105291242642650", "QY_ORG_CODE": "911100007109292609", "QY_NAME": "中煤科工集团北京华宇工程有限公司", "QY_FR_NAME": "任有福", "QY_REGION": "110000", "QY_REGION_NAME": "北京市", "OLD_CODE": "710929260", "COLLECT_TIME": 1622263343000, "QY_SRC_TYPE": "0", "hub_crawl_status": 0}, {"RN": 2, "QY_ID": "002105291254749233", "QY_ORG_CODE": "91110000625910071Y", "QY_NAME": "大地工程开发（集团）有限公司", "QY_FR_NAME": "王冬平", "QY_REGION": "110100", "QY_REGION_NAME": "北京市-市辖区", "OLD_CODE": "625910071", "COLLECT_TIME": 1622264080000, "QY_SRC_TYPE": "0", "hub_crawl_status": 0}]