[{"RN": 1, "QY_ID": "002105291240541503", "QY_ORG_CODE": "911101083303917022", "QY_NAME": "中材海外工程有限公司", "QY_FR_NAME": "孟庆林", "QY_REGION": "110000", "QY_REGION_NAME": "北京市", "OLD_CODE": "330391702", "COLLECT_TIME": 1622263246000, "QY_SRC_TYPE": "0", "hub_crawl_status": 0}, {"RN": 2, "QY_ID": "002105291248683397", "QY_ORG_CODE": "91110105400841941E", "QY_NAME": "北京建都设计研究院有限责任公司", "QY_FR_NAME": "蒋向军", "QY_REGION": "110000", "QY_REGION_NAME": "北京市", "OLD_CODE": "400841941", "COLLECT_TIME": 1622263715000, "QY_SRC_TYPE": "0", "hub_crawl_status": 0}]