[{"RN": 16, "QY_ID": "002105291254734417", "QY_ORG_CODE": "9111010680221924XQ", "QY_NAME": "北京中咨路捷工程技术咨询有限公司", "QY_FR_NAME": "冯松", "QY_REGION": "110000", "QY_REGION_NAME": "北京市", "OLD_CODE": "80221924X", "COLLECT_TIME": 1622264065000, "QY_SRC_TYPE": "0", "hub_crawl_status": 0}, {"RN": 17, "QY_ID": "002105291254745017", "QY_ORG_CODE": "91110000357957104Q", "QY_NAME": "中交铁道设计研究总院有限公司", "QY_FR_NAME": "颜廷祥", "QY_REGION": "110100", "QY_REGION_NAME": "北京市-市辖区", "OLD_CODE": "357957104", "COLLECT_TIME": 1622264076000, "QY_SRC_TYPE": "0", "hub_crawl_status": 0}, {"RN": 18, "QY_ID": "002105291255767228", "QY_ORG_CODE": "91110107685142000C", "QY_NAME": "国咨（北京）规划设计有限公司", "QY_FR_NAME": "何新", "QY_REGION": "110000", "QY_REGION_NAME": "北京市", "OLD_CODE": "685142000", "COLLECT_TIME": 1622264101000, "QY_SRC_TYPE": "0", "hub_crawl_status": 0}, {"RN": 19, "QY_ID": "002105291258786093", "QY_ORG_CODE": "91110105MA01ALLB3M", "QY_NAME": "南水工程勘察设计院有限责任公司", "QY_FR_NAME": "司道芬", "QY_REGION": "110000", "QY_REGION_NAME": "北京市", "OLD_CODE": "MA01ALLB3", "COLLECT_TIME": 1622264311000, "QY_SRC_TYPE": "0", "hub_crawl_status": 0}, {"RN": 20, "QY_ID": "002105291313940829", "QY_ORG_CODE": "9111011158768077XC", "QY_NAME": "北京城景和市政工程设计有限公司", "QY_FR_NAME": "李文改", "QY_REGION": "110000", "QY_REGION_NAME": "北京市", "OLD_CODE": "58768077X", "COLLECT_TIME": 1622265204000, "QY_SRC_TYPE": "0", "hub_crawl_status": 0}]