[{"RN": 1, "QY_ID": "002105291240472894", "QY_ORG_CODE": "9111000059062789XU", "QY_NAME": "中交路桥建设有限公司", "QY_FR_NAME": "郭主龙", "QY_REGION": "110000", "QY_REGION_NAME": "北京市", "OLD_CODE": "59062789X", "COLLECT_TIME": 1622263207000, "QY_SRC_TYPE": "0", "hub_crawl_status": 0}, {"RN": 2, "QY_ID": "002105291240531003", "QY_ORG_CODE": "911101086336174810", "QY_NAME": "北京交科公路勘察设计研究院有限公司", "QY_FR_NAME": "曹鹏", "QY_REGION": "110000", "QY_REGION_NAME": "北京市", "OLD_CODE": "633617481", "COLLECT_TIME": 1622263239000, "QY_SRC_TYPE": "0", "hub_crawl_status": 0}, {"RN": 3, "QY_ID": "002105291240558634", "QY_ORG_CODE": "91110108788627801T", "QY_NAME": "北京交达工程管理集团有限公司", "QY_FR_NAME": "张印宗", "QY_REGION": "110000", "QY_REGION_NAME": "北京市", "OLD_CODE": "788627801", "COLLECT_TIME": 1622263257000, "QY_SRC_TYPE": "0", "hub_crawl_status": 0}, {"RN": 4, "QY_ID": "002105291241568172", "QY_ORG_CODE": "91110108101884765M", "QY_NAME": "中铁六局集团有限公司", "QY_FR_NAME": "韦国", "QY_REGION": "110000", "QY_REGION_NAME": "北京市", "OLD_CODE": "101884765", "COLLECT_TIME": 1622263263000, "QY_SRC_TYPE": "0", "hub_crawl_status": 0}, {"RN": 5, "QY_ID": "002105291241575888", "QY_ORG_CODE": "91110000101386731Y", "QY_NAME": "北京市建筑工程设计有限责任公司", "QY_FR_NAME": "马汉东", "QY_REGION": "110000", "QY_REGION_NAME": "北京市", "OLD_CODE": "101386731", "COLLECT_TIME": 1622263269000, "QY_SRC_TYPE": "0", "hub_crawl_status": 0}, {"RN": 6, "QY_ID": "002105291241581104", "QY_ORG_CODE": "91100000400000712N", "QY_NAME": "中国铁道科学研究院集团有限公司", "QY_FR_NAME": "叶阳升", "QY_REGION": "110000", "QY_REGION_NAME": "北京市", "OLD_CODE": "400000712", "COLLECT_TIME": 1622263272000, "QY_SRC_TYPE": "0", "hub_crawl_status": 0}, {"RN": 7, "QY_ID": "002105291241587210", "QY_ORG_CODE": "91110105625900914T", "QY_NAME": "华杰工程咨询有限公司", "QY_FR_NAME": "宋晖", "QY_REGION": "110000", "QY_REGION_NAME": "北京市", "OLD_CODE": "625900914", "COLLECT_TIME": 1622263277000, "QY_SRC_TYPE": "0", "hub_crawl_status": 0}, {"RN": 8, "QY_ID": "002105291241587807", "QY_ORG_CODE": "911101026336335962", "QY_NAME": "北京中领工程设计咨询有限公司", "QY_FR_NAME": "李玉刚", "QY_REGION": "110000", "QY_REGION_NAME": "北京市", "OLD_CODE": "633633596", "COLLECT_TIME": 1622263278000, "QY_SRC_TYPE": "0", "hub_crawl_status": 0}, {"RN": 9, "QY_ID": "002105291241598307", "QY_ORG_CODE": "911100007461141270", "QY_NAME": "中交基础设施养护集团有限公司", "QY_FR_NAME": "王晓东", "QY_REGION": "110000", "QY_REGION_NAME": "北京市", "OLD_CODE": "746114127", "COLLECT_TIME": 1622263285000, "QY_SRC_TYPE": "0", "hub_crawl_status": 0}, {"RN": 10, "QY_ID": "002105291241616463", "QY_ORG_CODE": "91110108668419194P", "QY_NAME": "北京市勘察设计研究院有限公司", "QY_FR_NAME": "徐宏声", "QY_REGION": "110000", "QY_REGION_NAME": "北京市", "OLD_CODE": "668419194", "COLLECT_TIME": 1622263303000, "QY_SRC_TYPE": "0", "hub_crawl_status": 0}, {"RN": 11, "QY_ID": "002105291241622469", "QY_ORG_CODE": "91110000101132416J", "QY_NAME": "中国中建设计研究院有限公司", "QY_FR_NAME": "孙福春", "QY_REGION": "110100", "QY_REGION_NAME": "北京市-市辖区", "OLD_CODE": "101132416", "COLLECT_TIME": 1622263309000, "QY_SRC_TYPE": "0", "hub_crawl_status": 0}, {"RN": 12, "QY_ID": "002105291242635453", "QY_ORG_CODE": "911101011012447766", "QY_NAME": "北京市住宅建筑设计研究院有限公司", "QY_FR_NAME": "李群", "QY_REGION": "110000", "QY_REGION_NAME": "北京市", "OLD_CODE": "101244776", "COLLECT_TIME": 1622263328000, "QY_SRC_TYPE": "0", "hub_crawl_status": 0}, {"RN": 13, "QY_ID": "002105291248672833", "QY_ORG_CODE": "91110105101700225C", "QY_NAME": "中交综合规划设计院有限公司", "QY_FR_NAME": "黄振燕", "QY_REGION": "110100", "QY_REGION_NAME": "北京市-市辖区", "OLD_CODE": "101700225", "COLLECT_TIME": 1622263704000, "QY_SRC_TYPE": "0", "hub_crawl_status": 0}, {"RN": 14, "QY_ID": "002105291249709315", "QY_ORG_CODE": "91110108600014027P", "QY_NAME": "北京京江国际工程咨询有限公司", "QY_FR_NAME": "李琪", "QY_REGION": "110000", "QY_REGION_NAME": "北京市", "OLD_CODE": "600014027", "COLLECT_TIME": 1622263752000, "QY_SRC_TYPE": "0", "hub_crawl_status": 0}, {"RN": 15, "QY_ID": "002105291254718858", "QY_ORG_CODE": "91110000100009432T", "QY_NAME": "中国航空工业新能源投资有限公司", "QY_FR_NAME": "方近勇", "QY_REGION": "110000", "QY_REGION_NAME": "北京市", "OLD_CODE": "100009432", "COLLECT_TIME": 1622264047000, "QY_SRC_TYPE": "0", "hub_crawl_status": 0}]