[{"RN": 286, "QY_ID": "002105291254740323", "QY_ORG_CODE": "911101097526465419", "QY_NAME": "北京天铭国际工程设计有限公司", "QY_FR_NAME": "金鑫", "QY_REGION": "110000", "QY_REGION_NAME": "北京市", "OLD_CODE": "752646541", "COLLECT_TIME": 1622264071000, "QY_SRC_TYPE": "0", "hub_crawl_status": 0}, {"RN": 287, "QY_ID": "002105291254741047", "QY_ORG_CODE": "91110117098528646B", "QY_NAME": "中电联合建设有限公司", "QY_FR_NAME": "袁兆且", "QY_REGION": "110000", "QY_REGION_NAME": "北京市", "OLD_CODE": "098528646", "COLLECT_TIME": 1622264072000, "QY_SRC_TYPE": "0", "hub_crawl_status": 0}, {"RN": 288, "QY_ID": "002105291254741409", "QY_ORG_CODE": "91110115680477047W", "QY_NAME": "北京纳博建筑装饰有限公司", "QY_FR_NAME": "陈艳忠", "QY_REGION": "110000", "QY_REGION_NAME": "北京市", "OLD_CODE": "680477047", "COLLECT_TIME": 1622264072000, "QY_SRC_TYPE": "0", "hub_crawl_status": 0}, {"RN": 289, "QY_ID": "002105291254741410", "QY_ORG_CODE": "911101065844235081", "QY_NAME": "北京宇航恒基建筑装饰工程有限公司", "QY_FR_NAME": "郑国强", "QY_REGION": "110000", "QY_REGION_NAME": "北京市", "OLD_CODE": "584423508", "COLLECT_TIME": 1622264072000, "QY_SRC_TYPE": "0", "hub_crawl_status": 0}, {"RN": 290, "QY_ID": "002105291254744173", "QY_ORG_CODE": "9111010657907688XA", "QY_NAME": "北京联创美景建筑装饰工程有限公司", "QY_FR_NAME": "陈振", "QY_REGION": "110000", "QY_REGION_NAME": "北京市", "OLD_CODE": "57907688X", "COLLECT_TIME": 1622264075000, "QY_SRC_TYPE": "0", "hub_crawl_status": 0}, {"RN": 291, "QY_ID": "002105291254745840", "QY_ORG_CODE": "91110108585864153K", "QY_NAME": "北京今采建筑装饰有限公司", "QY_FR_NAME": "陈维品", "QY_REGION": "110000", "QY_REGION_NAME": "北京市", "OLD_CODE": "585864153", "COLLECT_TIME": 1622264077000, "QY_SRC_TYPE": "0", "hub_crawl_status": 0}, {"RN": 292, "QY_ID": "002105291254751255", "QY_ORG_CODE": "9111022805139402X2", "QY_NAME": "中龙元建设集团有限公司", "QY_FR_NAME": "胡宇斌", "QY_REGION": "110000", "QY_REGION_NAME": "北京市", "OLD_CODE": "05139402X", "COLLECT_TIME": 1622264082000, "QY_SRC_TYPE": "0", "hub_crawl_status": 0}, {"RN": 293, "QY_ID": "002105291254754138", "QY_ORG_CODE": "9111011275218034XM", "QY_NAME": "北京华览工程技术有限责任公司", "QY_FR_NAME": "陆大保", "QY_REGION": "110000", "QY_REGION_NAME": "北京市", "OLD_CODE": "75218034X", "COLLECT_TIME": 1622264085000, "QY_SRC_TYPE": "0", "hub_crawl_status": 0}, {"RN": 294, "QY_ID": "002105291254756336", "QY_ORG_CODE": "91110108676640083Y", "QY_NAME": "北京斯尔福装饰工程有限责任公司", "QY_FR_NAME": "谢宜芳", "QY_REGION": "110000", "QY_REGION_NAME": "北京市", "OLD_CODE": "676640083", "COLLECT_TIME": 1622264088000, "QY_SRC_TYPE": "0", "hub_crawl_status": 0}, {"RN": 295, "QY_ID": "002105291254756913", "QY_ORG_CODE": "91110111MA0097KL4R", "QY_NAME": "燚鼎（北京）建筑装饰有限公司", "QY_FR_NAME": "陈丽莎", "QY_REGION": "110000", "QY_REGION_NAME": "北京市", "OLD_CODE": "MA0097KL4", "COLLECT_TIME": 1622264088000, "QY_SRC_TYPE": "0", "hub_crawl_status": 0}, {"RN": 296, "QY_ID": "002105291254758216", "QY_ORG_CODE": "91110111MA01ATQ159", "QY_NAME": "北京美伦美装饰工程有限公司", "QY_FR_NAME": "周歆", "QY_REGION": "110000", "QY_REGION_NAME": "北京市", "OLD_CODE": "MA01ATQ15", "COLLECT_TIME": 1622264089000, "QY_SRC_TYPE": "0", "hub_crawl_status": 0}, {"RN": 297, "QY_ID": "002105291254761376", "QY_ORG_CODE": "91110109MA00H3PT4U", "QY_NAME": "北京昌运建筑工程有限公司", "QY_FR_NAME": "贾嘉", "QY_REGION": "110000", "QY_REGION_NAME": "北京市", "OLD_CODE": "MA00H3PT4", "COLLECT_TIME": 1622264094000, "QY_SRC_TYPE": "0", "hub_crawl_status": 0}, {"RN": 298, "QY_ID": "002105291254761396", "QY_ORG_CODE": "911101055636586231", "QY_NAME": "东晖联建装饰有限公司", "QY_FR_NAME": "刘东晖", "QY_REGION": "110000", "QY_REGION_NAME": "北京市", "OLD_CODE": "563658623", "COLLECT_TIME": 1622264094000, "QY_SRC_TYPE": "0", "hub_crawl_status": 0}, {"RN": 299, "QY_ID": "002105291254762855", "QY_ORG_CODE": "91110111MA0191TB4F", "QY_NAME": "北京翰科天成科技发展有限公司", "QY_FR_NAME": "慕继海", "QY_REGION": "110000", "QY_REGION_NAME": "北京市", "OLD_CODE": "MA0191TB4", "COLLECT_TIME": 1622264096000, "QY_SRC_TYPE": "0", "hub_crawl_status": 0}, {"RN": 300, "QY_ID": "002105291255767933", "QY_ORG_CODE": "91110117563609442H", "QY_NAME": "北京蓝湖建筑工程有限公司", "QY_FR_NAME": "赵体坤", "QY_REGION": "110000", "QY_REGION_NAME": "北京市", "OLD_CODE": "563609442", "COLLECT_TIME": 1622264101000, "QY_SRC_TYPE": "0", "hub_crawl_status": 0}]