[{"RN": 61, "QY_ID": "002105291241576011", "QY_ORG_CODE": "91110112788640889H", "QY_NAME": "北京中领鑫渤建筑节能科技有限公司", "QY_FR_NAME": "于中领", "QY_REGION": "110000", "QY_REGION_NAME": "北京市", "OLD_CODE": "788640889", "COLLECT_TIME": 1622263269000, "QY_SRC_TYPE": "0", "hub_crawl_status": 0}, {"RN": 62, "QY_ID": "002105291241576253", "QY_ORG_CODE": "91110101567494267N", "QY_NAME": "北京金工建设工程有限公司", "QY_FR_NAME": "阎洪瑞", "QY_REGION": "110000", "QY_REGION_NAME": "北京市", "OLD_CODE": "567494267", "COLLECT_TIME": 1622263269000, "QY_SRC_TYPE": "0", "hub_crawl_status": 0}, {"RN": 63, "QY_ID": "002105291241577578", "QY_ORG_CODE": "911101157475129520", "QY_NAME": "北京康伟兴业医疗科技有限公司", "QY_FR_NAME": "柴钢", "QY_REGION": "110000", "QY_REGION_NAME": "北京市", "OLD_CODE": "747512952", "COLLECT_TIME": 1622263270000, "QY_SRC_TYPE": "0", "hub_crawl_status": 0}, {"RN": 64, "QY_ID": "002105291241580955", "QY_ORG_CODE": "91110102553145234N", "QY_NAME": "中鼎建（北京）建筑工程有限公司", "QY_FR_NAME": "汪芳", "QY_REGION": "110000", "QY_REGION_NAME": "北京市", "OLD_CODE": "553145234", "COLLECT_TIME": 1622263272000, "QY_SRC_TYPE": "0", "hub_crawl_status": 0}, {"RN": 65, "QY_ID": "002105291241581021", "QY_ORG_CODE": "911101053398638681", "QY_NAME": "北京高迪客装饰设计有限公司", "QY_FR_NAME": "张贤发", "QY_REGION": "110000", "QY_REGION_NAME": "北京市", "OLD_CODE": "339863868", "COLLECT_TIME": 1622263272000, "QY_SRC_TYPE": "0", "hub_crawl_status": 0}, {"RN": 66, "QY_ID": "002105291241581229", "QY_ORG_CODE": "91110113MA019FHT3T", "QY_NAME": "玖零六（北京）展览展示有限公司", "QY_FR_NAME": "宋小乔", "QY_REGION": "110000", "QY_REGION_NAME": "北京市", "OLD_CODE": "MA019FHT3", "COLLECT_TIME": 1622263272000, "QY_SRC_TYPE": "0", "hub_crawl_status": 0}, {"RN": 67, "QY_ID": "002105291241581940", "QY_ORG_CODE": "91110108587696747X", "QY_NAME": "北京身临其境文化股份有限公司", "QY_FR_NAME": "刘宣付", "QY_REGION": "110000", "QY_REGION_NAME": "北京市", "OLD_CODE": "587696747", "COLLECT_TIME": 1622263273000, "QY_SRC_TYPE": "0", "hub_crawl_status": 0}, {"RN": 68, "QY_ID": "002105291241586765", "QY_ORG_CODE": "91110109599653090X", "QY_NAME": "北京国睿建设有限公司", "QY_FR_NAME": "陈秀", "QY_REGION": "110000", "QY_REGION_NAME": "北京市", "OLD_CODE": "599653090", "COLLECT_TIME": 1622263277000, "QY_SRC_TYPE": "0", "hub_crawl_status": 0}, {"RN": 69, "QY_ID": "002105291241587454", "QY_ORG_CODE": "91110107571257301Q", "QY_NAME": "北京德沅门窗幕墙工程有限公司", "QY_FR_NAME": "熊凌志", "QY_REGION": "110000", "QY_REGION_NAME": "北京市", "OLD_CODE": "571257301", "COLLECT_TIME": 1622263277000, "QY_SRC_TYPE": "0", "hub_crawl_status": 0}, {"RN": 70, "QY_ID": "002105291241590476", "QY_ORG_CODE": "91110109MA01BU5P6A", "QY_NAME": "中装远博装饰工程有限公司", "QY_FR_NAME": "吕泽宾", "QY_REGION": "110000", "QY_REGION_NAME": "北京市", "OLD_CODE": "MA01BU5P6", "COLLECT_TIME": 1622263280000, "QY_SRC_TYPE": "0", "hub_crawl_status": 0}, {"RN": 71, "QY_ID": "002105291241593520", "QY_ORG_CODE": "91110302787753857W", "QY_NAME": "北京华玉源科技有限公司", "QY_FR_NAME": "盛芝鹏", "QY_REGION": "110000", "QY_REGION_NAME": "北京市", "OLD_CODE": "787753857", "COLLECT_TIME": 1622263282000, "QY_SRC_TYPE": "0", "hub_crawl_status": 0}, {"RN": 72, "QY_ID": "002105291241594045", "QY_ORG_CODE": "911101055960681878", "QY_NAME": "北京中建瑞祥装饰工程有限公司", "QY_FR_NAME": "王光恒", "QY_REGION": "110000", "QY_REGION_NAME": "北京市", "OLD_CODE": "596068187", "COLLECT_TIME": 1622263282000, "QY_SRC_TYPE": "0", "hub_crawl_status": 0}, {"RN": 73, "QY_ID": "002105291241595192", "QY_ORG_CODE": "91110105101183854J", "QY_NAME": "华航文化传播（北京）有限责任公司", "QY_FR_NAME": "任占勇", "QY_REGION": "110000", "QY_REGION_NAME": "北京市", "OLD_CODE": "101183854", "COLLECT_TIME": 1622263283000, "QY_SRC_TYPE": "0", "hub_crawl_status": 0}, {"RN": 74, "QY_ID": "002105291241595235", "QY_ORG_CODE": "91110113085534107A", "QY_NAME": "北京华诚未来建设工程有限公司", "QY_FR_NAME": "贾伟", "QY_REGION": "110000", "QY_REGION_NAME": "北京市", "OLD_CODE": "085534107", "COLLECT_TIME": 1622263283000, "QY_SRC_TYPE": "0", "hub_crawl_status": 0}, {"RN": 75, "QY_ID": "002105291241596536", "QY_ORG_CODE": "91110114MA003BREXW", "QY_NAME": "北京雅点聚力建筑装饰工程有限公司", "QY_FR_NAME": "蔡靓", "QY_REGION": "110000", "QY_REGION_NAME": "北京市", "OLD_CODE": "MA003BREX", "COLLECT_TIME": 1622263284000, "QY_SRC_TYPE": "0", "hub_crawl_status": 0}]