[{"RN": 181, "QY_ID": "002105291248655526", "QY_ORG_CODE": "9111010576675560XM", "QY_NAME": "乃村工艺建筑装饰（北京）有限公司", "QY_FR_NAME": "吉田有佑", "QY_REGION": "110000", "QY_REGION_NAME": "北京市", "OLD_CODE": "76675560X", "COLLECT_TIME": 1622263688000, "QY_SRC_TYPE": "0", "hub_crawl_status": 0}, {"RN": 182, "QY_ID": "002105291248656123", "QY_ORG_CODE": "91110105670578979H", "QY_NAME": "北京清尚河图装饰设计有限公司", "QY_FR_NAME": "邸亚", "QY_REGION": "110000", "QY_REGION_NAME": "北京市", "OLD_CODE": "670578979", "COLLECT_TIME": 1622263688000, "QY_SRC_TYPE": "0", "hub_crawl_status": 0}, {"RN": 183, "QY_ID": "002105291248656284", "QY_ORG_CODE": "91110111MA0080254F", "QY_NAME": "北京嘉中装饰工程有限公司", "QY_FR_NAME": "梁东坡", "QY_REGION": "110000", "QY_REGION_NAME": "北京市", "OLD_CODE": "MA0080254", "COLLECT_TIME": 1622263689000, "QY_SRC_TYPE": "0", "hub_crawl_status": 0}, {"RN": 184, "QY_ID": "002105291248656293", "QY_ORG_CODE": "9111010505360801XW", "QY_NAME": "北京品界装饰有限公司", "QY_FR_NAME": "邹向前", "QY_REGION": "110000", "QY_REGION_NAME": "北京市", "OLD_CODE": "05360801X", "COLLECT_TIME": 1622263689000, "QY_SRC_TYPE": "0", "hub_crawl_status": 0}, {"RN": 185, "QY_ID": "002105291248656593", "QY_ORG_CODE": "91110105592372333D", "QY_NAME": "墨匠国际建筑设计顾问（北京）有限公司", "QY_FR_NAME": "林健强", "QY_REGION": "110000", "QY_REGION_NAME": "北京市", "OLD_CODE": "592372333", "COLLECT_TIME": 1622263689000, "QY_SRC_TYPE": "0", "hub_crawl_status": 0}, {"RN": 186, "QY_ID": "002105291248656601", "QY_ORG_CODE": "91110105551351552J", "QY_NAME": "北京阳光友情工程技术有限公司", "QY_FR_NAME": "金永焕", "QY_REGION": "110000", "QY_REGION_NAME": "北京市", "OLD_CODE": "551351552", "COLLECT_TIME": 1622263689000, "QY_SRC_TYPE": "0", "hub_crawl_status": 0}, {"RN": 187, "QY_ID": "002105291248656702", "QY_ORG_CODE": "9111010866911427X3", "QY_NAME": "北京中建西景装饰工程设计有限公司", "QY_FR_NAME": "李民", "QY_REGION": "110000", "QY_REGION_NAME": "北京市", "OLD_CODE": "66911427X", "COLLECT_TIME": 1622263689000, "QY_SRC_TYPE": "0", "hub_crawl_status": 0}, {"RN": 188, "QY_ID": "002105291248657483", "QY_ORG_CODE": "911101055769137344", "QY_NAME": "北京盛茂盛建设工程有限公司", "QY_FR_NAME": "彭长根", "QY_REGION": "110000", "QY_REGION_NAME": "北京市", "OLD_CODE": "576913734", "COLLECT_TIME": 1622263690000, "QY_SRC_TYPE": "0", "hub_crawl_status": 0}, {"RN": 189, "QY_ID": "002105291248657518", "QY_ORG_CODE": "91110112MA006WCG4W", "QY_NAME": "北京海丰建设工程有限公司", "QY_FR_NAME": "李军", "QY_REGION": "110000", "QY_REGION_NAME": "北京市", "OLD_CODE": "MA006WCG4", "COLLECT_TIME": 1622263690000, "QY_SRC_TYPE": "0", "hub_crawl_status": 0}, {"RN": 190, "QY_ID": "002105291248658504", "QY_ORG_CODE": "911101076774278669", "QY_NAME": "北京乾嵩建筑工程装饰有限公司", "QY_FR_NAME": "田红霞", "QY_REGION": "110000", "QY_REGION_NAME": "北京市", "OLD_CODE": "677427866", "COLLECT_TIME": 1622263691000, "QY_SRC_TYPE": "0", "hub_crawl_status": 0}, {"RN": 191, "QY_ID": "002105291248658768", "QY_ORG_CODE": "91110101101508989H", "QY_NAME": "北京市雅饰装饰工程有限责任公司", "QY_FR_NAME": "傅凯", "QY_REGION": "110000", "QY_REGION_NAME": "北京市", "OLD_CODE": "101508989", "COLLECT_TIME": 1622263691000, "QY_SRC_TYPE": "0", "hub_crawl_status": 0}, {"RN": 192, "QY_ID": "002105291248659282", "QY_ORG_CODE": "9111010570037437X8", "QY_NAME": "北京中铁德成建筑设计工程有限公司", "QY_FR_NAME": "白振宏", "QY_REGION": "110000", "QY_REGION_NAME": "北京市", "OLD_CODE": "70037437X", "COLLECT_TIME": 1622263691000, "QY_SRC_TYPE": "0", "hub_crawl_status": 0}, {"RN": 193, "QY_ID": "002105291248659667", "QY_ORG_CODE": "911101011015021142", "QY_NAME": "北京富恒建设工程有限公司", "QY_FR_NAME": "刘荣", "QY_REGION": "110000", "QY_REGION_NAME": "北京市", "OLD_CODE": "101502114", "COLLECT_TIME": 1622263692000, "QY_SRC_TYPE": "0", "hub_crawl_status": 0}, {"RN": 194, "QY_ID": "002105291248660840", "QY_ORG_CODE": "91110108802092090U", "QY_NAME": "睿智优势（北京）装饰工程有限公司", "QY_FR_NAME": "涂兴怀", "QY_REGION": "110000", "QY_REGION_NAME": "北京市", "OLD_CODE": "802092090", "COLLECT_TIME": 1622263693000, "QY_SRC_TYPE": "0", "hub_crawl_status": 0}, {"RN": 195, "QY_ID": "002105291248661142", "QY_ORG_CODE": "91110108633796520M", "QY_NAME": "北京中电兴发科技有限公司", "QY_FR_NAME": "张桂芹", "QY_REGION": "110100", "QY_REGION_NAME": "北京市-市辖区", "OLD_CODE": "633796520", "COLLECT_TIME": 1622263693000, "QY_SRC_TYPE": "0", "hub_crawl_status": 0}]