[{"QY_FR_NAME": "陈永", "QY_REGION": "110000", "QY_NAME": "尚华创意设计（北京）有限公司", "QY_REGION_NAME": "北京市", "QY_ORG_CODE": "91110105085453913F", "COLLECT_TIME": 1622263284000, "RN": 76, "QY_ID": "002105291241597705", "QY_SRC_TYPE": "0", "OLD_CODE": "085453913", "hub_crawl_status": 0}, {"QY_FR_NAME": "周堂", "QY_REGION": "110000", "QY_NAME": "北京东方恒瑞建筑装饰工程有限公司", "QY_REGION_NAME": "北京市", "QY_ORG_CODE": "91110105576891088T", "COLLECT_TIME": 1622263286000, "RN": 77, "QY_ID": "002105291241599439", "QY_SRC_TYPE": "0", "OLD_CODE": "576891088", "hub_crawl_status": 0}, {"QY_FR_NAME": "王增涛", "QY_REGION": "110000", "QY_NAME": "中科建建设发展有限公司", "QY_REGION_NAME": "北京市", "QY_ORG_CODE": "91110105680452333D", "COLLECT_TIME": 1622263288000, "RN": 78, "QY_ID": "002105291241601576", "QY_SRC_TYPE": "0", "OLD_CODE": "680452333", "hub_crawl_status": 0}, {"QY_FR_NAME": "张文力", "QY_REGION": "110000", "QY_NAME": "北京艺力设计工程有限公司", "QY_REGION_NAME": "北京市", "QY_ORG_CODE": "9111011610143983X8", "COLLECT_TIME": 1622263288000, "RN": 79, "QY_ID": "002105291241601684", "QY_SRC_TYPE": "0", "OLD_CODE": "10143983X", "hub_crawl_status": 0}, {"QY_FR_NAME": "李淑艳", "QY_REGION": "110000", "QY_NAME": "北京博菲信诺装饰工程有限公司", "QY_REGION_NAME": "北京市", "QY_ORG_CODE": "91110108801747120K", "COLLECT_TIME": 1622263289000, "RN": 80, "QY_ID": "002105291241602026", "QY_SRC_TYPE": "0", "OLD_CODE": "801747120", "hub_crawl_status": 0}, {"QY_FR_NAME": "姚志强", "QY_REGION": "110000", "QY_NAME": "北京华盈恒信建筑装饰工程有限公司", "QY_REGION_NAME": "北京市", "QY_ORG_CODE": "91110101597728335P", "COLLECT_TIME": 1622263289000, "RN": 81, "QY_ID": "002105291241602635", "QY_SRC_TYPE": "0", "OLD_CODE": "597728335", "hub_crawl_status": 0}, {"QY_FR_NAME": "崔广明", "QY_REGION": "110000", "QY_NAME": "北京信和源建筑装饰工程有限公司", "QY_REGION_NAME": "北京市", "QY_ORG_CODE": "91110109554878851U", "COLLECT_TIME": 1622263289000, "RN": 82, "QY_ID": "002105291241602777", "QY_SRC_TYPE": "0", "OLD_CODE": "554878851", "hub_crawl_status": 0}, {"QY_FR_NAME": "王邦文", "QY_REGION": "110000", "QY_NAME": "北京康邦科技有限公司", "QY_REGION_NAME": "北京市", "QY_ORG_CODE": "91110108101193948N", "COLLECT_TIME": 1622263289000, "RN": 83, "QY_ID": "002105291241602781", "QY_SRC_TYPE": "0", "OLD_CODE": "101193948", "hub_crawl_status": 0}, {"QY_FR_NAME": "齐晓宁", "QY_REGION": "110000", "QY_NAME": "北京中山景明展览装饰工程有限公司", "QY_REGION_NAME": "北京市", "QY_ORG_CODE": "911101173583106448", "COLLECT_TIME": 1622263289000, "RN": 84, "QY_ID": "002105291241602992", "QY_SRC_TYPE": "0", "OLD_CODE": "358310644", "hub_crawl_status": 0}, {"QY_FR_NAME": "范庆龙", "QY_REGION": "110000", "QY_NAME": "华创融盛展示（北京）有限公司", "QY_REGION_NAME": "北京市", "QY_ORG_CODE": "91110115587665633G", "COLLECT_TIME": 1622263291000, "RN": 85, "QY_ID": "002105291241603996", "QY_SRC_TYPE": "0", "OLD_CODE": "587665633", "hub_crawl_status": 0}, {"QY_FR_NAME": "常占军", "QY_REGION": "110000", "QY_NAME": "中泰建工（北京）建筑工程有限公司", "QY_REGION_NAME": "北京市", "QY_ORG_CODE": "911101147614149882", "COLLECT_TIME": 1622263294000, "RN": 86, "QY_ID": "002105291241606503", "QY_SRC_TYPE": "0", "OLD_CODE": "761414988", "hub_crawl_status": 0}, {"QY_FR_NAME": "佘谦", "QY_REGION": "110000", "QY_NAME": "北京沃得沃机电安装有限公司", "QY_REGION_NAME": "北京市", "QY_ORG_CODE": "91110108725348258K", "COLLECT_TIME": 1622263294000, "RN": 87, "QY_ID": "002105291241606734", "QY_SRC_TYPE": "0", "OLD_CODE": "725348258", "hub_crawl_status": 0}, {"QY_FR_NAME": "李士军", "QY_REGION": "110000", "QY_NAME": "中国轻工建设工程有限公司", "QY_REGION_NAME": "北京市", "QY_ORG_CODE": "911101026631073512", "COLLECT_TIME": 1622263295000, "RN": 88, "QY_ID": "002105291241607486", "QY_SRC_TYPE": "0", "OLD_CODE": "663107351", "hub_crawl_status": 0}, {"QY_FR_NAME": "宋从保", "QY_REGION": "110000", "QY_NAME": "中骏城建（北京）建设工程有限公司", "QY_REGION_NAME": "北京市", "QY_ORG_CODE": "91110108064927470K", "COLLECT_TIME": 1622263295000, "RN": 89, "QY_ID": "002105291241607488", "QY_SRC_TYPE": "0", "OLD_CODE": "064927470", "hub_crawl_status": 0}, {"QY_FR_NAME": "祖秀华", "QY_REGION": "110000", "QY_NAME": "北京市南粤装饰有限责任公司", "QY_REGION_NAME": "北京市", "QY_ORG_CODE": "911101071022946953", "COLLECT_TIME": 1622263297000, "RN": 90, "QY_ID": "002105291241609161", "QY_SRC_TYPE": "0", "OLD_CODE": "102294695", "hub_crawl_status": 0}]