[{"RN": 331, "QY_ID": "002105291305850695", "QY_ORG_CODE": "91110115697724147B", "QY_NAME": "北京智能世通装饰工程有限公司", "QY_FR_NAME": "李强", "QY_REGION": "110000", "QY_REGION_NAME": "北京市", "OLD_CODE": "697724147", "COLLECT_TIME": 1622264727000, "QY_SRC_TYPE": "0", "hub_crawl_status": 0}, {"RN": 332, "QY_ID": "002105291305853368", "QY_ORG_CODE": "911101116787980875", "QY_NAME": "北京励创建设股份有限公司", "QY_FR_NAME": "苏亚云", "QY_REGION": "110000", "QY_REGION_NAME": "北京市", "OLD_CODE": "678798087", "COLLECT_TIME": 1622264730000, "QY_SRC_TYPE": "0", "hub_crawl_status": 0}, {"RN": 333, "QY_ID": "002105291305858011", "QY_ORG_CODE": "911101056996448291", "QY_NAME": "北京伟宏恒业建设工程有限公司", "QY_FR_NAME": "莫亚龙", "QY_REGION": "110000", "QY_REGION_NAME": "北京市", "OLD_CODE": "699644829", "COLLECT_TIME": 1622264735000, "QY_SRC_TYPE": "0", "hub_crawl_status": 0}, {"RN": 334, "QY_ID": "002105291305860046", "QY_ORG_CODE": "911101166963124663", "QY_NAME": "北京凌云宏达幕墙工程有限公司", "QY_FR_NAME": "曾文涛", "QY_REGION": "110000", "QY_REGION_NAME": "北京市", "OLD_CODE": "696312466", "COLLECT_TIME": 1622264737000, "QY_SRC_TYPE": "0", "hub_crawl_status": 0}, {"RN": 335, "QY_ID": "002105291305860531", "QY_ORG_CODE": "9111010874158287XW", "QY_NAME": "北京水晶石数字科技股份有限公司", "QY_FR_NAME": "姜大力", "QY_REGION": "110000", "QY_REGION_NAME": "北京市", "OLD_CODE": "74158287X", "COLLECT_TIME": 1622264738000, "QY_SRC_TYPE": "0", "hub_crawl_status": 0}, {"RN": 336, "QY_ID": "002105291305861800", "QY_ORG_CODE": "91110109MA00G56F96", "QY_NAME": "中泰永安建设集团有限公司", "QY_FR_NAME": "朱保松", "QY_REGION": "110000", "QY_REGION_NAME": "北京市", "OLD_CODE": "MA00G56F9", "COLLECT_TIME": 1622264739000, "QY_SRC_TYPE": "0", "hub_crawl_status": 0}, {"RN": 337, "QY_ID": "002105291305866919", "QY_ORG_CODE": "91110109690813462H", "QY_NAME": "北京华鼎建筑装饰股份有限公司", "QY_FR_NAME": "汪军", "QY_REGION": "110000", "QY_REGION_NAME": "北京市", "OLD_CODE": "690813462", "COLLECT_TIME": 1622264746000, "QY_SRC_TYPE": "0", "hub_crawl_status": 0}, {"RN": 338, "QY_ID": "002105291305873202", "QY_ORG_CODE": "91110108662199004R", "QY_NAME": "北京瑞朗创新净化技术股份有限公司", "QY_FR_NAME": "蔡训祥", "QY_REGION": "110000", "QY_REGION_NAME": "北京市", "OLD_CODE": "662199004", "COLLECT_TIME": 1622264755000, "QY_SRC_TYPE": "0", "hub_crawl_status": 0}, {"RN": 339, "QY_ID": "002105291305876111", "QY_ORG_CODE": "91110112306746622X", "QY_NAME": "北京天闽建筑工程有限公司", "QY_FR_NAME": "黄仕龙", "QY_REGION": "110000", "QY_REGION_NAME": "北京市", "OLD_CODE": "306746622", "COLLECT_TIME": 1622264757000, "QY_SRC_TYPE": "0", "hub_crawl_status": 0}, {"RN": 340, "QY_ID": "002105291306885855", "QY_ORG_CODE": "91110105801211385R", "QY_NAME": "北京上曜装饰有限公司", "QY_FR_NAME": "蓝世扬", "QY_REGION": "110000", "QY_REGION_NAME": "北京市", "OLD_CODE": "801211385", "COLLECT_TIME": 1622264766000, "QY_SRC_TYPE": "0", "hub_crawl_status": 0}, {"RN": 341, "QY_ID": "002105291306889848", "QY_ORG_CODE": "9111010863363074XG", "QY_NAME": "巨龙在线（北京）科技发展有限公司", "QY_FR_NAME": "颜泽猛", "QY_REGION": "110000", "QY_REGION_NAME": "北京市", "OLD_CODE": "63363074X", "COLLECT_TIME": 1622264771000, "QY_SRC_TYPE": "0", "hub_crawl_status": 0}, {"RN": 342, "QY_ID": "002105291306890638", "QY_ORG_CODE": "91110117746139797N", "QY_NAME": "北京大东创意展览展示有限公司", "QY_FR_NAME": "吴霞", "QY_REGION": "110000", "QY_REGION_NAME": "北京市", "OLD_CODE": "746139797", "COLLECT_TIME": 1622264773000, "QY_SRC_TYPE": "0", "hub_crawl_status": 0}, {"RN": 343, "QY_ID": "002105291306891794", "QY_ORG_CODE": "91110109MA009XLQ2G", "QY_NAME": "北京鑫培建筑工程有限公司", "QY_FR_NAME": "秦培杰", "QY_REGION": "110000", "QY_REGION_NAME": "北京市", "OLD_CODE": "MA009XLQ2", "COLLECT_TIME": 1622264776000, "QY_SRC_TYPE": "0", "hub_crawl_status": 0}, {"RN": 344, "QY_ID": "002105291306895475", "QY_ORG_CODE": "91110105091865025D", "QY_NAME": "桐欣盛建设集团有限公司", "QY_FR_NAME": "邹勇", "QY_REGION": "110000", "QY_REGION_NAME": "北京市", "OLD_CODE": "091865025", "COLLECT_TIME": 1622264781000, "QY_SRC_TYPE": "0", "hub_crawl_status": 0}, {"RN": 345, "QY_ID": "002105291312903442", "QY_ORG_CODE": "91110117MA01UG3R5W", "QY_NAME": "远建卓饰（北京）建设工程有限公司", "QY_FR_NAME": "章有旺", "QY_REGION": "110000", "QY_REGION_NAME": "北京市", "OLD_CODE": "MA01UG3R5", "COLLECT_TIME": 1622265163000, "QY_SRC_TYPE": "0", "hub_crawl_status": 0}]