[{"RN": 46, "QY_ID": "002105291240552760", "QY_ORG_CODE": "911101137975750972", "QY_NAME": "北京施图美达装饰工程有限公司", "QY_FR_NAME": "胡成义", "QY_REGION": "110000", "QY_REGION_NAME": "北京市", "OLD_CODE": "797575097", "COLLECT_TIME": 1622263253000, "QY_SRC_TYPE": "0", "hub_crawl_status": 0}, {"RN": 47, "QY_ID": "002105291240555136", "QY_ORG_CODE": "911101147513068288", "QY_NAME": "北京极拓建筑装饰工程有限公司", "QY_FR_NAME": "贾建华", "QY_REGION": "110000", "QY_REGION_NAME": "北京市", "OLD_CODE": "751306828", "COLLECT_TIME": 1622263254000, "QY_SRC_TYPE": "0", "hub_crawl_status": 0}, {"RN": 48, "QY_ID": "002105291240555386", "QY_ORG_CODE": "911101085531225424", "QY_NAME": "北京英伦国际建筑装饰工程有限公司", "QY_FR_NAME": "唐鸿", "QY_REGION": "110000", "QY_REGION_NAME": "北京市", "OLD_CODE": "553122542", "COLLECT_TIME": 1622263255000, "QY_SRC_TYPE": "0", "hub_crawl_status": 0}, {"RN": 49, "QY_ID": "002105291240557139", "QY_ORG_CODE": "91110228553088161P", "QY_NAME": "国都建业建设集团（北京）有限公司", "QY_FR_NAME": "李务德", "QY_REGION": "110000", "QY_REGION_NAME": "北京市", "OLD_CODE": "553088161", "COLLECT_TIME": 1622263256000, "QY_SRC_TYPE": "0", "hub_crawl_status": 0}, {"RN": 50, "QY_ID": "002105291240557373", "QY_ORG_CODE": "9111011206276214XB", "QY_NAME": "北京东旭建筑装饰工程有限公司", "QY_FR_NAME": "王家部", "QY_REGION": "110000", "QY_REGION_NAME": "北京市", "OLD_CODE": "06276214X", "COLLECT_TIME": 1622263256000, "QY_SRC_TYPE": "0", "hub_crawl_status": 0}, {"RN": 51, "QY_ID": "002105291240557555", "QY_ORG_CODE": "911101025923203063", "QY_NAME": "中建保新（北京）建设工程有限公司", "QY_FR_NAME": "夏建中", "QY_REGION": "110000", "QY_REGION_NAME": "北京市", "OLD_CODE": "592320306", "COLLECT_TIME": 1622263256000, "QY_SRC_TYPE": "0", "hub_crawl_status": 0}, {"RN": 52, "QY_ID": "002105291240557570", "QY_ORG_CODE": "91110102736467236P", "QY_NAME": "北京全会华建筑装饰有限公司", "QY_FR_NAME": "李全会", "QY_REGION": "110000", "QY_REGION_NAME": "北京市", "OLD_CODE": "736467236", "COLLECT_TIME": 1622263256000, "QY_SRC_TYPE": "0", "hub_crawl_status": 0}, {"RN": 53, "QY_ID": "002105291240559440", "QY_ORG_CODE": "91110108556813090T", "QY_NAME": "北京正远展览展示有限公司", "QY_FR_NAME": "高立国", "QY_REGION": "110000", "QY_REGION_NAME": "北京市", "OLD_CODE": "556813090", "COLLECT_TIME": 1622263257000, "QY_SRC_TYPE": "0", "hub_crawl_status": 0}, {"RN": 54, "QY_ID": "002105291240562381", "QY_ORG_CODE": "911101165621293831", "QY_NAME": "北京华世美建筑工程有限公司", "QY_FR_NAME": "侯志兰", "QY_REGION": "110000", "QY_REGION_NAME": "北京市", "OLD_CODE": "562129383", "COLLECT_TIME": 1622263259000, "QY_SRC_TYPE": "0", "hub_crawl_status": 0}, {"RN": 55, "QY_ID": "002105291241565477", "QY_ORG_CODE": "91110116763503618N", "QY_NAME": "北京文康世纪科技发展有限公司", "QY_FR_NAME": "曹恒", "QY_REGION": "110000", "QY_REGION_NAME": "北京市", "OLD_CODE": "763503618", "COLLECT_TIME": 1622263261000, "QY_SRC_TYPE": "0", "hub_crawl_status": 0}, {"RN": 56, "QY_ID": "002105291241567546", "QY_ORG_CODE": "91110116683593633P", "QY_NAME": "北京世纪华电净化工程有限公司", "QY_FR_NAME": "张淑燕", "QY_REGION": "110000", "QY_REGION_NAME": "北京市", "OLD_CODE": "683593633", "COLLECT_TIME": 1622263262000, "QY_SRC_TYPE": "0", "hub_crawl_status": 0}, {"RN": 57, "QY_ID": "002105291241571848", "QY_ORG_CODE": "91110107061328050H", "QY_NAME": "北京格瑞思装饰工程有限公司", "QY_FR_NAME": "许波", "QY_REGION": "110000", "QY_REGION_NAME": "北京市", "OLD_CODE": "061328050", "COLLECT_TIME": 1622263265000, "QY_SRC_TYPE": "0", "hub_crawl_status": 0}, {"RN": 58, "QY_ID": "002105291241572253", "QY_ORG_CODE": "91110117089612598L", "QY_NAME": "北京中益进源装饰工程有限公司", "QY_FR_NAME": "王超", "QY_REGION": "110000", "QY_REGION_NAME": "北京市", "OLD_CODE": "089612598", "COLLECT_TIME": 1622263266000, "QY_SRC_TYPE": "0", "hub_crawl_status": 0}, {"RN": 59, "QY_ID": "002105291241574398", "QY_ORG_CODE": "911101143063174818", "QY_NAME": "中展光大国际展览（北京）有限公司", "QY_FR_NAME": "王威", "QY_REGION": "110000", "QY_REGION_NAME": "北京市", "OLD_CODE": "306317481", "COLLECT_TIME": 1622263268000, "QY_SRC_TYPE": "0", "hub_crawl_status": 0}, {"RN": 60, "QY_ID": "002105291241574399", "QY_ORG_CODE": "91110111MA0079U6X5", "QY_NAME": "金鼎云盛（北京）建筑工程有限公司", "QY_FR_NAME": "翟建军", "QY_REGION": "110000", "QY_REGION_NAME": "北京市", "OLD_CODE": "MA0079U6X", "COLLECT_TIME": 1622263268000, "QY_SRC_TYPE": "0", "hub_crawl_status": 0}]