[{"RN": 1, "QY_ID": "002105291240458505", "QY_ORG_CODE": "91110105700186811Q", "QY_NAME": "北京中航世纪医疗净化工程有限公司", "QY_FR_NAME": "王玉生", "QY_REGION": "110000", "QY_REGION_NAME": "北京市", "OLD_CODE": "700186811", "COLLECT_TIME": 1622263200000, "QY_SRC_TYPE": "0", "hub_crawl_status": 0}, {"RN": 2, "QY_ID": "002105291240461330", "QY_ORG_CODE": "911101067719692744", "QY_NAME": "中翔消防工程有限公司", "QY_FR_NAME": "姜梅敏", "QY_REGION": "110000", "QY_REGION_NAME": "北京市", "OLD_CODE": "771969274", "COLLECT_TIME": 1622263201000, "QY_SRC_TYPE": "0", "hub_crawl_status": 0}, {"RN": 3, "QY_ID": "002105291240462864", "QY_ORG_CODE": "91110105600059444Y", "QY_NAME": "施耐德长城工程（北京）有限公司", "QY_FR_NAME": "富耀宗", "QY_REGION": "110000", "QY_REGION_NAME": "北京市", "OLD_CODE": "600059444", "COLLECT_TIME": 1622263202000, "QY_SRC_TYPE": "0", "hub_crawl_status": 0}, {"RN": 4, "QY_ID": "002105291240473156", "QY_ORG_CODE": "911101156892405485", "QY_NAME": "北京海艺空间建筑工程设计有限公司", "QY_FR_NAME": "张向荣", "QY_REGION": "110000", "QY_REGION_NAME": "北京市", "OLD_CODE": "689240548", "COLLECT_TIME": 1622263207000, "QY_SRC_TYPE": "0", "hub_crawl_status": 0}, {"RN": 5, "QY_ID": "002105291240477281", "QY_ORG_CODE": "91110302348330481P", "QY_NAME": "北京政洋装饰工程有限责任公司", "QY_FR_NAME": "傅琨", "QY_REGION": "110000", "QY_REGION_NAME": "北京市", "OLD_CODE": "348330481", "COLLECT_TIME": 1622263209000, "QY_SRC_TYPE": "0", "hub_crawl_status": 0}, {"RN": 6, "QY_ID": "002105291240477283", "QY_ORG_CODE": "911103020592862421", "QY_NAME": "北京金桥博展文化传播有限公司", "QY_FR_NAME": "李健", "QY_REGION": "110000", "QY_REGION_NAME": "北京市", "OLD_CODE": "059286242", "COLLECT_TIME": 1622263209000, "QY_SRC_TYPE": "0", "hub_crawl_status": 0}, {"RN": 7, "QY_ID": "002105291240480041", "QY_ORG_CODE": "91110106553052871W", "QY_NAME": "北京千山幕墙装饰工程有限公司", "QY_FR_NAME": "杨文轻", "QY_REGION": "110000", "QY_REGION_NAME": "北京市", "OLD_CODE": "553052871", "COLLECT_TIME": 1622263211000, "QY_SRC_TYPE": "0", "hub_crawl_status": 0}, {"RN": 8, "QY_ID": "002105291240492836", "QY_ORG_CODE": "91110114055570801R", "QY_NAME": "北京千江月文化传播有限公司", "QY_FR_NAME": "郭建民", "QY_REGION": "110000", "QY_REGION_NAME": "北京市", "OLD_CODE": "055570801", "COLLECT_TIME": 1622263216000, "QY_SRC_TYPE": "0", "hub_crawl_status": 0}, {"RN": 9, "QY_ID": "002105291240495563", "QY_ORG_CODE": "911101136662566350", "QY_NAME": "北京盛邦新业科技有限公司", "QY_FR_NAME": "王玲玲", "QY_REGION": "110000", "QY_REGION_NAME": "北京市", "OLD_CODE": "666256635", "COLLECT_TIME": 1622263218000, "QY_SRC_TYPE": "0", "hub_crawl_status": 0}, {"RN": 10, "QY_ID": "002105291240503095", "QY_ORG_CODE": "91110000690845843P", "QY_NAME": "京桥基业建设集团有限公司", "QY_FR_NAME": "韩双桥", "QY_REGION": "110000", "QY_REGION_NAME": "北京市", "OLD_CODE": "690845843", "COLLECT_TIME": 1622263223000, "QY_SRC_TYPE": "0", "hub_crawl_status": 0}, {"RN": 11, "QY_ID": "002105291240514651", "QY_ORG_CODE": "911101137400833904", "QY_NAME": "北京麦思德装饰工程有限公司", "QY_FR_NAME": "翁国林", "QY_REGION": "110000", "QY_REGION_NAME": "北京市", "OLD_CODE": "740083390", "COLLECT_TIME": 1622263229000, "QY_SRC_TYPE": "0", "hub_crawl_status": 0}, {"RN": 12, "QY_ID": "002105291240515901", "QY_ORG_CODE": "911101060672504269", "QY_NAME": "北京国泰首安建设工程有限公司", "QY_FR_NAME": "田小飞", "QY_REGION": "110000", "QY_REGION_NAME": "北京市", "OLD_CODE": "067250426", "COLLECT_TIME": 1622263230000, "QY_SRC_TYPE": "0", "hub_crawl_status": 0}, {"RN": 13, "QY_ID": "002105291240516905", "QY_ORG_CODE": "91110102721423580E", "QY_NAME": "北京集力缘金象建筑装饰有限公司", "QY_FR_NAME": "宋健强", "QY_REGION": "110000", "QY_REGION_NAME": "北京市", "OLD_CODE": "721423580", "COLLECT_TIME": 1622263230000, "QY_SRC_TYPE": "0", "hub_crawl_status": 0}, {"RN": 14, "QY_ID": "002105291240517255", "QY_ORG_CODE": "911101095674134041", "QY_NAME": "北京京煤建装饰工程有限责任公司", "QY_FR_NAME": "周杰", "QY_REGION": "110000", "QY_REGION_NAME": "北京市", "OLD_CODE": "567413404", "COLLECT_TIME": 1622263231000, "QY_SRC_TYPE": "0", "hub_crawl_status": 0}, {"RN": 15, "QY_ID": "002105291240518379", "QY_ORG_CODE": "91110106074119282N", "QY_NAME": "北京隧盾市政建设有限公司", "QY_FR_NAME": "张连军", "QY_REGION": "110000", "QY_REGION_NAME": "北京市", "OLD_CODE": "074119282", "COLLECT_TIME": 1622263231000, "QY_SRC_TYPE": "0", "hub_crawl_status": 0}]