[{"RN": 31, "QY_ID": "002105291240543239", "QY_ORG_CODE": "91110111MA00FQFR6P", "QY_NAME": "北京佰铮建筑工程有限公司", "QY_FR_NAME": "王震", "QY_REGION": "110000", "QY_REGION_NAME": "北京市", "OLD_CODE": "MA00FQFR6", "COLLECT_TIME": 1622263247000, "QY_SRC_TYPE": "0", "hub_crawl_status": 0}, {"RN": 32, "QY_ID": "002105291240544650", "QY_ORG_CODE": "911100003066155930", "QY_NAME": "中建城龙建设工程有限公司", "QY_FR_NAME": "安国防", "QY_REGION": "110000", "QY_REGION_NAME": "北京市", "OLD_CODE": "306615593", "COLLECT_TIME": 1622263248000, "QY_SRC_TYPE": "0", "hub_crawl_status": 0}, {"RN": 33, "QY_ID": "002105291240545414", "QY_ORG_CODE": "91110105101416451R", "QY_NAME": "北京筑博装饰工程有限公司", "QY_FR_NAME": "张征寰", "QY_REGION": "110000", "QY_REGION_NAME": "北京市", "OLD_CODE": "101416451", "COLLECT_TIME": 1622263248000, "QY_SRC_TYPE": "0", "hub_crawl_status": 0}, {"RN": 34, "QY_ID": "002105291240545932", "QY_ORG_CODE": "91110111MA017K959T", "QY_NAME": "北京天和嘉业国际建筑装饰工程有限公司", "QY_FR_NAME": "申慧丰", "QY_REGION": "110000", "QY_REGION_NAME": "北京市", "OLD_CODE": "MA017K959", "COLLECT_TIME": 1622263249000, "QY_SRC_TYPE": "0", "hub_crawl_status": 0}, {"RN": 35, "QY_ID": "002105291240545954", "QY_ORG_CODE": "91110105700279882K", "QY_NAME": "北京奥信建筑工程设备安装有限公司", "QY_FR_NAME": "赵剑", "QY_REGION": "110000", "QY_REGION_NAME": "北京市", "OLD_CODE": "700279882", "COLLECT_TIME": 1622263249000, "QY_SRC_TYPE": "0", "hub_crawl_status": 0}, {"RN": 36, "QY_ID": "002105291240546088", "QY_ORG_CODE": "911101087786394381", "QY_NAME": "北京华亿神州科技有限公司", "QY_FR_NAME": "侯斌", "QY_REGION": "110000", "QY_REGION_NAME": "北京市", "OLD_CODE": "778639438", "COLLECT_TIME": 1622263249000, "QY_SRC_TYPE": "0", "hub_crawl_status": 0}, {"RN": 37, "QY_ID": "002105291240546712", "QY_ORG_CODE": "91110228556891902E", "QY_NAME": "北京天赋百合国际建筑装饰工程有限公司", "QY_FR_NAME": "朱德如", "QY_REGION": "110000", "QY_REGION_NAME": "北京市", "OLD_CODE": "556891902", "COLLECT_TIME": 1622263249000, "QY_SRC_TYPE": "0", "hub_crawl_status": 0}, {"RN": 38, "QY_ID": "002105291240547534", "QY_ORG_CODE": "91110114397173857K", "QY_NAME": "北京东方鑫艺建筑装饰工程设计有限公司", "QY_FR_NAME": "刘为金", "QY_REGION": "110000", "QY_REGION_NAME": "北京市", "OLD_CODE": "397173857", "COLLECT_TIME": 1622263250000, "QY_SRC_TYPE": "0", "hub_crawl_status": 0}, {"RN": 39, "QY_ID": "002105291240548002", "QY_ORG_CODE": "91110302344401887T", "QY_NAME": "北京华尊力合装饰工程有限公司", "QY_FR_NAME": "唐正东", "QY_REGION": "110000", "QY_REGION_NAME": "北京市", "OLD_CODE": "344401887", "COLLECT_TIME": 1622263250000, "QY_SRC_TYPE": "0", "hub_crawl_status": 0}, {"RN": 40, "QY_ID": "002105291240549459", "QY_ORG_CODE": "911101128024337483", "QY_NAME": "北京格林贝斯装饰工程有限公司", "QY_FR_NAME": "李振峰", "QY_REGION": "110000", "QY_REGION_NAME": "北京市", "OLD_CODE": "802433748", "COLLECT_TIME": 1622263251000, "QY_SRC_TYPE": "0", "hub_crawl_status": 0}, {"RN": 41, "QY_ID": "002105291240549873", "QY_ORG_CODE": "911101165877115991", "QY_NAME": "北京翰威东方装饰工程有限公司", "QY_FR_NAME": "陈博宇", "QY_REGION": "110000", "QY_REGION_NAME": "北京市", "OLD_CODE": "587711599", "COLLECT_TIME": 1622263251000, "QY_SRC_TYPE": "0", "hub_crawl_status": 0}, {"RN": 42, "QY_ID": "002105291240551123", "QY_ORG_CODE": "911101056976867931", "QY_NAME": "北京穗丰建筑装饰工程有限公司", "QY_FR_NAME": "许迪聪", "QY_REGION": "110000", "QY_REGION_NAME": "北京市", "OLD_CODE": "697686793", "COLLECT_TIME": 1622263252000, "QY_SRC_TYPE": "0", "hub_crawl_status": 0}, {"RN": 43, "QY_ID": "002105291240552048", "QY_ORG_CODE": "91110111MA001UYX0P", "QY_NAME": "北京天石大方装饰工程有限公司", "QY_FR_NAME": "杨金光", "QY_REGION": "110000", "QY_REGION_NAME": "北京市", "OLD_CODE": "MA001UYX0", "COLLECT_TIME": 1622263252000, "QY_SRC_TYPE": "0", "hub_crawl_status": 0}, {"RN": 44, "QY_ID": "002105291240552440", "QY_ORG_CODE": "91110000101639946H", "QY_NAME": "北京城建七建设工程有限公司", "QY_FR_NAME": "刘新", "QY_REGION": "110000", "QY_REGION_NAME": "北京市", "OLD_CODE": "101639946", "COLLECT_TIME": 1622263253000, "QY_SRC_TYPE": "0", "hub_crawl_status": 0}, {"RN": 45, "QY_ID": "002105291240552737", "QY_ORG_CODE": "91110105064895966B", "QY_NAME": "北京市金龙腾装饰设计有限公司", "QY_FR_NAME": "刘波", "QY_REGION": "110000", "QY_REGION_NAME": "北京市", "OLD_CODE": "064895966", "COLLECT_TIME": 1622263253000, "QY_SRC_TYPE": "0", "hub_crawl_status": 0}]