[{"RN": 211, "QY_ID": "002105291248670067", "QY_ORG_CODE": "911101010627710461", "QY_NAME": "北京海润佳铭装饰工程有限公司", "QY_FR_NAME": "贾明", "QY_REGION": "110000", "QY_REGION_NAME": "北京市", "OLD_CODE": "062771046", "COLLECT_TIME": 1622263702000, "QY_SRC_TYPE": "0", "hub_crawl_status": 0}, {"RN": 212, "QY_ID": "002105291248671425", "QY_ORG_CODE": "91110113MA01G8MN57", "QY_NAME": "北京华彬中创建筑装饰工程有限公司", "QY_FR_NAME": "黄桂英", "QY_REGION": "110000", "QY_REGION_NAME": "北京市", "OLD_CODE": "MA01G8MN5", "COLLECT_TIME": 1622263703000, "QY_SRC_TYPE": "0", "hub_crawl_status": 0}, {"RN": 213, "QY_ID": "002105291248671871", "QY_ORG_CODE": "911101011013094291", "QY_NAME": "北京市文物古建工程公司", "QY_FR_NAME": "李博", "QY_REGION": "110000", "QY_REGION_NAME": "北京市", "OLD_CODE": "101309429", "COLLECT_TIME": 1622263704000, "QY_SRC_TYPE": "0", "hub_crawl_status": 0}, {"RN": 214, "QY_ID": "002105291248672321", "QY_ORG_CODE": "91110105668416428W", "QY_NAME": "北京中源盛达装饰工程有限公司", "QY_FR_NAME": "杨秀忠", "QY_REGION": "110000", "QY_REGION_NAME": "北京市", "OLD_CODE": "668416428", "COLLECT_TIME": 1622263704000, "QY_SRC_TYPE": "0", "hub_crawl_status": 0}, {"RN": 215, "QY_ID": "002105291248672880", "QY_ORG_CODE": "911101065752152212", "QY_NAME": "北京雅联达建筑装饰工程有限公司", "QY_FR_NAME": "赵艳霞", "QY_REGION": "110000", "QY_REGION_NAME": "北京市", "OLD_CODE": "575215221", "COLLECT_TIME": 1622263704000, "QY_SRC_TYPE": "0", "hub_crawl_status": 0}, {"RN": 216, "QY_ID": "002105291248672973", "QY_ORG_CODE": "91110114768461373U", "QY_NAME": "北京新特鸿业建筑装饰工程有限公司", "QY_FR_NAME": "田文东", "QY_REGION": "110000", "QY_REGION_NAME": "北京市", "OLD_CODE": "768461373", "COLLECT_TIME": 1622263704000, "QY_SRC_TYPE": "0", "hub_crawl_status": 0}, {"RN": 217, "QY_ID": "002105291248673224", "QY_ORG_CODE": "91110108772561932G", "QY_NAME": "多信慧网（北京）科技有限公司", "QY_FR_NAME": "李杰", "QY_REGION": "110000", "QY_REGION_NAME": "北京市", "OLD_CODE": "772561932", "COLLECT_TIME": 1622263705000, "QY_SRC_TYPE": "0", "hub_crawl_status": 0}, {"RN": 218, "QY_ID": "002105291248673690", "QY_ORG_CODE": "911101026003704196", "QY_NAME": "北京嘉和日盛装饰工程有限公司", "QY_FR_NAME": "陈继平", "QY_REGION": "110000", "QY_REGION_NAME": "北京市", "OLD_CODE": "600370419", "COLLECT_TIME": 1622263705000, "QY_SRC_TYPE": "0", "hub_crawl_status": 0}, {"RN": 219, "QY_ID": "002105291248673695", "QY_ORG_CODE": "91110108788615288G", "QY_NAME": "北京东方华美建设集团有限公司", "QY_FR_NAME": "光善红", "QY_REGION": "110000", "QY_REGION_NAME": "北京市", "OLD_CODE": "788615288", "COLLECT_TIME": 1622263705000, "QY_SRC_TYPE": "0", "hub_crawl_status": 0}, {"RN": 220, "QY_ID": "002105291248674121", "QY_ORG_CODE": "91110114053558921F", "QY_NAME": "北京雷雨明建筑工程设计有限公司", "QY_FR_NAME": "雷雨明", "QY_REGION": "110000", "QY_REGION_NAME": "北京市", "OLD_CODE": "053558921", "COLLECT_TIME": 1622263705000, "QY_SRC_TYPE": "0", "hub_crawl_status": 0}, {"RN": 221, "QY_ID": "002105291248674376", "QY_ORG_CODE": "91110115766255680N", "QY_NAME": "北京寰润装饰工程有限公司", "QY_FR_NAME": "戴祥云", "QY_REGION": "110000", "QY_REGION_NAME": "北京市", "OLD_CODE": "766255680", "COLLECT_TIME": 1622263706000, "QY_SRC_TYPE": "0", "hub_crawl_status": 0}, {"RN": 222, "QY_ID": "002105291248675893", "QY_ORG_CODE": "9111030268355532XN", "QY_NAME": "北京杰元建筑装饰工程有限公司", "QY_FR_NAME": "袁强", "QY_REGION": "110000", "QY_REGION_NAME": "北京市", "OLD_CODE": "68355532X", "COLLECT_TIME": 1622263707000, "QY_SRC_TYPE": "0", "hub_crawl_status": 0}, {"RN": 223, "QY_ID": "002105291248676256", "QY_ORG_CODE": "91110105674279028E", "QY_NAME": "中航汇盈（北京）展览有限公司", "QY_FR_NAME": "黎扬", "QY_REGION": "110000", "QY_REGION_NAME": "北京市", "OLD_CODE": "674279028", "COLLECT_TIME": 1622263707000, "QY_SRC_TYPE": "0", "hub_crawl_status": 0}, {"RN": 224, "QY_ID": "002105291248678212", "QY_ORG_CODE": "91110106587703900R", "QY_NAME": "北京金港文景装饰有限责任公司", "QY_FR_NAME": "刘瑞明", "QY_REGION": "110000", "QY_REGION_NAME": "北京市", "OLD_CODE": "587703900", "COLLECT_TIME": 1622263709000, "QY_SRC_TYPE": "0", "hub_crawl_status": 0}, {"RN": 225, "QY_ID": "002105291248678401", "QY_ORG_CODE": "91110107560388568Q", "QY_NAME": "华装兄弟（北京）装饰工程有限公司", "QY_FR_NAME": "张杰鹏", "QY_REGION": "110000", "QY_REGION_NAME": "北京市", "OLD_CODE": "560388568", "COLLECT_TIME": 1622263710000, "QY_SRC_TYPE": "0", "hub_crawl_status": 0}]