[{"RN": 121, "QY_ID": "002105291241630345", "QY_ORG_CODE": "91110112744721935Y", "QY_NAME": "港联建设（北京）有限公司", "QY_FR_NAME": "张玉新", "QY_REGION": "110000", "QY_REGION_NAME": "北京市", "OLD_CODE": "744721935", "COLLECT_TIME": 1622263319000, "QY_SRC_TYPE": "0", "hub_crawl_status": 0}, {"RN": 122, "QY_ID": "002105291242630684", "QY_ORG_CODE": "91110106788997677A", "QY_NAME": "北京蜀韵东方装饰工程有限公司", "QY_FR_NAME": "张硕轶", "QY_REGION": "110000", "QY_REGION_NAME": "北京市", "OLD_CODE": "788997677", "COLLECT_TIME": 1622263320000, "QY_SRC_TYPE": "0", "hub_crawl_status": 0}, {"RN": 123, "QY_ID": "002105291242631292", "QY_ORG_CODE": "91110105794070691B", "QY_NAME": "尚层装饰（北京）有限公司", "QY_FR_NAME": "林云松", "QY_REGION": "110000", "QY_REGION_NAME": "北京市", "OLD_CODE": "794070691", "COLLECT_TIME": 1622263321000, "QY_SRC_TYPE": "0", "hub_crawl_status": 0}, {"RN": 124, "QY_ID": "002105291242631298", "QY_ORG_CODE": "91110114774710727W", "QY_NAME": "北京苏鑫华安幕墙装饰工程有限公司", "QY_FR_NAME": "吴昌华", "QY_REGION": "110000", "QY_REGION_NAME": "北京市", "OLD_CODE": "774710727", "COLLECT_TIME": 1622263321000, "QY_SRC_TYPE": "0", "hub_crawl_status": 0}, {"RN": 125, "QY_ID": "002105291242631564", "QY_ORG_CODE": "91110108600380406A", "QY_NAME": "北京怡景艾特环境艺术设计有限公司", "QY_FR_NAME": "姚凌霄", "QY_REGION": "110000", "QY_REGION_NAME": "北京市", "OLD_CODE": "600380406", "COLLECT_TIME": 1622263322000, "QY_SRC_TYPE": "0", "hub_crawl_status": 0}, {"RN": 126, "QY_ID": "002105291242631577", "QY_ORG_CODE": "91110105573243288U", "QY_NAME": "北京广阔展览展示有限公司", "QY_FR_NAME": "王桂容", "QY_REGION": "110000", "QY_REGION_NAME": "北京市", "OLD_CODE": "573243288", "COLLECT_TIME": 1622263322000, "QY_SRC_TYPE": "0", "hub_crawl_status": 0}, {"RN": 127, "QY_ID": "002105291242631876", "QY_ORG_CODE": "91110105669109964D", "QY_NAME": "北京东方弘天装饰有限公司", "QY_FR_NAME": "刘明", "QY_REGION": "110000", "QY_REGION_NAME": "北京市", "OLD_CODE": "669109964", "COLLECT_TIME": 1622263322000, "QY_SRC_TYPE": "0", "hub_crawl_status": 0}, {"RN": 128, "QY_ID": "002105291242631878", "QY_ORG_CODE": "91110112786170991D", "QY_NAME": "北京广德国际装饰工程有限公司", "QY_FR_NAME": "罗增良", "QY_REGION": "110000", "QY_REGION_NAME": "北京市", "OLD_CODE": "786170991", "COLLECT_TIME": 1622263322000, "QY_SRC_TYPE": "0", "hub_crawl_status": 0}, {"RN": 129, "QY_ID": "002105291242631880", "QY_ORG_CODE": "91110105593853729G", "QY_NAME": "北京英特威迅建筑装饰工程有限公司", "QY_FR_NAME": "谈志恒", "QY_REGION": "110000", "QY_REGION_NAME": "北京市", "OLD_CODE": "593853729", "COLLECT_TIME": 1622263322000, "QY_SRC_TYPE": "0", "hub_crawl_status": 0}, {"RN": 130, "QY_ID": "002105291242633310", "QY_ORG_CODE": "91110105700005515C", "QY_NAME": "金一明展示工程（北京）有限公司", "QY_FR_NAME": "果榕", "QY_REGION": "110000", "QY_REGION_NAME": "北京市", "OLD_CODE": "700005515", "COLLECT_TIME": 1622263324000, "QY_SRC_TYPE": "0", "hub_crawl_status": 0}, {"RN": 131, "QY_ID": "002105291242633483", "QY_ORG_CODE": "911101070716629414", "QY_NAME": "北京天时正道建筑工程有限公司", "QY_FR_NAME": "范宝义", "QY_REGION": "110000", "QY_REGION_NAME": "北京市", "OLD_CODE": "071662941", "COLLECT_TIME": 1622263324000, "QY_SRC_TYPE": "0", "hub_crawl_status": 0}, {"RN": 132, "QY_ID": "002105291242633579", "QY_ORG_CODE": "91110106749375373D", "QY_NAME": "北京中金盛世装饰工程有限公司", "QY_FR_NAME": "陈小锋", "QY_REGION": "110000", "QY_REGION_NAME": "北京市", "OLD_CODE": "749375373", "COLLECT_TIME": 1622263324000, "QY_SRC_TYPE": "0", "hub_crawl_status": 0}, {"RN": 133, "QY_ID": "002105291242634024", "QY_ORG_CODE": "91110105059289080A", "QY_NAME": "北京世和百致装饰工程有限公司", "QY_FR_NAME": "王勇", "QY_REGION": "110000", "QY_REGION_NAME": "北京市", "OLD_CODE": "059289080", "COLLECT_TIME": 1622263326000, "QY_SRC_TYPE": "0", "hub_crawl_status": 0}, {"RN": 134, "QY_ID": "002105291242634486", "QY_ORG_CODE": "9111011280242696XF", "QY_NAME": "北京宜之美环境艺术设计有限公司", "QY_FR_NAME": "陈庆忠", "QY_REGION": "110000", "QY_REGION_NAME": "北京市", "OLD_CODE": "80242696X", "COLLECT_TIME": 1622263327000, "QY_SRC_TYPE": "0", "hub_crawl_status": 0}, {"RN": 135, "QY_ID": "002105291242635450", "QY_ORG_CODE": "91110105697748202A", "QY_NAME": "保盛兴业国际装饰工程（北京）有限公司", "QY_FR_NAME": "陈思奇", "QY_REGION": "110000", "QY_REGION_NAME": "北京市", "OLD_CODE": "697748202", "COLLECT_TIME": 1622263328000, "QY_SRC_TYPE": "0", "hub_crawl_status": 0}]