[{"RN": 346, "QY_ID": "002105291306895475", "QY_ORG_CODE": "91110105091865025D", "QY_NAME": "桐欣盛建设集团有限公司", "QY_FR_NAME": "邹勇", "QY_REGION": "110000", "QY_REGION_NAME": "北京市", "OLD_CODE": "091865025", "COLLECT_TIME": 1622264781000, "QY_SRC_TYPE": "0", "hub_crawl_status": 0}, {"RN": 347, "QY_ID": "002105291312903442", "QY_ORG_CODE": "91110117MA01UG3R5W", "QY_NAME": "远建卓饰（北京）建设工程有限公司", "QY_FR_NAME": "章有旺", "QY_REGION": "110000", "QY_REGION_NAME": "北京市", "OLD_CODE": "MA01UG3R5", "COLLECT_TIME": 1622265163000, "QY_SRC_TYPE": "0", "hub_crawl_status": 0}, {"RN": 348, "QY_ID": "002105291312911364", "QY_ORG_CODE": "91110111MA01TF8B8E", "QY_NAME": "北京居之安工程设计有限公司", "QY_FR_NAME": "慕继海", "QY_REGION": "110000", "QY_REGION_NAME": "北京市", "OLD_CODE": "MA01TF8B8", "COLLECT_TIME": 1622265171000, "QY_SRC_TYPE": "0", "hub_crawl_status": 0}, {"RN": 349, "QY_ID": "002105291313925056", "QY_ORG_CODE": "91110112786161155P", "QY_NAME": "北京龙博时代展览有限公司", "QY_FR_NAME": "徐博", "QY_REGION": "110000", "QY_REGION_NAME": "北京市", "OLD_CODE": "786161155", "COLLECT_TIME": 1622265187000, "QY_SRC_TYPE": "0", "hub_crawl_status": 0}, {"RN": 350, "QY_ID": "002105291313931615", "QY_ORG_CODE": "91110108783233053A", "QY_NAME": "北京辰安科技股份有限公司", "QY_FR_NAME": "袁宏永", "QY_REGION": "110000", "QY_REGION_NAME": "北京市", "OLD_CODE": "783233053", "COLLECT_TIME": 1622265194000, "QY_SRC_TYPE": "0", "hub_crawl_status": 0}, {"RN": 351, "QY_ID": "002105291313931939", "QY_ORG_CODE": "91110109MA01REXG4K", "QY_NAME": "恒奕电力（北京）有限公司", "QY_FR_NAME": "陈涛", "QY_REGION": "110000", "QY_REGION_NAME": "北京市", "OLD_CODE": "MA01REXG4", "COLLECT_TIME": 1622265195000, "QY_SRC_TYPE": "0", "hub_crawl_status": 0}, {"RN": 352, "QY_ID": "002105291313934285", "QY_ORG_CODE": "91110109MA01RF3G6D", "QY_NAME": "北京北诚建设工程有限公司", "QY_FR_NAME": "程红丽", "QY_REGION": "110000", "QY_REGION_NAME": "北京市", "OLD_CODE": "MA01RF3G6", "COLLECT_TIME": 1622265197000, "QY_SRC_TYPE": "0", "hub_crawl_status": 0}, {"RN": 353, "QY_ID": "002105291313948081", "QY_ORG_CODE": "911101066782189863", "QY_NAME": "建洲建设工程集团有限公司", "QY_FR_NAME": "刘卿", "QY_REGION": "110000", "QY_REGION_NAME": "北京市", "OLD_CODE": "678218986", "COLLECT_TIME": 1622265213000, "QY_SRC_TYPE": "0", "hub_crawl_status": 0}, {"RN": 354, "QY_ID": "002105291313948098", "QY_ORG_CODE": "9111010505736979XK", "QY_NAME": "万达酒店设计研究院有限公司", "QY_FR_NAME": "宁奇峰", "QY_REGION": "110000", "QY_REGION_NAME": "北京市", "OLD_CODE": "05736979X", "COLLECT_TIME": 1622265213000, "QY_SRC_TYPE": "0", "hub_crawl_status": 0}, {"RN": 355, "QY_ID": "002105291313957322", "QY_ORG_CODE": "91110117102963289T", "QY_NAME": "北京工正装饰工程有限公司", "QY_FR_NAME": "王恩侠", "QY_REGION": "110000", "QY_REGION_NAME": "北京市", "OLD_CODE": "102963289", "COLLECT_TIME": 1622265228000, "QY_SRC_TYPE": "0", "hub_crawl_status": 0}, {"RN": 356, "QY_ID": "002105291313958738", "QY_ORG_CODE": "91110111MA01KB9A6R", "QY_NAME": "北京雅博达建筑工程有限公司", "QY_FR_NAME": "王雅婷", "QY_REGION": "110000", "QY_REGION_NAME": "北京市", "OLD_CODE": "MA01KB9A6", "COLLECT_TIME": 1622265230000, "QY_SRC_TYPE": "0", "hub_crawl_status": 0}, {"RN": 357, "QY_ID": "002105291321967778", "QY_ORG_CODE": "91110106MA01TUNF7E", "QY_NAME": "北京源兴卓业企业管理有限公司", "QY_FR_NAME": "周娅", "QY_REGION": "110000", "QY_REGION_NAME": "北京市", "OLD_CODE": "MA01TUNF7", "COLLECT_TIME": 1622265713000, "QY_SRC_TYPE": "0", "hub_crawl_status": 0}, {"RN": 358, "QY_ID": "002105291321967997", "QY_ORG_CODE": "91110113MA00AN3893", "QY_NAME": "天拓建设集团有限公司", "QY_FR_NAME": "廖德新", "QY_REGION": "110000", "QY_REGION_NAME": "北京市", "OLD_CODE": "MA00AN389", "COLLECT_TIME": 1622265713000, "QY_SRC_TYPE": "0", "hub_crawl_status": 0}, {"RN": 359, "QY_ID": "002105291322003365", "QY_ORG_CODE": "91110108633789486N", "QY_NAME": "北京华清技科建设工程有限公司", "QY_FR_NAME": "梅萌", "QY_REGION": "110000", "QY_REGION_NAME": "北京市", "OLD_CODE": "633789486", "COLLECT_TIME": 1622265761000, "QY_SRC_TYPE": "0", "hub_crawl_status": 0}, {"RN": 360, "QY_ID": "002105291322012608", "QY_ORG_CODE": "91110108752164921K", "QY_NAME": "北京居然之家装饰工程有限公司", "QY_FR_NAME": "王宁", "QY_REGION": "110000", "QY_REGION_NAME": "北京市", "OLD_CODE": "752164921", "COLLECT_TIME": 1622265775000, "QY_SRC_TYPE": "0", "hub_crawl_status": 0}]