[{"RN": 226, "QY_ID": "002105291248678745", "QY_ORG_CODE": "91110115MA01E0AR9U", "QY_NAME": "北京环洋经典科技有限公司", "QY_FR_NAME": "杨宏伟", "QY_REGION": "110000", "QY_REGION_NAME": "北京市", "OLD_CODE": "MA01E0AR9", "COLLECT_TIME": 1622263710000, "QY_SRC_TYPE": "0", "hub_crawl_status": 0}, {"RN": 227, "QY_ID": "002105291248679291", "QY_ORG_CODE": "91110116554871449E", "QY_NAME": "北京华彬建设工程有限公司", "QY_FR_NAME": "罗洪彬", "QY_REGION": "110000", "QY_REGION_NAME": "北京市", "OLD_CODE": "554871449", "COLLECT_TIME": 1622263710000, "QY_SRC_TYPE": "0", "hub_crawl_status": 0}, {"RN": 228, "QY_ID": "002105291248679295", "QY_ORG_CODE": "91110105754653999J", "QY_NAME": "北京建王园林工程有限公司", "QY_FR_NAME": "王丽", "QY_REGION": "110000", "QY_REGION_NAME": "北京市", "OLD_CODE": "754653999", "COLLECT_TIME": 1622263710000, "QY_SRC_TYPE": "0", "hub_crawl_status": 0}, {"RN": 229, "QY_ID": "002105291248679306", "QY_ORG_CODE": "91110112082845911U", "QY_NAME": "北京中世博艺建筑装饰工程有限公司", "QY_FR_NAME": "史冬青", "QY_REGION": "110000", "QY_REGION_NAME": "北京市", "OLD_CODE": "082845911", "COLLECT_TIME": 1622263710000, "QY_SRC_TYPE": "0", "hub_crawl_status": 0}, {"RN": 230, "QY_ID": "002105291248680070", "QY_ORG_CODE": "91110105721404785C", "QY_NAME": "北京丽港建筑装饰工程有限公司", "QY_FR_NAME": "谷金岭", "QY_REGION": "110000", "QY_REGION_NAME": "北京市", "OLD_CODE": "721404785", "COLLECT_TIME": 1622263711000, "QY_SRC_TYPE": "0", "hub_crawl_status": 0}, {"RN": 231, "QY_ID": "002105291248680075", "QY_ORG_CODE": "91110114MA00CU5N4F", "QY_NAME": "北京城建新港装饰工程有限责任公司", "QY_FR_NAME": "卢健", "QY_REGION": "110000", "QY_REGION_NAME": "北京市", "OLD_CODE": "MA00CU5N4", "COLLECT_TIME": 1622263711000, "QY_SRC_TYPE": "0", "hub_crawl_status": 0}, {"RN": 232, "QY_ID": "002105291248680255", "QY_ORG_CODE": "91110117802937604Y", "QY_NAME": "五度建筑装饰（北京）有限公司", "QY_FR_NAME": "吴彬", "QY_REGION": "110000", "QY_REGION_NAME": "北京市", "OLD_CODE": "802937604", "COLLECT_TIME": 1622263712000, "QY_SRC_TYPE": "0", "hub_crawl_status": 0}, {"RN": 233, "QY_ID": "002105291248681191", "QY_ORG_CODE": "91110117061333052T", "QY_NAME": "五元素建筑装饰（北京）有限公司", "QY_FR_NAME": "汤杰", "QY_REGION": "110000", "QY_REGION_NAME": "北京市", "OLD_CODE": "061333052", "COLLECT_TIME": 1622263712000, "QY_SRC_TYPE": "0", "hub_crawl_status": 0}, {"RN": 234, "QY_ID": "002105291248682419", "QY_ORG_CODE": "91110115MA018KQM19", "QY_NAME": "博洛尼装饰工程（北京）有限公司", "QY_FR_NAME": "刘立钊", "QY_REGION": "110000", "QY_REGION_NAME": "北京市", "OLD_CODE": "MA018KQM1", "COLLECT_TIME": 1622263714000, "QY_SRC_TYPE": "0", "hub_crawl_status": 0}, {"RN": 235, "QY_ID": "002105291248683396", "QY_ORG_CODE": "91110115787768055M", "QY_NAME": "北京中兆华成建筑装饰工程有限责任公司", "QY_FR_NAME": "郑红梅", "QY_REGION": "110000", "QY_REGION_NAME": "北京市", "OLD_CODE": "787768055", "COLLECT_TIME": 1622263715000, "QY_SRC_TYPE": "0", "hub_crawl_status": 0}, {"RN": 236, "QY_ID": "002105291248684276", "QY_ORG_CODE": "91110108080476833D", "QY_NAME": "北京冰川同创装饰工程有限责任公司", "QY_FR_NAME": "张永森", "QY_REGION": "110000", "QY_REGION_NAME": "北京市", "OLD_CODE": "080476833", "COLLECT_TIME": 1622263716000, "QY_SRC_TYPE": "0", "hub_crawl_status": 0}, {"RN": 237, "QY_ID": "002105291248684286", "QY_ORG_CODE": "91110105676622176G", "QY_NAME": "北京世筑华典装饰工程有限公司", "QY_FR_NAME": "朴澈植", "QY_REGION": "110000", "QY_REGION_NAME": "北京市", "OLD_CODE": "676622176", "COLLECT_TIME": 1622263716000, "QY_SRC_TYPE": "0", "hub_crawl_status": 0}, {"RN": 238, "QY_ID": "002105291248684511", "QY_ORG_CODE": "91110116741555361R", "QY_NAME": "北京米特建筑装饰工程有限公司", "QY_FR_NAME": "孙炜平", "QY_REGION": "110000", "QY_REGION_NAME": "北京市", "OLD_CODE": "741555361", "COLLECT_TIME": 1622263717000, "QY_SRC_TYPE": "0", "hub_crawl_status": 0}, {"RN": 239, "QY_ID": "002105291248685905", "QY_ORG_CODE": "91110111MA01K7W0XM", "QY_NAME": "北京天狼大地国际工程有限公司", "QY_FR_NAME": "阚俊松", "QY_REGION": "110000", "QY_REGION_NAME": "北京市", "OLD_CODE": "MA01K7W0X", "COLLECT_TIME": 1622263718000, "QY_SRC_TYPE": "0", "hub_crawl_status": 0}, {"RN": 240, "QY_ID": "002105291248686017", "QY_ORG_CODE": "91110112560363168M", "QY_NAME": "北京上一建筑设计咨询有限公司", "QY_FR_NAME": "乌兰察布", "QY_REGION": "110000", "QY_REGION_NAME": "北京市", "OLD_CODE": "560363168", "COLLECT_TIME": 1622263718000, "QY_SRC_TYPE": "0", "hub_crawl_status": 0}]