[{"RN": 301, "QY_ID": "002105291255773667", "QY_ORG_CODE": "91110102682884906N", "QY_NAME": "北京黑油数字展览股份有限公司", "QY_FR_NAME": "杜鹃", "QY_REGION": "110000", "QY_REGION_NAME": "北京市", "OLD_CODE": "682884906", "COLLECT_TIME": 1622264108000, "QY_SRC_TYPE": "0", "hub_crawl_status": 0}, {"RN": 302, "QY_ID": "002105291255774189", "QY_ORG_CODE": "91110106600014449R", "QY_NAME": "北京国际工程有限公司", "QY_FR_NAME": "刘林进", "QY_REGION": "110000", "QY_REGION_NAME": "北京市", "OLD_CODE": "600014449", "COLLECT_TIME": 1622264109000, "QY_SRC_TYPE": "0", "hub_crawl_status": 0}, {"RN": 303, "QY_ID": "002105291255775044", "QY_ORG_CODE": "91110109MA01Q3HC44", "QY_NAME": "北京海直装饰设计有限公司", "QY_FR_NAME": "查俊卿", "QY_REGION": "110000", "QY_REGION_NAME": "北京市", "OLD_CODE": "MA01Q3HC4", "COLLECT_TIME": 1622264109000, "QY_SRC_TYPE": "0", "hub_crawl_status": 0}, {"RN": 304, "QY_ID": "002105291255776707", "QY_ORG_CODE": "91110115102911139X", "QY_NAME": "北京乾建建筑装饰工程有限责任公司", "QY_FR_NAME": "张啸天", "QY_REGION": "110000", "QY_REGION_NAME": "北京市", "OLD_CODE": "102911139", "COLLECT_TIME": 1622264111000, "QY_SRC_TYPE": "0", "hub_crawl_status": 0}, {"RN": 305, "QY_ID": "002105291255776822", "QY_ORG_CODE": "91110102580835214J", "QY_NAME": "中北国泰建设集团有限公司", "QY_FR_NAME": "姜子华", "QY_REGION": "110000", "QY_REGION_NAME": "北京市", "OLD_CODE": "580835214", "COLLECT_TIME": 1622264111000, "QY_SRC_TYPE": "0", "hub_crawl_status": 0}, {"RN": 306, "QY_ID": "002105291258780880", "QY_ORG_CODE": "91110105096444959X", "QY_NAME": "北京中友恒基建设工程有限公司", "QY_FR_NAME": "薛岗", "QY_REGION": "110000", "QY_REGION_NAME": "北京市", "OLD_CODE": "096444959", "COLLECT_TIME": 1622264306000, "QY_SRC_TYPE": "0", "hub_crawl_status": 0}, {"RN": 307, "QY_ID": "002105291258785986", "QY_ORG_CODE": "91110114055582183N", "QY_NAME": "中成（北京）建设有限公司", "QY_FR_NAME": "侯广锋", "QY_REGION": "110000", "QY_REGION_NAME": "北京市", "OLD_CODE": "055582183", "COLLECT_TIME": 1622264311000, "QY_SRC_TYPE": "0", "hub_crawl_status": 0}, {"RN": 308, "QY_ID": "002105291258788857", "QY_ORG_CODE": "91110105795134941X", "QY_NAME": "北京朗仁工程设计有限公司", "QY_FR_NAME": "郎宝会", "QY_REGION": "110000", "QY_REGION_NAME": "北京市", "OLD_CODE": "795134941", "COLLECT_TIME": 1622264314000, "QY_SRC_TYPE": "0", "hub_crawl_status": 0}, {"RN": 309, "QY_ID": "002105291258791121", "QY_ORG_CODE": "91110105576882990M", "QY_NAME": "方圆一品（北京）国际工程设计有限公司", "QY_FR_NAME": "曾锋", "QY_REGION": "110000", "QY_REGION_NAME": "北京市", "OLD_CODE": "576882990", "COLLECT_TIME": 1622264317000, "QY_SRC_TYPE": "0", "hub_crawl_status": 0}, {"RN": 310, "QY_ID": "002105291258791527", "QY_ORG_CODE": "91110109MA00FLDA0H", "QY_NAME": "京诚泰达（北京）建设有限公司", "QY_FR_NAME": "张东岳", "QY_REGION": "110000", "QY_REGION_NAME": "北京市", "OLD_CODE": "MA00FLDA0", "COLLECT_TIME": 1622264317000, "QY_SRC_TYPE": "0", "hub_crawl_status": 0}, {"RN": 311, "QY_ID": "002105291258792282", "QY_ORG_CODE": "91110107718722977U", "QY_NAME": "北京中铁北方装饰工程有限公司", "QY_FR_NAME": "马前国", "QY_REGION": "110000", "QY_REGION_NAME": "北京市", "OLD_CODE": "718722977", "COLLECT_TIME": 1622264318000, "QY_SRC_TYPE": "0", "hub_crawl_status": 0}, {"RN": 312, "QY_ID": "002105291258792355", "QY_ORG_CODE": "91110117MA01LMQR9E", "QY_NAME": "北京巨洲建筑装饰设计工程有限公司", "QY_FR_NAME": "王杰夫", "QY_REGION": "110000", "QY_REGION_NAME": "北京市", "OLD_CODE": "MA01LMQR9", "COLLECT_TIME": 1622264318000, "QY_SRC_TYPE": "0", "hub_crawl_status": 0}, {"RN": 313, "QY_ID": "002105291258793393", "QY_ORG_CODE": "911101050628410163", "QY_NAME": "众典视界建筑工程设计（北京）有限公司", "QY_FR_NAME": "李勇峰", "QY_REGION": "110000", "QY_REGION_NAME": "北京市", "OLD_CODE": "062841016", "COLLECT_TIME": 1622264319000, "QY_SRC_TYPE": "0", "hub_crawl_status": 0}, {"RN": 314, "QY_ID": "002105291258795922", "QY_ORG_CODE": "91110112306393898R", "QY_NAME": "北京简美空间装饰设计有限公司", "QY_FR_NAME": "陈浩", "QY_REGION": "110000", "QY_REGION_NAME": "北京市", "OLD_CODE": "306393898", "COLLECT_TIME": 1622264322000, "QY_SRC_TYPE": "0", "hub_crawl_status": 0}, {"RN": 315, "QY_ID": "002105291258795923", "QY_ORG_CODE": "91110105788998880R", "QY_NAME": "北京博晟装饰设计工程有限公司", "QY_FR_NAME": "吴旭东", "QY_REGION": "110000", "QY_REGION_NAME": "北京市", "OLD_CODE": "788998880", "COLLECT_TIME": 1622264322000, "QY_SRC_TYPE": "0", "hub_crawl_status": 0}]