[{"RN": 196, "QY_ID": "002105291248662236", "QY_ORG_CODE": "91110106571274486H", "QY_NAME": "北京奕博建筑工程有限公司", "QY_FR_NAME": "高海洲", "QY_REGION": "110000", "QY_REGION_NAME": "北京市", "OLD_CODE": "571274486", "COLLECT_TIME": 1622263694000, "QY_SRC_TYPE": "0", "hub_crawl_status": 0}, {"RN": 197, "QY_ID": "002105291248663239", "QY_ORG_CODE": "91110108741564081Q", "QY_NAME": "伟景行科技股份有限公司", "QY_FR_NAME": "迟伟", "QY_REGION": "110000", "QY_REGION_NAME": "北京市", "OLD_CODE": "741564081", "COLLECT_TIME": 1622263695000, "QY_SRC_TYPE": "0", "hub_crawl_status": 0}, {"RN": 198, "QY_ID": "002105291248663513", "QY_ORG_CODE": "91110114MA01ALUT8D", "QY_NAME": "北京中装清风文化有限公司", "QY_FR_NAME": "唐从福", "QY_REGION": "110000", "QY_REGION_NAME": "北京市", "OLD_CODE": "MA01ALUT8", "COLLECT_TIME": 1622263695000, "QY_SRC_TYPE": "0", "hub_crawl_status": 0}, {"RN": 199, "QY_ID": "002105291248665059", "QY_ORG_CODE": "911101090648888546", "QY_NAME": "中兴融创建设工程有限公司", "QY_FR_NAME": "张金聪", "QY_REGION": "110000", "QY_REGION_NAME": "北京市", "OLD_CODE": "064888854", "COLLECT_TIME": 1622263696000, "QY_SRC_TYPE": "0", "hub_crawl_status": 0}, {"RN": 200, "QY_ID": "002105291248665314", "QY_ORG_CODE": "911101050573693512", "QY_NAME": "北京昊润嘉业建筑装饰工程有限公司", "QY_FR_NAME": "李建福", "QY_REGION": "110000", "QY_REGION_NAME": "北京市", "OLD_CODE": "057369351", "COLLECT_TIME": 1622263697000, "QY_SRC_TYPE": "0", "hub_crawl_status": 0}, {"RN": 201, "QY_ID": "002105291248666119", "QY_ORG_CODE": "91110108723959266G", "QY_NAME": "北京宜美建工建筑装饰工程有限公司", "QY_FR_NAME": "陈继元", "QY_REGION": "110000", "QY_REGION_NAME": "北京市", "OLD_CODE": "723959266", "COLLECT_TIME": 1622263697000, "QY_SRC_TYPE": "0", "hub_crawl_status": 0}, {"RN": 202, "QY_ID": "002105291248667034", "QY_ORG_CODE": "91110106565800232P", "QY_NAME": "北京中北华建实验室装饰工程有限公司", "QY_FR_NAME": "马文涛", "QY_REGION": "110000", "QY_REGION_NAME": "北京市", "OLD_CODE": "565800232", "COLLECT_TIME": 1622263699000, "QY_SRC_TYPE": "0", "hub_crawl_status": 0}, {"RN": 203, "QY_ID": "002105291248667133", "QY_ORG_CODE": "9111011566463169XP", "QY_NAME": "科宝博洛尼（北京）装饰装修工程有限公司", "QY_FR_NAME": "侯雪峰", "QY_REGION": "110000", "QY_REGION_NAME": "北京市", "OLD_CODE": "66463169X", "COLLECT_TIME": 1622263699000, "QY_SRC_TYPE": "0", "hub_crawl_status": 0}, {"RN": 204, "QY_ID": "002105291248667134", "QY_ORG_CODE": "91110105668440276C", "QY_NAME": "北京恒发安业建筑装饰工程有限公司", "QY_FR_NAME": "张来鸿", "QY_REGION": "110000", "QY_REGION_NAME": "北京市", "OLD_CODE": "668440276", "COLLECT_TIME": 1622263699000, "QY_SRC_TYPE": "0", "hub_crawl_status": 0}, {"RN": 205, "QY_ID": "002105291248669011", "QY_ORG_CODE": "911101055731768989", "QY_NAME": "北京嘉亦枫装饰工程有限公司", "QY_FR_NAME": "王爽", "QY_REGION": "110000", "QY_REGION_NAME": "北京市", "OLD_CODE": "573176898", "COLLECT_TIME": 1622263700000, "QY_SRC_TYPE": "0", "hub_crawl_status": 0}, {"RN": 206, "QY_ID": "002105291248669291", "QY_ORG_CODE": "91110105590652550D", "QY_NAME": "北京筑上一品建筑装饰工程有限公司", "QY_FR_NAME": "谢为根", "QY_REGION": "110000", "QY_REGION_NAME": "北京市", "OLD_CODE": "590652550", "COLLECT_TIME": 1622263702000, "QY_SRC_TYPE": "0", "hub_crawl_status": 0}, {"RN": 207, "QY_ID": "002105291248669536", "QY_ORG_CODE": "91110115069612769Y", "QY_NAME": "北京苏南方圆建设有限公司", "QY_FR_NAME": "张伟", "QY_REGION": "110000", "QY_REGION_NAME": "北京市", "OLD_CODE": "069612769", "COLLECT_TIME": 1622263702000, "QY_SRC_TYPE": "0", "hub_crawl_status": 0}, {"RN": 208, "QY_ID": "002105291248669564", "QY_ORG_CODE": "911101087684812352", "QY_NAME": "中元德宝实验室系统科技（北京）有限公司", "QY_FR_NAME": "张爱民", "QY_REGION": "110000", "QY_REGION_NAME": "北京市", "OLD_CODE": "768481235", "COLLECT_TIME": 1622263702000, "QY_SRC_TYPE": "0", "hub_crawl_status": 0}, {"RN": 209, "QY_ID": "002105291248670055", "QY_ORG_CODE": "91110115681217538X", "QY_NAME": "双泽（北京）建筑装饰工程有限公司", "QY_FR_NAME": "张西峰", "QY_REGION": "110000", "QY_REGION_NAME": "北京市", "OLD_CODE": "681217538", "COLLECT_TIME": 1622263702000, "QY_SRC_TYPE": "0", "hub_crawl_status": 0}, {"RN": 210, "QY_ID": "002105291248670063", "QY_ORG_CODE": "91110101786152304C", "QY_NAME": "北京圣唐建筑装饰工程有限公司", "QY_FR_NAME": "徐东", "QY_REGION": "110000", "QY_REGION_NAME": "北京市", "OLD_CODE": "786152304", "COLLECT_TIME": 1622263702000, "QY_SRC_TYPE": "0", "hub_crawl_status": 0}]