[{"RN": 16, "QY_ID": "002105291240520833", "QY_ORG_CODE": "91110112565827152U", "QY_NAME": "北京丰禾基业建筑装饰工程有限公司", "QY_FR_NAME": "郭华", "QY_REGION": "110000", "QY_REGION_NAME": "北京市", "OLD_CODE": "565827152", "COLLECT_TIME": 1622263233000, "QY_SRC_TYPE": "0", "hub_crawl_status": 0}, {"RN": 17, "QY_ID": "002105291240522190", "QY_ORG_CODE": "91110112MA002QXD5H", "QY_NAME": "北京世纪卓展文化传播有限责任公司", "QY_FR_NAME": "郭志远", "QY_REGION": "110000", "QY_REGION_NAME": "北京市", "OLD_CODE": "MA002QXD5", "COLLECT_TIME": 1622263233000, "QY_SRC_TYPE": "0", "hub_crawl_status": 0}, {"RN": 18, "QY_ID": "002105291240522743", "QY_ORG_CODE": "911101061021720574", "QY_NAME": "北京建工新燕幕墙装饰工程有限公司", "QY_FR_NAME": "卢光国", "QY_REGION": "110000", "QY_REGION_NAME": "北京市", "OLD_CODE": "102172057", "COLLECT_TIME": 1622263234000, "QY_SRC_TYPE": "0", "hub_crawl_status": 0}, {"RN": 19, "QY_ID": "002105291240526924", "QY_ORG_CODE": "911101065877106412", "QY_NAME": "北京源创绿建筑装饰有限公司", "QY_FR_NAME": "陶志仲", "QY_REGION": "110000", "QY_REGION_NAME": "北京市", "OLD_CODE": "587710641", "COLLECT_TIME": 1622263236000, "QY_SRC_TYPE": "0", "hub_crawl_status": 0}, {"RN": 20, "QY_ID": "002105291240527324", "QY_ORG_CODE": "91110228MA0096TH67", "QY_NAME": "北京北方国兴建设有限公司", "QY_FR_NAME": "凌宗栋", "QY_REGION": "110000", "QY_REGION_NAME": "北京市", "OLD_CODE": "MA0096TH6", "COLLECT_TIME": 1622263236000, "QY_SRC_TYPE": "0", "hub_crawl_status": 0}, {"RN": 21, "QY_ID": "002105291240527988", "QY_ORG_CODE": "911101056892252766", "QY_NAME": "北京亿伽建筑环境设计有限公司", "QY_FR_NAME": "文冬", "QY_REGION": "110000", "QY_REGION_NAME": "北京市", "OLD_CODE": "689225276", "COLLECT_TIME": 1622263237000, "QY_SRC_TYPE": "0", "hub_crawl_status": 0}, {"RN": 22, "QY_ID": "002105291240529893", "QY_ORG_CODE": "9111011672148157XG", "QY_NAME": "北京市安泰运源建筑工程有限公司", "QY_FR_NAME": "杨京位", "QY_REGION": "110000", "QY_REGION_NAME": "北京市", "OLD_CODE": "72148157X", "COLLECT_TIME": 1622263238000, "QY_SRC_TYPE": "0", "hub_crawl_status": 0}, {"RN": 23, "QY_ID": "002105291240532117", "QY_ORG_CODE": "91110114746114354K", "QY_NAME": "北京克力爱尔生物实验室工程有限公司", "QY_FR_NAME": "张小京", "QY_REGION": "110000", "QY_REGION_NAME": "北京市", "OLD_CODE": "746114354", "COLLECT_TIME": 1622263240000, "QY_SRC_TYPE": "0", "hub_crawl_status": 0}, {"RN": 24, "QY_ID": "002105291240532737", "QY_ORG_CODE": "91110114554878392X", "QY_NAME": "诚优佳（北京）装饰工程有限公司", "QY_FR_NAME": "李培友", "QY_REGION": "110000", "QY_REGION_NAME": "北京市", "OLD_CODE": "554878392", "COLLECT_TIME": 1622263240000, "QY_SRC_TYPE": "0", "hub_crawl_status": 0}, {"RN": 25, "QY_ID": "002105291240536697", "QY_ORG_CODE": "9111010507165380XK", "QY_NAME": "北京海格润建筑装饰工程有限公司", "QY_FR_NAME": "徐泓臣", "QY_REGION": "110000", "QY_REGION_NAME": "北京市", "OLD_CODE": "07165380X", "COLLECT_TIME": 1622263243000, "QY_SRC_TYPE": "0", "hub_crawl_status": 0}, {"RN": 26, "QY_ID": "002105291240539805", "QY_ORG_CODE": "91110108717724620N", "QY_NAME": "北京道丰建设工程有限公司", "QY_FR_NAME": "蒲剑", "QY_REGION": "110000", "QY_REGION_NAME": "北京市", "OLD_CODE": "717724620", "COLLECT_TIME": 1622263245000, "QY_SRC_TYPE": "0", "hub_crawl_status": 0}, {"RN": 27, "QY_ID": "002105291240541421", "QY_ORG_CODE": "911101087002225799", "QY_NAME": "北京科海致能科技有限公司", "QY_FR_NAME": "夏清", "QY_REGION": "110000", "QY_REGION_NAME": "北京市", "OLD_CODE": "700222579", "COLLECT_TIME": 1622263246000, "QY_SRC_TYPE": "0", "hub_crawl_status": 0}, {"RN": 28, "QY_ID": "002105291240541899", "QY_ORG_CODE": "911101158028883982", "QY_NAME": "北京双盈达建设集团有限公司", "QY_FR_NAME": "胡传亮", "QY_REGION": "110000", "QY_REGION_NAME": "北京市", "OLD_CODE": "802888398", "COLLECT_TIME": 1622263246000, "QY_SRC_TYPE": "0", "hub_crawl_status": 0}, {"RN": 29, "QY_ID": "002105291240542401", "QY_ORG_CODE": "91110105553092347G", "QY_NAME": "山隐悦界（北京）空间设计有限公司", "QY_FR_NAME": "郭明", "QY_REGION": "110000", "QY_REGION_NAME": "北京市", "OLD_CODE": "553092347", "COLLECT_TIME": 1622263247000, "QY_SRC_TYPE": "0", "hub_crawl_status": 0}, {"RN": 30, "QY_ID": "002105291240542495", "QY_ORG_CODE": "91110102592314432L", "QY_NAME": "北京建工一建装饰工程有限公司", "QY_FR_NAME": "王刚", "QY_REGION": "110000", "QY_REGION_NAME": "北京市", "OLD_CODE": "592314432", "COLLECT_TIME": 1622263247000, "QY_SRC_TYPE": "0", "hub_crawl_status": 0}]