[{"RN": 241, "QY_ID": "002105291248685905", "QY_ORG_CODE": "91110111MA01K7W0XM", "QY_NAME": "北京天狼大地国际工程有限公司", "QY_FR_NAME": "阚俊松", "QY_REGION": "110000", "QY_REGION_NAME": "北京市", "OLD_CODE": "MA01K7W0X", "COLLECT_TIME": 1622263718000, "QY_SRC_TYPE": "0", "hub_crawl_status": 0}, {"RN": 242, "QY_ID": "002105291248686017", "QY_ORG_CODE": "91110112560363168M", "QY_NAME": "北京上一建筑设计咨询有限公司", "QY_FR_NAME": "乌兰察布", "QY_REGION": "110000", "QY_REGION_NAME": "北京市", "OLD_CODE": "560363168", "COLLECT_TIME": 1622263718000, "QY_SRC_TYPE": "0", "hub_crawl_status": 0}, {"RN": 243, "QY_ID": "002105291248686177", "QY_ORG_CODE": "91110113MA018DE14W", "QY_NAME": "安嘉（北京）建筑工程有限公司", "QY_FR_NAME": "于磊", "QY_REGION": "110000", "QY_REGION_NAME": "北京市", "OLD_CODE": "MA018DE14", "COLLECT_TIME": 1622263718000, "QY_SRC_TYPE": "0", "hub_crawl_status": 0}, {"RN": 244, "QY_ID": "002105291248686558", "QY_ORG_CODE": "91110000101640752H", "QY_NAME": "北京城建五建设集团有限公司", "QY_FR_NAME": "李舰舰", "QY_REGION": "110000", "QY_REGION_NAME": "北京市", "OLD_CODE": "101640752", "COLLECT_TIME": 1622263719000, "QY_SRC_TYPE": "0", "hub_crawl_status": 0}, {"RN": 245, "QY_ID": "002105291248686585", "QY_ORG_CODE": "91110105599611763L", "QY_NAME": "中融通建筑装饰工程（北京）有限公司", "QY_FR_NAME": "陈放", "QY_REGION": "110000", "QY_REGION_NAME": "北京市", "OLD_CODE": "599611763", "COLLECT_TIME": 1622263719000, "QY_SRC_TYPE": "0", "hub_crawl_status": 0}, {"RN": 246, "QY_ID": "002105291248686727", "QY_ORG_CODE": "91110114MA00724N4E", "QY_NAME": "优扬工程设计（北京）有限公司", "QY_FR_NAME": "杨帆", "QY_REGION": "110000", "QY_REGION_NAME": "北京市", "OLD_CODE": "MA00724N4", "COLLECT_TIME": 1622263719000, "QY_SRC_TYPE": "0", "hub_crawl_status": 0}, {"RN": 247, "QY_ID": "002105291248689990", "QY_ORG_CODE": "91110105556881843Q", "QY_NAME": "祥豪国际建设（北京）集团有限公司", "QY_FR_NAME": "张伟", "QY_REGION": "110000", "QY_REGION_NAME": "北京市", "OLD_CODE": "556881843", "COLLECT_TIME": 1622263722000, "QY_SRC_TYPE": "0", "hub_crawl_status": 0}, {"RN": 248, "QY_ID": "002105291248691439", "QY_ORG_CODE": "91110114MA01KADR8A", "QY_NAME": "北京腾象装饰工程有限公司", "QY_FR_NAME": "王东雷", "QY_REGION": "110000", "QY_REGION_NAME": "北京市", "OLD_CODE": "MA01KADR8", "COLLECT_TIME": 1622263726000, "QY_SRC_TYPE": "0", "hub_crawl_status": 0}, {"RN": 249, "QY_ID": "002105291248691445", "QY_ORG_CODE": "91110113565806669N", "QY_NAME": "北京颐颢兴业装饰设计有限公司", "QY_FR_NAME": "叶志勇", "QY_REGION": "110000", "QY_REGION_NAME": "北京市", "OLD_CODE": "565806669", "COLLECT_TIME": 1622263726000, "QY_SRC_TYPE": "0", "hub_crawl_status": 0}, {"RN": 250, "QY_ID": "002105291248691951", "QY_ORG_CODE": "91110304MA01FYXA4M", "QY_NAME": "实创桓艺建筑装饰工程（北京）有限公司", "QY_FR_NAME": "梁金钛", "QY_REGION": "110000", "QY_REGION_NAME": "北京市", "OLD_CODE": "MA01FYXA4", "COLLECT_TIME": 1622263727000, "QY_SRC_TYPE": "0", "hub_crawl_status": 0}, {"RN": 251, "QY_ID": "002105291248692099", "QY_ORG_CODE": "91110112798522587Q", "QY_NAME": "北京华晟安泰建筑装饰工程有限公司", "QY_FR_NAME": "郝长军", "QY_REGION": "110000", "QY_REGION_NAME": "北京市", "OLD_CODE": "798522587", "COLLECT_TIME": 1622263727000, "QY_SRC_TYPE": "0", "hub_crawl_status": 0}, {"RN": 252, "QY_ID": "002105291248692315", "QY_ORG_CODE": "911101056757153463", "QY_NAME": "北京东方迅腾建筑装饰工程有限公司", "QY_FR_NAME": "王海堂", "QY_REGION": "110000", "QY_REGION_NAME": "北京市", "OLD_CODE": "675715346", "COLLECT_TIME": 1622263728000, "QY_SRC_TYPE": "0", "hub_crawl_status": 0}, {"RN": 253, "QY_ID": "002105291248693603", "QY_ORG_CODE": "91110114MA018E1C44", "QY_NAME": "北京艺德文博科技有限公司", "QY_FR_NAME": "张元培", "QY_REGION": "110000", "QY_REGION_NAME": "北京市", "OLD_CODE": "MA018E1C4", "COLLECT_TIME": 1622263730000, "QY_SRC_TYPE": "0", "hub_crawl_status": 0}, {"RN": 254, "QY_ID": "002105291248694546", "QY_ORG_CODE": "911101057999578141", "QY_NAME": "北京驿泊空间环境艺术设计有限公司", "QY_FR_NAME": "吴琼", "QY_REGION": "110000", "QY_REGION_NAME": "北京市", "OLD_CODE": "799957814", "COLLECT_TIME": 1622263730000, "QY_SRC_TYPE": "0", "hub_crawl_status": 0}, {"RN": 255, "QY_ID": "002105291248695373", "QY_ORG_CODE": "911101050628246031", "QY_NAME": "北京瑞林建设有限公司", "QY_FR_NAME": "王林", "QY_REGION": "110000", "QY_REGION_NAME": "北京市", "OLD_CODE": "062824603", "COLLECT_TIME": 1622263731000, "QY_SRC_TYPE": "0", "hub_crawl_status": 0}]