[{"RN": 166, "QY_ID": "002105291248651310", "QY_ORG_CODE": "91110105768496752P", "QY_NAME": "北京青亚特邦建筑装饰工程有限公司", "QY_FR_NAME": "王红", "QY_REGION": "110000", "QY_REGION_NAME": "北京市", "OLD_CODE": "768496752", "COLLECT_TIME": 1622263684000, "QY_SRC_TYPE": "0", "hub_crawl_status": 0}, {"RN": 167, "QY_ID": "002105291248651323", "QY_ORG_CODE": "91110115091880938M", "QY_NAME": "北京国宇信和建设工程有限公司", "QY_FR_NAME": "苏志岗", "QY_REGION": "110000", "QY_REGION_NAME": "北京市", "OLD_CODE": "091880938", "COLLECT_TIME": 1622263684000, "QY_SRC_TYPE": "0", "hub_crawl_status": 0}, {"RN": 168, "QY_ID": "002105291248651330", "QY_ORG_CODE": "9111010555141041XQ", "QY_NAME": "北京正义清尚文化传媒有限公司", "QY_FR_NAME": "党小学", "QY_REGION": "110000", "QY_REGION_NAME": "北京市", "OLD_CODE": "55141041X", "COLLECT_TIME": 1622263684000, "QY_SRC_TYPE": "0", "hub_crawl_status": 0}, {"RN": 169, "QY_ID": "002105291248651342", "QY_ORG_CODE": "91110102756720905K", "QY_NAME": "北京鸣仁装饰工程有限责任公司", "QY_FR_NAME": "李树民", "QY_REGION": "110000", "QY_REGION_NAME": "北京市", "OLD_CODE": "756720905", "COLLECT_TIME": 1622263684000, "QY_SRC_TYPE": "0", "hub_crawl_status": 0}, {"RN": 170, "QY_ID": "002105291248651534", "QY_ORG_CODE": "911101086857992807", "QY_NAME": "北京以诺视景空间设计有限公司", "QY_FR_NAME": "刘云川", "QY_REGION": "110000", "QY_REGION_NAME": "北京市", "OLD_CODE": "685799280", "COLLECT_TIME": 1622263685000, "QY_SRC_TYPE": "0", "hub_crawl_status": 0}, {"RN": 171, "QY_ID": "002105291248651767", "QY_ORG_CODE": "911101061021906261", "QY_NAME": "北京和平幕墙工程有限公司", "QY_FR_NAME": "王有青", "QY_REGION": "110000", "QY_REGION_NAME": "北京市", "OLD_CODE": "102190626", "COLLECT_TIME": 1622263685000, "QY_SRC_TYPE": "0", "hub_crawl_status": 0}, {"RN": 172, "QY_ID": "002105291248652769", "QY_ORG_CODE": "911103025712126130", "QY_NAME": "天强诺信（北京）展览展示有限责任公司", "QY_FR_NAME": "程天强", "QY_REGION": "110000", "QY_REGION_NAME": "北京市", "OLD_CODE": "571212613", "COLLECT_TIME": 1622263685000, "QY_SRC_TYPE": "0", "hub_crawl_status": 0}, {"RN": 173, "QY_ID": "002105291248653520", "QY_ORG_CODE": "91110113MA01BN6W07", "QY_NAME": "北京城建北方众邦装饰工程有限公司", "QY_FR_NAME": "高强", "QY_REGION": "110000", "QY_REGION_NAME": "北京市", "OLD_CODE": "MA01BN6W0", "COLLECT_TIME": 1622263686000, "QY_SRC_TYPE": "0", "hub_crawl_status": 0}, {"RN": 174, "QY_ID": "002105291248654575", "QY_ORG_CODE": "91110105071743856C", "QY_NAME": "北京亚太伟业科技有限公司", "QY_FR_NAME": "张原", "QY_REGION": "110000", "QY_REGION_NAME": "北京市", "OLD_CODE": "071743856", "COLLECT_TIME": 1622263687000, "QY_SRC_TYPE": "0", "hub_crawl_status": 0}, {"RN": 175, "QY_ID": "002105291248654708", "QY_ORG_CODE": "911101026782474290", "QY_NAME": "北京泰和通金典建筑装饰工程有限公司", "QY_FR_NAME": "马滨", "QY_REGION": "110000", "QY_REGION_NAME": "北京市", "OLD_CODE": "678247429", "COLLECT_TIME": 1622263687000, "QY_SRC_TYPE": "0", "hub_crawl_status": 0}, {"RN": 176, "QY_ID": "002105291248655295", "QY_ORG_CODE": "91110112593821209G", "QY_NAME": "润泽瑞装饰工程（北京）有限公司", "QY_FR_NAME": "刘辉", "QY_REGION": "110000", "QY_REGION_NAME": "北京市", "OLD_CODE": "593821209", "COLLECT_TIME": 1622263688000, "QY_SRC_TYPE": "0", "hub_crawl_status": 0}, {"RN": 177, "QY_ID": "002105291248655367", "QY_ORG_CODE": "91110106551374922R", "QY_NAME": "北京诺亚方舟装饰工程有限公司", "QY_FR_NAME": "王月", "QY_REGION": "110000", "QY_REGION_NAME": "北京市", "OLD_CODE": "551374922", "COLLECT_TIME": 1622263688000, "QY_SRC_TYPE": "0", "hub_crawl_status": 0}, {"RN": 178, "QY_ID": "002105291248655376", "QY_ORG_CODE": "91110106085500097M", "QY_NAME": "北京南义装饰工程有限公司", "QY_FR_NAME": "李应鹏", "QY_REGION": "110000", "QY_REGION_NAME": "北京市", "OLD_CODE": "085500097", "COLLECT_TIME": 1622263688000, "QY_SRC_TYPE": "0", "hub_crawl_status": 0}, {"RN": 179, "QY_ID": "002105291248655498", "QY_ORG_CODE": "911101087488343399", "QY_NAME": "北京育灵童科技发展有限公司", "QY_FR_NAME": "李家宝", "QY_REGION": "110000", "QY_REGION_NAME": "北京市", "OLD_CODE": "748834339", "COLLECT_TIME": 1622263688000, "QY_SRC_TYPE": "0", "hub_crawl_status": 0}, {"RN": 180, "QY_ID": "002105291248655499", "QY_ORG_CODE": "91110105589095646F", "QY_NAME": "北京格兰易得建筑装饰工程有限公司", "QY_FR_NAME": "郑建会", "QY_REGION": "110000", "QY_REGION_NAME": "北京市", "OLD_CODE": "589095646", "COLLECT_TIME": 1622263688000, "QY_SRC_TYPE": "0", "hub_crawl_status": 0}]