[{"RN": 376, "QY_ID": "002105291328057879", "QY_ORG_CODE": "91110108317952464C", "QY_NAME": "北京清尚陈设艺术有限公司", "QY_FR_NAME": "吴晞", "QY_REGION": "110000", "QY_REGION_NAME": "北京市", "OLD_CODE": "317952464", "COLLECT_TIME": 1622266121000, "QY_SRC_TYPE": "0", "hub_crawl_status": 0}, {"RN": 377, "QY_ID": "002105291328064872", "QY_ORG_CODE": "91110113MA01FRNK3N", "QY_NAME": "北京晟泰建设工程有限公司", "QY_FR_NAME": "许晨", "QY_REGION": "110000", "QY_REGION_NAME": "北京市", "OLD_CODE": "MA01FRNK3", "COLLECT_TIME": 1622266129000, "QY_SRC_TYPE": "0", "hub_crawl_status": 0}, {"RN": 378, "QY_ID": "002105291329078989", "QY_ORG_CODE": "91110228565762125M", "QY_NAME": "北京艺盛元装饰设计有限公司", "QY_FR_NAME": "丰玉", "QY_REGION": "110000", "QY_REGION_NAME": "北京市", "OLD_CODE": "565762125", "COLLECT_TIME": 1622266146000, "QY_SRC_TYPE": "0", "hub_crawl_status": 0}, {"RN": 379, "QY_ID": "002105291335088896", "QY_ORG_CODE": "911103026900259687", "QY_NAME": "北京嘉沐空间设计有限公司", "QY_FR_NAME": "武欣", "QY_REGION": "110000", "QY_REGION_NAME": "北京市", "OLD_CODE": "690025968", "COLLECT_TIME": 1622266557000, "QY_SRC_TYPE": "0", "hub_crawl_status": 0}, {"RN": 380, "QY_ID": "002105291335089069", "QY_ORG_CODE": "91110114MA01U2H21P", "QY_NAME": "北京纳沃悦创装饰设计工程有限公司", "QY_FR_NAME": "岳晓瑞", "QY_REGION": "110000", "QY_REGION_NAME": "北京市", "OLD_CODE": "MA01U2H21", "COLLECT_TIME": 1622266558000, "QY_SRC_TYPE": "0", "hub_crawl_status": 0}, {"RN": 381, "QY_ID": "002105291336098387", "QY_ORG_CODE": "91110109726335379M", "QY_NAME": "北京中联天盛建筑工程有限公司", "QY_FR_NAME": "张业庆", "QY_REGION": "110000", "QY_REGION_NAME": "北京市", "OLD_CODE": "726335379", "COLLECT_TIME": 1622266570000, "QY_SRC_TYPE": "0", "hub_crawl_status": 0}, {"RN": 382, "QY_ID": "002106221904118451", "QY_ORG_CODE": "91110109MA00CHHA97", "QY_NAME": "北京蜂潮建筑装饰工程有限公司", "QY_FR_NAME": "安然", "QY_REGION": "110000", "QY_REGION_NAME": "北京市", "OLD_CODE": "MA00CHHA9", "COLLECT_TIME": 1624359853000, "QY_SRC_TYPE": "0", "hub_crawl_status": 0}, {"RN": 383, "QY_ID": "002107011915128863", "QY_ORG_CODE": "91110105327168147P", "QY_NAME": "北京凡彩数字科技有限公司", "QY_FR_NAME": "谭鹏", "QY_REGION": "110000", "QY_REGION_NAME": "北京市", "OLD_CODE": "327168147", "COLLECT_TIME": 1625138108000, "QY_SRC_TYPE": "0", "hub_crawl_status": 0}, {"RN": 384, "QY_ID": "002107271918156103", "QY_ORG_CODE": "91110114MA01N9G348", "QY_NAME": "北京荣宏伟泰建设工程有限公司", "QY_FR_NAME": "闫蒙蒙", "QY_REGION": "110000", "QY_REGION_NAME": "北京市", "OLD_CODE": "MA01N9G34", "COLLECT_TIME": 1627384723000, "QY_SRC_TYPE": "0", "hub_crawl_status": 0}, {"RN": 385, "QY_ID": "002108041907161854", "QY_ORG_CODE": "91110116096279893X", "QY_NAME": "北京侨信装饰工程设计院有限公司", "QY_FR_NAME": "韩居峰", "QY_REGION": "110000", "QY_REGION_NAME": "北京市", "OLD_CODE": "096279893", "COLLECT_TIME": 1628075229000, "QY_SRC_TYPE": "0", "hub_crawl_status": 0}, {"RN": 386, "QY_ID": "002108132011167320", "QY_ORG_CODE": "91110105097779486L", "QY_NAME": "中船蓝海星（北京）文化发展有限责任公司", "QY_FR_NAME": "肖泽", "QY_REGION": "110000", "QY_REGION_NAME": "北京市", "OLD_CODE": "097779486", "COLLECT_TIME": 1628856702000, "QY_SRC_TYPE": "0", "hub_crawl_status": 0}, {"RN": 387, "QY_ID": "002110261909205805", "QY_ORG_CODE": "91110101558500768A", "QY_NAME": "北京万景百年室内设计有限公司", "QY_FR_NAME": "王浩", "QY_REGION": "110000", "QY_REGION_NAME": "北京市", "OLD_CODE": "558500768", "COLLECT_TIME": 1635246581000, "QY_SRC_TYPE": "0", "hub_crawl_status": 0}, {"RN": 388, "QY_ID": "002110261909205806", "QY_ORG_CODE": "91110105059202862B", "QY_NAME": "北京引擎联合室内设计有限公司", "QY_FR_NAME": "王引", "QY_REGION": "110000", "QY_REGION_NAME": "北京市", "OLD_CODE": "059202862", "COLLECT_TIME": 1635246581000, "QY_SRC_TYPE": "0", "hub_crawl_status": 0}, {"RN": 389, "QY_ID": "002110261909205810", "QY_ORG_CODE": "91110117MA0213B53T", "QY_NAME": "北京欣饰装饰工程有限公司", "QY_FR_NAME": "于丹丹", "QY_REGION": "110000", "QY_REGION_NAME": "北京市", "OLD_CODE": "MA0213B53", "COLLECT_TIME": 1635246581000, "QY_SRC_TYPE": "0", "hub_crawl_status": 0}, {"RN": 390, "QY_ID": "002110261909205811", "QY_ORG_CODE": "91110117MA04EGBT8P", "QY_NAME": "锦绣江山（北京）建设工程有限公司", "QY_FR_NAME": "田道明", "QY_REGION": "110000", "QY_REGION_NAME": "北京市", "OLD_CODE": "MA04EGBT8", "COLLECT_TIME": 1635246581000, "QY_SRC_TYPE": "0", "hub_crawl_status": 0}]