[{"RN": 106, "QY_ID": "002105291241625670", "QY_ORG_CODE": "91110105625912405N", "QY_NAME": "中寰艺高建筑装饰工程有限公司", "QY_FR_NAME": "高尚", "QY_REGION": "110000", "QY_REGION_NAME": "北京市", "OLD_CODE": "625912405", "COLLECT_TIME": 1622263314000, "QY_SRC_TYPE": "0", "hub_crawl_status": 0}, {"RN": 107, "QY_ID": "002105291241625681", "QY_ORG_CODE": "911101057899950836", "QY_NAME": "北京泰瑞思装饰工程有限公司", "QY_FR_NAME": "刘永", "QY_REGION": "110000", "QY_REGION_NAME": "北京市", "OLD_CODE": "789995083", "COLLECT_TIME": 1622263314000, "QY_SRC_TYPE": "0", "hub_crawl_status": 0}, {"RN": 108, "QY_ID": "002105291241626126", "QY_ORG_CODE": "91110106676630280C", "QY_NAME": "北京美筑装饰工程有限公司", "QY_FR_NAME": "管习祥", "QY_REGION": "110000", "QY_REGION_NAME": "北京市", "OLD_CODE": "676630280", "COLLECT_TIME": 1622263315000, "QY_SRC_TYPE": "0", "hub_crawl_status": 0}, {"RN": 109, "QY_ID": "002105291241626363", "QY_ORG_CODE": "91110105663145876U", "QY_NAME": "北京环球焦点装饰工程有限公司", "QY_FR_NAME": "吴庆华", "QY_REGION": "110000", "QY_REGION_NAME": "北京市", "OLD_CODE": "663145876", "COLLECT_TIME": 1622263315000, "QY_SRC_TYPE": "0", "hub_crawl_status": 0}, {"RN": 110, "QY_ID": "002105291241626540", "QY_ORG_CODE": "91110115696350120D", "QY_NAME": "北京阔林达建筑装饰工程有限公司", "QY_FR_NAME": "李晓琳", "QY_REGION": "110000", "QY_REGION_NAME": "北京市", "OLD_CODE": "696350120", "COLLECT_TIME": 1622263316000, "QY_SRC_TYPE": "0", "hub_crawl_status": 0}, {"RN": 111, "QY_ID": "002105291241626593", "QY_ORG_CODE": "91110116788975152X", "QY_NAME": "鸿睿嘉讯（北京）建筑装饰工程有限公司", "QY_FR_NAME": "何雪丽", "QY_REGION": "110000", "QY_REGION_NAME": "北京市", "OLD_CODE": "788975152", "COLLECT_TIME": 1622263316000, "QY_SRC_TYPE": "0", "hub_crawl_status": 0}, {"RN": 112, "QY_ID": "002105291241626596", "QY_ORG_CODE": "91110101801495381K", "QY_NAME": "北京鑫正方建筑装饰工程有限公司", "QY_FR_NAME": "刘浩宇", "QY_REGION": "110000", "QY_REGION_NAME": "北京市", "OLD_CODE": "801495381", "COLLECT_TIME": 1622263316000, "QY_SRC_TYPE": "0", "hub_crawl_status": 0}, {"RN": 113, "QY_ID": "002105291241628007", "QY_ORG_CODE": "91110115684368956K", "QY_NAME": "北京中金华圣建设工程有限公司", "QY_FR_NAME": "马宁", "QY_REGION": "110000", "QY_REGION_NAME": "北京市", "OLD_CODE": "684368956", "COLLECT_TIME": 1622263317000, "QY_SRC_TYPE": "0", "hub_crawl_status": 0}, {"RN": 114, "QY_ID": "002105291241628771", "QY_ORG_CODE": "91110105053611681L", "QY_NAME": "北京和诺建筑装饰工程有限公司", "QY_FR_NAME": "李晓娜", "QY_REGION": "110000", "QY_REGION_NAME": "北京市", "OLD_CODE": "053611681", "COLLECT_TIME": 1622263318000, "QY_SRC_TYPE": "0", "hub_crawl_status": 0}, {"RN": 115, "QY_ID": "002105291241629757", "QY_ORG_CODE": "91110105634360796Q", "QY_NAME": "北京虎符环境艺术有限公司", "QY_FR_NAME": "王启云", "QY_REGION": "110000", "QY_REGION_NAME": "北京市", "OLD_CODE": "634360796", "COLLECT_TIME": 1622263319000, "QY_SRC_TYPE": "0", "hub_crawl_status": 0}, {"RN": 116, "QY_ID": "002105291241629758", "QY_ORG_CODE": "91110105082868224F", "QY_NAME": "易阳装饰（北京）有限公司", "QY_FR_NAME": "崔之洋", "QY_REGION": "110000", "QY_REGION_NAME": "北京市", "OLD_CODE": "082868224", "COLLECT_TIME": 1622263319000, "QY_SRC_TYPE": "0", "hub_crawl_status": 0}, {"RN": 117, "QY_ID": "002105291241630134", "QY_ORG_CODE": "911101075603654893", "QY_NAME": "北京中远鹏昊装饰工程有限公司", "QY_FR_NAME": "岳荣彦", "QY_REGION": "110000", "QY_REGION_NAME": "北京市", "OLD_CODE": "560365489", "COLLECT_TIME": 1622263319000, "QY_SRC_TYPE": "0", "hub_crawl_status": 0}, {"RN": 118, "QY_ID": "002105291241630318", "QY_ORG_CODE": "91110105573172686R", "QY_NAME": "北京天鸿经典装饰工程设计有限公司", "QY_FR_NAME": "杨朋华", "QY_REGION": "110000", "QY_REGION_NAME": "北京市", "OLD_CODE": "573172686", "COLLECT_TIME": 1622263319000, "QY_SRC_TYPE": "0", "hub_crawl_status": 0}, {"RN": 119, "QY_ID": "002105291241630319", "QY_ORG_CODE": "9111010670010568XL", "QY_NAME": "北京瑞祥佳艺建筑装饰工程有限公司", "QY_FR_NAME": "王桂琴", "QY_REGION": "110000", "QY_REGION_NAME": "北京市", "OLD_CODE": "70010568X", "COLLECT_TIME": 1622263319000, "QY_SRC_TYPE": "0", "hub_crawl_status": 0}, {"RN": 120, "QY_ID": "002105291241630321", "QY_ORG_CODE": "91110105679645103P", "QY_NAME": "惠诺德（北京）科技有限公司", "QY_FR_NAME": "刘长久", "QY_REGION": "110000", "QY_REGION_NAME": "北京市", "OLD_CODE": "679645103", "COLLECT_TIME": 1622263319000, "QY_SRC_TYPE": "0", "hub_crawl_status": 0}]