[{"RN": 271, "QY_ID": "002105291254720232", "QY_ORG_CODE": "91110116590639428E", "QY_NAME": "北京雅地东华建筑工程有限公司", "QY_FR_NAME": "娄新华", "QY_REGION": "110000", "QY_REGION_NAME": "北京市", "OLD_CODE": "590639428", "COLLECT_TIME": 1622264049000, "QY_SRC_TYPE": "0", "hub_crawl_status": 0}, {"RN": 272, "QY_ID": "002105291254720304", "QY_ORG_CODE": "91110112082832408N", "QY_NAME": "北京轩源建设工程有限责任公司", "QY_FR_NAME": "庄鸿源", "QY_REGION": "110000", "QY_REGION_NAME": "北京市", "OLD_CODE": "082832408", "COLLECT_TIME": 1622264049000, "QY_SRC_TYPE": "0", "hub_crawl_status": 0}, {"RN": 273, "QY_ID": "002105291254720927", "QY_ORG_CODE": "9111010563365838XU", "QY_NAME": "东道品牌创意集团有限公司", "QY_FR_NAME": "解建军", "QY_REGION": "110000", "QY_REGION_NAME": "北京市", "OLD_CODE": "63365838X", "COLLECT_TIME": 1622264049000, "QY_SRC_TYPE": "0", "hub_crawl_status": 0}, {"RN": 274, "QY_ID": "002105291254721129", "QY_ORG_CODE": "91110105723958570D", "QY_NAME": "北京圣点世纪建设工程有限公司", "QY_FR_NAME": "李慕清", "QY_REGION": "110000", "QY_REGION_NAME": "北京市", "OLD_CODE": "723958570", "COLLECT_TIME": 1622264049000, "QY_SRC_TYPE": "0", "hub_crawl_status": 0}, {"RN": 275, "QY_ID": "002105291254722041", "QY_ORG_CODE": "91110114MA00BBYA5Q", "QY_NAME": "北京诗礼乐文化发展有限公司", "QY_FR_NAME": "胡燕飞", "QY_REGION": "110000", "QY_REGION_NAME": "北京市", "OLD_CODE": "MA00BBYA5", "COLLECT_TIME": 1622264050000, "QY_SRC_TYPE": "0", "hub_crawl_status": 0}, {"RN": 276, "QY_ID": "002105291254729531", "QY_ORG_CODE": "911102280967645818", "QY_NAME": "北京云开建筑装饰工程有限公司", "QY_FR_NAME": "韩建生", "QY_REGION": "110000", "QY_REGION_NAME": "北京市", "OLD_CODE": "096764581", "COLLECT_TIME": 1622264060000, "QY_SRC_TYPE": "0", "hub_crawl_status": 0}, {"RN": 277, "QY_ID": "002105291254730729", "QY_ORG_CODE": "91110108335447664Y", "QY_NAME": "北京清大科艺文化创意有限公司", "QY_FR_NAME": "朱瑀", "QY_REGION": "110000", "QY_REGION_NAME": "北京市", "OLD_CODE": "335447664", "COLLECT_TIME": 1622264061000, "QY_SRC_TYPE": "0", "hub_crawl_status": 0}, {"RN": 278, "QY_ID": "002105291254734170", "QY_ORG_CODE": "9111011556210408XE", "QY_NAME": "北京京禹达建筑装饰集团有限公司", "QY_FR_NAME": "夏红伟", "QY_REGION": "110000", "QY_REGION_NAME": "北京市", "OLD_CODE": "56210408X", "COLLECT_TIME": 1622264065000, "QY_SRC_TYPE": "0", "hub_crawl_status": 0}, {"RN": 279, "QY_ID": "002105291254734751", "QY_ORG_CODE": "9111011679161653XX", "QY_NAME": "北京大道致和文化有限公司", "QY_FR_NAME": "徐凌雁", "QY_REGION": "110000", "QY_REGION_NAME": "北京市", "OLD_CODE": "79161653X", "COLLECT_TIME": 1622264065000, "QY_SRC_TYPE": "0", "hub_crawl_status": 0}, {"RN": 280, "QY_ID": "002105291254735277", "QY_ORG_CODE": "91110114339736033X", "QY_NAME": "北京甲午装饰工程有限公司", "QY_FR_NAME": "关磊", "QY_REGION": "110000", "QY_REGION_NAME": "北京市", "OLD_CODE": "339736033", "COLLECT_TIME": 1622264066000, "QY_SRC_TYPE": "0", "hub_crawl_status": 0}, {"RN": 281, "QY_ID": "002105291254735300", "QY_ORG_CODE": "911101087334896917", "QY_NAME": "北京易豪伟业弱电系统工程技术有限公司", "QY_FR_NAME": "程芳", "QY_REGION": "110000", "QY_REGION_NAME": "北京市", "OLD_CODE": "733489691", "COLLECT_TIME": 1622264066000, "QY_SRC_TYPE": "0", "hub_crawl_status": 0}, {"RN": 282, "QY_ID": "002105291254736383", "QY_ORG_CODE": "911101086738468449", "QY_NAME": "北京绿蚂蚁装饰工程有限公司", "QY_FR_NAME": "陈全", "QY_REGION": "110000", "QY_REGION_NAME": "北京市", "OLD_CODE": "673846844", "COLLECT_TIME": 1622264067000, "QY_SRC_TYPE": "0", "hub_crawl_status": 0}, {"RN": 283, "QY_ID": "002105291254736534", "QY_ORG_CODE": "91110109MA01P7XH2C", "QY_NAME": "北京益源泰信建筑工程有限公司", "QY_FR_NAME": "张永海", "QY_REGION": "110000", "QY_REGION_NAME": "北京市", "OLD_CODE": "MA01P7XH2", "COLLECT_TIME": 1622264067000, "QY_SRC_TYPE": "0", "hub_crawl_status": 0}, {"RN": 284, "QY_ID": "002105291254737829", "QY_ORG_CODE": "91110105092422509B", "QY_NAME": "北京亮视线展览展示有限公司", "QY_FR_NAME": "李兆平", "QY_REGION": "110000", "QY_REGION_NAME": "北京市", "OLD_CODE": "092422509", "COLLECT_TIME": 1622264068000, "QY_SRC_TYPE": "0", "hub_crawl_status": 0}, {"RN": 285, "QY_ID": "002105291254737990", "QY_ORG_CODE": "91110106102227134E", "QY_NAME": "正邦创意（北京）品牌科技股份有限公司", "QY_FR_NAME": "陈丹", "QY_REGION": "110000", "QY_REGION_NAME": "北京市", "OLD_CODE": "102227134", "COLLECT_TIME": 1622264068000, "QY_SRC_TYPE": "0", "hub_crawl_status": 0}]