[{"RN": 316, "QY_ID": "002105291258795922", "QY_ORG_CODE": "91110112306393898R", "QY_NAME": "北京简美空间装饰设计有限公司", "QY_FR_NAME": "陈浩", "QY_REGION": "110000", "QY_REGION_NAME": "北京市", "OLD_CODE": "306393898", "COLLECT_TIME": 1622264322000, "QY_SRC_TYPE": "0", "hub_crawl_status": 0}, {"RN": 317, "QY_ID": "002105291258795923", "QY_ORG_CODE": "91110105788998880R", "QY_NAME": "北京博晟装饰设计工程有限公司", "QY_FR_NAME": "吴旭东", "QY_REGION": "110000", "QY_REGION_NAME": "北京市", "OLD_CODE": "788998880", "COLLECT_TIME": 1622264322000, "QY_SRC_TYPE": "0", "hub_crawl_status": 0}, {"RN": 318, "QY_ID": "002105291258802663", "QY_ORG_CODE": "91110109MA01N77FX9", "QY_NAME": "纳什柯布（北京）建筑装饰设计有限公司", "QY_FR_NAME": "张剑", "QY_REGION": "110000", "QY_REGION_NAME": "北京市", "OLD_CODE": "MA01N77FX", "COLLECT_TIME": 1622264329000, "QY_SRC_TYPE": "0", "hub_crawl_status": 0}, {"RN": 319, "QY_ID": "002105291258802729", "QY_ORG_CODE": "91110108589090677W", "QY_NAME": "北京众得滋建筑集团有限公司", "QY_FR_NAME": "彭海涛", "QY_REGION": "110000", "QY_REGION_NAME": "北京市", "OLD_CODE": "589090677", "COLLECT_TIME": 1622264329000, "QY_SRC_TYPE": "0", "hub_crawl_status": 0}, {"RN": 320, "QY_ID": "002105291258808489", "QY_ORG_CODE": "91110108692304522K", "QY_NAME": "北京联东装饰有限公司", "QY_FR_NAME": "罗玉龙", "QY_REGION": "110000", "QY_REGION_NAME": "北京市", "OLD_CODE": "692304522", "COLLECT_TIME": 1622264336000, "QY_SRC_TYPE": "0", "hub_crawl_status": 0}, {"RN": 321, "QY_ID": "002105291258809817", "QY_ORG_CODE": "91110116MA01BGQA9N", "QY_NAME": "北京乐孚建筑设计有限公司", "QY_FR_NAME": "朱文俊", "QY_REGION": "110000", "QY_REGION_NAME": "北京市", "OLD_CODE": "MA01BGQA9", "COLLECT_TIME": 1622264338000, "QY_SRC_TYPE": "0", "hub_crawl_status": 0}, {"RN": 322, "QY_ID": "002105291259818066", "QY_ORG_CODE": "91110108102068305P", "QY_NAME": "北京国标建筑科技有限责任公司", "QY_FR_NAME": "张林振", "QY_REGION": "110000", "QY_REGION_NAME": "北京市", "OLD_CODE": "102068305", "COLLECT_TIME": 1622264349000, "QY_SRC_TYPE": "0", "hub_crawl_status": 0}, {"RN": 323, "QY_ID": "002105291259824348", "QY_ORG_CODE": "9111010577196369XG", "QY_NAME": "北京中雅达国际装饰有限公司", "QY_FR_NAME": "梁宝忠", "QY_REGION": "110000", "QY_REGION_NAME": "北京市", "OLD_CODE": "77196369X", "COLLECT_TIME": 1622264356000, "QY_SRC_TYPE": "0", "hub_crawl_status": 0}, {"RN": 324, "QY_ID": "002105291259830551", "QY_ORG_CODE": "91110109MA009QCB3L", "QY_NAME": "迪岚建筑装饰工程有限公司", "QY_FR_NAME": "杨俊", "QY_REGION": "110000", "QY_REGION_NAME": "北京市", "OLD_CODE": "MA009QCB3", "COLLECT_TIME": 1622264364000, "QY_SRC_TYPE": "0", "hub_crawl_status": 0}, {"RN": 325, "QY_ID": "002105291259831512", "QY_ORG_CODE": "91110111MA01B65H55", "QY_NAME": "北京清尚工坊文化传媒有限公司", "QY_FR_NAME": "卓开贤", "QY_REGION": "110000", "QY_REGION_NAME": "北京市", "OLD_CODE": "MA01B65H5", "COLLECT_TIME": 1622264365000, "QY_SRC_TYPE": "0", "hub_crawl_status": 0}, {"RN": 326, "QY_ID": "002105291259835673", "QY_ORG_CODE": "91110102718748421A", "QY_NAME": "北京方德建筑装饰设计工程有限公司", "QY_FR_NAME": "丁乐英", "QY_REGION": "110000", "QY_REGION_NAME": "北京市", "OLD_CODE": "718748421", "COLLECT_TIME": 1622264370000, "QY_SRC_TYPE": "0", "hub_crawl_status": 0}, {"RN": 327, "QY_ID": "002105291259835679", "QY_ORG_CODE": "911101145825957607", "QY_NAME": "北京水木清美装饰工程有限公司", "QY_FR_NAME": "李秀梅", "QY_REGION": "110000", "QY_REGION_NAME": "北京市", "OLD_CODE": "582595760", "COLLECT_TIME": 1622264370000, "QY_SRC_TYPE": "0", "hub_crawl_status": 0}, {"RN": 328, "QY_ID": "002105291259837473", "QY_ORG_CODE": "91110115MA009UJ099", "QY_NAME": "北京鸿科国际工程有限公司", "QY_FR_NAME": "李鹏", "QY_REGION": "110000", "QY_REGION_NAME": "北京市", "OLD_CODE": "MA009UJ09", "COLLECT_TIME": 1622264373000, "QY_SRC_TYPE": "0", "hub_crawl_status": 0}, {"RN": 329, "QY_ID": "002105291259840878", "QY_ORG_CODE": "911101057655434880", "QY_NAME": "北京东方舞台科技有限公司", "QY_FR_NAME": "韩莹", "QY_REGION": "110000", "QY_REGION_NAME": "北京市", "OLD_CODE": "765543488", "COLLECT_TIME": 1622264376000, "QY_SRC_TYPE": "0", "hub_crawl_status": 0}, {"RN": 330, "QY_ID": "002105291305843806", "QY_ORG_CODE": "91110109678764223X", "QY_NAME": "北京世纪泰华建设有限公司", "QY_FR_NAME": "王国辉", "QY_REGION": "110000", "QY_REGION_NAME": "北京市", "OLD_CODE": "678764223", "COLLECT_TIME": 1622264718000, "QY_SRC_TYPE": "0", "hub_crawl_status": 0}]