[{"RN": 361, "QY_ID": "002105291322988104", "QY_ORG_CODE": "91110109MA01T71010", "QY_NAME": "北京吉恩建筑设计有限公司", "QY_FR_NAME": "周秀娟", "QY_REGION": "110000", "QY_REGION_NAME": "北京市", "OLD_CODE": "MA01T7101", "COLLECT_TIME": 1622265741000, "QY_SRC_TYPE": "0", "hub_crawl_status": 0}, {"RN": 362, "QY_ID": "002105291322996384", "QY_ORG_CODE": "91110113MA01PP2D18", "QY_NAME": "北京华创信建筑工程有限公司", "QY_FR_NAME": "王振鲁", "QY_REGION": "110000", "QY_REGION_NAME": "北京市", "OLD_CODE": "MA01PP2D1", "COLLECT_TIME": 1622265751000, "QY_SRC_TYPE": "0", "hub_crawl_status": 0}, {"RN": 363, "QY_ID": "002105291322999802", "QY_ORG_CODE": "911100001023686661", "QY_NAME": "北京兴百建设安装集团有限公司", "QY_FR_NAME": "耿新", "QY_REGION": "110000", "QY_REGION_NAME": "北京市", "OLD_CODE": "102368666", "COLLECT_TIME": 1622265755000, "QY_SRC_TYPE": "0", "hub_crawl_status": 0}, {"RN": 364, "QY_ID": "002105291323016402", "QY_ORG_CODE": "911101050766040890", "QY_NAME": "北京合美智泉旅游规划设计院有限公司", "QY_FR_NAME": "宫磊", "QY_REGION": "110000", "QY_REGION_NAME": "北京市", "OLD_CODE": "076604089", "COLLECT_TIME": 1622265781000, "QY_SRC_TYPE": "0", "hub_crawl_status": 0}, {"RN": 365, "QY_ID": "002105291323020379", "QY_ORG_CODE": "911101055890721963", "QY_NAME": "北京华泰源建筑装饰工程有限公司", "QY_FR_NAME": "顾春建", "QY_REGION": "110000", "QY_REGION_NAME": "北京市", "OLD_CODE": "589072196", "COLLECT_TIME": 1622265786000, "QY_SRC_TYPE": "0", "hub_crawl_status": 0}, {"RN": 366, "QY_ID": "002105291328028117", "QY_ORG_CODE": "911101140717332602", "QY_NAME": "北京吉顺达建筑装饰工程有限公司", "QY_FR_NAME": "徐文建", "QY_REGION": "110000", "QY_REGION_NAME": "北京市", "OLD_CODE": "071733260", "COLLECT_TIME": 1622266087000, "QY_SRC_TYPE": "0", "hub_crawl_status": 0}, {"RN": 367, "QY_ID": "002105291328033321", "QY_ORG_CODE": "91110109MA01YW860H", "QY_NAME": "北京亮展装饰设计有限公司", "QY_FR_NAME": "吴洁美", "QY_REGION": "110000", "QY_REGION_NAME": "北京市", "OLD_CODE": "MA01YW860", "COLLECT_TIME": 1622266093000, "QY_SRC_TYPE": "0", "hub_crawl_status": 0}, {"RN": 368, "QY_ID": "002105291328038164", "QY_ORG_CODE": "9111010159098706X5", "QY_NAME": "北京朋利工程设计有限公司", "QY_FR_NAME": "陈长更", "QY_REGION": "110000", "QY_REGION_NAME": "北京市", "OLD_CODE": "59098706X", "COLLECT_TIME": 1622266098000, "QY_SRC_TYPE": "0", "hub_crawl_status": 0}, {"RN": 369, "QY_ID": "002105291328039903", "QY_ORG_CODE": "91110105MA01NCJW9H", "QY_NAME": "北京千墨工程设计有限公司", "QY_FR_NAME": "王军林", "QY_REGION": "110000", "QY_REGION_NAME": "北京市", "OLD_CODE": "MA01NCJW9", "COLLECT_TIME": 1622266100000, "QY_SRC_TYPE": "0", "hub_crawl_status": 0}, {"RN": 370, "QY_ID": "002105291328043700", "QY_ORG_CODE": "91110115666284185E", "QY_NAME": "北京博绿信远设施管理有限公司", "QY_FR_NAME": "范雪松", "QY_REGION": "110000", "QY_REGION_NAME": "北京市", "OLD_CODE": "666284185", "COLLECT_TIME": 1622266103000, "QY_SRC_TYPE": "0", "hub_crawl_status": 0}, {"RN": 371, "QY_ID": "002105291328044305", "QY_ORG_CODE": "91110112MA005JRF09", "QY_NAME": "北京创建社建筑装饰工程有限公司", "QY_FR_NAME": "程世江", "QY_REGION": "110000", "QY_REGION_NAME": "北京市", "OLD_CODE": "MA005JRF0", "COLLECT_TIME": 1622266105000, "QY_SRC_TYPE": "0", "hub_crawl_status": 0}, {"RN": 372, "QY_ID": "002105291328051867", "QY_ORG_CODE": "911101057754758021", "QY_NAME": "北京天润子真建筑工程有限责任公司", "QY_FR_NAME": "苗幸如", "QY_REGION": "110000", "QY_REGION_NAME": "北京市", "OLD_CODE": "775475802", "COLLECT_TIME": 1622266113000, "QY_SRC_TYPE": "0", "hub_crawl_status": 0}, {"RN": 373, "QY_ID": "002105291328051959", "QY_ORG_CODE": "91110109MA01A6AG3N", "QY_NAME": "国文创（北京）文化科技有限公司", "QY_FR_NAME": "方坚", "QY_REGION": "110000", "QY_REGION_NAME": "北京市", "OLD_CODE": "MA01A6AG3", "COLLECT_TIME": 1622266113000, "QY_SRC_TYPE": "0", "hub_crawl_status": 0}, {"RN": 374, "QY_ID": "002105291328055504", "QY_ORG_CODE": "91110116585886918W", "QY_NAME": "中润创成国际工程有限公司", "QY_FR_NAME": "陈申作", "QY_REGION": "110000", "QY_REGION_NAME": "北京市", "OLD_CODE": "585886918", "COLLECT_TIME": 1622266116000, "QY_SRC_TYPE": "0", "hub_crawl_status": 0}, {"RN": 375, "QY_ID": "002105291328055729", "QY_ORG_CODE": "91110108737685016D", "QY_NAME": "北京时代飞扬科技有限公司", "QY_FR_NAME": "彭立", "QY_REGION": "110000", "QY_REGION_NAME": "北京市", "OLD_CODE": "737685016", "COLLECT_TIME": 1622266117000, "QY_SRC_TYPE": "0", "hub_crawl_status": 0}]