[{"RN": 151, "QY_ID": "002105291242639092", "QY_ORG_CODE": "911101076950404973", "QY_NAME": "北京华泰海龙装饰工程有限公司", "QY_FR_NAME": "吴兵", "QY_REGION": "110000", "QY_REGION_NAME": "北京市", "OLD_CODE": "695040497", "COLLECT_TIME": 1622263335000, "QY_SRC_TYPE": "0", "hub_crawl_status": 0}, {"RN": 152, "QY_ID": "002105291242640986", "QY_ORG_CODE": "91110114742616058H", "QY_NAME": "北京市仟邦建设集团有限公司", "QY_FR_NAME": "庄石宋", "QY_REGION": "110000", "QY_REGION_NAME": "北京市", "OLD_CODE": "742616058", "COLLECT_TIME": 1622263339000, "QY_SRC_TYPE": "0", "hub_crawl_status": 0}, {"RN": 153, "QY_ID": "002105291242641157", "QY_ORG_CODE": "91110105062769624N", "QY_NAME": "北京丰进建筑装饰设计有限公司", "QY_FR_NAME": "赵河延", "QY_REGION": "110000", "QY_REGION_NAME": "北京市", "OLD_CODE": "062769624", "COLLECT_TIME": 1622263341000, "QY_SRC_TYPE": "0", "hub_crawl_status": 0}, {"RN": 154, "QY_ID": "002105291242641164", "QY_ORG_CODE": "91110102089618172W", "QY_NAME": "北京盛大建筑工程有限公司", "QY_FR_NAME": "吕卓霖", "QY_REGION": "110000", "QY_REGION_NAME": "北京市", "OLD_CODE": "089618172", "COLLECT_TIME": 1622263341000, "QY_SRC_TYPE": "0", "hub_crawl_status": 0}, {"RN": 155, "QY_ID": "002105291242642852", "QY_ORG_CODE": "91110115085499591L", "QY_NAME": "中筑实创（北京）装饰工程有限公司", "QY_FR_NAME": "赵华", "QY_REGION": "110000", "QY_REGION_NAME": "北京市", "OLD_CODE": "085499591", "COLLECT_TIME": 1622263343000, "QY_SRC_TYPE": "0", "hub_crawl_status": 0}, {"RN": 156, "QY_ID": "002105291242642917", "QY_ORG_CODE": "91110105098168118A", "QY_NAME": "北京光影侠装饰工程有限公司", "QY_FR_NAME": "陈炎江", "QY_REGION": "110000", "QY_REGION_NAME": "北京市", "OLD_CODE": "098168118", "COLLECT_TIME": 1622263343000, "QY_SRC_TYPE": "0", "hub_crawl_status": 0}, {"RN": 157, "QY_ID": "002105291242644197", "QY_ORG_CODE": "911101065906142987", "QY_NAME": "北京中瑞祥合建筑工程有限公司", "QY_FR_NAME": "张瑞超", "QY_REGION": "110000", "QY_REGION_NAME": "北京市", "OLD_CODE": "590614298", "COLLECT_TIME": 1622263345000, "QY_SRC_TYPE": "0", "hub_crawl_status": 0}, {"RN": 158, "QY_ID": "002105291242644429", "QY_ORG_CODE": "9111010569324746XJ", "QY_NAME": "北京云棣装饰工程有限公司", "QY_FR_NAME": "徐仁斌", "QY_REGION": "110000", "QY_REGION_NAME": "北京市", "OLD_CODE": "69324746X", "COLLECT_TIME": 1622263345000, "QY_SRC_TYPE": "0", "hub_crawl_status": 0}, {"RN": 159, "QY_ID": "002105291242644433", "QY_ORG_CODE": "91110102668438571L", "QY_NAME": "北京中影影院工程设计咨询顾问有限公司", "QY_FR_NAME": "杨洪涛", "QY_REGION": "110000", "QY_REGION_NAME": "北京市", "OLD_CODE": "668438571", "COLLECT_TIME": 1622263345000, "QY_SRC_TYPE": "0", "hub_crawl_status": 0}, {"RN": 160, "QY_ID": "002105291242644918", "QY_ORG_CODE": "91110109700287188H", "QY_NAME": "北京腾峰装饰工程有限公司", "QY_FR_NAME": "胡言达", "QY_REGION": "110000", "QY_REGION_NAME": "北京市", "OLD_CODE": "700287188", "COLLECT_TIME": 1622263347000, "QY_SRC_TYPE": "0", "hub_crawl_status": 0}, {"RN": 161, "QY_ID": "002105291242645017", "QY_ORG_CODE": "91110106694970529H", "QY_NAME": "北京启桃基业装饰工程有限公司", "QY_FR_NAME": "朱启桃", "QY_REGION": "110000", "QY_REGION_NAME": "北京市", "OLD_CODE": "694970529", "COLLECT_TIME": 1622263347000, "QY_SRC_TYPE": "0", "hub_crawl_status": 0}, {"RN": 162, "QY_ID": "002105291247645709", "QY_ORG_CODE": "91110108691693925K", "QY_NAME": "北京龙翔天艺建筑装饰有限公司", "QY_FR_NAME": "柯强丽", "QY_REGION": "110000", "QY_REGION_NAME": "北京市", "OLD_CODE": "691693925", "COLLECT_TIME": 1622263679000, "QY_SRC_TYPE": "0", "hub_crawl_status": 0}, {"RN": 163, "QY_ID": "002105291248646533", "QY_ORG_CODE": "911101167916369950", "QY_NAME": "北京长青伟业建设工程有限公司", "QY_FR_NAME": "陆保艳", "QY_REGION": "110000", "QY_REGION_NAME": "北京市", "OLD_CODE": "791636995", "COLLECT_TIME": 1622263680000, "QY_SRC_TYPE": "0", "hub_crawl_status": 0}, {"RN": 164, "QY_ID": "002105291248647839", "QY_ORG_CODE": "91110105MA01A56B4W", "QY_NAME": "亿尊建筑装饰设计院（北京）有限公司", "QY_FR_NAME": "陈璞", "QY_REGION": "110000", "QY_REGION_NAME": "北京市", "OLD_CODE": "MA01A56B4", "COLLECT_TIME": 1622263681000, "QY_SRC_TYPE": "0", "hub_crawl_status": 0}, {"RN": 165, "QY_ID": "002105291248648828", "QY_ORG_CODE": "91110105592338960M", "QY_NAME": "北京翰翔建筑装饰工程有限公司", "QY_FR_NAME": "邓开平", "QY_REGION": "110000", "QY_REGION_NAME": "北京市", "OLD_CODE": "592338960", "COLLECT_TIME": 1622263683000, "QY_SRC_TYPE": "0", "hub_crawl_status": 0}]