[{"RN": 91, "QY_ID": "002105291241611853", "QY_ORG_CODE": "91110105777074594A", "QY_NAME": "北京艺茹建筑装饰工程有限公司", "QY_FR_NAME": "徐宝银", "QY_REGION": "110000", "QY_REGION_NAME": "北京市", "OLD_CODE": "777074594", "COLLECT_TIME": 1622263298000, "QY_SRC_TYPE": "0", "hub_crawl_status": 0}, {"RN": 92, "QY_ID": "002105291241612740", "QY_ORG_CODE": "91110228069572306L", "QY_NAME": "北京锦鸿装饰工程有限公司", "QY_FR_NAME": "任晓华", "QY_REGION": "110000", "QY_REGION_NAME": "北京市", "OLD_CODE": "069572306", "COLLECT_TIME": 1622263300000, "QY_SRC_TYPE": "0", "hub_crawl_status": 0}, {"RN": 93, "QY_ID": "002105291241612741", "QY_ORG_CODE": "91110115799969831F", "QY_NAME": "北京中环工海建筑装饰工程有限公司", "QY_FR_NAME": "闫四清", "QY_REGION": "110000", "QY_REGION_NAME": "北京市", "OLD_CODE": "799969831", "COLLECT_TIME": 1622263300000, "QY_SRC_TYPE": "0", "hub_crawl_status": 0}, {"RN": 94, "QY_ID": "002105291241613063", "QY_ORG_CODE": "9111010279854708XL", "QY_NAME": "北京洲际亮点建筑装饰有限公司", "QY_FR_NAME": "周钢", "QY_REGION": "110000", "QY_REGION_NAME": "北京市", "OLD_CODE": "79854708X", "COLLECT_TIME": 1622263300000, "QY_SRC_TYPE": "0", "hub_crawl_status": 0}, {"RN": 95, "QY_ID": "002105291241615140", "QY_ORG_CODE": "91110117690846299E", "QY_NAME": "北京华阳恒通国际会展服务有限公司", "QY_FR_NAME": "罗朝华", "QY_REGION": "110000", "QY_REGION_NAME": "北京市", "OLD_CODE": "690846299", "COLLECT_TIME": 1622263302000, "QY_SRC_TYPE": "0", "hub_crawl_status": 0}, {"RN": 96, "QY_ID": "002105291241617735", "QY_ORG_CODE": "91110106676606440P", "QY_NAME": "北京图建达低碳建筑工程设计有限公司", "QY_FR_NAME": "赵燕红", "QY_REGION": "110000", "QY_REGION_NAME": "北京市", "OLD_CODE": "676606440", "COLLECT_TIME": 1622263305000, "QY_SRC_TYPE": "0", "hub_crawl_status": 0}, {"RN": 97, "QY_ID": "002105291241618009", "QY_ORG_CODE": "91110116064884650M", "QY_NAME": "北京华浩博瑞建筑艺术工程有限公司", "QY_FR_NAME": "唐杰", "QY_REGION": "110000", "QY_REGION_NAME": "北京市", "OLD_CODE": "064884650", "COLLECT_TIME": 1622263305000, "QY_SRC_TYPE": "0", "hub_crawl_status": 0}, {"RN": 98, "QY_ID": "002105291241618660", "QY_ORG_CODE": "91110108781732895B", "QY_NAME": "北京赛凡策划有限公司", "QY_FR_NAME": "王晨光", "QY_REGION": "110000", "QY_REGION_NAME": "北京市", "OLD_CODE": "781732895", "COLLECT_TIME": 1622263306000, "QY_SRC_TYPE": "0", "hub_crawl_status": 0}, {"RN": 99, "QY_ID": "002105291241618795", "QY_ORG_CODE": "91110101700225390L", "QY_NAME": "北京金华舫装饰工程有限公司", "QY_FR_NAME": "刘利锋", "QY_REGION": "110000", "QY_REGION_NAME": "北京市", "OLD_CODE": "700225390", "COLLECT_TIME": 1622263306000, "QY_SRC_TYPE": "0", "hub_crawl_status": 0}, {"RN": 100, "QY_ID": "002105291241619612", "QY_ORG_CODE": "911101086857608537", "QY_NAME": "北京奥菲斯装饰工程有限公司", "QY_FR_NAME": "吴小良", "QY_REGION": "110000", "QY_REGION_NAME": "北京市", "OLD_CODE": "685760853", "COLLECT_TIME": 1622263306000, "QY_SRC_TYPE": "0", "hub_crawl_status": 0}, {"RN": 101, "QY_ID": "002105291241621804", "QY_ORG_CODE": "911101166699382446", "QY_NAME": "北京中展博艺展览展示有限公司", "QY_FR_NAME": "邹亦", "QY_REGION": "110000", "QY_REGION_NAME": "北京市", "OLD_CODE": "669938244", "COLLECT_TIME": 1622263309000, "QY_SRC_TYPE": "0", "hub_crawl_status": 0}, {"RN": 102, "QY_ID": "002105291241623074", "QY_ORG_CODE": "9111011559061348XC", "QY_NAME": "北京腾飞普天装饰工程有限公司", "QY_FR_NAME": "李普安", "QY_REGION": "110000", "QY_REGION_NAME": "北京市", "OLD_CODE": "59061348X", "COLLECT_TIME": 1622263309000, "QY_SRC_TYPE": "0", "hub_crawl_status": 0}, {"RN": 103, "QY_ID": "002105291241624380", "QY_ORG_CODE": "911101157001100671", "QY_NAME": "北京双博装饰工程设计有限公司", "QY_FR_NAME": "王抄抄", "QY_REGION": "110000", "QY_REGION_NAME": "北京市", "OLD_CODE": "700110067", "COLLECT_TIME": 1622263312000, "QY_SRC_TYPE": "0", "hub_crawl_status": 0}, {"RN": 104, "QY_ID": "002105291241624755", "QY_ORG_CODE": "911101126684093755", "QY_NAME": "北京嘉禾世纪装饰工程有限公司", "QY_FR_NAME": "程澎", "QY_REGION": "110000", "QY_REGION_NAME": "北京市", "OLD_CODE": "668409375", "COLLECT_TIME": 1622263313000, "QY_SRC_TYPE": "0", "hub_crawl_status": 0}, {"RN": 105, "QY_ID": "002105291241625494", "QY_ORG_CODE": "911101057832408780", "QY_NAME": "北京永一格国际展览有限公司", "QY_FR_NAME": "吕志道", "QY_REGION": "110000", "QY_REGION_NAME": "北京市", "OLD_CODE": "783240878", "COLLECT_TIME": 1622263314000, "QY_SRC_TYPE": "0", "hub_crawl_status": 0}]