[{"RN": 256, "QY_ID": "002105291248697752", "QY_ORG_CODE": "91110117762956471T", "QY_NAME": "北京华斯铭建筑装饰工程有限公司", "QY_FR_NAME": "周清华", "QY_REGION": "110000", "QY_REGION_NAME": "北京市", "OLD_CODE": "762956471", "COLLECT_TIME": 1622263734000, "QY_SRC_TYPE": "0", "hub_crawl_status": 0}, {"RN": 257, "QY_ID": "002105291248700399", "QY_ORG_CODE": "911100006787552715", "QY_NAME": "业之峰诺华家居装饰集团股份有限公司", "QY_FR_NAME": "张钧", "QY_REGION": "110000", "QY_REGION_NAME": "北京市", "OLD_CODE": "678755271", "COLLECT_TIME": 1622263739000, "QY_SRC_TYPE": "0", "hub_crawl_status": 0}, {"RN": 258, "QY_ID": "002105291248700400", "QY_ORG_CODE": "91110108571266179C", "QY_NAME": "北京远洋东方国际建筑装饰工程有限公司", "QY_FR_NAME": "王旭峰", "QY_REGION": "110000", "QY_REGION_NAME": "北京市", "OLD_CODE": "571266179", "COLLECT_TIME": 1622263739000, "QY_SRC_TYPE": "0", "hub_crawl_status": 0}, {"RN": 259, "QY_ID": "002105291249701771", "QY_ORG_CODE": "91110114683594169B", "QY_NAME": "北京华誉嘉禾装饰工程有限公司", "QY_FR_NAME": "刘刚", "QY_REGION": "110000", "QY_REGION_NAME": "北京市", "OLD_CODE": "683594169", "COLLECT_TIME": 1622263741000, "QY_SRC_TYPE": "0", "hub_crawl_status": 0}, {"RN": 260, "QY_ID": "002105291249702039", "QY_ORG_CODE": "91110113MA01J1NP5T", "QY_NAME": "北京龙韬建筑设计有限公司", "QY_FR_NAME": "王圣", "QY_REGION": "110000", "QY_REGION_NAME": "北京市", "OLD_CODE": "MA01J1NP5", "COLLECT_TIME": 1622263741000, "QY_SRC_TYPE": "0", "hub_crawl_status": 0}, {"RN": 261, "QY_ID": "002105291249702399", "QY_ORG_CODE": "91110117053568951M", "QY_NAME": "北京隆兴虹承环保工程有限公司", "QY_FR_NAME": "马志刚", "QY_REGION": "110000", "QY_REGION_NAME": "北京市", "OLD_CODE": "053568951", "COLLECT_TIME": 1622263742000, "QY_SRC_TYPE": "0", "hub_crawl_status": 0}, {"RN": 262, "QY_ID": "002105291249707974", "QY_ORG_CODE": "91110115673833701W", "QY_NAME": "中幕建筑装饰工程有限公司", "QY_FR_NAME": "陈超", "QY_REGION": "110000", "QY_REGION_NAME": "北京市", "OLD_CODE": "673833701", "COLLECT_TIME": 1622263750000, "QY_SRC_TYPE": "0", "hub_crawl_status": 0}, {"RN": 263, "QY_ID": "002105291249709312", "QY_ORG_CODE": "911101067921193409", "QY_NAME": "北京昱华泰幕墙装饰工程有限公司", "QY_FR_NAME": "王俊元", "QY_REGION": "110000", "QY_REGION_NAME": "北京市", "OLD_CODE": "792119340", "COLLECT_TIME": 1622263752000, "QY_SRC_TYPE": "0", "hub_crawl_status": 0}, {"RN": 264, "QY_ID": "002105291249713683", "QY_ORG_CODE": "91110106MA01J86J7F", "QY_NAME": "春宇大道（北京）传媒有限公司", "QY_FR_NAME": "曹宇婷", "QY_REGION": "110000", "QY_REGION_NAME": "北京市", "OLD_CODE": "MA01J86J7", "COLLECT_TIME": 1622263758000, "QY_SRC_TYPE": "0", "hub_crawl_status": 0}, {"RN": 265, "QY_ID": "002105291249713685", "QY_ORG_CODE": "91110108597710522C", "QY_NAME": "北京惊雷文化发展有限公司", "QY_FR_NAME": "郝惊雷", "QY_REGION": "110000", "QY_REGION_NAME": "北京市", "OLD_CODE": "597710522", "COLLECT_TIME": 1622263758000, "QY_SRC_TYPE": "0", "hub_crawl_status": 0}, {"RN": 266, "QY_ID": "002105291254718186", "QY_ORG_CODE": "91110116MA01MA0W7W", "QY_NAME": "北京华毅司马装饰设计工程有限公司", "QY_FR_NAME": "余庆荣", "QY_REGION": "110000", "QY_REGION_NAME": "北京市", "OLD_CODE": "MA01MA0W7", "COLLECT_TIME": 1622264047000, "QY_SRC_TYPE": "0", "hub_crawl_status": 0}, {"RN": 267, "QY_ID": "002105291254718840", "QY_ORG_CODE": "91110109MA01LBLA8A", "QY_NAME": "北京同安科技文化有限公司", "QY_FR_NAME": "杨虹", "QY_REGION": "110000", "QY_REGION_NAME": "北京市", "OLD_CODE": "MA01LBLA8", "COLLECT_TIME": 1622264047000, "QY_SRC_TYPE": "0", "hub_crawl_status": 0}, {"RN": 268, "QY_ID": "002105291254718859", "QY_ORG_CODE": "91110106565788886G", "QY_NAME": "北京鲁和华峰幕墙工程有限公司", "QY_FR_NAME": "班旭波", "QY_REGION": "110000", "QY_REGION_NAME": "北京市", "OLD_CODE": "565788886", "COLLECT_TIME": 1622264047000, "QY_SRC_TYPE": "0", "hub_crawl_status": 0}, {"RN": 269, "QY_ID": "002105291254720232", "QY_ORG_CODE": "91110116590639428E", "QY_NAME": "北京雅地东华建筑工程有限公司", "QY_FR_NAME": "娄新华", "QY_REGION": "110000", "QY_REGION_NAME": "北京市", "OLD_CODE": "590639428", "COLLECT_TIME": 1622264049000, "QY_SRC_TYPE": "0", "hub_crawl_status": 0}, {"RN": 270, "QY_ID": "002105291254720304", "QY_ORG_CODE": "91110112082832408N", "QY_NAME": "北京轩源建设工程有限责任公司", "QY_FR_NAME": "庄鸿源", "QY_REGION": "110000", "QY_REGION_NAME": "北京市", "OLD_CODE": "082832408", "COLLECT_TIME": 1622264049000, "QY_SRC_TYPE": "0", "hub_crawl_status": 0}]