[{"RN": 136, "QY_ID": "002105291242634486", "QY_ORG_CODE": "9111011280242696XF", "QY_NAME": "北京宜之美环境艺术设计有限公司", "QY_FR_NAME": "陈庆忠", "QY_REGION": "110000", "QY_REGION_NAME": "北京市", "OLD_CODE": "80242696X", "COLLECT_TIME": 1622263327000, "QY_SRC_TYPE": "0", "hub_crawl_status": 0}, {"RN": 137, "QY_ID": "002105291242635450", "QY_ORG_CODE": "91110105697748202A", "QY_NAME": "保盛兴业国际装饰工程（北京）有限公司", "QY_FR_NAME": "陈思奇", "QY_REGION": "110000", "QY_REGION_NAME": "北京市", "OLD_CODE": "697748202", "COLLECT_TIME": 1622263328000, "QY_SRC_TYPE": "0", "hub_crawl_status": 0}, {"RN": 138, "QY_ID": "002105291242636170", "QY_ORG_CODE": "911101133271825550", "QY_NAME": "雅新工程有限公司", "QY_FR_NAME": "李茂生", "QY_REGION": "110000", "QY_REGION_NAME": "北京市", "OLD_CODE": "327182555", "COLLECT_TIME": 1622263329000, "QY_SRC_TYPE": "0", "hub_crawl_status": 0}, {"RN": 139, "QY_ID": "002105291242636379", "QY_ORG_CODE": "91110105634360809E", "QY_NAME": "北京柏图装饰工程有限公司", "QY_FR_NAME": "李征", "QY_REGION": "110000", "QY_REGION_NAME": "北京市", "OLD_CODE": "634360809", "COLLECT_TIME": 1622263330000, "QY_SRC_TYPE": "0", "hub_crawl_status": 0}, {"RN": 140, "QY_ID": "002105291242636620", "QY_ORG_CODE": "911101168026003152", "QY_NAME": "北京一工建筑装饰工程有限公司", "QY_FR_NAME": "唐钟嘉", "QY_REGION": "110000", "QY_REGION_NAME": "北京市", "OLD_CODE": "802600315", "COLLECT_TIME": 1622263330000, "QY_SRC_TYPE": "0", "hub_crawl_status": 0}, {"RN": 141, "QY_ID": "002105291242636832", "QY_ORG_CODE": "911101055891361536", "QY_NAME": "北京赫立达建筑装饰工程有限公司", "QY_FR_NAME": "王孝满", "QY_REGION": "110000", "QY_REGION_NAME": "北京市", "OLD_CODE": "589136153", "COLLECT_TIME": 1622263330000, "QY_SRC_TYPE": "0", "hub_crawl_status": 0}, {"RN": 142, "QY_ID": "002105291242637032", "QY_ORG_CODE": "91110109MA01FT6D34", "QY_NAME": "北京大观建筑工程有限公司", "QY_FR_NAME": "申江海", "QY_REGION": "110000", "QY_REGION_NAME": "北京市", "OLD_CODE": "MA01FT6D3", "COLLECT_TIME": 1622263330000, "QY_SRC_TYPE": "0", "hub_crawl_status": 0}, {"RN": 143, "QY_ID": "002105291242637164", "QY_ORG_CODE": "911101176728207306", "QY_NAME": "中恒营造建筑科技（北京）集团有限公司", "QY_FR_NAME": "陈健", "QY_REGION": "110000", "QY_REGION_NAME": "北京市", "OLD_CODE": "672820730", "COLLECT_TIME": 1622263331000, "QY_SRC_TYPE": "0", "hub_crawl_status": 0}, {"RN": 144, "QY_ID": "002105291242637428", "QY_ORG_CODE": "91110108051443979W", "QY_NAME": "国术建筑装饰（北京）有限公司", "QY_FR_NAME": "袁国术", "QY_REGION": "110000", "QY_REGION_NAME": "北京市", "OLD_CODE": "051443979", "COLLECT_TIME": 1622263331000, "QY_SRC_TYPE": "0", "hub_crawl_status": 0}, {"RN": 145, "QY_ID": "002105291242637811", "QY_ORG_CODE": "91110101551410671R", "QY_NAME": "梦客豪思（北京）环境景观工程有限公司", "QY_FR_NAME": "李佳宁", "QY_REGION": "110000", "QY_REGION_NAME": "北京市", "OLD_CODE": "551410671", "COLLECT_TIME": 1622263333000, "QY_SRC_TYPE": "0", "hub_crawl_status": 0}, {"RN": 146, "QY_ID": "002105291242637887", "QY_ORG_CODE": "91110117663101558F", "QY_NAME": "北京思意特装饰装潢有限公司", "QY_FR_NAME": "文启华", "QY_REGION": "110000", "QY_REGION_NAME": "北京市", "OLD_CODE": "663101558", "COLLECT_TIME": 1622263333000, "QY_SRC_TYPE": "0", "hub_crawl_status": 0}, {"RN": 147, "QY_ID": "002105291242638372", "QY_ORG_CODE": "91110101784822247J", "QY_NAME": "北京颐通建业医用工程有限公司", "QY_FR_NAME": "张淑萍", "QY_REGION": "110000", "QY_REGION_NAME": "北京市", "OLD_CODE": "784822247", "COLLECT_TIME": 1622263334000, "QY_SRC_TYPE": "0", "hub_crawl_status": 0}, {"RN": 148, "QY_ID": "002105291242638615", "QY_ORG_CODE": "91110105069568876C", "QY_NAME": "北京中瑞峰通装饰工程有限公司", "QY_FR_NAME": "张道银", "QY_REGION": "110000", "QY_REGION_NAME": "北京市", "OLD_CODE": "069568876", "COLLECT_TIME": 1622263334000, "QY_SRC_TYPE": "0", "hub_crawl_status": 0}, {"RN": 149, "QY_ID": "002105291242638717", "QY_ORG_CODE": "9111010577336544XB", "QY_NAME": "筑邦臣（北京）建筑工程设计有限公司", "QY_FR_NAME": "张海涛", "QY_REGION": "110000", "QY_REGION_NAME": "北京市", "OLD_CODE": "77336544X", "COLLECT_TIME": 1622263334000, "QY_SRC_TYPE": "0", "hub_crawl_status": 0}, {"RN": 150, "QY_ID": "002105291242638721", "QY_ORG_CODE": "91110114573246024L", "QY_NAME": "北京森拉普尔实验室科技有限公司", "QY_FR_NAME": "宋勇", "QY_REGION": "110000", "QY_REGION_NAME": "北京市", "OLD_CODE": "573246024", "COLLECT_TIME": 1622263334000, "QY_SRC_TYPE": "0", "hub_crawl_status": 0}]