[{"RN": 1, "QY_ID": "002105291241600075", "QY_ORG_CODE": "91110105758240593A", "QY_NAME": "北京中宇瑞德建筑设计有限公司", "QY_FR_NAME": "张跃峰", "QY_REGION": "110000", "QY_REGION_NAME": "北京市", "OLD_CODE": "758240593", "COLLECT_TIME": 1622263287000, "QY_SRC_TYPE": "0", "hub_crawl_status": 0}, {"RN": 2, "QY_ID": "002105291254753439", "QY_ORG_CODE": "91110108802011887Q", "QY_NAME": "北京东方畅想建筑设计有限公司", "QY_FR_NAME": "张德林", "QY_REGION": "110000", "QY_REGION_NAME": "北京市", "OLD_CODE": "802011887", "COLLECT_TIME": 1622264085000, "QY_SRC_TYPE": "0", "hub_crawl_status": 0}]