[{"RN": 1, "QY_ID": "002105291240513868", "QY_ORG_CODE": "91110000102173949P", "QY_NAME": "北京全路通信信号研究设计院集团有限公司", "QY_FR_NAME": "张啸林", "QY_REGION": "110000", "QY_REGION_NAME": "北京市", "OLD_CODE": "102173949", "COLLECT_TIME": 1622263229000, "QY_SRC_TYPE": "0", "hub_crawl_status": 0}, {"RN": 2, "QY_ID": "002105291240558634", "QY_ORG_CODE": "91110108788627801T", "QY_NAME": "北京交达工程管理集团有限公司", "QY_FR_NAME": "张印宗", "QY_REGION": "110000", "QY_REGION_NAME": "北京市", "OLD_CODE": "788627801", "COLLECT_TIME": 1622263257000, "QY_SRC_TYPE": "0", "hub_crawl_status": 0}, {"RN": 3, "QY_ID": "002105291241581104", "QY_ORG_CODE": "91100000400000712N", "QY_NAME": "中国铁道科学研究院集团有限公司", "QY_FR_NAME": "叶阳升", "QY_REGION": "110000", "QY_REGION_NAME": "北京市", "OLD_CODE": "400000712", "COLLECT_TIME": 1622263272000, "QY_SRC_TYPE": "0", "hub_crawl_status": 0}, {"RN": 4, "QY_ID": "002105291248673593", "QY_ORG_CODE": "91110108MA01D4JP5U", "QY_NAME": "国铁建设管理有限公司", "QY_FR_NAME": "张永军", "QY_REGION": "110000", "QY_REGION_NAME": "北京市", "OLD_CODE": "MA01D4JP5", "COLLECT_TIME": 1622263705000, "QY_SRC_TYPE": "0", "hub_crawl_status": 0}, {"RN": 5, "QY_ID": "002105291248683087", "QY_ORG_CODE": "9111010778996181XM", "QY_NAME": "北京中铁建电气化设计研究院有限公司", "QY_FR_NAME": "阚绍忠", "QY_REGION": "110000", "QY_REGION_NAME": "北京市", "OLD_CODE": "78996181X", "COLLECT_TIME": 1622263715000, "QY_SRC_TYPE": "0", "hub_crawl_status": 0}, {"RN": 6, "QY_ID": "002105291259823843", "QY_ORG_CODE": "91110108101986868M", "QY_NAME": "北京交大建筑勘察设计院有限公司", "QY_FR_NAME": "向宏军", "QY_REGION": "110100", "QY_REGION_NAME": "北京市-市辖区", "OLD_CODE": "101986868", "COLLECT_TIME": 1622264355000, "QY_SRC_TYPE": "0", "hub_crawl_status": 0}]