[{"RN": 1, "QY_ID": "002105291240546807", "QY_ORG_CODE": "91110000801210593B", "QY_NAME": "北京恒华伟业科技股份有限公司", "QY_FR_NAME": "罗新伟", "QY_REGION": "110000", "QY_REGION_NAME": "北京市", "OLD_CODE": "801210593", "COLLECT_TIME": 1622263249000, "QY_SRC_TYPE": "0", "hub_crawl_status": 0}, {"RN": 2, "QY_ID": "002105291240551949", "QY_ORG_CODE": "911101145658171811", "QY_NAME": "北京燕平水利工程勘察设计有限责任公司", "QY_FR_NAME": "肖伯萍", "QY_REGION": "110000", "QY_REGION_NAME": "北京市", "OLD_CODE": "565817181", "COLLECT_TIME": 1622263252000, "QY_SRC_TYPE": "0", "hub_crawl_status": 0}, {"RN": 3, "QY_ID": "002105291254754140", "QY_ORG_CODE": "91110111746714747N", "QY_NAME": "北京良乡蓝鑫水利工程设计有限公司", "QY_FR_NAME": "李枫", "QY_REGION": "110000", "QY_REGION_NAME": "北京市", "OLD_CODE": "746714747", "COLLECT_TIME": 1622264085000, "QY_SRC_TYPE": "0", "hub_crawl_status": 0}, {"RN": 4, "QY_ID": "002105291305846819", "QY_ORG_CODE": "91110116MA0083EC6Y", "QY_NAME": "北京渤海嘉实工程咨询有限责任公司", "QY_FR_NAME": "胡朝光", "QY_REGION": "110000", "QY_REGION_NAME": "北京市", "OLD_CODE": "MA0083EC6", "COLLECT_TIME": 1622264722000, "QY_SRC_TYPE": "0", "hub_crawl_status": 0}, {"RN": 5, "QY_ID": "002105291328057876", "QY_ORG_CODE": "91110114344288861K", "QY_NAME": "北京知水水务咨询有限公司", "QY_FR_NAME": "贾君", "QY_REGION": "110000", "QY_REGION_NAME": "北京市", "OLD_CODE": "344288861", "COLLECT_TIME": 1622266121000, "QY_SRC_TYPE": "0", "hub_crawl_status": 0}]