[{"RN": 1, "QY_ID": "002105291240462588", "QY_ORG_CODE": "91110108787757233M", "QY_NAME": "中电建路桥集团有限公司", "QY_FR_NAME": "汤明", "QY_REGION": "110100", "QY_REGION_NAME": "北京市-市辖区", "OLD_CODE": "787757233", "COLLECT_TIME": 1622263202000, "QY_SRC_TYPE": "0", "hub_crawl_status": 0}, {"RN": 2, "QY_ID": "002105291240472628", "QY_ORG_CODE": "911100007109338178", "QY_NAME": "中国路桥工程有限责任公司", "QY_FR_NAME": "卢山", "QY_REGION": "110000", "QY_REGION_NAME": "北京市", "OLD_CODE": "710933817", "COLLECT_TIME": 1622263207000, "QY_SRC_TYPE": "0", "hub_crawl_status": 0}, {"RN": 3, "QY_ID": "002105291240472629", "QY_ORG_CODE": "911100007109334702", "QY_NAME": "中交隧道工程局有限公司", "QY_FR_NAME": "尹玉林", "QY_REGION": "110100", "QY_REGION_NAME": "北京市-市辖区", "OLD_CODE": "710933470", "COLLECT_TIME": 1622263207000, "QY_SRC_TYPE": "0", "hub_crawl_status": 0}, {"RN": 4, "QY_ID": "002105291240472894", "QY_ORG_CODE": "9111000059062789XU", "QY_NAME": "中交路桥建设有限公司", "QY_FR_NAME": "郭主龙", "QY_REGION": "110000", "QY_REGION_NAME": "北京市", "OLD_CODE": "59062789X", "COLLECT_TIME": 1622263207000, "QY_SRC_TYPE": "0", "hub_crawl_status": 0}, {"RN": 5, "QY_ID": "002105291240481083", "QY_ORG_CODE": "911100007109272067", "QY_NAME": "安通建设有限公司", "QY_FR_NAME": "傅凌", "QY_REGION": "110000", "QY_REGION_NAME": "北京市", "OLD_CODE": "710927206", "COLLECT_TIME": 1622263211000, "QY_SRC_TYPE": "0", "hub_crawl_status": 0}, {"RN": 6, "QY_ID": "002105291240490646", "QY_ORG_CODE": "91110000101126390P", "QY_NAME": "北京市政路桥股份有限公司", "QY_FR_NAME": "李军", "QY_REGION": "110100", "QY_REGION_NAME": "北京市-市辖区", "OLD_CODE": "101126390", "COLLECT_TIME": 1622263216000, "QY_SRC_TYPE": "0", "hub_crawl_status": 0}, {"RN": 7, "QY_ID": "002105291240505150", "QY_ORG_CODE": "9111000010123202XN", "QY_NAME": "中交第四公路工程局有限公司", "QY_FR_NAME": "蔡彬", "QY_REGION": "110100", "QY_REGION_NAME": "北京市-市辖区", "OLD_CODE": "10123202X", "COLLECT_TIME": 1622263224000, "QY_SRC_TYPE": "0", "hub_crawl_status": 0}, {"RN": 8, "QY_ID": "002105291240512950", "QY_ORG_CODE": "911100001016367613", "QY_NAME": "中铁十六局集团有限公司", "QY_FR_NAME": "程红彬", "QY_REGION": "110100", "QY_REGION_NAME": "北京市-市辖区", "OLD_CODE": "101636761", "COLLECT_TIME": 1622263228000, "QY_SRC_TYPE": "0", "hub_crawl_status": 0}, {"RN": 9, "QY_ID": "002105291240513916", "QY_ORG_CODE": "91110000122027391R", "QY_NAME": "中铁十九局集团有限公司", "QY_FR_NAME": "杨哲峰", "QY_REGION": "110100", "QY_REGION_NAME": "北京市-市辖区", "OLD_CODE": "122027391", "COLLECT_TIME": 1622263229000, "QY_SRC_TYPE": "0", "hub_crawl_status": 0}, {"RN": 10, "QY_ID": "002105291240531003", "QY_ORG_CODE": "911101086336174810", "QY_NAME": "北京交科公路勘察设计研究院有限公司", "QY_FR_NAME": "曹鹏", "QY_REGION": "110000", "QY_REGION_NAME": "北京市", "OLD_CODE": "633617481", "COLLECT_TIME": 1622263239000, "QY_SRC_TYPE": "0", "hub_crawl_status": 0}, {"RN": 11, "QY_ID": "002105291240558856", "QY_ORG_CODE": "91110000102400689N", "QY_NAME": "中交一公局第三工程有限公司", "QY_FR_NAME": "孙国一", "QY_REGION": "110000", "QY_REGION_NAME": "北京市", "OLD_CODE": "102400689", "COLLECT_TIME": 1622263257000, "QY_SRC_TYPE": "0", "hub_crawl_status": 0}, {"RN": 12, "QY_ID": "002105291241566879", "QY_ORG_CODE": "91110000102054202B", "QY_NAME": "中铁北京工程局集团有限公司", "QY_FR_NAME": "程志强", "QY_REGION": "110100", "QY_REGION_NAME": "北京市-市辖区", "OLD_CODE": "102054202", "COLLECT_TIME": 1622263262000, "QY_SRC_TYPE": "0", "hub_crawl_status": 0}, {"RN": 13, "QY_ID": "002105291241568172", "QY_ORG_CODE": "91110108101884765M", "QY_NAME": "中铁六局集团有限公司", "QY_FR_NAME": "韦国", "QY_REGION": "110000", "QY_REGION_NAME": "北京市", "OLD_CODE": "101884765", "COLLECT_TIME": 1622263263000, "QY_SRC_TYPE": "0", "hub_crawl_status": 0}, {"RN": 14, "QY_ID": "002105291241587210", "QY_ORG_CODE": "91110105625900914T", "QY_NAME": "华杰工程咨询有限公司", "QY_FR_NAME": "宋晖", "QY_REGION": "110000", "QY_REGION_NAME": "北京市", "OLD_CODE": "625900914", "COLLECT_TIME": 1622263277000, "QY_SRC_TYPE": "0", "hub_crawl_status": 0}, {"RN": 15, "QY_ID": "002105291241587211", "QY_ORG_CODE": "9111000071092227XH", "QY_NAME": "中铁二十二局集团有限公司", "QY_FR_NAME": "赵红鹰", "QY_REGION": "110100", "QY_REGION_NAME": "北京市-市辖区", "OLD_CODE": "71092227X", "COLLECT_TIME": 1622263277000, "QY_SRC_TYPE": "0", "hub_crawl_status": 0}]