[{"RN": 31, "QY_ID": "002105291254761442", "QY_ORG_CODE": "91110109102336955F", "QY_NAME": "北京建达道桥咨询有限公司", "QY_FR_NAME": "杨征宇", "QY_REGION": "110000", "QY_REGION_NAME": "北京市", "OLD_CODE": "102336955", "COLLECT_TIME": 1622264094000, "QY_SRC_TYPE": "0", "hub_crawl_status": 0}, {"RN": 32, "QY_ID": "002105291305861207", "QY_ORG_CODE": "911100007596009847", "QY_NAME": "中交第三公路工程局有限公司", "QY_FR_NAME": "蔡唐涛", "QY_REGION": "110000", "QY_REGION_NAME": "北京市", "OLD_CODE": "759600984", "COLLECT_TIME": 1622264738000, "QY_SRC_TYPE": "0", "hub_crawl_status": 0}, {"RN": 33, "QY_ID": "002105291313940825", "QY_ORG_CODE": "91110000101700364M", "QY_NAME": "中交一公局第五工程有限公司", "QY_FR_NAME": "牛永宏", "QY_REGION": "110000", "QY_REGION_NAME": "北京市", "OLD_CODE": "101700364", "COLLECT_TIME": 1622265204000, "QY_SRC_TYPE": "0", "hub_crawl_status": 0}]