[{"RN": 16, "QY_ID": "002105291241587212", "QY_ORG_CODE": "91110000783950087W", "QY_NAME": "中冶交通建设集团有限公司", "QY_FR_NAME": "冷铁松", "QY_REGION": "110000", "QY_REGION_NAME": "北京市", "OLD_CODE": "783950087", "COLLECT_TIME": 1622263277000, "QY_SRC_TYPE": "0", "hub_crawl_status": 0}, {"RN": 17, "QY_ID": "002105291241598307", "QY_ORG_CODE": "911100007461141270", "QY_NAME": "中交基础设施养护集团有限公司", "QY_FR_NAME": "王晓东", "QY_REGION": "110000", "QY_REGION_NAME": "北京市", "OLD_CODE": "746114127", "COLLECT_TIME": 1622263285000, "QY_SRC_TYPE": "0", "hub_crawl_status": 0}, {"RN": 18, "QY_ID": "002105291241598622", "QY_ORG_CODE": "91110302779505642X", "QY_NAME": "中交路桥北方工程有限公司", "QY_FR_NAME": "张永涛", "QY_REGION": "110000", "QY_REGION_NAME": "北京市", "OLD_CODE": "779505642", "COLLECT_TIME": 1622263285000, "QY_SRC_TYPE": "0", "hub_crawl_status": 0}, {"RN": 19, "QY_ID": "002105291241606274", "QY_ORG_CODE": "911100001017004524", "QY_NAME": "中交一公局集团有限公司", "QY_FR_NAME": "都业洲", "QY_REGION": "110100", "QY_REGION_NAME": "北京市-市辖区", "OLD_CODE": "101700452", "COLLECT_TIME": 1622263294000, "QY_SRC_TYPE": "0", "hub_crawl_status": 0}, {"RN": 20, "QY_ID": "002105291241613308", "QY_ORG_CODE": "91110000710921189P", "QY_NAME": "中铁建工集团有限公司", "QY_FR_NAME": "张建喜", "QY_REGION": "110100", "QY_REGION_NAME": "北京市-市辖区", "OLD_CODE": "710921189", "COLLECT_TIME": 1622263300000, "QY_SRC_TYPE": "0", "hub_crawl_status": 0}, {"RN": 21, "QY_ID": "002105291242632969", "QY_ORG_CODE": "911100001025847723", "QY_NAME": "中铁十六局集团第四工程有限公司", "QY_FR_NAME": "刘小刚", "QY_REGION": "110100", "QY_REGION_NAME": "北京市-市辖区", "OLD_CODE": "102584772", "COLLECT_TIME": 1622263324000, "QY_SRC_TYPE": "0", "hub_crawl_status": 0}, {"RN": 22, "QY_ID": "002105291248646270", "QY_ORG_CODE": "91110000710935003U", "QY_NAME": "中国中铁股份有限公司", "QY_FR_NAME": "陈云", "QY_REGION": "110100", "QY_REGION_NAME": "北京市-市辖区", "OLD_CODE": "710935003", "COLLECT_TIME": 1622263680000, "QY_SRC_TYPE": "0", "hub_crawl_status": 0}, {"RN": 23, "QY_ID": "002105291248649812", "QY_ORG_CODE": "91110115MA00E94N1C", "QY_NAME": "中建铁路投资建设集团有限公司", "QY_FR_NAME": "陈浩", "QY_REGION": "110100", "QY_REGION_NAME": "北京市-市辖区", "OLD_CODE": "MA00E94N1", "COLLECT_TIME": 1622263683000, "QY_SRC_TYPE": "0", "hub_crawl_status": 0}, {"RN": 24, "QY_ID": "002105291248654923", "QY_ORG_CODE": "91110000100001916P", "QY_NAME": "中国公路工程咨询集团有限公司", "QY_FR_NAME": "崔玉萍", "QY_REGION": "110100", "QY_REGION_NAME": "北京市-市辖区", "OLD_CODE": "100001916", "COLLECT_TIME": 1622263688000, "QY_SRC_TYPE": "0", "hub_crawl_status": 0}, {"RN": 25, "QY_ID": "002105291248665872", "QY_ORG_CODE": "9111000074670627X5", "QY_NAME": "中交一公局海威工程建设有限公司", "QY_FR_NAME": "刘继先", "QY_REGION": "110100", "QY_REGION_NAME": "北京市-市辖区", "OLD_CODE": "74670627X", "COLLECT_TIME": 1622263697000, "QY_SRC_TYPE": "0", "hub_crawl_status": 0}, {"RN": 26, "QY_ID": "002105291248669522", "QY_ORG_CODE": "91110000694981041H", "QY_NAME": "中交三公局第一工程有限公司", "QY_FR_NAME": "牛延军", "QY_REGION": "110000", "QY_REGION_NAME": "北京市", "OLD_CODE": "694981041", "COLLECT_TIME": 1622263702000, "QY_SRC_TYPE": "0", "hub_crawl_status": 0}, {"RN": 27, "QY_ID": "002105291249705352", "QY_ORG_CODE": "911103026932668630", "QY_NAME": "中交四公局第一工程有限公司", "QY_FR_NAME": "姚景武", "QY_REGION": "110000", "QY_REGION_NAME": "北京市", "OLD_CODE": "693266863", "COLLECT_TIME": 1622263745000, "QY_SRC_TYPE": "0", "hub_crawl_status": 0}, {"RN": 28, "QY_ID": "002105291249711357", "QY_ORG_CODE": "91110000710935150D", "QY_NAME": "中国铁建股份有限公司", "QY_FR_NAME": "汪建平", "QY_REGION": "110100", "QY_REGION_NAME": "北京市-市辖区", "OLD_CODE": "710935150", "COLLECT_TIME": 1622263754000, "QY_SRC_TYPE": "0", "hub_crawl_status": 0}, {"RN": 29, "QY_ID": "002105291249713693", "QY_ORG_CODE": "91110000726362369Y", "QY_NAME": "北京国道通公路设计研究院股份有限公司", "QY_FR_NAME": "景飒", "QY_REGION": "110100", "QY_REGION_NAME": "北京市-市辖区", "OLD_CODE": "726362369", "COLLECT_TIME": 1622263758000, "QY_SRC_TYPE": "0", "hub_crawl_status": 0}, {"RN": 30, "QY_ID": "002105291254721563", "QY_ORG_CODE": "91110000681200816F", "QY_NAME": "中建交通建设集团有限公司", "QY_FR_NAME": "程先勇", "QY_REGION": "110000", "QY_REGION_NAME": "北京市", "OLD_CODE": "681200816", "COLLECT_TIME": 1622264050000, "QY_SRC_TYPE": "0", "hub_crawl_status": 0}]