[{"RN": 1, "QY_ID": "002105291239453294", "QY_ORG_CODE": "91110000633739120D", "QY_NAME": "国都建设（集团）有限公司", "QY_FR_NAME": "王文海", "QY_REGION": "110000", "QY_REGION_NAME": "北京市", "OLD_CODE": "633739120", "COLLECT_TIME": 1622263197000, "QY_SRC_TYPE": "0", "hub_crawl_status": 0}, {"RN": 2, "QY_ID": "002105291239454246", "QY_ORG_CODE": "911101081019302078", "QY_NAME": "北京城建四建设工程有限责任公司", "QY_FR_NAME": "于天恩", "QY_REGION": "110100", "QY_REGION_NAME": "北京市-市辖区", "OLD_CODE": "101930207", "COLLECT_TIME": 1622263197000, "QY_SRC_TYPE": "0", "hub_crawl_status": 0}, {"RN": 3, "QY_ID": "002105291239455253", "QY_ORG_CODE": "91110000101105143R", "QY_NAME": "北京城建远东建设投资集团有限公司", "QY_FR_NAME": "邸光辉", "QY_REGION": "110000", "QY_REGION_NAME": "北京市", "OLD_CODE": "101105143", "COLLECT_TIME": 1622263198000, "QY_SRC_TYPE": "0", "hub_crawl_status": 0}, {"RN": 4, "QY_ID": "002105291239455254", "QY_ORG_CODE": "625907139", "QY_NAME": "北京华洋建设开发有限公司", "QY_FR_NAME": "杨永革", "QY_REGION": "110100", "QY_REGION_NAME": "北京市-市辖区", "OLD_CODE": "625907139", "COLLECT_TIME": 1622263198000, "QY_SRC_TYPE": "0", "hub_crawl_status": 0}, {"RN": 5, "QY_ID": "002105291239458180", "QY_ORG_CODE": "9111011410262106XT", "QY_NAME": "北京昌水建筑公司", "QY_FR_NAME": "高俊杰", "QY_REGION": "110100", "QY_REGION_NAME": "北京市-市辖区", "OLD_CODE": "10262106X", "COLLECT_TIME": 1622263199000, "QY_SRC_TYPE": "0", "hub_crawl_status": 0}, {"RN": 6, "QY_ID": "002105291240458714", "QY_ORG_CODE": "911101171029289268", "QY_NAME": "北京金通远建筑工程公司", "QY_FR_NAME": "刘庆元", "QY_REGION": "110000", "QY_REGION_NAME": "北京市", "OLD_CODE": "102928926", "COLLECT_TIME": 1622263200000, "QY_SRC_TYPE": "0", "hub_crawl_status": 0}, {"RN": 7, "QY_ID": "002105291240461459", "QY_ORG_CODE": "91110000600093677W", "QY_NAME": "森特士兴集团股份有限公司", "QY_FR_NAME": "刘爱森", "QY_REGION": "110000", "QY_REGION_NAME": "北京市", "OLD_CODE": "600093677", "COLLECT_TIME": 1622263201000, "QY_SRC_TYPE": "0", "hub_crawl_status": 0}, {"RN": 8, "QY_ID": "002105291240462587", "QY_ORG_CODE": "91110000717825966F", "QY_NAME": "中国电力建设股份有限公司", "QY_FR_NAME": "丁焰章", "QY_REGION": "110100", "QY_REGION_NAME": "北京市-市辖区", "OLD_CODE": "717825966", "COLLECT_TIME": 1622263202000, "QY_SRC_TYPE": "0", "hub_crawl_status": 0}, {"RN": 9, "QY_ID": "002105291240462588", "QY_ORG_CODE": "91110108787757233M", "QY_NAME": "中电建路桥集团有限公司", "QY_FR_NAME": "汤明", "QY_REGION": "110100", "QY_REGION_NAME": "北京市-市辖区", "OLD_CODE": "787757233", "COLLECT_TIME": 1622263202000, "QY_SRC_TYPE": "0", "hub_crawl_status": 0}, {"RN": 10, "QY_ID": "002105291240464748", "QY_ORG_CODE": "91110000100000817X", "QY_NAME": "中国土木工程集团有限公司", "QY_FR_NAME": "刘为民", "QY_REGION": "110100", "QY_REGION_NAME": "北京市-市辖区", "OLD_CODE": "100000817", "COLLECT_TIME": 1622263203000, "QY_SRC_TYPE": "0", "hub_crawl_status": 0}, {"RN": 11, "QY_ID": "002105291240465790", "QY_ORG_CODE": "91110000722617424D", "QY_NAME": "北京市政建设集团有限责任公司", "QY_FR_NAME": "张维民", "QY_REGION": "110100", "QY_REGION_NAME": "北京市-市辖区", "OLD_CODE": "722617424", "COLLECT_TIME": 1622263203000, "QY_SRC_TYPE": "0", "hub_crawl_status": 0}, {"RN": 12, "QY_ID": "002105291240470738", "QY_ORG_CODE": "91110228633699309B", "QY_NAME": "北京市宏达建设工程有限责任公司", "QY_FR_NAME": "戚有成", "QY_REGION": "110000", "QY_REGION_NAME": "北京市", "OLD_CODE": "633699309", "COLLECT_TIME": 1622263206000, "QY_SRC_TYPE": "0", "hub_crawl_status": 0}, {"RN": 13, "QY_ID": "002105291240472443", "QY_ORG_CODE": "91110108101143799W", "QY_NAME": "中扶建设有限责任公司", "QY_FR_NAME": "庄清良", "QY_REGION": "110100", "QY_REGION_NAME": "北京市-市辖区", "OLD_CODE": "101143799", "COLLECT_TIME": 1622263207000, "QY_SRC_TYPE": "0", "hub_crawl_status": 0}, {"RN": 14, "QY_ID": "002105291240476893", "QY_ORG_CODE": "91110101633097930D", "QY_NAME": "北京武交建筑工程总队", "QY_FR_NAME": "刘国荣", "QY_REGION": "110100", "QY_REGION_NAME": "北京市-市辖区", "OLD_CODE": "633097930", "COLLECT_TIME": 1622263209000, "QY_SRC_TYPE": "0", "hub_crawl_status": 0}, {"RN": 15, "QY_ID": "002105291240477718", "QY_ORG_CODE": "911100007355900723", "QY_NAME": "弘正建设集团有限公司", "QY_FR_NAME": "刘会", "QY_REGION": "110100", "QY_REGION_NAME": "北京市-市辖区", "OLD_CODE": "735590072", "COLLECT_TIME": 1622263209000, "QY_SRC_TYPE": "0", "hub_crawl_status": 0}]