[{"RN": 166, "QY_ID": "002105291305853237", "QY_ORG_CODE": "9111000070022905XJ", "QY_NAME": "北京华铭保信建筑工程发展有限公司", "QY_FR_NAME": "刘逸锋", "QY_REGION": "110100", "QY_REGION_NAME": "北京市-市辖区", "OLD_CODE": "70022905X", "COLLECT_TIME": 1622264730000, "QY_SRC_TYPE": "0", "hub_crawl_status": 0}, {"RN": 167, "QY_ID": "002105291305860904", "QY_ORG_CODE": "91110111556891793M", "QY_NAME": "中铁装配式建筑科技有限公司", "QY_FR_NAME": "单国权", "QY_REGION": "110000", "QY_REGION_NAME": "北京市", "OLD_CODE": "556891793", "COLLECT_TIME": 1622264738000, "QY_SRC_TYPE": "0", "hub_crawl_status": 0}, {"RN": 168, "QY_ID": "002105291305865179", "QY_ORG_CODE": "91110113102566849A", "QY_NAME": "北京大龙顺发建筑工程有限公司", "QY_FR_NAME": "贯会庆", "QY_REGION": "110000", "QY_REGION_NAME": "北京市", "OLD_CODE": "102566849", "COLLECT_TIME": 1622264743000, "QY_SRC_TYPE": "0", "hub_crawl_status": 0}, {"RN": 169, "QY_ID": "002105291305874306", "QY_ORG_CODE": "91110302783950546E", "QY_NAME": "北京博大经开建设有限公司", "QY_FR_NAME": "颜刚", "QY_REGION": "110000", "QY_REGION_NAME": "北京市", "OLD_CODE": "783950546", "COLLECT_TIME": 1622264756000, "QY_SRC_TYPE": "0", "hub_crawl_status": 0}, {"RN": 170, "QY_ID": "002105291305876218", "QY_ORG_CODE": "91110000773351689T", "QY_NAME": "浦项建设（中国）有限公司", "QY_FR_NAME": "徐英焕", "QY_REGION": "110100", "QY_REGION_NAME": "北京市-市辖区", "OLD_CODE": "773351689", "COLLECT_TIME": 1622264757000, "QY_SRC_TYPE": "0", "hub_crawl_status": 0}, {"RN": 171, "QY_ID": "002105291306879375", "QY_ORG_CODE": "91110000600035477H", "QY_NAME": "北京建工土木工程有限公司", "QY_FR_NAME": "路刚", "QY_REGION": "110000", "QY_REGION_NAME": "北京市", "OLD_CODE": "600035477", "COLLECT_TIME": 1622264761000, "QY_SRC_TYPE": "0", "hub_crawl_status": 0}, {"RN": 172, "QY_ID": "002105291306889051", "QY_ORG_CODE": "91110106101298723K", "QY_NAME": "中铁电气化局集团第一工程有限公司", "QY_FR_NAME": "安智勇", "QY_REGION": "110000", "QY_REGION_NAME": "北京市", "OLD_CODE": "101298723", "COLLECT_TIME": 1622264769000, "QY_SRC_TYPE": "0", "hub_crawl_status": 0}, {"RN": 173, "QY_ID": "002105291306889244", "QY_ORG_CODE": "91110000102962323N", "QY_NAME": "北京天润建设有限公司", "QY_FR_NAME": "罗瑞峰", "QY_REGION": "110000", "QY_REGION_NAME": "北京市", "OLD_CODE": "102962323", "COLLECT_TIME": 1622264770000, "QY_SRC_TYPE": "0", "hub_crawl_status": 0}, {"RN": 174, "QY_ID": "002105291306890143", "QY_ORG_CODE": "911100007178285938", "QY_NAME": "中国铁路通信信号股份有限公司", "QY_FR_NAME": "周志亮", "QY_REGION": "110000", "QY_REGION_NAME": "北京市", "OLD_CODE": "717828593", "COLLECT_TIME": 1622264772000, "QY_SRC_TYPE": "0", "hub_crawl_status": 0}, {"RN": 175, "QY_ID": "002105291306899390", "QY_ORG_CODE": "91110116600428596R", "QY_NAME": "北京观唐城投建设有限公司", "QY_FR_NAME": "郭学林", "QY_REGION": "110000", "QY_REGION_NAME": "北京市", "OLD_CODE": "600428596", "COLLECT_TIME": 1622264786000, "QY_SRC_TYPE": "0", "hub_crawl_status": 0}, {"RN": 176, "QY_ID": "002105291306900224", "QY_ORG_CODE": "91110000100023357T", "QY_NAME": "中冶建设高新工程技术有限责任公司", "QY_FR_NAME": "杨立龙", "QY_REGION": "110000", "QY_REGION_NAME": "北京市", "OLD_CODE": "100023357", "COLLECT_TIME": 1622264787000, "QY_SRC_TYPE": "0", "hub_crawl_status": 0}, {"RN": 177, "QY_ID": "002105291306901474", "QY_ORG_CODE": "9111011578778045XC", "QY_NAME": "中标集团总包建设有限公司", "QY_FR_NAME": "郝伍黑", "QY_REGION": "110100", "QY_REGION_NAME": "北京市-市辖区", "OLD_CODE": "78778045X", "COLLECT_TIME": 1622264789000, "QY_SRC_TYPE": "0", "hub_crawl_status": 0}, {"RN": 178, "QY_ID": "002105291312907652", "QY_ORG_CODE": "911102291000285539", "QY_NAME": "中铁北京工程局集团北京有限公司", "QY_FR_NAME": "衣东生", "QY_REGION": "110100", "QY_REGION_NAME": "北京市-市辖区", "OLD_CODE": "100028553", "COLLECT_TIME": 1622265168000, "QY_SRC_TYPE": "0", "hub_crawl_status": 0}, {"RN": 179, "QY_ID": "002105291312908731", "QY_ORG_CODE": "91110113633699173P", "QY_NAME": "北京天源建筑工程有限责任公司", "QY_FR_NAME": "胡文节", "QY_REGION": "110100", "QY_REGION_NAME": "北京市-市辖区", "OLD_CODE": "633699173", "COLLECT_TIME": 1622265169000, "QY_SRC_TYPE": "0", "hub_crawl_status": 0}, {"RN": 180, "QY_ID": "002105291312909738", "QY_ORG_CODE": "91110000722617512U", "QY_NAME": "北京首华建设经营有限公司", "QY_FR_NAME": "冯立钧", "QY_REGION": "110100", "QY_REGION_NAME": "北京市-市辖区", "OLD_CODE": "722617512", "COLLECT_TIME": 1622265170000, "QY_SRC_TYPE": "0", "hub_crawl_status": 0}]