[{"RN": 106, "QY_ID": "002105291241623015", "QY_ORG_CODE": "911100001017212292", "QY_NAME": "北京国际建设集团有限公司", "QY_FR_NAME": "陈海龙", "QY_REGION": "110100", "QY_REGION_NAME": "北京市-市辖区", "OLD_CODE": "101721229", "COLLECT_TIME": 1622263309000, "QY_SRC_TYPE": "0", "hub_crawl_status": 0}, {"RN": 107, "QY_ID": "002105291241626316", "QY_ORG_CODE": "91110000102845514P", "QY_NAME": "中建一局集团安装工程有限公司", "QY_FR_NAME": "沙海", "QY_REGION": "110000", "QY_REGION_NAME": "北京市", "OLD_CODE": "102845514", "COLLECT_TIME": 1622263315000, "QY_SRC_TYPE": "0", "hub_crawl_status": 0}, {"RN": 108, "QY_ID": "002105291241626835", "QY_ORG_CODE": "91110229114112617H", "QY_NAME": "中机城市建设有限公司", "QY_FR_NAME": "程建", "QY_REGION": "110000", "QY_REGION_NAME": "北京市", "OLD_CODE": "114112617", "COLLECT_TIME": 1622263316000, "QY_SRC_TYPE": "0", "hub_crawl_status": 0}, {"RN": 109, "QY_ID": "002105291241628294", "QY_ORG_CODE": "91110101101119844W", "QY_NAME": "北京城乡中昊建设有限责任公司", "QY_FR_NAME": "朱涛", "QY_REGION": "110000", "QY_REGION_NAME": "北京市", "OLD_CODE": "101119844", "COLLECT_TIME": 1622263318000, "QY_SRC_TYPE": "0", "hub_crawl_status": 0}, {"RN": 110, "QY_ID": "002105291242630755", "QY_ORG_CODE": "91110000710933964R", "QY_NAME": "中国葛洲坝集团国际工程有限公司", "QY_FR_NAME": "吕泽翔", "QY_REGION": "110000", "QY_REGION_NAME": "北京市", "OLD_CODE": "710933964", "COLLECT_TIME": 1622263320000, "QY_SRC_TYPE": "0", "hub_crawl_status": 0}, {"RN": 111, "QY_ID": "002105291242633891", "QY_ORG_CODE": "91110105101700022P", "QY_NAME": "中国能源建设集团北京电力建设有限公司", "QY_FR_NAME": "毛世勇", "QY_REGION": "110100", "QY_REGION_NAME": "北京市-市辖区", "OLD_CODE": "101700022", "COLLECT_TIME": 1622263326000, "QY_SRC_TYPE": "0", "hub_crawl_status": 0}, {"RN": 112, "QY_ID": "002105291242634127", "QY_ORG_CODE": "91110108101900964M", "QY_NAME": "北京住总第三开发建设有限公司", "QY_FR_NAME": "赵珂", "QY_REGION": "110100", "QY_REGION_NAME": "北京市-市辖区", "OLD_CODE": "101900964", "COLLECT_TIME": 1622263326000, "QY_SRC_TYPE": "0", "hub_crawl_status": 0}, {"RN": 113, "QY_ID": "002105291242645565", "QY_ORG_CODE": "91110000103058395N", "QY_NAME": "北京八达岭金宸建筑有限公司", "QY_FR_NAME": "张兆清", "QY_REGION": "110000", "QY_REGION_NAME": "北京市", "OLD_CODE": "103058395", "COLLECT_TIME": 1622263348000, "QY_SRC_TYPE": "0", "hub_crawl_status": 0}, {"RN": 114, "QY_ID": "002105291248652122", "QY_ORG_CODE": "91110108100017459L", "QY_NAME": "中地长泰建设有限公司", "QY_FR_NAME": "张宇", "QY_REGION": "110000", "QY_REGION_NAME": "北京市", "OLD_CODE": "100017459", "COLLECT_TIME": 1622263685000, "QY_SRC_TYPE": "0", "hub_crawl_status": 0}, {"RN": 115, "QY_ID": "002105291248652828", "QY_ORG_CODE": "91110000102790955M", "QY_NAME": "北京顺天通建筑工程有限公司", "QY_FR_NAME": "曹晨光", "QY_REGION": "110000", "QY_REGION_NAME": "北京市", "OLD_CODE": "102790955", "COLLECT_TIME": 1622263685000, "QY_SRC_TYPE": "0", "hub_crawl_status": 0}, {"RN": 116, "QY_ID": "002105291248654284", "QY_ORG_CODE": "91110000722604658T", "QY_NAME": "泛华建设集团有限公司", "QY_FR_NAME": "杨文", "QY_REGION": "110000", "QY_REGION_NAME": "北京市", "OLD_CODE": "722604658", "COLLECT_TIME": 1622263687000, "QY_SRC_TYPE": "0", "hub_crawl_status": 0}, {"RN": 117, "QY_ID": "002105291248656696", "QY_ORG_CODE": "91110000794050607P", "QY_NAME": "北京住总第二开发建设有限公司", "QY_FR_NAME": "孙宗安", "QY_REGION": "110000", "QY_REGION_NAME": "北京市", "OLD_CODE": "794050607", "COLLECT_TIME": 1622263689000, "QY_SRC_TYPE": "0", "hub_crawl_status": 0}, {"RN": 118, "QY_ID": "002105291248657081", "QY_ORG_CODE": "91110106787753136F", "QY_NAME": "北京中旺振宇建筑工程有限公司", "QY_FR_NAME": "刘锦", "QY_REGION": "110100", "QY_REGION_NAME": "北京市-市辖区", "OLD_CODE": "787753136", "COLLECT_TIME": 1622263689000, "QY_SRC_TYPE": "0", "hub_crawl_status": 0}, {"RN": 119, "QY_ID": "002105291248658354", "QY_ORG_CODE": "91110000192472028J", "QY_NAME": "北方国际合作股份有限公司", "QY_FR_NAME": "原军", "QY_REGION": "110100", "QY_REGION_NAME": "北京市-市辖区", "OLD_CODE": "192472028", "COLLECT_TIME": 1622263690000, "QY_SRC_TYPE": "0", "hub_crawl_status": 0}, {"RN": 120, "QY_ID": "002105291248675878", "QY_ORG_CODE": "91110111667540021E", "QY_NAME": "北京新兴建宇建筑工程有限公司", "QY_FR_NAME": "蒋彬", "QY_REGION": "110100", "QY_REGION_NAME": "北京市-市辖区", "OLD_CODE": "667540021", "COLLECT_TIME": 1622263707000, "QY_SRC_TYPE": "0", "hub_crawl_status": 0}]