[{"RN": 46, "QY_ID": "002105291240519475", "QY_ORG_CODE": "9111030410276823X2", "QY_NAME": "北京燕化天钲建筑工程有限责任公司", "QY_FR_NAME": "丁振范", "QY_REGION": "110100", "QY_REGION_NAME": "北京市-市辖区", "OLD_CODE": "10276823X", "COLLECT_TIME": 1622263232000, "QY_SRC_TYPE": "0", "hub_crawl_status": 0}, {"RN": 47, "QY_ID": "002105291240520268", "QY_ORG_CODE": "911101156738236779", "QY_NAME": "北京川岩建设工程有限责任公司", "QY_FR_NAME": "范海燕", "QY_REGION": "110000", "QY_REGION_NAME": "北京市", "OLD_CODE": "673823677", "COLLECT_TIME": 1622263232000, "QY_SRC_TYPE": "0", "hub_crawl_status": 0}, {"RN": 48, "QY_ID": "002105291240520271", "QY_ORG_CODE": "911101066336357512", "QY_NAME": "北京诚通新新建设有限公司", "QY_FR_NAME": "王秀敏", "QY_REGION": "110000", "QY_REGION_NAME": "北京市", "OLD_CODE": "633635751", "COLLECT_TIME": 1622263232000, "QY_SRC_TYPE": "0", "hub_crawl_status": 0}, {"RN": 49, "QY_ID": "002105291240521754", "QY_ORG_CODE": "91110000100006856A", "QY_NAME": "中国建筑技术集团有限公司", "QY_FR_NAME": "冯禄", "QY_REGION": "110100", "QY_REGION_NAME": "北京市-市辖区", "OLD_CODE": "100006856", "COLLECT_TIME": 1622263233000, "QY_SRC_TYPE": "0", "hub_crawl_status": 0}, {"RN": 50, "QY_ID": "002105291240522099", "QY_ORG_CODE": "91110000717829414L", "QY_NAME": "中国黄金集团建设有限公司", "QY_FR_NAME": "徐福山", "QY_REGION": "110100", "QY_REGION_NAME": "北京市-市辖区", "OLD_CODE": "717829414", "COLLECT_TIME": 1622263233000, "QY_SRC_TYPE": "0", "hub_crawl_status": 0}, {"RN": 51, "QY_ID": "002105291240522235", "QY_ORG_CODE": "91110000MA0048U369", "QY_NAME": "北京市住宅产业化集团股份有限公司", "QY_FR_NAME": "王春雷", "QY_REGION": "110100", "QY_REGION_NAME": "北京市-市辖区", "OLD_CODE": "MA0048U36", "COLLECT_TIME": 1622263234000, "QY_SRC_TYPE": "0", "hub_crawl_status": 0}, {"RN": 52, "QY_ID": "002105291240528015", "QY_ORG_CODE": "911100001011047572", "QY_NAME": "北京住总第一开发建设有限公司", "QY_FR_NAME": "马跃", "QY_REGION": "110100", "QY_REGION_NAME": "北京市-市辖区", "OLD_CODE": "101104757", "COLLECT_TIME": 1622263237000, "QY_SRC_TYPE": "0", "hub_crawl_status": 0}, {"RN": 53, "QY_ID": "002105291240528921", "QY_ORG_CODE": "91110108722601000X", "QY_NAME": "北京城建九建设工程有限公司", "QY_FR_NAME": "施亚兵", "QY_REGION": "110000", "QY_REGION_NAME": "北京市", "OLD_CODE": "722601000", "COLLECT_TIME": 1622263238000, "QY_SRC_TYPE": "0", "hub_crawl_status": 0}, {"RN": 54, "QY_ID": "002105291240532311", "QY_ORG_CODE": "91110000633696431Q", "QY_NAME": "国合建设集团有限公司", "QY_FR_NAME": "马似鹏", "QY_REGION": "110100", "QY_REGION_NAME": "北京市-市辖区", "OLD_CODE": "633696431", "COLLECT_TIME": 1622263240000, "QY_SRC_TYPE": "0", "hub_crawl_status": 0}, {"RN": 55, "QY_ID": "002105291240535271", "QY_ORG_CODE": "91110101717853502J", "QY_NAME": "新昌营造建筑有限公司", "QY_FR_NAME": "梁兆昌", "QY_REGION": "110100", "QY_REGION_NAME": "北京市-市辖区", "OLD_CODE": "717853502", "COLLECT_TIME": 1622263242000, "QY_SRC_TYPE": "0", "hub_crawl_status": 0}, {"RN": 56, "QY_ID": "002105291240535660", "QY_ORG_CODE": "911100001024166723", "QY_NAME": "北京欣东园建筑工程有限公司", "QY_FR_NAME": "王凤良", "QY_REGION": "110000", "QY_REGION_NAME": "北京市", "OLD_CODE": "102416672", "COLLECT_TIME": 1622263242000, "QY_SRC_TYPE": "0", "hub_crawl_status": 0}, {"RN": 57, "QY_ID": "002105291240539414", "QY_ORG_CODE": "911100007109356445", "QY_NAME": "中国化学工程股份有限公司", "QY_FR_NAME": "戴和根", "QY_REGION": "110100", "QY_REGION_NAME": "北京市-市辖区", "OLD_CODE": "710935644", "COLLECT_TIME": 1622263245000, "QY_SRC_TYPE": "0", "hub_crawl_status": 0}, {"RN": 58, "QY_ID": "002105291240542402", "QY_ORG_CODE": "91110102101113290N", "QY_NAME": "北京城乡欣瑞建设有限公司", "QY_FR_NAME": "沈清", "QY_REGION": "110000", "QY_REGION_NAME": "北京市", "OLD_CODE": "101113290", "COLLECT_TIME": 1622263247000, "QY_SRC_TYPE": "0", "hub_crawl_status": 0}, {"RN": 59, "QY_ID": "002105291240544455", "QY_ORG_CODE": "91110000103028655C", "QY_NAME": "北京汇达通建设集团有限公司", "QY_FR_NAME": "刘春生", "QY_REGION": "110200", "QY_REGION_NAME": "北京市", "OLD_CODE": "103028655", "COLLECT_TIME": 1622263248000, "QY_SRC_TYPE": "0", "hub_crawl_status": 0}, {"RN": 60, "QY_ID": "002105291240544751", "QY_ORG_CODE": "91110000094313947U", "QY_NAME": "中铁十六局集团城市建设发展有限公司", "QY_FR_NAME": "刘峰", "QY_REGION": "110000", "QY_REGION_NAME": "北京市", "OLD_CODE": "094313947", "COLLECT_TIME": 1622263248000, "QY_SRC_TYPE": "0", "hub_crawl_status": 0}]