[{"RN": 151, "QY_ID": "002105291254765116", "QY_ORG_CODE": "911100001000010001", "QY_NAME": "中国航空技术国际工程有限公司", "QY_FR_NAME": "刘洪光", "QY_REGION": "110000", "QY_REGION_NAME": "北京市", "OLD_CODE": "100001000", "COLLECT_TIME": 1622264098000, "QY_SRC_TYPE": "0", "hub_crawl_status": 0}, {"RN": 152, "QY_ID": "002105291254765190", "QY_ORG_CODE": "9111000010297042X6", "QY_NAME": "中航建设集团有限公司", "QY_FR_NAME": "陈先瑞", "QY_REGION": "110000", "QY_REGION_NAME": "北京市", "OLD_CODE": "10297042X", "COLLECT_TIME": 1622264099000, "QY_SRC_TYPE": "0", "hub_crawl_status": 0}, {"RN": 153, "QY_ID": "002105291255771509", "QY_ORG_CODE": "911100006738027452", "QY_NAME": "远洋国际建设有限公司", "QY_FR_NAME": "何畏", "QY_REGION": "110100", "QY_REGION_NAME": "北京市-市辖区", "OLD_CODE": "673802745", "COLLECT_TIME": 1622264105000, "QY_SRC_TYPE": "0", "hub_crawl_status": 0}, {"RN": 154, "QY_ID": "002105291255772310", "QY_ORG_CODE": "911101051023030882", "QY_NAME": "北京城建八建设发展有限责任公司", "QY_FR_NAME": "杨谦", "QY_REGION": "110000", "QY_REGION_NAME": "北京市", "OLD_CODE": "102303088", "COLLECT_TIME": 1622264106000, "QY_SRC_TYPE": "0", "hub_crawl_status": 0}, {"RN": 155, "QY_ID": "002105291255774438", "QY_ORG_CODE": "911101167226049574", "QY_NAME": "北京城建十建设工程有限公司", "QY_FR_NAME": "彭雷", "QY_REGION": "110000", "QY_REGION_NAME": "北京市", "OLD_CODE": "722604957", "COLLECT_TIME": 1622264109000, "QY_SRC_TYPE": "0", "hub_crawl_status": 0}, {"RN": 156, "QY_ID": "002105291255774598", "QY_ORG_CODE": "91110117MA01DEN46B", "QY_NAME": "中交瑞通建筑工程有限公司", "QY_FR_NAME": "孙昕", "QY_REGION": "110100", "QY_REGION_NAME": "北京市-市辖区", "OLD_CODE": "MA01DEN46", "COLLECT_TIME": 1622264109000, "QY_SRC_TYPE": "0", "hub_crawl_status": 0}, {"RN": 157, "QY_ID": "002105291258781156", "QY_ORG_CODE": "91110113585886619K", "QY_NAME": "北京正方新辰建筑工程有限公司", "QY_FR_NAME": "曾轶男", "QY_REGION": "110000", "QY_REGION_NAME": "北京市", "OLD_CODE": "585886619", "COLLECT_TIME": 1622264306000, "QY_SRC_TYPE": "0", "hub_crawl_status": 0}, {"RN": 158, "QY_ID": "002105291258784613", "QY_ORG_CODE": "911100001000009805", "QY_NAME": "中国地质工程集团有限公司", "QY_FR_NAME": "孙锦红", "QY_REGION": "110100", "QY_REGION_NAME": "北京市-市辖区", "OLD_CODE": "100000980", "COLLECT_TIME": 1622264310000, "QY_SRC_TYPE": "0", "hub_crawl_status": 0}, {"RN": 159, "QY_ID": "002105291258788844", "QY_ORG_CODE": "911101081000149360", "QY_NAME": "中建城市建设发展有限公司", "QY_FR_NAME": "潘学斌", "QY_REGION": "110100", "QY_REGION_NAME": "北京市-市辖区", "OLD_CODE": "100014936", "COLLECT_TIME": 1622264314000, "QY_SRC_TYPE": "0", "hub_crawl_status": 0}, {"RN": 160, "QY_ID": "002105291258808901", "QY_ORG_CODE": "91110000102196649U", "QY_NAME": "中国铁工投资建设集团有限公司", "QY_FR_NAME": "张建国", "QY_REGION": "110000", "QY_REGION_NAME": "北京市", "OLD_CODE": "102196649", "COLLECT_TIME": 1622264337000, "QY_SRC_TYPE": "0", "hub_crawl_status": 0}, {"RN": 161, "QY_ID": "002105291259814903", "QY_ORG_CODE": "91110105101830898Q", "QY_NAME": "北京蓝天建设有限公司", "QY_FR_NAME": "李贵锋", "QY_REGION": "110100", "QY_REGION_NAME": "北京市-市辖区", "OLD_CODE": "101830898", "COLLECT_TIME": 1622264345000, "QY_SRC_TYPE": "0", "hub_crawl_status": 0}, {"RN": 162, "QY_ID": "002105291259816736", "QY_ORG_CODE": "91110302584495229A", "QY_NAME": "中铁二十一局集团第六工程有限公司", "QY_FR_NAME": "柴生虎", "QY_REGION": "110000", "QY_REGION_NAME": "北京市", "OLD_CODE": "584495229", "COLLECT_TIME": 1622264348000, "QY_SRC_TYPE": "0", "hub_crawl_status": 0}, {"RN": 163, "QY_ID": "002105291259822676", "QY_ORG_CODE": "91110000102371128U", "QY_NAME": "北京京西建设集团有限责任公司", "QY_FR_NAME": "张春春", "QY_REGION": "110100", "QY_REGION_NAME": "北京市-市辖区", "OLD_CODE": "102371128", "COLLECT_TIME": 1622264354000, "QY_SRC_TYPE": "0", "hub_crawl_status": 0}, {"RN": 164, "QY_ID": "002105291259840212", "QY_ORG_CODE": "91110108102163791R", "QY_NAME": "中铁六局集团北京铁路建设有限公司", "QY_FR_NAME": "陈民强", "QY_REGION": "110100", "QY_REGION_NAME": "北京市-市辖区", "OLD_CODE": "102163791", "COLLECT_TIME": 1622264376000, "QY_SRC_TYPE": "0", "hub_crawl_status": 0}, {"RN": 165, "QY_ID": "002105291305849455", "QY_ORG_CODE": "91110115MA01JBJD9B", "QY_NAME": "中化学路桥建设有限公司", "QY_FR_NAME": "钟勇", "QY_REGION": "110100", "QY_REGION_NAME": "北京市-市辖区", "OLD_CODE": "MA01JBJD9", "COLLECT_TIME": 1622264726000, "QY_SRC_TYPE": "0", "hub_crawl_status": 0}]