[{"RN": 181, "QY_ID": "002105291312913848", "QY_ORG_CODE": "911101017109278399", "QY_NAME": "华润建筑有限公司", "QY_FR_NAME": "燕现军", "QY_REGION": "110100", "QY_REGION_NAME": "北京市-市辖区", "OLD_CODE": "710927839", "COLLECT_TIME": 1622265174000, "QY_SRC_TYPE": "0", "hub_crawl_status": 0}, {"RN": 182, "QY_ID": "002105291313920066", "QY_ORG_CODE": "12345678000000002X", "QY_NAME": "战略支援部队航天工程技术大队", "QY_FR_NAME": "黄书文", "QY_REGION": "110100", "QY_REGION_NAME": "北京市-市辖区", "OLD_CODE": "000000002", "COLLECT_TIME": 1622265182000, "QY_SRC_TYPE": "0", "hub_crawl_status": 0}, {"RN": 183, "QY_ID": "002105291313920347", "QY_ORG_CODE": "91110000127574108P", "QY_NAME": "中城投集团第五工程局有限公司", "QY_FR_NAME": "刘国强", "QY_REGION": "110000", "QY_REGION_NAME": "北京市", "OLD_CODE": "127574108", "COLLECT_TIME": 1622265182000, "QY_SRC_TYPE": "0", "hub_crawl_status": 0}, {"RN": 184, "QY_ID": "002105291313934504", "QY_ORG_CODE": "91110113102495518G", "QY_NAME": "北京市顺建工程有限公司", "QY_FR_NAME": "张殿友", "QY_REGION": "110100", "QY_REGION_NAME": "北京市-市辖区", "OLD_CODE": "102495518", "COLLECT_TIME": 1622265198000, "QY_SRC_TYPE": "0", "hub_crawl_status": 0}, {"RN": 185, "QY_ID": "002105291313934540", "QY_ORG_CODE": "91110000102334212L", "QY_NAME": "中铁三局集团第四工程有限公司", "QY_FR_NAME": "邓飞", "QY_REGION": "110100", "QY_REGION_NAME": "北京市-市辖区", "OLD_CODE": "102334212", "COLLECT_TIME": 1622265198000, "QY_SRC_TYPE": "0", "hub_crawl_status": 0}, {"RN": 186, "QY_ID": "002105291313934748", "QY_ORG_CODE": "91110108600013075F", "QY_NAME": "中建-大成建筑有限责任公司", "QY_FR_NAME": "许涛", "QY_REGION": "110100", "QY_REGION_NAME": "北京市-市辖区", "OLD_CODE": "600013075", "COLLECT_TIME": 1622265198000, "QY_SRC_TYPE": "0", "hub_crawl_status": 0}, {"RN": 187, "QY_ID": "002105291313937894", "QY_ORG_CODE": "91110102104326072L", "QY_NAME": "中建二局安装工程有限公司", "QY_FR_NAME": "孙顺利", "QY_REGION": "110000", "QY_REGION_NAME": "北京市", "OLD_CODE": "104326072", "COLLECT_TIME": 1622265201000, "QY_SRC_TYPE": "0", "hub_crawl_status": 0}, {"RN": 188, "QY_ID": "002105291313954860", "QY_ORG_CODE": "911100001285287956", "QY_NAME": "中铁二十三局集团第二工程有限公司", "QY_FR_NAME": "王利民", "QY_REGION": "110000", "QY_REGION_NAME": "北京市", "OLD_CODE": "128528795", "COLLECT_TIME": 1622265224000, "QY_SRC_TYPE": "0", "hub_crawl_status": 0}, {"RN": 189, "QY_ID": "002105291322002643", "QY_ORG_CODE": "911101153272438999", "QY_NAME": "中建三局集团北京有限公司", "QY_FR_NAME": "刘运胜", "QY_REGION": "110000", "QY_REGION_NAME": "北京市", "OLD_CODE": "327243899", "COLLECT_TIME": 1622265760000, "QY_SRC_TYPE": "0", "hub_crawl_status": 0}, {"RN": 190, "QY_ID": "002105291322003969", "QY_ORG_CODE": "911101096717035759", "QY_NAME": "中铁天丰建筑工程有限公司", "QY_FR_NAME": "郭玉明", "QY_REGION": "110100", "QY_REGION_NAME": "北京市-市辖区", "OLD_CODE": "671703575", "COLLECT_TIME": 1622265762000, "QY_SRC_TYPE": "0", "hub_crawl_status": 0}, {"RN": 191, "QY_ID": "002105291322008540", "QY_ORG_CODE": "91110000752604632C", "QY_NAME": "北京大唐首邑建筑集团有限责任公司", "QY_FR_NAME": "于妮佳", "QY_REGION": "110000", "QY_REGION_NAME": "北京市", "OLD_CODE": "752604632", "COLLECT_TIME": 1622265769000, "QY_SRC_TYPE": "0", "hub_crawl_status": 0}, {"RN": 192, "QY_ID": "002105291322010540", "QY_ORG_CODE": "91110000100000972A", "QY_NAME": "中国成套设备进出口集团有限公司", "QY_FR_NAME": "张肇刚", "QY_REGION": "110100", "QY_REGION_NAME": "北京市-市辖区", "OLD_CODE": "100000972", "COLLECT_TIME": 1622265772000, "QY_SRC_TYPE": "0", "hub_crawl_status": 0}, {"RN": 193, "QY_ID": "002105291322985033", "QY_ORG_CODE": "91110000104322012F", "QY_NAME": "中国核工业二三建设有限公司", "QY_FR_NAME": "张金涛", "QY_REGION": "110100", "QY_REGION_NAME": "北京市-市辖区", "OLD_CODE": "104322012", "COLLECT_TIME": 1622265738000, "QY_SRC_TYPE": "0", "hub_crawl_status": 0}, {"RN": 194, "QY_ID": "002105291322988023", "QY_ORG_CODE": "91110107102277510U", "QY_NAME": "北京京石建业建设工程有限公司", "QY_FR_NAME": "李明", "QY_REGION": "110000", "QY_REGION_NAME": "北京市", "OLD_CODE": "102277510", "COLLECT_TIME": 1622265741000, "QY_SRC_TYPE": "0", "hub_crawl_status": 0}, {"RN": 195, "QY_ID": "002105291322989708", "QY_ORG_CODE": "91110108MA01EH211K", "QY_NAME": "中植建投集团有限公司", "QY_FR_NAME": "马建业", "QY_REGION": "110100", "QY_REGION_NAME": "北京市-市辖区", "OLD_CODE": "MA01EH211", "COLLECT_TIME": 1622265742000, "QY_SRC_TYPE": "0", "hub_crawl_status": 0}]