[{"RN": 31, "QY_ID": "002105291240503530", "QY_ORG_CODE": "91110108102055141N", "QY_NAME": "中国京冶工程技术有限公司", "QY_FR_NAME": "王波", "QY_REGION": "110000", "QY_REGION_NAME": "北京市", "OLD_CODE": "102055141", "COLLECT_TIME": 1622263223000, "QY_SRC_TYPE": "0", "hub_crawl_status": 0}, {"RN": 32, "QY_ID": "002105291240504197", "QY_ORG_CODE": "911101067376833365", "QY_NAME": "北京航天万源建筑工程有限责任公司", "QY_FR_NAME": "钱杰", "QY_REGION": "110000", "QY_REGION_NAME": "北京市", "OLD_CODE": "737683336", "COLLECT_TIME": 1622263224000, "QY_SRC_TYPE": "0", "hub_crawl_status": 0}, {"RN": 33, "QY_ID": "002105291240504900", "QY_ORG_CODE": "911101141013225946", "QY_NAME": "北京中煤正辰建设有限公司", "QY_FR_NAME": "任善传", "QY_REGION": "110000", "QY_REGION_NAME": "北京市", "OLD_CODE": "101322594", "COLLECT_TIME": 1622263224000, "QY_SRC_TYPE": "0", "hub_crawl_status": 0}, {"RN": 34, "QY_ID": "002105291240505791", "QY_ORG_CODE": "9111000010146877XB", "QY_NAME": "北京北国建筑工程有限责任公司", "QY_FR_NAME": "李之会", "QY_REGION": "110000", "QY_REGION_NAME": "北京市", "OLD_CODE": "10146877X", "COLLECT_TIME": 1622263225000, "QY_SRC_TYPE": "0", "hub_crawl_status": 0}, {"RN": 35, "QY_ID": "002105291240506581", "QY_ORG_CODE": "91110000722617379C", "QY_NAME": "北京房建建筑股份有限公司", "QY_FR_NAME": "武卫", "QY_REGION": "110000", "QY_REGION_NAME": "北京市", "OLD_CODE": "722617379", "COLLECT_TIME": 1622263225000, "QY_SRC_TYPE": "0", "hub_crawl_status": 0}, {"RN": 36, "QY_ID": "002105291240506783", "QY_ORG_CODE": "91110114102625394E", "QY_NAME": "北京市昌平一建建筑有限责任公司", "QY_FR_NAME": "张东存", "QY_REGION": "110100", "QY_REGION_NAME": "北京市-市辖区", "OLD_CODE": "102625394", "COLLECT_TIME": 1622263225000, "QY_SRC_TYPE": "0", "hub_crawl_status": 0}, {"RN": 37, "QY_ID": "002105291240507101", "QY_ORG_CODE": "911100006336904194", "QY_NAME": "北京住总正华开发建设集团有限公司", "QY_FR_NAME": "张小琨", "QY_REGION": "110000", "QY_REGION_NAME": "北京市", "OLD_CODE": "633690419", "COLLECT_TIME": 1622263225000, "QY_SRC_TYPE": "0", "hub_crawl_status": 0}, {"RN": 38, "QY_ID": "002105291240507379", "QY_ORG_CODE": "91110101801229729E", "QY_NAME": "中煤建设集团工程有限公司", "QY_FR_NAME": "孟瑞华", "QY_REGION": "110000", "QY_REGION_NAME": "北京市", "OLD_CODE": "801229729", "COLLECT_TIME": 1622263225000, "QY_SRC_TYPE": "0", "hub_crawl_status": 0}, {"RN": 39, "QY_ID": "002105291240507700", "QY_ORG_CODE": "911101021015333401", "QY_NAME": "北京城乡一建设工程有限责任公司", "QY_FR_NAME": "杨红通", "QY_REGION": "110000", "QY_REGION_NAME": "北京市", "OLD_CODE": "101533340", "COLLECT_TIME": 1622263226000, "QY_SRC_TYPE": "0", "hub_crawl_status": 0}, {"RN": 40, "QY_ID": "002105291240507972", "QY_ORG_CODE": "911100001025185216", "QY_NAME": "北京顺义建筑企业集团公司", "QY_FR_NAME": "杨祥方", "QY_REGION": "110000", "QY_REGION_NAME": "北京市", "OLD_CODE": "102518521", "COLLECT_TIME": 1622263226000, "QY_SRC_TYPE": "0", "hub_crawl_status": 0}, {"RN": 41, "QY_ID": "002105291240514229", "QY_ORG_CODE": "9111010810195169X3", "QY_NAME": "中冶节能环保有限责任公司", "QY_FR_NAME": "李惊涛", "QY_REGION": "110000", "QY_REGION_NAME": "北京市", "OLD_CODE": "10195169X", "COLLECT_TIME": 1622263229000, "QY_SRC_TYPE": "0", "hub_crawl_status": 0}, {"RN": 42, "QY_ID": "002105291240514968", "QY_ORG_CODE": "9111010610215596XJ", "QY_NAME": "北京老京华建筑公司", "QY_FR_NAME": "刘亚利", "QY_REGION": "110000", "QY_REGION_NAME": "北京市", "OLD_CODE": "10215596X", "COLLECT_TIME": 1622263229000, "QY_SRC_TYPE": "0", "hub_crawl_status": 0}, {"RN": 43, "QY_ID": "002105291240515133", "QY_ORG_CODE": "91110106102130017J", "QY_NAME": "北京市丰房建筑工程有限公司", "QY_FR_NAME": "唐宇新", "QY_REGION": "110000", "QY_REGION_NAME": "北京市", "OLD_CODE": "102130017", "COLLECT_TIME": 1622263229000, "QY_SRC_TYPE": "0", "hub_crawl_status": 0}, {"RN": 44, "QY_ID": "002105291240516143", "QY_ORG_CODE": "9111010563302044XW", "QY_NAME": "北京市日盛达建筑企业集团有限公司", "QY_FR_NAME": "律文秋", "QY_REGION": "110100", "QY_REGION_NAME": "北京市-市辖区", "OLD_CODE": "63302044X", "COLLECT_TIME": 1622263230000, "QY_SRC_TYPE": "0", "hub_crawl_status": 0}, {"RN": 45, "QY_ID": "002105291240516236", "QY_ORG_CODE": "9111000031819188X3", "QY_NAME": "中煤建工集团有限公司", "QY_FR_NAME": "穆勇", "QY_REGION": "110000", "QY_REGION_NAME": "北京市", "OLD_CODE": "31819188X", "COLLECT_TIME": 1622263230000, "QY_SRC_TYPE": "0", "hub_crawl_status": 0}]