[{"RN": 121, "QY_ID": "002105291248682804", "QY_ORG_CODE": "91110000101134251A", "QY_NAME": "北京市建雄建筑集团有限公司", "QY_FR_NAME": "郭静新", "QY_REGION": "110200", "QY_REGION_NAME": "北京市", "OLD_CODE": "101134251", "COLLECT_TIME": 1622263714000, "QY_SRC_TYPE": "0", "hub_crawl_status": 0}, {"RN": 122, "QY_ID": "002105291248683903", "QY_ORG_CODE": "91110000100001262Q", "QY_NAME": "中国有色金属建设股份有限公司", "QY_FR_NAME": "秦军满", "QY_REGION": "110000", "QY_REGION_NAME": "北京市", "OLD_CODE": "100001262", "COLLECT_TIME": 1622263716000, "QY_SRC_TYPE": "0", "hub_crawl_status": 0}, {"RN": 123, "QY_ID": "002105291248684085", "QY_ORG_CODE": "911100001024392683", "QY_NAME": "北京牛建建筑集团有限公司", "QY_FR_NAME": "李庆福", "QY_REGION": "110100", "QY_REGION_NAME": "北京市-市辖区", "OLD_CODE": "102439268", "COLLECT_TIME": 1622263716000, "QY_SRC_TYPE": "0", "hub_crawl_status": 0}, {"RN": 124, "QY_ID": "002105291248686558", "QY_ORG_CODE": "91110000101640752H", "QY_NAME": "北京城建五建设集团有限公司", "QY_FR_NAME": "李舰舰", "QY_REGION": "110000", "QY_REGION_NAME": "北京市", "OLD_CODE": "101640752", "COLLECT_TIME": 1622263719000, "QY_SRC_TYPE": "0", "hub_crawl_status": 0}, {"RN": 125, "QY_ID": "002105291248691443", "QY_ORG_CODE": "91110000100007314T", "QY_NAME": "中国建筑土木建设有限公司", "QY_FR_NAME": "哈小平", "QY_REGION": "110100", "QY_REGION_NAME": "北京市-市辖区", "OLD_CODE": "100007314", "COLLECT_TIME": 1622263726000, "QY_SRC_TYPE": "0", "hub_crawl_status": 0}, {"RN": 126, "QY_ID": "002105291248692864", "QY_ORG_CODE": "91110000802346636F", "QY_NAME": "多维联合集团有限公司", "QY_FR_NAME": "多维宽", "QY_REGION": "110000", "QY_REGION_NAME": "北京市", "OLD_CODE": "802346636", "COLLECT_TIME": 1622263728000, "QY_SRC_TYPE": "0", "hub_crawl_status": 0}, {"RN": 127, "QY_ID": "002105291248694671", "QY_ORG_CODE": "91110113735499287D", "QY_NAME": "北京顺鑫天宇建设工程有限公司", "QY_FR_NAME": "刘凯京", "QY_REGION": "110000", "QY_REGION_NAME": "北京市", "OLD_CODE": "735499287", "COLLECT_TIME": 1622263730000, "QY_SRC_TYPE": "0", "hub_crawl_status": 0}, {"RN": 128, "QY_ID": "002105291248697519", "QY_ORG_CODE": "91110105722611794P", "QY_NAME": "北京中关村开发建设股份有限公司", "QY_FR_NAME": "孙长财", "QY_REGION": "110100", "QY_REGION_NAME": "北京市-市辖区", "OLD_CODE": "722611794", "COLLECT_TIME": 1622263733000, "QY_SRC_TYPE": "0", "hub_crawl_status": 0}, {"RN": 129, "QY_ID": "002105291249703446", "QY_ORG_CODE": "91110115600483472H", "QY_NAME": "中铁十八局集团北京工程有限公司", "QY_FR_NAME": "李仆", "QY_REGION": "110100", "QY_REGION_NAME": "北京市-市辖区", "OLD_CODE": "600483472", "COLLECT_TIME": 1622263743000, "QY_SRC_TYPE": "0", "hub_crawl_status": 0}, {"RN": 130, "QY_ID": "002105291249703681", "QY_ORG_CODE": "9111010574470713XK", "QY_NAME": "北京建工海亚建设工程有限公司", "QY_FR_NAME": "高永祥", "QY_REGION": "110100", "QY_REGION_NAME": "北京市-市辖区", "OLD_CODE": "74470713X", "COLLECT_TIME": 1622263743000, "QY_SRC_TYPE": "0", "hub_crawl_status": 0}, {"RN": 131, "QY_ID": "002105291249703873", "QY_ORG_CODE": "911100007334671347", "QY_NAME": "北京住总第六开发建设有限公司", "QY_FR_NAME": "侯喜悦", "QY_REGION": "110100", "QY_REGION_NAME": "北京市-市辖区", "OLD_CODE": "733467134", "COLLECT_TIME": 1622263743000, "QY_SRC_TYPE": "0", "hub_crawl_status": 0}, {"RN": 132, "QY_ID": "002105291249712150", "QY_ORG_CODE": "911100001013875230", "QY_NAME": "北京市市政四建设工程有限责任公司", "QY_FR_NAME": "翟永山", "QY_REGION": "110000", "QY_REGION_NAME": "北京市", "OLD_CODE": "101387523", "COLLECT_TIME": 1622263755000, "QY_SRC_TYPE": "0", "hub_crawl_status": 0}, {"RN": 133, "QY_ID": "002105291249715094", "QY_ORG_CODE": "91110105663141453W", "QY_NAME": "北京百强新兴建设工程有限公司", "QY_FR_NAME": "刘元竹", "QY_REGION": "110100", "QY_REGION_NAME": "北京市-市辖区", "OLD_CODE": "663141453", "COLLECT_TIME": 1622263760000, "QY_SRC_TYPE": "0", "hub_crawl_status": 0}, {"RN": 134, "QY_ID": "002105291254716470", "QY_ORG_CODE": "91110000777052619U", "QY_NAME": "中国铁建电气化局集团有限公司", "QY_FR_NAME": "万传军", "QY_REGION": "110000", "QY_REGION_NAME": "北京市", "OLD_CODE": "777052619", "COLLECT_TIME": 1622264045000, "QY_SRC_TYPE": "0", "hub_crawl_status": 0}, {"RN": 135, "QY_ID": "002105291254716471", "QY_ORG_CODE": "911100007733505046", "QY_NAME": "北京房地集团有限公司", "QY_FR_NAME": "刘军", "QY_REGION": "110100", "QY_REGION_NAME": "北京市-市辖区", "OLD_CODE": "773350504", "COLLECT_TIME": 1622264045000, "QY_SRC_TYPE": "0", "hub_crawl_status": 0}]