[{"QY_FR_NAME": "李运丁", "QY_REGION": "110100", "QY_NAME": "北京天桥建设集团有限公司", "QY_REGION_NAME": "北京市-市辖区", "QY_ORG_CODE": "91110000101533957P", "COLLECT_TIME": 1622263211000, "RN": 16, "QY_ID": "002105291240480037", "QY_SRC_TYPE": "0", "OLD_CODE": "101533957", "hub_crawl_status": 0}, {"QY_FR_NAME": "高文生", "QY_REGION": "110100", "QY_NAME": "恒万实业有限公司", "QY_REGION_NAME": "北京市-市辖区", "QY_ORG_CODE": "911101021011842917", "COLLECT_TIME": 1622263211000, "RN": 17, "QY_ID": "002105291240480639", "QY_SRC_TYPE": "0", "OLD_CODE": "101184291", "hub_crawl_status": 0}, {"QY_FR_NAME": "谭子恒", "QY_REGION": "110000", "QY_NAME": "北京金港建设股份有限公司", "QY_REGION_NAME": "北京市", "QY_ORG_CODE": "911100007263609379", "COLLECT_TIME": 1622263213000, "RN": 18, "QY_ID": "002105291240484575", "QY_SRC_TYPE": "0", "OLD_CODE": "726360937", "hub_crawl_status": 0}, {"QY_FR_NAME": "付志凯", "QY_REGION": "110000", "QY_NAME": "北京怀建集团有限公司", "QY_REGION_NAME": "北京市", "QY_ORG_CODE": "911100001025817909", "COLLECT_TIME": 1622263216000, "RN": 19, "QY_ID": "002105291240492918", "QY_SRC_TYPE": "0", "OLD_CODE": "102581790", "hub_crawl_status": 0}, {"QY_FR_NAME": "许贺伟", "QY_REGION": "110100", "QY_NAME": "北京龙建集团有限公司", "QY_REGION_NAME": "北京市-市辖区", "QY_ORG_CODE": "9111000010282828XH", "COLLECT_TIME": 1622263218000, "RN": 20, "QY_ID": "002105291240495083", "QY_SRC_TYPE": "0", "OLD_CODE": "10282828X", "hub_crawl_status": 0}, {"QY_FR_NAME": "贾永革", "QY_REGION": "110100", "QY_NAME": "北京市通州区建筑集团公司", "QY_REGION_NAME": "北京市-市辖区", "QY_ORG_CODE": "91110000102451005X", "COLLECT_TIME": 1622263219000, "RN": 21, "QY_ID": "002105291240495763", "QY_SRC_TYPE": "0", "OLD_CODE": "102451005", "hub_crawl_status": 0}, {"QY_FR_NAME": "丁建国", "QY_REGION": "110000", "QY_NAME": "北京大龙建设集团有限公司", "QY_REGION_NAME": "北京市", "QY_ORG_CODE": "911100001014899766", "COLLECT_TIME": 1622263219000, "RN": 22, "QY_ID": "002105291240495834", "QY_SRC_TYPE": "0", "OLD_CODE": "101489976", "hub_crawl_status": 0}, {"QY_FR_NAME": "杨波", "QY_REGION": "110000", "QY_NAME": "北京首钢建设集团有限公司", "QY_REGION_NAME": "北京市", "QY_ORG_CODE": "91110000633700269T", "COLLECT_TIME": 1622263220000, "RN": 23, "QY_ID": "002105291240498162", "QY_SRC_TYPE": "0", "OLD_CODE": "633700269", "hub_crawl_status": 0}, {"QY_FR_NAME": "卢健", "QY_REGION": "110000", "QY_NAME": "北京城建十六建筑工程有限责任公司", "QY_REGION_NAME": "北京市", "QY_ORG_CODE": "911101086916798674", "COLLECT_TIME": 1622263220000, "RN": 24, "QY_ID": "002105291240498178", "QY_SRC_TYPE": "0", "OLD_CODE": "691679867", "hub_crawl_status": 0}, {"QY_FR_NAME": "王贤茂", "QY_REGION": "110000", "QY_NAME": "北京建工博海建设有限公司", "QY_REGION_NAME": "北京市", "QY_ORG_CODE": "911101021013870562", "COLLECT_TIME": 1622263221000, "RN": 25, "QY_ID": "002105291240499229", "QY_SRC_TYPE": "0", "OLD_CODE": "101387056", "hub_crawl_status": 0}, {"QY_FR_NAME": "卞琳艳", "QY_REGION": "110000", "QY_NAME": "北京市永兴世纪建筑有限公司", "QY_REGION_NAME": "北京市", "QY_ORG_CODE": "91110108101896483N", "COLLECT_TIME": 1622263221000, "RN": 26, "QY_ID": "002105291240500385", "QY_SRC_TYPE": "0", "OLD_CODE": "101896483", "hub_crawl_status": 0}, {"QY_FR_NAME": "莫翠平", "QY_REGION": "110100", "QY_NAME": "北京大正恒立建设工程有限责任公司", "QY_REGION_NAME": "北京市-市辖区", "QY_ORG_CODE": "911101087226130872", "COLLECT_TIME": 1622263223000, "RN": 27, "QY_ID": "002105291240502280", "QY_SRC_TYPE": "0", "OLD_CODE": "722613087", "hub_crawl_status": 0}, {"QY_FR_NAME": "张建忠", "QY_REGION": "110000", "QY_NAME": "北京东兴建设有限责任公司", "QY_REGION_NAME": "北京市", "QY_ORG_CODE": "911101011012942636", "COLLECT_TIME": 1622263223000, "RN": 28, "QY_ID": "002105291240503011", "QY_SRC_TYPE": "0", "OLD_CODE": "101294263", "hub_crawl_status": 0}, {"QY_FR_NAME": "张建忠", "QY_REGION": "110100", "QY_NAME": "北京华厦恒建设集团有限公司", "QY_REGION_NAME": "北京市-市辖区", "QY_ORG_CODE": "91110000102997040R", "COLLECT_TIME": 1622263223000, "RN": 29, "QY_ID": "002105291240503356", "QY_SRC_TYPE": "0", "OLD_CODE": "102997040", "hub_crawl_status": 0}, {"QY_FR_NAME": "米振华", "QY_REGION": "110100", "QY_NAME": "北京市朝阳田华建筑集团公司", "QY_REGION_NAME": "北京市-市辖区", "QY_ORG_CODE": "91110000101718740F", "COLLECT_TIME": 1622263223000, "RN": 30, "QY_ID": "002105291240503477", "QY_SRC_TYPE": "0", "OLD_CODE": "101718740", "hub_crawl_status": 0}]