[{"RN": 76, "QY_ID": "002105291241567622", "QY_ORG_CODE": "91110000690805534R", "QY_NAME": "中方元建设工程集团有限公司", "QY_FR_NAME": "张佃成", "QY_REGION": "110000", "QY_REGION_NAME": "北京市", "OLD_CODE": "690805534", "COLLECT_TIME": 1622263262000, "QY_SRC_TYPE": "0", "hub_crawl_status": 0}, {"RN": 77, "QY_ID": "002105291241571547", "QY_ORG_CODE": "91110000692324697N", "QY_NAME": "中瑞建设集团有限公司", "QY_FR_NAME": "孙永亮", "QY_REGION": "110000", "QY_REGION_NAME": "北京市", "OLD_CODE": "692324697", "COLLECT_TIME": 1622263265000, "QY_SRC_TYPE": "0", "hub_crawl_status": 0}, {"RN": 78, "QY_ID": "002105291241573232", "QY_ORG_CODE": "911101111027889786", "QY_NAME": "北京永兴丰源建筑工程有限公司", "QY_FR_NAME": "崔金昌", "QY_REGION": "110100", "QY_REGION_NAME": "北京市-市辖区", "OLD_CODE": "102788978", "COLLECT_TIME": 1622263266000, "QY_SRC_TYPE": "0", "hub_crawl_status": 0}, {"RN": 79, "QY_ID": "002105291241574369", "QY_ORG_CODE": "91110114MA00H3YQ72", "QY_NAME": "北京顺联建工建设发展有限公司", "QY_FR_NAME": "侯春燕", "QY_REGION": "110100", "QY_REGION_NAME": "北京市-市辖区", "OLD_CODE": "MA00H3YQ7", "COLLECT_TIME": 1622263268000, "QY_SRC_TYPE": "0", "hub_crawl_status": 0}, {"RN": 80, "QY_ID": "002105291241578041", "QY_ORG_CODE": "911101121024836725", "QY_NAME": "北京潞城建筑有限公司", "QY_FR_NAME": "高志刚", "QY_REGION": "110000", "QY_REGION_NAME": "北京市", "OLD_CODE": "102483672", "COLLECT_TIME": 1622263270000, "QY_SRC_TYPE": "0", "hub_crawl_status": 0}, {"RN": 81, "QY_ID": "002105291241578130", "QY_ORG_CODE": "91110000722615832G", "QY_NAME": "北京房修一建筑工程有限公司", "QY_FR_NAME": "井洪涛", "QY_REGION": "110100", "QY_REGION_NAME": "北京市-市辖区", "OLD_CODE": "722615832", "COLLECT_TIME": 1622263270000, "QY_SRC_TYPE": "0", "hub_crawl_status": 0}, {"RN": 82, "QY_ID": "002105291241578353", "QY_ORG_CODE": "91110302757700076U", "QY_NAME": "中冶京诚工程技术有限公司", "QY_FR_NAME": "岳文彦", "QY_REGION": "110000", "QY_REGION_NAME": "北京市", "OLD_CODE": "757700076", "COLLECT_TIME": 1622263270000, "QY_SRC_TYPE": "0", "hub_crawl_status": 0}, {"RN": 83, "QY_ID": "002105291241579267", "QY_ORG_CODE": "91110000100011401J", "QY_NAME": "中国对外建设有限公司", "QY_FR_NAME": "温金明", "QY_REGION": "110100", "QY_REGION_NAME": "北京市-市辖区", "OLD_CODE": "100011401", "COLLECT_TIME": 1622263271000, "QY_SRC_TYPE": "0", "hub_crawl_status": 0}, {"RN": 84, "QY_ID": "002105291241580338", "QY_ORG_CODE": "91110000400007412C", "QY_NAME": "中国电子工程设计院有限公司", "QY_FR_NAME": "娄宇", "QY_REGION": "110100", "QY_REGION_NAME": "北京市-市辖区", "OLD_CODE": "400007412", "COLLECT_TIME": 1622263272000, "QY_SRC_TYPE": "0", "hub_crawl_status": 0}, {"RN": 85, "QY_ID": "002105291241581045", "QY_ORG_CODE": "911101061021455509", "QY_NAME": "北京市东阳建筑工程有限公司", "QY_FR_NAME": "杨永华", "QY_REGION": "110100", "QY_REGION_NAME": "北京市-市辖区", "OLD_CODE": "102145550", "COLLECT_TIME": 1622263272000, "QY_SRC_TYPE": "0", "hub_crawl_status": 0}, {"RN": 86, "QY_ID": "002105291241584678", "QY_ORG_CODE": "91110111MA0192W9XD", "QY_NAME": "中电系统建设工程有限公司", "QY_FR_NAME": "孙国政", "QY_REGION": "110000", "QY_REGION_NAME": "北京市", "OLD_CODE": "MA0192W9X", "COLLECT_TIME": 1622263275000, "QY_SRC_TYPE": "0", "hub_crawl_status": 0}, {"RN": 87, "QY_ID": "002105291241587738", "QY_ORG_CODE": "91110000710931686J", "QY_NAME": "世源科技工程有限公司", "QY_FR_NAME": "黄文胜", "QY_REGION": "110100", "QY_REGION_NAME": "北京市-市辖区", "OLD_CODE": "710931686", "COLLECT_TIME": 1622263278000, "QY_SRC_TYPE": "0", "hub_crawl_status": 0}, {"RN": 88, "QY_ID": "002105291241588319", "QY_ORG_CODE": "911100007334487859", "QY_NAME": "北京建工一建工程建设有限公司", "QY_FR_NAME": "田文杰", "QY_REGION": "110000", "QY_REGION_NAME": "北京市", "OLD_CODE": "733448785", "COLLECT_TIME": 1622263278000, "QY_SRC_TYPE": "0", "hub_crawl_status": 0}, {"RN": 89, "QY_ID": "002105291241592278", "QY_ORG_CODE": "91110115101157373A", "QY_NAME": "北京三元建设有限公司", "QY_FR_NAME": "王春荣", "QY_REGION": "110000", "QY_REGION_NAME": "北京市", "OLD_CODE": "101157373", "COLLECT_TIME": 1622263281000, "QY_SRC_TYPE": "0", "hub_crawl_status": 0}, {"RN": 90, "QY_ID": "002105291241595998", "QY_ORG_CODE": "91110114102653854F", "QY_NAME": "北京长安建筑工程有限公司", "QY_FR_NAME": "巩文革", "QY_REGION": "110000", "QY_REGION_NAME": "北京市", "OLD_CODE": "102653854", "COLLECT_TIME": 1622263283000, "QY_SRC_TYPE": "0", "hub_crawl_status": 0}]