[{"RN": 61, "QY_ID": "002105291240545986", "QY_ORG_CODE": "91110000100011188F", "QY_NAME": "中国航空规划设计研究总院有限公司", "QY_FR_NAME": "廉大为", "QY_REGION": "110000", "QY_REGION_NAME": "北京市", "OLD_CODE": "100011188", "COLLECT_TIME": 1622263249000, "QY_SRC_TYPE": "0", "hub_crawl_status": 0}, {"RN": 62, "QY_ID": "002105291240547231", "QY_ORG_CODE": "91110109575232267X", "QY_NAME": "中煜建设工程有限公司", "QY_FR_NAME": "付朝朋", "QY_REGION": "110100", "QY_REGION_NAME": "北京市-市辖区", "OLD_CODE": "575232267", "COLLECT_TIME": 1622263250000, "QY_SRC_TYPE": "0", "hub_crawl_status": 0}, {"RN": 63, "QY_ID": "002105291240547480", "QY_ORG_CODE": "911100001000066295", "QY_NAME": "中国海外工程有限责任公司", "QY_FR_NAME": "甘百先", "QY_REGION": "110100", "QY_REGION_NAME": "北京市-市辖区", "OLD_CODE": "100006629", "COLLECT_TIME": 1622263250000, "QY_SRC_TYPE": "0", "hub_crawl_status": 0}, {"RN": 64, "QY_ID": "002105291240548425", "QY_ORG_CODE": "91110000101360785M", "QY_NAME": "北京城建设计发展集团股份有限公司", "QY_FR_NAME": "裴宏伟", "QY_REGION": "110000", "QY_REGION_NAME": "北京市", "OLD_CODE": "101360785", "COLLECT_TIME": 1622263250000, "QY_SRC_TYPE": "0", "hub_crawl_status": 0}, {"RN": 65, "QY_ID": "002105291240548892", "QY_ORG_CODE": "911101151028549478", "QY_NAME": "北京天恒建设集团有限公司", "QY_FR_NAME": "韩萍", "QY_REGION": "110100", "QY_REGION_NAME": "北京市-市辖区", "OLD_CODE": "102854947", "COLLECT_TIME": 1622263251000, "QY_SRC_TYPE": "0", "hub_crawl_status": 0}, {"RN": 66, "QY_ID": "002105291240549482", "QY_ORG_CODE": "91110108101542386Y", "QY_NAME": "北京城建二建设工程有限公司", "QY_FR_NAME": "陈燕生", "QY_REGION": "110000", "QY_REGION_NAME": "北京市", "OLD_CODE": "101542386", "COLLECT_TIME": 1622263251000, "QY_SRC_TYPE": "0", "hub_crawl_status": 0}, {"RN": 67, "QY_ID": "002105291240549614", "QY_ORG_CODE": "91110105101635718R", "QY_NAME": "北京中宏基建筑工程有限责任公司", "QY_FR_NAME": "韩盛宝", "QY_REGION": "110100", "QY_REGION_NAME": "北京市-市辖区", "OLD_CODE": "101635718", "COLLECT_TIME": 1622263251000, "QY_SRC_TYPE": "0", "hub_crawl_status": 0}, {"RN": 68, "QY_ID": "002105291240552440", "QY_ORG_CODE": "91110000101639946H", "QY_NAME": "北京城建七建设工程有限公司", "QY_FR_NAME": "刘新", "QY_REGION": "110000", "QY_REGION_NAME": "北京市", "OLD_CODE": "101639946", "COLLECT_TIME": 1622263253000, "QY_SRC_TYPE": "0", "hub_crawl_status": 0}, {"RN": 69, "QY_ID": "002105291240555783", "QY_ORG_CODE": "911101151028358265", "QY_NAME": "北京万兴建筑集团有限公司", "QY_FR_NAME": "吕保明", "QY_REGION": "110000", "QY_REGION_NAME": "北京市", "OLD_CODE": "102835826", "COLLECT_TIME": 1622263255000, "QY_SRC_TYPE": "0", "hub_crawl_status": 0}, {"RN": 70, "QY_ID": "002105291240562382", "QY_ORG_CODE": "91110107718729415M", "QY_NAME": "北京华昌建筑工程有限责任公司", "QY_FR_NAME": "肖树峰", "QY_REGION": "110000", "QY_REGION_NAME": "北京市", "OLD_CODE": "718729415", "COLLECT_TIME": 1622263259000, "QY_SRC_TYPE": "0", "hub_crawl_status": 0}, {"RN": 71, "QY_ID": "002105291240562384", "QY_ORG_CODE": "91110000102704084R", "QY_NAME": "北京宏福建工集团有限公司", "QY_FR_NAME": "赵文有", "QY_REGION": "110100", "QY_REGION_NAME": "北京市-市辖区", "OLD_CODE": "102704084", "COLLECT_TIME": 1622263259000, "QY_SRC_TYPE": "0", "hub_crawl_status": 0}, {"RN": 72, "QY_ID": "002105291241566140", "QY_ORG_CODE": "91110106573247721P", "QY_NAME": "北京新兴保信建设工程有限公司", "QY_FR_NAME": "程铁军", "QY_REGION": "110000", "QY_REGION_NAME": "北京市", "OLD_CODE": "573247721", "COLLECT_TIME": 1622263262000, "QY_SRC_TYPE": "0", "hub_crawl_status": 0}, {"RN": 73, "QY_ID": "002105291241567290", "QY_ORG_CODE": "9111010662590013XB", "QY_NAME": "北京建谊建筑工程有限公司", "QY_FR_NAME": "张鸣", "QY_REGION": "110000", "QY_REGION_NAME": "北京市", "OLD_CODE": "62590013X", "COLLECT_TIME": 1622263262000, "QY_SRC_TYPE": "0", "hub_crawl_status": 0}, {"RN": 74, "QY_ID": "002105291241567354", "QY_ORG_CODE": "911100001000144697", "QY_NAME": "中煤建设集团有限公司", "QY_FR_NAME": "朱杰利", "QY_REGION": "110000", "QY_REGION_NAME": "北京市", "OLD_CODE": "100014469", "COLLECT_TIME": 1622263262000, "QY_SRC_TYPE": "0", "hub_crawl_status": 0}, {"RN": 75, "QY_ID": "002105291241567545", "QY_ORG_CODE": "911100006635560265", "QY_NAME": "北京纽约建设发展有限公司", "QY_FR_NAME": "孙林", "QY_REGION": "110000", "QY_REGION_NAME": "北京市", "OLD_CODE": "663556026", "COLLECT_TIME": 1622263262000, "QY_SRC_TYPE": "0", "hub_crawl_status": 0}]