[{"RN": 91, "QY_ID": "002105291241599853", "QY_ORG_CODE": "91110000625906144E", "QY_NAME": "中铁电气化局集团有限公司", "QY_FR_NAME": "豆保信", "QY_REGION": "110100", "QY_REGION_NAME": "北京市-市辖区", "OLD_CODE": "625906144", "COLLECT_TIME": 1622263286000, "QY_SRC_TYPE": "0", "hub_crawl_status": 0}, {"RN": 92, "QY_ID": "002105291241599939", "QY_ORG_CODE": "91110000102428737A", "QY_NAME": "北京华威建筑工程有限公司", "QY_FR_NAME": "蔺洪齐", "QY_REGION": "110100", "QY_REGION_NAME": "北京市-市辖区", "OLD_CODE": "102428737", "COLLECT_TIME": 1622263286000, "QY_SRC_TYPE": "0", "hub_crawl_status": 0}, {"RN": 93, "QY_ID": "002105291241601682", "QY_ORG_CODE": "911100007226822938", "QY_NAME": "北京杉浩建设集团有限公司", "QY_FR_NAME": "张建军", "QY_REGION": "110100", "QY_REGION_NAME": "北京市-市辖区", "OLD_CODE": "722682293", "COLLECT_TIME": 1622263288000, "QY_SRC_TYPE": "0", "hub_crawl_status": 0}, {"RN": 94, "QY_ID": "002105291241603452", "QY_ORG_CODE": "9111000010110532XK", "QY_NAME": "北京城建安装集团有限公司", "QY_FR_NAME": "李建武", "QY_REGION": "110000", "QY_REGION_NAME": "北京市", "OLD_CODE": "10110532X", "COLLECT_TIME": 1622263291000, "QY_SRC_TYPE": "0", "hub_crawl_status": 0}, {"RN": 95, "QY_ID": "002105291241603993", "QY_ORG_CODE": "911101017355511963", "QY_NAME": "迈森（北京）建筑工程有限公司", "QY_FR_NAME": "张杰", "QY_REGION": "110100", "QY_REGION_NAME": "北京市-市辖区", "OLD_CODE": "735551196", "COLLECT_TIME": 1622263291000, "QY_SRC_TYPE": "0", "hub_crawl_status": 0}, {"RN": 96, "QY_ID": "002105291241606274", "QY_ORG_CODE": "911100001017004524", "QY_NAME": "中交一公局集团有限公司", "QY_FR_NAME": "都业洲", "QY_REGION": "110100", "QY_REGION_NAME": "北京市-市辖区", "OLD_CODE": "101700452", "COLLECT_TIME": 1622263294000, "QY_SRC_TYPE": "0", "hub_crawl_status": 0}, {"RN": 97, "QY_ID": "002105291241607486", "QY_ORG_CODE": "911101026631073512", "QY_NAME": "中国轻工建设工程有限公司", "QY_FR_NAME": "李士军", "QY_REGION": "110000", "QY_REGION_NAME": "北京市", "OLD_CODE": "663107351", "COLLECT_TIME": 1622263295000, "QY_SRC_TYPE": "0", "hub_crawl_status": 0}, {"RN": 98, "QY_ID": "002105291241608107", "QY_ORG_CODE": "91110000102098432M", "QY_NAME": "光大国际建设工程总公司", "QY_FR_NAME": "牛蔚涛", "QY_REGION": "110100", "QY_REGION_NAME": "北京市-市辖区", "OLD_CODE": "102098432", "COLLECT_TIME": 1622263295000, "QY_SRC_TYPE": "0", "hub_crawl_status": 0}, {"RN": 99, "QY_ID": "002105291241609151", "QY_ORG_CODE": "911101061021633613", "QY_NAME": "航天建筑设计研究院有限公司", "QY_FR_NAME": "马向东", "QY_REGION": "110100", "QY_REGION_NAME": "北京市-市辖区", "OLD_CODE": "102163361", "COLLECT_TIME": 1622263296000, "QY_SRC_TYPE": "0", "hub_crawl_status": 0}, {"RN": 100, "QY_ID": "002105291241610747", "QY_ORG_CODE": "91110000101388163L", "QY_NAME": "北京市第二建筑工程有限责任公司", "QY_FR_NAME": "周飞", "QY_REGION": "110100", "QY_REGION_NAME": "北京市-市辖区", "OLD_CODE": "101388163", "COLLECT_TIME": 1622263298000, "QY_SRC_TYPE": "0", "hub_crawl_status": 0}, {"RN": 101, "QY_ID": "002105291241611492", "QY_ORG_CODE": "911101127000497108", "QY_NAME": "中企万业建设发展有限公司", "QY_FR_NAME": "梅崇康", "QY_REGION": "110000", "QY_REGION_NAME": "北京市", "OLD_CODE": "700049710", "COLLECT_TIME": 1622263298000, "QY_SRC_TYPE": "0", "hub_crawl_status": 0}, {"RN": 102, "QY_ID": "002105291241612765", "QY_ORG_CODE": "911100006766024236", "QY_NAME": "中铁城建集团北京工程有限公司", "QY_FR_NAME": "李宏强", "QY_REGION": "110000", "QY_REGION_NAME": "北京市", "OLD_CODE": "676602423", "COLLECT_TIME": 1622263300000, "QY_SRC_TYPE": "0", "hub_crawl_status": 0}, {"RN": 103, "QY_ID": "002105291241616737", "QY_ORG_CODE": "911100001000064426", "QY_NAME": "中国中元国际工程有限公司", "QY_FR_NAME": "丁建", "QY_REGION": "110100", "QY_REGION_NAME": "北京市-市辖区", "OLD_CODE": "100006442", "COLLECT_TIME": 1622263304000, "QY_SRC_TYPE": "0", "hub_crawl_status": 0}, {"RN": 104, "QY_ID": "002105291241617028", "QY_ORG_CODE": "911101051012091297", "QY_NAME": "北京百键开发建设有限公司", "QY_FR_NAME": "梁园杰", "QY_REGION": "110100", "QY_REGION_NAME": "北京市-市辖区", "OLD_CODE": "101209129", "COLLECT_TIME": 1622263305000, "QY_SRC_TYPE": "0", "hub_crawl_status": 0}, {"RN": 105, "QY_ID": "002105291241622469", "QY_ORG_CODE": "91110000101132416J", "QY_NAME": "中国中建设计研究院有限公司", "QY_FR_NAME": "孙福春", "QY_REGION": "110100", "QY_REGION_NAME": "北京市-市辖区", "OLD_CODE": "101132416", "COLLECT_TIME": 1622263309000, "QY_SRC_TYPE": "0", "hub_crawl_status": 0}]