[{"RN": 196, "QY_ID": "002105291322991678", "QY_ORG_CODE": "911101017178695479", "QY_NAME": "新世界协中建筑有限公司", "QY_FR_NAME": "梁坚", "QY_REGION": "110100", "QY_REGION_NAME": "北京市-市辖区", "OLD_CODE": "717869547", "COLLECT_TIME": 1622265745000, "QY_SRC_TYPE": "0", "hub_crawl_status": 0}, {"RN": 197, "QY_ID": "002105291322992341", "QY_ORG_CODE": "91110108774749189R", "QY_NAME": "北京城建十一建设工程有限公司", "QY_FR_NAME": "孙玉双", "QY_REGION": "110000", "QY_REGION_NAME": "北京市", "OLD_CODE": "774749189", "COLLECT_TIME": 1622265746000, "QY_SRC_TYPE": "0", "hub_crawl_status": 0}, {"RN": 198, "QY_ID": "002105291322993621", "QY_ORG_CODE": "91110108100008958D", "QY_NAME": "中国四海控股有限公司", "QY_FR_NAME": "高建军", "QY_REGION": "110100", "QY_REGION_NAME": "北京市-市辖区", "OLD_CODE": "100008958", "COLLECT_TIME": 1622265747000, "QY_SRC_TYPE": "0", "hub_crawl_status": 0}, {"RN": 199, "QY_ID": "002105291323019493", "QY_ORG_CODE": "91110000717852307U", "QY_NAME": "保华建筑（中国）有限公司", "QY_FR_NAME": "黎家祺", "QY_REGION": "110000", "QY_REGION_NAME": "北京市", "OLD_CODE": "717852307", "COLLECT_TIME": 1622265785000, "QY_SRC_TYPE": "0", "hub_crawl_status": 0}, {"RN": 200, "QY_ID": "002105291328027100", "QY_ORG_CODE": "91110000722609328T", "QY_NAME": "北京建工路桥集团有限公司", "QY_FR_NAME": "邵继有", "QY_REGION": "110000", "QY_REGION_NAME": "北京市", "OLD_CODE": "722609328", "COLLECT_TIME": 1622266086000, "QY_SRC_TYPE": "0", "hub_crawl_status": 0}, {"RN": 201, "QY_ID": "002105291328032768", "QY_ORG_CODE": "91110112358309264L", "QY_NAME": "北京城建轨道交通建设工程有限公司", "QY_FR_NAME": "王良", "QY_REGION": "110100", "QY_REGION_NAME": "北京市-市辖区", "OLD_CODE": "358309264", "COLLECT_TIME": 1622266092000, "QY_SRC_TYPE": "0", "hub_crawl_status": 0}, {"RN": 202, "QY_ID": "002105291328047400", "QY_ORG_CODE": "911100001000124711", "QY_NAME": "中国核工业中原建设有限公司", "QY_FR_NAME": "刘兆瑞", "QY_REGION": "110100", "QY_REGION_NAME": "北京市-市辖区", "OLD_CODE": "100012471", "COLLECT_TIME": 1622266108000, "QY_SRC_TYPE": "0", "hub_crawl_status": 0}, {"RN": 203, "QY_ID": "002105291328055399", "QY_ORG_CODE": "91110108700216232K", "QY_NAME": "北京建工双兴建设集团有限公司", "QY_FR_NAME": "罗凤能", "QY_REGION": "110100", "QY_REGION_NAME": "北京市-市辖区", "OLD_CODE": "700216232", "COLLECT_TIME": 1622266116000, "QY_SRC_TYPE": "0", "hub_crawl_status": 0}, {"RN": 204, "QY_ID": "002105291328063865", "QY_ORG_CODE": "9111000010111455XJ", "QY_NAME": "北京市第五建筑工程集团有限公司", "QY_FR_NAME": "骆德奎", "QY_REGION": "110000", "QY_REGION_NAME": "北京市", "OLD_CODE": "10111455X", "COLLECT_TIME": 1622266128000, "QY_SRC_TYPE": "0", "hub_crawl_status": 0}, {"RN": 205, "QY_ID": "002105291328064112", "QY_ORG_CODE": "91110115MA01T76113", "QY_NAME": "北京闳扬建设工程有限公司", "QY_FR_NAME": "王建", "QY_REGION": "110100", "QY_REGION_NAME": "北京市-市辖区", "OLD_CODE": "MA01T7611", "COLLECT_TIME": 1622266128000, "QY_SRC_TYPE": "0", "hub_crawl_status": 0}, {"RN": 206, "QY_ID": "002105291328069675", "QY_ORG_CODE": "91110000722602417R", "QY_NAME": "北京城建一建设发展有限公司", "QY_FR_NAME": "朱卫泽", "QY_REGION": "110100", "QY_REGION_NAME": "北京市-市辖区", "OLD_CODE": "722602417", "COLLECT_TIME": 1622266135000, "QY_SRC_TYPE": "0", "hub_crawl_status": 0}, {"RN": 207, "QY_ID": "002105291328071482", "QY_ORG_CODE": "91110000722678497K", "QY_NAME": "国泰建设集团有限责任公司", "QY_FR_NAME": "武尚涛", "QY_REGION": "110100", "QY_REGION_NAME": "北京市-市辖区", "OLD_CODE": "722678497", "COLLECT_TIME": 1622266137000, "QY_SRC_TYPE": "0", "hub_crawl_status": 0}, {"RN": 208, "QY_ID": "002105291328071516", "QY_ORG_CODE": "911101151012044244", "QY_NAME": "中福天工建设集团有限公司", "QY_FR_NAME": "刘倩", "QY_REGION": "110100", "QY_REGION_NAME": "北京市-市辖区", "OLD_CODE": "101204424", "COLLECT_TIME": 1622266137000, "QY_SRC_TYPE": "0", "hub_crawl_status": 0}, {"RN": 209, "QY_ID": "002105291335082283", "QY_ORG_CODE": "91110000756027166X", "QY_NAME": "北京恒宇建筑工程有限公司", "QY_FR_NAME": "肖赫", "QY_REGION": "110100", "QY_REGION_NAME": "北京市-市辖区", "OLD_CODE": "756027166", "COLLECT_TIME": 1622266550000, "QY_SRC_TYPE": "0", "hub_crawl_status": 0}, {"RN": 210, "QY_ID": "002107271918156073", "QY_ORG_CODE": "91110400MA020MAW45", "QY_NAME": "中建七局（北京）有限公司", "QY_FR_NAME": "寇小勇", "QY_REGION": "110100", "QY_REGION_NAME": "北京市-市辖区", "OLD_CODE": "MA020MAW4", "COLLECT_TIME": 1627384722000, "QY_SRC_TYPE": "0", "hub_crawl_status": 0}]