[{"RN": 211, "QY_ID": "002110261909205457", "QY_ORG_CODE": "91110109MA01XT8J31", "QY_NAME": "北京邗润建筑工程有限公司", "QY_FR_NAME": "杨文安", "QY_REGION": "110100", "QY_REGION_NAME": "北京市-市辖区", "OLD_CODE": "MA01XT8J3", "COLLECT_TIME": 1635246574000, "QY_SRC_TYPE": "0", "hub_crawl_status": 0}, {"RN": 212, "QY_ID": "002110281914206770", "QY_ORG_CODE": "91110115MA01U4E79H", "QY_NAME": "北京盈新汇池建筑工程有限公司", "QY_FR_NAME": "王文清", "QY_REGION": "110100", "QY_REGION_NAME": "北京市-市辖区", "OLD_CODE": "MA01U4E79", "COLLECT_TIME": 1635419689000, "QY_SRC_TYPE": "0", "hub_crawl_status": 0}]