[{"RN": 136, "QY_ID": "002105291254721563", "QY_ORG_CODE": "91110000681200816F", "QY_NAME": "中建交通建设集团有限公司", "QY_FR_NAME": "程先勇", "QY_REGION": "110000", "QY_REGION_NAME": "北京市", "OLD_CODE": "681200816", "COLLECT_TIME": 1622264050000, "QY_SRC_TYPE": "0", "hub_crawl_status": 0}, {"RN": 137, "QY_ID": "002105291254724584", "QY_ORG_CODE": "91110108101881193T", "QY_NAME": "北京四汇建筑工程有限责任公司", "QY_FR_NAME": "刘建军", "QY_REGION": "110100", "QY_REGION_NAME": "北京市-市辖区", "OLD_CODE": "101881193", "COLLECT_TIME": 1622264053000, "QY_SRC_TYPE": "0", "hub_crawl_status": 0}, {"RN": 138, "QY_ID": "002105291254726266", "QY_ORG_CODE": "911101081000188732", "QY_NAME": "中集建设集团有限公司", "QY_FR_NAME": "李延峰", "QY_REGION": "110100", "QY_REGION_NAME": "北京市-市辖区", "OLD_CODE": "100018873", "COLLECT_TIME": 1622264057000, "QY_SRC_TYPE": "0", "hub_crawl_status": 0}, {"RN": 139, "QY_ID": "002105291254741379", "QY_ORG_CODE": "91110107746722261A", "QY_NAME": "中外建华诚工程技术集团有限公司", "QY_FR_NAME": "李元", "QY_REGION": "110000", "QY_REGION_NAME": "北京市", "OLD_CODE": "746722261", "COLLECT_TIME": 1622264072000, "QY_SRC_TYPE": "0", "hub_crawl_status": 0}, {"RN": 140, "QY_ID": "002105291254743929", "QY_ORG_CODE": "91110113102565950X", "QY_NAME": "东方诚建设集团有限公司", "QY_FR_NAME": "多跃刚", "QY_REGION": "110000", "QY_REGION_NAME": "北京市", "OLD_CODE": "102565950", "COLLECT_TIME": 1622264075000, "QY_SRC_TYPE": "0", "hub_crawl_status": 0}, {"RN": 141, "QY_ID": "002105291254745845", "QY_ORG_CODE": "91110108101938540H", "QY_NAME": "新兴铸管建设工程有限公司", "QY_FR_NAME": "李伟", "QY_REGION": "110100", "QY_REGION_NAME": "北京市-市辖区", "OLD_CODE": "101938540", "COLLECT_TIME": 1622264077000, "QY_SRC_TYPE": "0", "hub_crawl_status": 0}, {"RN": 142, "QY_ID": "002105291254750035", "QY_ORG_CODE": "91110000761427674J", "QY_NAME": "北京宣正建筑工程有限公司", "QY_FR_NAME": "常治", "QY_REGION": "110100", "QY_REGION_NAME": "北京市-市辖区", "OLD_CODE": "761427674", "COLLECT_TIME": 1622264081000, "QY_SRC_TYPE": "0", "hub_crawl_status": 0}, {"RN": 143, "QY_ID": "002105291254750040", "QY_ORG_CODE": "91110000722616202J", "QY_NAME": "北京市房山城建集团有限公司", "QY_FR_NAME": "陈刚", "QY_REGION": "110100", "QY_REGION_NAME": "北京市-市辖区", "OLD_CODE": "722616202", "COLLECT_TIME": 1622264081000, "QY_SRC_TYPE": "0", "hub_crawl_status": 0}, {"RN": 144, "QY_ID": "002105291254752486", "QY_ORG_CODE": "911101011015098691", "QY_NAME": "北京崇建工程有限公司", "QY_FR_NAME": "赵山虎", "QY_REGION": "110100", "QY_REGION_NAME": "北京市-市辖区", "OLD_CODE": "101509869", "COLLECT_TIME": 1622264084000, "QY_SRC_TYPE": "0", "hub_crawl_status": 0}, {"RN": 145, "QY_ID": "002105291254758168", "QY_ORG_CODE": "91110000102377976K", "QY_NAME": "北京通州次渠建筑集团有限公司", "QY_FR_NAME": "李连敬", "QY_REGION": "110000", "QY_REGION_NAME": "北京市", "OLD_CODE": "102377976", "COLLECT_TIME": 1622264089000, "QY_SRC_TYPE": "0", "hub_crawl_status": 0}, {"RN": 146, "QY_ID": "002105291254759182", "QY_ORG_CODE": "911100001000011157", "QY_NAME": "中国中原对外工程有限公司", "QY_FR_NAME": "王永福", "QY_REGION": "110000", "QY_REGION_NAME": "北京市", "OLD_CODE": "100001115", "COLLECT_TIME": 1622264090000, "QY_SRC_TYPE": "0", "hub_crawl_status": 0}, {"RN": 147, "QY_ID": "002105291254759431", "QY_ORG_CODE": "911101051011523962", "QY_NAME": "中机建工有限公司", "QY_FR_NAME": "李惠", "QY_REGION": "110100", "QY_REGION_NAME": "北京市-市辖区", "OLD_CODE": "101152396", "COLLECT_TIME": 1622264091000, "QY_SRC_TYPE": "0", "hub_crawl_status": 0}, {"RN": 148, "QY_ID": "002105291254761010", "QY_ORG_CODE": "911101081020162060", "QY_NAME": "北京昊海建设有限公司", "QY_FR_NAME": "曹臻", "QY_REGION": "110100", "QY_REGION_NAME": "北京市-市辖区", "OLD_CODE": "102016206", "COLLECT_TIME": 1622264093000, "QY_SRC_TYPE": "0", "hub_crawl_status": 0}, {"RN": 149, "QY_ID": "002105291254763468", "QY_ORG_CODE": "911100006723527896", "QY_NAME": "中铁国际集团有限公司", "QY_FR_NAME": "毕彦春", "QY_REGION": "110100", "QY_REGION_NAME": "北京市-市辖区", "OLD_CODE": "672352789", "COLLECT_TIME": 1622264097000, "QY_SRC_TYPE": "0", "hub_crawl_status": 0}, {"RN": 150, "QY_ID": "002105291254765113", "QY_ORG_CODE": "911100006843543195", "QY_NAME": "北京住总第四开发建设有限公司", "QY_FR_NAME": "周建北", "QY_REGION": "110100", "QY_REGION_NAME": "北京市-市辖区", "OLD_CODE": "684354319", "COLLECT_TIME": 1622264098000, "QY_SRC_TYPE": "0", "hub_crawl_status": 0}]