[{"RN": 1, "QY_ID": "002105291240483328", "QY_ORG_CODE": "91110116MA0033BB1N", "QY_NAME": "中航安泰（北京）工程技术有限公司", "QY_FR_NAME": "张德刚", "QY_REGION": "110000", "QY_REGION_NAME": "北京市", "OLD_CODE": "MA0033BB1", "COLLECT_TIME": 1622263212000, "QY_SRC_TYPE": "0", "hub_crawl_status": 0}, {"RN": 2, "QY_ID": "002105291240524448", "QY_ORG_CODE": "911101061011042711", "QY_NAME": "北京邮政科学研究设计院", "QY_FR_NAME": "陆学鹏", "QY_REGION": "110000", "QY_REGION_NAME": "北京市", "OLD_CODE": "101104271", "COLLECT_TIME": 1622263235000, "QY_SRC_TYPE": "0", "hub_crawl_status": 0}, {"RN": 3, "QY_ID": "002105291240558155", "QY_ORG_CODE": "9111010560005976XF", "QY_NAME": "北京大信施装饰工程有限公司", "QY_FR_NAME": "郑锦源", "QY_REGION": "110000", "QY_REGION_NAME": "北京市", "OLD_CODE": "60005976X", "COLLECT_TIME": 1622263256000, "QY_SRC_TYPE": "0", "hub_crawl_status": 0}, {"RN": 4, "QY_ID": "002105291241571537", "QY_ORG_CODE": "911101056723819425", "QY_NAME": "北京合建志洋装饰工程有限公司", "QY_FR_NAME": "崔之洋", "QY_REGION": "110000", "QY_REGION_NAME": "北京市", "OLD_CODE": "672381942", "COLLECT_TIME": 1622263265000, "QY_SRC_TYPE": "0", "hub_crawl_status": 0}, {"RN": 5, "QY_ID": "002105291241582423", "QY_ORG_CODE": "91110116MA0181BR5C", "QY_NAME": "立建（北京）建筑工程有限公司", "QY_FR_NAME": "王莉", "QY_REGION": "110000", "QY_REGION_NAME": "北京市", "OLD_CODE": "MA0181BR5", "COLLECT_TIME": 1622263273000, "QY_SRC_TYPE": "0", "hub_crawl_status": 0}, {"RN": 6, "QY_ID": "002105291241600187", "QY_ORG_CODE": "911101087763755638", "QY_NAME": "北京华成时代科技有限公司", "QY_FR_NAME": "孙先东", "QY_REGION": "110000", "QY_REGION_NAME": "北京市", "OLD_CODE": "776375563", "COLLECT_TIME": 1622263287000, "QY_SRC_TYPE": "0", "hub_crawl_status": 0}, {"RN": 7, "QY_ID": "002105291241612744", "QY_ORG_CODE": "91110112748844713U", "QY_NAME": "北京盛源新业科技有限公司", "QY_FR_NAME": "赵小平", "QY_REGION": "110000", "QY_REGION_NAME": "北京市", "OLD_CODE": "748844713", "COLLECT_TIME": 1622263300000, "QY_SRC_TYPE": "0", "hub_crawl_status": 0}, {"RN": 8, "QY_ID": "002105291241618646", "QY_ORG_CODE": "91110115665630736Y", "QY_NAME": "北京华逸飞科技发展有限公司", "QY_FR_NAME": "程志国", "QY_REGION": "110000", "QY_REGION_NAME": "北京市", "OLD_CODE": "665630736", "COLLECT_TIME": 1622263306000, "QY_SRC_TYPE": "0", "hub_crawl_status": 0}, {"RN": 9, "QY_ID": "002105291241626454", "QY_ORG_CODE": "91110228MA007BWT6G", "QY_NAME": "北京全包圆家居装饰有限公司", "QY_FR_NAME": "蔡蒙", "QY_REGION": "110000", "QY_REGION_NAME": "北京市", "OLD_CODE": "MA007BWT6", "COLLECT_TIME": 1622263315000, "QY_SRC_TYPE": "0", "hub_crawl_status": 0}, {"RN": 10, "QY_ID": "002105291241630320", "QY_ORG_CODE": "91110108757741871C", "QY_NAME": "安方高科电磁安全技术（北京）有限公司", "QY_FR_NAME": "杨宏", "QY_REGION": "110000", "QY_REGION_NAME": "北京市", "OLD_CODE": "757741871", "COLLECT_TIME": 1622263319000, "QY_SRC_TYPE": "0", "hub_crawl_status": 0}, {"RN": 11, "QY_ID": "002105291242641153", "QY_ORG_CODE": "911101146883713864", "QY_NAME": "北京恒隆昌盛科技有限公司", "QY_FR_NAME": "李旭", "QY_REGION": "110000", "QY_REGION_NAME": "北京市", "OLD_CODE": "688371386", "COLLECT_TIME": 1622263341000, "QY_SRC_TYPE": "0", "hub_crawl_status": 0}, {"RN": 12, "QY_ID": "002105291242643256", "QY_ORG_CODE": "911101056892302780", "QY_NAME": "北京恒龙永昌装饰有限公司", "QY_FR_NAME": "熊子龙", "QY_REGION": "110000", "QY_REGION_NAME": "北京市", "OLD_CODE": "689230278", "COLLECT_TIME": 1622263343000, "QY_SRC_TYPE": "0", "hub_crawl_status": 0}, {"RN": 13, "QY_ID": "002105291248686035", "QY_ORG_CODE": "91110116571270573F", "QY_NAME": "北京森岚建筑装饰工程有限公司", "QY_FR_NAME": "崔建", "QY_REGION": "110000", "QY_REGION_NAME": "北京市", "OLD_CODE": "571270573", "COLLECT_TIME": 1622263718000, "QY_SRC_TYPE": "0", "hub_crawl_status": 0}, {"RN": 14, "QY_ID": "002105291248700411", "QY_ORG_CODE": "91110114762192993H", "QY_NAME": "北京艺豪超创环境设计有限公司", "QY_FR_NAME": "邸红涛", "QY_REGION": "110000", "QY_REGION_NAME": "北京市", "OLD_CODE": "762192993", "COLLECT_TIME": 1622263739000, "QY_SRC_TYPE": "0", "hub_crawl_status": 0}, {"RN": 15, "QY_ID": "002105291249706585", "QY_ORG_CODE": "91110109735593150D", "QY_NAME": "北京东方盛泽建筑工程有限公司", "QY_FR_NAME": "王跃龙", "QY_REGION": "110000", "QY_REGION_NAME": "北京市", "OLD_CODE": "735593150", "COLLECT_TIME": 1622263747000, "QY_SRC_TYPE": "0", "hub_crawl_status": 0}]