[{"RN": 46, "QY_ID": "002105291336097652", "QY_ORG_CODE": "91110111MA01Q8B36Y", "QY_NAME": "北京慢村规划设计有限公司", "QY_FR_NAME": "朱立东", "QY_REGION": "110000", "QY_REGION_NAME": "北京市", "OLD_CODE": "MA01Q8B36", "COLLECT_TIME": 1622266569000, "QY_SRC_TYPE": "0", "hub_crawl_status": 0}, {"RN": 47, "QY_ID": "002106151907112074", "QY_ORG_CODE": "91110111MA01QD945M", "QY_NAME": "中明通达（北京）建筑工程有限公司", "QY_FR_NAME": "于佳", "QY_REGION": "110000", "QY_REGION_NAME": "北京市", "OLD_CODE": "MA01QD945", "COLLECT_TIME": 1623755255000, "QY_SRC_TYPE": "0", "hub_crawl_status": 0}, {"RN": 48, "QY_ID": "002106221904118450", "QY_ORG_CODE": "911101055548101525", "QY_NAME": "北京时空传奇文化艺术有限公司", "QY_FR_NAME": "张建丰", "QY_REGION": "110000", "QY_REGION_NAME": "北京市", "OLD_CODE": "554810152", "COLLECT_TIME": 1624359853000, "QY_SRC_TYPE": "0", "hub_crawl_status": 0}, {"RN": 49, "QY_ID": "002106221904118453", "QY_ORG_CODE": "91110109MA01TH4J32", "QY_NAME": "北京百集智慧建筑工程有限公司", "QY_FR_NAME": "郭其宝", "QY_REGION": "110000", "QY_REGION_NAME": "北京市", "OLD_CODE": "MA01TH4J3", "COLLECT_TIME": 1624359853000, "QY_SRC_TYPE": "0", "hub_crawl_status": 0}, {"RN": 50, "QY_ID": "002106301905127989", "QY_ORG_CODE": "91110109MA020JE42R", "QY_NAME": "北京中邑时代装饰有限公司", "QY_FR_NAME": "金秀林", "QY_REGION": "110000", "QY_REGION_NAME": "北京市", "OLD_CODE": "MA020JE42", "COLLECT_TIME": 1625051129000, "QY_SRC_TYPE": "0", "hub_crawl_status": 0}]