[{"RN": 16, "QY_ID": "002105291249711957", "QY_ORG_CODE": "91110108678226310D", "QY_NAME": "北京嘉誉铭建筑装饰有限公司", "QY_FR_NAME": "陈吉存", "QY_REGION": "110000", "QY_REGION_NAME": "北京市", "OLD_CODE": "678226310", "COLLECT_TIME": 1622263755000, "QY_SRC_TYPE": "0", "hub_crawl_status": 0}, {"RN": 17, "QY_ID": "002105291249712649", "QY_ORG_CODE": "91110228MA01F2EY28", "QY_NAME": "北京迷住家居设计有限公司", "QY_FR_NAME": "徐卓", "QY_REGION": "110000", "QY_REGION_NAME": "北京市", "OLD_CODE": "MA01F2EY2", "COLLECT_TIME": 1622263756000, "QY_SRC_TYPE": "0", "hub_crawl_status": 0}, {"RN": 18, "QY_ID": "002105291254719137", "QY_ORG_CODE": "911101066932270047", "QY_NAME": "北京悦智概念装饰工程有限公司", "QY_FR_NAME": "赵平军", "QY_REGION": "110000", "QY_REGION_NAME": "北京市", "OLD_CODE": "693227004", "COLLECT_TIME": 1622264048000, "QY_SRC_TYPE": "0", "hub_crawl_status": 0}, {"RN": 19, "QY_ID": "002105291254721835", "QY_ORG_CODE": "911101165674930881", "QY_NAME": "北京泰美新源科技发展有限公司", "QY_FR_NAME": "朱中成", "QY_REGION": "110000", "QY_REGION_NAME": "北京市", "OLD_CODE": "567493088", "COLLECT_TIME": 1622264050000, "QY_SRC_TYPE": "0", "hub_crawl_status": 0}, {"RN": 20, "QY_ID": "002105291254732738", "QY_ORG_CODE": "91110115MA01N1874K", "QY_NAME": "北京引力石展览展示有限公司", "QY_FR_NAME": "朱玉华", "QY_REGION": "110000", "QY_REGION_NAME": "北京市", "OLD_CODE": "MA01N1874", "COLLECT_TIME": 1622264063000, "QY_SRC_TYPE": "0", "hub_crawl_status": 0}, {"RN": 21, "QY_ID": "002105291254735276", "QY_ORG_CODE": "911101056908268378", "QY_NAME": "北京汇巢建筑装饰工程设计有限责任公司", "QY_FR_NAME": "李冰华", "QY_REGION": "110000", "QY_REGION_NAME": "北京市", "OLD_CODE": "690826837", "COLLECT_TIME": 1622264066000, "QY_SRC_TYPE": "0", "hub_crawl_status": 0}, {"RN": 22, "QY_ID": "002105291254740461", "QY_ORG_CODE": "911101058017785840", "QY_NAME": "北京大千建设工程有限公司", "QY_FR_NAME": "刘周明", "QY_REGION": "110000", "QY_REGION_NAME": "北京市", "OLD_CODE": "801778584", "COLLECT_TIME": 1622264071000, "QY_SRC_TYPE": "0", "hub_crawl_status": 0}, {"RN": 23, "QY_ID": "002105291254749782", "QY_ORG_CODE": "9111011467506386X0", "QY_NAME": "北京数字博文科技发展有限公司", "QY_FR_NAME": "宋战武", "QY_REGION": "110000", "QY_REGION_NAME": "北京市", "OLD_CODE": "67506386X", "COLLECT_TIME": 1622264081000, "QY_SRC_TYPE": "0", "hub_crawl_status": 0}, {"RN": 24, "QY_ID": "002105291255778794", "QY_ORG_CODE": "911101177526263134", "QY_NAME": "北京双富丽建筑工程有限公司", "QY_FR_NAME": "许九春", "QY_REGION": "110000", "QY_REGION_NAME": "北京市", "OLD_CODE": "752626313", "COLLECT_TIME": 1622264114000, "QY_SRC_TYPE": "0", "hub_crawl_status": 0}, {"RN": 25, "QY_ID": "002105291305858075", "QY_ORG_CODE": "91110109MA01T19F9A", "QY_NAME": "北京天正通安建设有限公司", "QY_FR_NAME": "刘明艳", "QY_REGION": "110000", "QY_REGION_NAME": "北京市", "OLD_CODE": "MA01T19F9", "COLLECT_TIME": 1622264735000, "QY_SRC_TYPE": "0", "hub_crawl_status": 0}, {"RN": 26, "QY_ID": "002105291305874306", "QY_ORG_CODE": "91110302783950546E", "QY_NAME": "北京博大经开建设有限公司", "QY_FR_NAME": "颜刚", "QY_REGION": "110000", "QY_REGION_NAME": "北京市", "OLD_CODE": "783950546", "COLLECT_TIME": 1622264756000, "QY_SRC_TYPE": "0", "hub_crawl_status": 0}, {"RN": 27, "QY_ID": "002105291306887347", "QY_ORG_CODE": "91110117MA01T8MB8C", "QY_NAME": "中迎（北京）装饰有限公司", "QY_FR_NAME": "于百玲", "QY_REGION": "110000", "QY_REGION_NAME": "北京市", "OLD_CODE": "MA01T8MB8", "COLLECT_TIME": 1622264768000, "QY_SRC_TYPE": "0", "hub_crawl_status": 0}, {"RN": 28, "QY_ID": "002105291312911365", "QY_ORG_CODE": "91110109MA01TC0RXY", "QY_NAME": "北京南卓建筑工程有限公司", "QY_FR_NAME": "刘德春", "QY_REGION": "110000", "QY_REGION_NAME": "北京市", "OLD_CODE": "MA01TC0RX", "COLLECT_TIME": 1622265171000, "QY_SRC_TYPE": "0", "hub_crawl_status": 0}, {"RN": 29, "QY_ID": "002105291313925169", "QY_ORG_CODE": "91110114MA001J2N5B", "QY_NAME": "北京无象空间建筑装饰工程有限公司", "QY_FR_NAME": "满欣", "QY_REGION": "110000", "QY_REGION_NAME": "北京市", "OLD_CODE": "MA001J2N5", "COLLECT_TIME": 1622265187000, "QY_SRC_TYPE": "0", "hub_crawl_status": 0}, {"RN": 30, "QY_ID": "002105291313948082", "QY_ORG_CODE": "91110114MA01DWGY6X", "QY_NAME": "北京弘博建筑装饰工程有限公司", "QY_FR_NAME": "张博", "QY_REGION": "110000", "QY_REGION_NAME": "北京市", "OLD_CODE": "MA01DWGY6", "COLLECT_TIME": 1622265213000, "QY_SRC_TYPE": "0", "hub_crawl_status": 0}]