[{"QY_FR_NAME": "毕经勇", "QY_REGION": "110000", "QY_NAME": "北京西水建筑设计有限公司", "QY_REGION_NAME": "北京市", "QY_ORG_CODE": "91110109MA01NT7X7W", "COLLECT_TIME": 1622265213000, "RN": 31, "QY_ID": "002105291313948086", "QY_SRC_TYPE": "0", "OLD_CODE": "MA01NT7X7", "hub_crawl_status": 0}, {"QY_FR_NAME": "李喜连", "QY_REGION": "110000", "QY_NAME": "北京鑫邺建筑工程有限公司", "QY_REGION_NAME": "北京市", "QY_ORG_CODE": "91110109MA01JY8Y35", "COLLECT_TIME": 1622265741000, "RN": 32, "QY_ID": "002105291322988046", "QY_SRC_TYPE": "0", "OLD_CODE": "MA01JY8Y3", "hub_crawl_status": 0}, {"QY_FR_NAME": "彭林", "QY_REGION": "110000", "QY_NAME": "北京清美华筑建筑设计有限公司", "QY_REGION_NAME": "北京市", "QY_ORG_CODE": "91110109MA01N5BJ21", "COLLECT_TIME": 1622265741000, "RN": 33, "QY_ID": "002105291322988103", "QY_SRC_TYPE": "0", "OLD_CODE": "MA01N5BJ2", "hub_crawl_status": 0}, {"QY_FR_NAME": "张立苗", "QY_REGION": "110000", "QY_NAME": "规纬设计院（北京）有限公司", "QY_REGION_NAME": "北京市", "QY_ORG_CODE": "91110109MA01RN1631", "COLLECT_TIME": 1622265746000, "RN": 34, "QY_ID": "002105291322992520", "QY_SRC_TYPE": "0", "OLD_CODE": "MA01RN163", "hub_crawl_status": 0}, {"QY_FR_NAME": "章贤忠", "QY_REGION": "110000", "QY_NAME": "北京天羿达建筑装饰工程有限公司", "QY_REGION_NAME": "北京市", "QY_ORG_CODE": "91110117MA0205YL0K", "COLLECT_TIME": 1622266105000, "RN": 35, "QY_ID": "002105291328044307", "QY_SRC_TYPE": "0", "OLD_CODE": "MA0205YL0", "hub_crawl_status": 0}, {"QY_FR_NAME": "田道明", "QY_REGION": "110000", "QY_NAME": "北京蓝树建筑设计有限公司", "QY_REGION_NAME": "北京市", "QY_ORG_CODE": "91110109MA01YYRB8E", "COLLECT_TIME": 1622266105000, "RN": 36, "QY_ID": "002105291328044308", "QY_SRC_TYPE": "0", "OLD_CODE": "MA01YYRB8", "hub_crawl_status": 0}, {"QY_FR_NAME": "李建华", "QY_REGION": "110000", "QY_NAME": "北京北卓工程设计有限公司", "QY_REGION_NAME": "北京市", "QY_ORG_CODE": "91110109MA01YYWY83", "COLLECT_TIME": 1622266105000, "RN": 37, "QY_ID": "002105291328044309", "QY_SRC_TYPE": "0", "OLD_CODE": "MA01YYWY8", "hub_crawl_status": 0}, {"QY_FR_NAME": "郑桓周", "QY_REGION": "110000", "QY_NAME": "北京艾派斯展览展示服务有限公司", "QY_REGION_NAME": "北京市", "QY_ORG_CODE": "91110109057317332P", "COLLECT_TIME": 1622266105000, "RN": 38, "QY_ID": "002105291328044326", "QY_SRC_TYPE": "0", "OLD_CODE": "057317332", "hub_crawl_status": 0}, {"QY_FR_NAME": "宋艳娇", "QY_REGION": "110000", "QY_NAME": "北京金堂工程设计有限公司", "QY_REGION_NAME": "北京市", "QY_ORG_CODE": "91110109MA01YW449L", "COLLECT_TIME": 1622266121000, "RN": 39, "QY_ID": "002105291328057883", "QY_SRC_TYPE": "0", "OLD_CODE": "MA01YW449", "hub_crawl_status": 0}, {"QY_FR_NAME": "田道明", "QY_REGION": "110000", "QY_NAME": "北京宏电爱达装饰工程有限公司", "QY_REGION_NAME": "北京市", "QY_ORG_CODE": "91110109MA01UPX50C", "COLLECT_TIME": 1622266147000, "RN": 40, "QY_ID": "002105291329080284", "QY_SRC_TYPE": "0", "OLD_CODE": "MA01UPX50", "hub_crawl_status": 0}, {"QY_FR_NAME": "崔文飞", "QY_REGION": "110000", "QY_NAME": "北京瑞源兴业企业管理有限公司", "QY_REGION_NAME": "北京市", "QY_ORG_CODE": "91110105MA01TTGH6M", "COLLECT_TIME": 1622266147000, "RN": 41, "QY_ID": "002105291329080514", "QY_SRC_TYPE": "0", "OLD_CODE": "MA01TTGH6", "hub_crawl_status": 0}, {"QY_FR_NAME": "樊贺庆", "QY_REGION": "110000", "QY_NAME": "北京明丰盛发建筑工程有限公司", "QY_REGION_NAME": "北京市", "QY_ORG_CODE": "91110117MA01YK2X0Q", "COLLECT_TIME": 1622266147000, "RN": 42, "QY_ID": "002105291329080519", "QY_SRC_TYPE": "0", "OLD_CODE": "MA01YK2X0", "hub_crawl_status": 0}, {"QY_FR_NAME": "王雪纯", "QY_REGION": "110000", "QY_NAME": "北京宏昌鑫建筑工程有限公司", "QY_REGION_NAME": "北京市", "QY_ORG_CODE": "91110117MA01YKMT51", "COLLECT_TIME": 1622266147000, "RN": 43, "QY_ID": "002105291329080528", "QY_SRC_TYPE": "0", "OLD_CODE": "MA01YKMT5", "hub_crawl_status": 0}, {"QY_FR_NAME": "刘晓静", "QY_REGION": "110000", "QY_NAME": "北京金煌建筑装饰工程有限公司", "QY_REGION_NAME": "北京市", "QY_ORG_CODE": "91110114MA020KY93B", "COLLECT_TIME": 1622266557000, "RN": 44, "QY_ID": "002105291335088874", "QY_SRC_TYPE": "0", "OLD_CODE": "MA020KY93", "hub_crawl_status": 0}, {"QY_FR_NAME": "刘洪花", "QY_REGION": "110000", "QY_NAME": "北京华安通建筑设计有限公司", "QY_REGION_NAME": "北京市", "QY_ORG_CODE": "91110109MA02138M3P", "COLLECT_TIME": 1622266569000, "RN": 45, "QY_ID": "002105291336097521", "QY_SRC_TYPE": "0", "OLD_CODE": "MA02138M3", "hub_crawl_status": 0}]