[{"RN": 1, "QY_ID": "002105291240459269", "QY_ORG_CODE": "91110107743339849G", "QY_NAME": "北京中环世纪工程设计有限责任公司", "QY_FR_NAME": "黄诚", "QY_REGION": "110000", "QY_REGION_NAME": "北京市", "OLD_CODE": "743339849", "COLLECT_TIME": 1622263200000, "QY_SRC_TYPE": "0", "hub_crawl_status": 0}, {"RN": 2, "QY_ID": "002105291240472894", "QY_ORG_CODE": "9111000059062789XU", "QY_NAME": "中交路桥建设有限公司", "QY_FR_NAME": "郭主龙", "QY_REGION": "110000", "QY_REGION_NAME": "北京市", "OLD_CODE": "59062789X", "COLLECT_TIME": 1622263207000, "QY_SRC_TYPE": "0", "hub_crawl_status": 0}, {"RN": 3, "QY_ID": "002105291240495422", "QY_ORG_CODE": "91110102055627978E", "QY_NAME": "国策众合（北京）建筑工程设计有限公司", "QY_FR_NAME": "刘玉莲", "QY_REGION": "110100", "QY_REGION_NAME": "北京市-市辖区", "OLD_CODE": "055627978", "COLLECT_TIME": 1622263218000, "QY_SRC_TYPE": "0", "hub_crawl_status": 0}, {"RN": 4, "QY_ID": "002105291240506671", "QY_ORG_CODE": "91110109101928254L", "QY_NAME": "北京中厦建筑设计研究院有限公司", "QY_FR_NAME": "曹文利", "QY_REGION": "110000", "QY_REGION_NAME": "北京市", "OLD_CODE": "101928254", "COLLECT_TIME": 1622263225000, "QY_SRC_TYPE": "0", "hub_crawl_status": 0}, {"RN": 5, "QY_ID": "002105291240513868", "QY_ORG_CODE": "91110000102173949P", "QY_NAME": "北京全路通信信号研究设计院集团有限公司", "QY_FR_NAME": "张啸林", "QY_REGION": "110000", "QY_REGION_NAME": "北京市", "OLD_CODE": "102173949", "COLLECT_TIME": 1622263229000, "QY_SRC_TYPE": "0", "hub_crawl_status": 0}, {"RN": 6, "QY_ID": "002105291240531003", "QY_ORG_CODE": "911101086336174810", "QY_NAME": "北京交科公路勘察设计研究院有限公司", "QY_FR_NAME": "曹鹏", "QY_REGION": "110000", "QY_REGION_NAME": "北京市", "OLD_CODE": "633617481", "COLLECT_TIME": 1622263239000, "QY_SRC_TYPE": "0", "hub_crawl_status": 0}, {"RN": 7, "QY_ID": "002105291240558634", "QY_ORG_CODE": "91110108788627801T", "QY_NAME": "北京交达工程管理集团有限公司", "QY_FR_NAME": "张印宗", "QY_REGION": "110000", "QY_REGION_NAME": "北京市", "OLD_CODE": "788627801", "COLLECT_TIME": 1622263257000, "QY_SRC_TYPE": "0", "hub_crawl_status": 0}, {"RN": 8, "QY_ID": "002105291241568172", "QY_ORG_CODE": "91110108101884765M", "QY_NAME": "中铁六局集团有限公司", "QY_FR_NAME": "韦国", "QY_REGION": "110000", "QY_REGION_NAME": "北京市", "OLD_CODE": "101884765", "COLLECT_TIME": 1622263263000, "QY_SRC_TYPE": "0", "hub_crawl_status": 0}, {"RN": 9, "QY_ID": "002105291241575888", "QY_ORG_CODE": "91110000101386731Y", "QY_NAME": "北京市建筑工程设计有限责任公司", "QY_FR_NAME": "马汉东", "QY_REGION": "110000", "QY_REGION_NAME": "北京市", "OLD_CODE": "101386731", "COLLECT_TIME": 1622263269000, "QY_SRC_TYPE": "0", "hub_crawl_status": 0}, {"RN": 10, "QY_ID": "002105291241575938", "QY_ORG_CODE": "91110000717702712T", "QY_NAME": "北京市工业设计研究院有限公司", "QY_FR_NAME": "付军", "QY_REGION": "110000", "QY_REGION_NAME": "北京市", "OLD_CODE": "717702712", "COLLECT_TIME": 1622263269000, "QY_SRC_TYPE": "0", "hub_crawl_status": 0}, {"RN": 11, "QY_ID": "002105291241587210", "QY_ORG_CODE": "91110105625900914T", "QY_NAME": "华杰工程咨询有限公司", "QY_FR_NAME": "宋晖", "QY_REGION": "110000", "QY_REGION_NAME": "北京市", "OLD_CODE": "625900914", "COLLECT_TIME": 1622263277000, "QY_SRC_TYPE": "0", "hub_crawl_status": 0}, {"RN": 12, "QY_ID": "002105291241587807", "QY_ORG_CODE": "911101026336335962", "QY_NAME": "北京中领工程设计咨询有限公司", "QY_FR_NAME": "李玉刚", "QY_REGION": "110000", "QY_REGION_NAME": "北京市", "OLD_CODE": "633633596", "COLLECT_TIME": 1622263278000, "QY_SRC_TYPE": "0", "hub_crawl_status": 0}, {"RN": 13, "QY_ID": "002105291241598307", "QY_ORG_CODE": "911100007461141270", "QY_NAME": "中交基础设施养护集团有限公司", "QY_FR_NAME": "王晓东", "QY_REGION": "110000", "QY_REGION_NAME": "北京市", "OLD_CODE": "746114127", "COLLECT_TIME": 1622263285000, "QY_SRC_TYPE": "0", "hub_crawl_status": 0}, {"RN": 14, "QY_ID": "002105291241612507", "QY_ORG_CODE": "911101027002916898", "QY_NAME": "北京华茂中天建筑规划设计有限公司", "QY_FR_NAME": "姜鹏", "QY_REGION": "110000", "QY_REGION_NAME": "北京市", "OLD_CODE": "700291689", "COLLECT_TIME": 1622263299000, "QY_SRC_TYPE": "0", "hub_crawl_status": 0}, {"RN": 15, "QY_ID": "002105291241616463", "QY_ORG_CODE": "91110108668419194P", "QY_NAME": "北京市勘察设计研究院有限公司", "QY_FR_NAME": "徐宏声", "QY_REGION": "110000", "QY_REGION_NAME": "北京市", "OLD_CODE": "668419194", "COLLECT_TIME": 1622263303000, "QY_SRC_TYPE": "0", "hub_crawl_status": 0}]