[{"RN": 16, "QY_ID": "002105291241617653", "QY_ORG_CODE": "911101086621643972", "QY_NAME": "北京中奥建工程设计有限公司", "QY_FR_NAME": "郭玉清", "QY_REGION": "110000", "QY_REGION_NAME": "北京市", "OLD_CODE": "662164397", "COLLECT_TIME": 1622263305000, "QY_SRC_TYPE": "0", "hub_crawl_status": 0}, {"RN": 17, "QY_ID": "002105291241621309", "QY_ORG_CODE": "911101087667684864", "QY_NAME": "北京汉通建筑规划设计有限公司", "QY_FR_NAME": "谭慧娇", "QY_REGION": "110000", "QY_REGION_NAME": "北京市", "OLD_CODE": "766768486", "COLLECT_TIME": 1622263308000, "QY_SRC_TYPE": "0", "hub_crawl_status": 0}, {"RN": 18, "QY_ID": "002105291242635453", "QY_ORG_CODE": "911101011012447766", "QY_NAME": "北京市住宅建筑设计研究院有限公司", "QY_FR_NAME": "李群", "QY_REGION": "110000", "QY_REGION_NAME": "北京市", "OLD_CODE": "101244776", "COLLECT_TIME": 1622263328000, "QY_SRC_TYPE": "0", "hub_crawl_status": 0}, {"RN": 19, "QY_ID": "002105291242641026", "QY_ORG_CODE": "9111011478397955X9", "QY_NAME": "北京华诚永信工程管理有限公司", "QY_FR_NAME": "吴华山", "QY_REGION": "110000", "QY_REGION_NAME": "北京市", "OLD_CODE": "78397955X", "COLLECT_TIME": 1622263339000, "QY_SRC_TYPE": "0", "hub_crawl_status": 0}, {"RN": 20, "QY_ID": "002105291248683051", "QY_ORG_CODE": "91110000101112191T", "QY_NAME": "中铁华铁工程设计集团有限公司", "QY_FR_NAME": "彭晓华", "QY_REGION": "110000", "QY_REGION_NAME": "北京市", "OLD_CODE": "101112191", "COLLECT_TIME": 1622263715000, "QY_SRC_TYPE": "0", "hub_crawl_status": 0}, {"RN": 21, "QY_ID": "002105291254718858", "QY_ORG_CODE": "91110000100009432T", "QY_NAME": "中国航空工业新能源投资有限公司", "QY_FR_NAME": "方近勇", "QY_REGION": "110000", "QY_REGION_NAME": "北京市", "OLD_CODE": "100009432", "COLLECT_TIME": 1622264047000, "QY_SRC_TYPE": "0", "hub_crawl_status": 0}, {"RN": 22, "QY_ID": "002105291254734417", "QY_ORG_CODE": "9111010680221924XQ", "QY_NAME": "北京中咨路捷工程技术咨询有限公司", "QY_FR_NAME": "冯松", "QY_REGION": "110000", "QY_REGION_NAME": "北京市", "OLD_CODE": "80221924X", "COLLECT_TIME": 1622264065000, "QY_SRC_TYPE": "0", "hub_crawl_status": 0}, {"RN": 23, "QY_ID": "002105291254739947", "QY_ORG_CODE": "91110107101631821T", "QY_NAME": "华诚博远工程技术集团有限公司", "QY_FR_NAME": "周伟", "QY_REGION": "110000", "QY_REGION_NAME": "北京市", "OLD_CODE": "101631821", "COLLECT_TIME": 1622264070000, "QY_SRC_TYPE": "0", "hub_crawl_status": 0}, {"RN": 24, "QY_ID": "002105291254754123", "QY_ORG_CODE": "91110102700203984J", "QY_NAME": "水发绿建（北京）城市科技发展有限公司", "QY_FR_NAME": "孙金礼", "QY_REGION": "110100", "QY_REGION_NAME": "北京市-市辖区", "OLD_CODE": "700203984", "COLLECT_TIME": 1622264085000, "QY_SRC_TYPE": "0", "hub_crawl_status": 0}, {"RN": 25, "QY_ID": "002105291254756169", "QY_ORG_CODE": "91110113MA01K8T2XG", "QY_NAME": "民航机场规划设计研究总院有限公司", "QY_FR_NAME": "马力", "QY_REGION": "110000", "QY_REGION_NAME": "北京市", "OLD_CODE": "MA01K8T2X", "COLLECT_TIME": 1622264087000, "QY_SRC_TYPE": "0", "hub_crawl_status": 0}, {"RN": 26, "QY_ID": "002105291258786093", "QY_ORG_CODE": "91110105MA01ALLB3M", "QY_NAME": "南水工程勘察设计院有限责任公司", "QY_FR_NAME": "司道芬", "QY_REGION": "110000", "QY_REGION_NAME": "北京市", "OLD_CODE": "MA01ALLB3", "COLLECT_TIME": 1622264311000, "QY_SRC_TYPE": "0", "hub_crawl_status": 0}, {"RN": 27, "QY_ID": "002105291258794752", "QY_ORG_CODE": "91110115MA01G7L405", "QY_NAME": "北京中铁生态环境设计院有限公司", "QY_FR_NAME": "邓学燊", "QY_REGION": "110000", "QY_REGION_NAME": "北京市", "OLD_CODE": "MA01G7L40", "COLLECT_TIME": 1622264321000, "QY_SRC_TYPE": "0", "hub_crawl_status": 0}, {"RN": 28, "QY_ID": "002105291258804492", "QY_ORG_CODE": "91110114700349940B", "QY_NAME": "华合（北京）国际工程设计有限公司", "QY_FR_NAME": "王默", "QY_REGION": "110000", "QY_REGION_NAME": "北京市", "OLD_CODE": "700349940", "COLLECT_TIME": 1622264330000, "QY_SRC_TYPE": "0", "hub_crawl_status": 0}, {"RN": 29, "QY_ID": "002105291313940829", "QY_ORG_CODE": "9111011158768077XC", "QY_NAME": "北京城景和市政工程设计有限公司", "QY_FR_NAME": "李文改", "QY_REGION": "110000", "QY_REGION_NAME": "北京市", "OLD_CODE": "58768077X", "COLLECT_TIME": 1622265204000, "QY_SRC_TYPE": "0", "hub_crawl_status": 0}, {"RN": 30, "QY_ID": "002105291328072043", "QY_ORG_CODE": "91110107051374045P", "QY_NAME": "中外建华诚（北京）工程设计咨询有限公司", "QY_FR_NAME": "蔡大千", "QY_REGION": "110000", "QY_REGION_NAME": "北京市", "OLD_CODE": "051374045", "COLLECT_TIME": 1622266138000, "QY_SRC_TYPE": "0", "hub_crawl_status": 0}]