[{"RN": 1, "QY_ID": "002105291248700406", "QY_ORG_CODE": "12345678999999359X", "QY_NAME": "火箭军研究院工程设计研究所", "QY_FR_NAME": "李吉", "QY_REGION": "110100", "QY_REGION_NAME": "北京市-市辖区", "OLD_CODE": "999999359", "COLLECT_TIME": 1622263739000, "QY_SRC_TYPE": "0", "hub_crawl_status": 0}, {"RN": 2, "QY_ID": "002105291254749233", "QY_ORG_CODE": "91110000625910071Y", "QY_NAME": "大地工程开发（集团）有限公司", "QY_FR_NAME": "王冬平", "QY_REGION": "110100", "QY_REGION_NAME": "北京市-市辖区", "OLD_CODE": "625910071", "COLLECT_TIME": 1622264080000, "QY_SRC_TYPE": "0", "hub_crawl_status": 0}, {"RN": 3, "QY_ID": "002105291258784479", "QY_ORG_CODE": "91110105101716593H", "QY_NAME": "北京京岩工程有限公司", "QY_FR_NAME": "贾志远", "QY_REGION": "110000", "QY_REGION_NAME": "北京市", "OLD_CODE": "101716593", "COLLECT_TIME": 1622264310000, "QY_SRC_TYPE": "0", "hub_crawl_status": 0}, {"RN": 4, "QY_ID": "002105291258785377", "QY_ORG_CODE": "9111011463379586X3", "QY_NAME": "北京地矿工程建设有限责任公司", "QY_FR_NAME": "刘永亮", "QY_REGION": "110000", "QY_REGION_NAME": "北京市", "OLD_CODE": "63379586X", "COLLECT_TIME": 1622264310000, "QY_SRC_TYPE": "0", "hub_crawl_status": 0}]