[{"RN": 31, "QY_ID": "002105291254748004", "QY_ORG_CODE": "91110112765167806E", "QY_NAME": "中基发展建设工程有限责任公司", "QY_FR_NAME": "金双明", "QY_REGION": "110000", "QY_REGION_NAME": "北京市", "OLD_CODE": "765167806", "COLLECT_TIME": 1622264079000, "QY_SRC_TYPE": "0", "hub_crawl_status": 0}, {"RN": 32, "QY_ID": "002105291254761442", "QY_ORG_CODE": "91110109102336955F", "QY_NAME": "北京建达道桥咨询有限公司", "QY_FR_NAME": "杨征宇", "QY_REGION": "110000", "QY_REGION_NAME": "北京市", "OLD_CODE": "102336955", "COLLECT_TIME": 1622264094000, "QY_SRC_TYPE": "0", "hub_crawl_status": 0}, {"RN": 33, "QY_ID": "002105291258784613", "QY_ORG_CODE": "911100001000009805", "QY_NAME": "中国地质工程集团有限公司", "QY_FR_NAME": "孙锦红", "QY_REGION": "110100", "QY_REGION_NAME": "北京市-市辖区", "OLD_CODE": "100000980", "COLLECT_TIME": 1622264310000, "QY_SRC_TYPE": "0", "hub_crawl_status": 0}, {"RN": 34, "QY_ID": "002105291313921274", "QY_ORG_CODE": "91110000670551952A", "QY_NAME": "中核大地勘察设计有限公司", "QY_FR_NAME": "周玉县", "QY_REGION": "110000", "QY_REGION_NAME": "北京市", "OLD_CODE": "670551952", "COLLECT_TIME": 1622265183000, "QY_SRC_TYPE": "0", "hub_crawl_status": 0}, {"RN": 35, "QY_ID": "002111211902221161", "QY_ORG_CODE": "9A9999279", "QY_NAME": "总装备部工程设计研究总院", "QY_FR_NAME": "万全", "QY_REGION": "110000", "QY_REGION_NAME": "北京市", "OLD_CODE": "9A9999279", "COLLECT_TIME": 1637492571000, "QY_SRC_TYPE": "0", "hub_crawl_status": 0}, {"RN": 36, "QY_ID": "002111211904221197", "QY_ORG_CODE": "12345678999999429X", "QY_NAME": "战略支援部队航天工程研究所", "QY_FR_NAME": "董光亮", "QY_REGION": "110100", "QY_REGION_NAME": "北京市-市辖区", "OLD_CODE": "999999429", "COLLECT_TIME": 1637492676000, "QY_SRC_TYPE": "0", "hub_crawl_status": 0}]