[{"RN": 1, "QY_ID": "002105291239451408", "QY_ORG_CODE": "91110000100010724P", "QY_NAME": "中国电力工程顾问集团华北电力设计院有限公司", "QY_FR_NAME": "王毓", "QY_REGION": "110000", "QY_REGION_NAME": "北京市", "OLD_CODE": "100010724", "COLLECT_TIME": 1622263196000, "QY_SRC_TYPE": "0", "hub_crawl_status": 0}, {"RN": 2, "QY_ID": "002105291239452140", "QY_ORG_CODE": "91110000400002689G", "QY_NAME": "建设综合勘察研究设计院有限公司", "QY_FR_NAME": "李耀刚", "QY_REGION": "110000", "QY_REGION_NAME": "北京市", "OLD_CODE": "400002689", "COLLECT_TIME": 1622263196000, "QY_SRC_TYPE": "0", "hub_crawl_status": 0}, {"RN": 3, "QY_ID": "002105291239452557", "QY_ORG_CODE": "9111000071093211XD", "QY_NAME": "中国水电工程顾问集团有限公司", "QY_FR_NAME": "曹春江", "QY_REGION": "110000", "QY_REGION_NAME": "北京市", "OLD_CODE": "71093211X", "COLLECT_TIME": 1622263196000, "QY_SRC_TYPE": "0", "hub_crawl_status": 0}, {"RN": 4, "QY_ID": "002105291240496777", "QY_ORG_CODE": "91110108MA019KBJ7J", "QY_NAME": "北京市水利规划设计研究院", "QY_FR_NAME": "沈来新", "QY_REGION": "110100", "QY_REGION_NAME": "北京市-市辖区", "OLD_CODE": "MA019KBJ7", "COLLECT_TIME": 1622263219000, "QY_SRC_TYPE": "0", "hub_crawl_status": 0}, {"RN": 5, "QY_ID": "002105291240506947", "QY_ORG_CODE": "911100000828542792", "QY_NAME": "北京市市政工程设计研究总院有限公司", "QY_FR_NAME": "刘桂生", "QY_REGION": "110100", "QY_REGION_NAME": "北京市-市辖区", "OLD_CODE": "082854279", "COLLECT_TIME": 1622263225000, "QY_SRC_TYPE": "0", "hub_crawl_status": 0}, {"RN": 6, "QY_ID": "002105291240514897", "QY_ORG_CODE": "91110000400009987X", "QY_NAME": "中航勘察设计研究院有限公司", "QY_FR_NAME": "刘宁", "QY_REGION": "110000", "QY_REGION_NAME": "北京市", "OLD_CODE": "400009987", "COLLECT_TIME": 1622263229000, "QY_SRC_TYPE": "0", "hub_crawl_status": 0}, {"RN": 7, "QY_ID": "002105291240519167", "QY_ORG_CODE": "911101071011206856", "QY_NAME": "北京爱地地质勘察基础工程公司", "QY_FR_NAME": "王自文", "QY_REGION": "110100", "QY_REGION_NAME": "北京市-市辖区", "OLD_CODE": "101120685", "COLLECT_TIME": 1622263232000, "QY_SRC_TYPE": "0", "hub_crawl_status": 0}, {"RN": 8, "QY_ID": "002105291240520207", "QY_ORG_CODE": "9111000040000238XD", "QY_NAME": "中铁第五勘察设计院集团有限公司", "QY_FR_NAME": "汤友富", "QY_REGION": "110000", "QY_REGION_NAME": "北京市", "OLD_CODE": "40000238X", "COLLECT_TIME": 1622263232000, "QY_SRC_TYPE": "0", "hub_crawl_status": 0}, {"RN": 9, "QY_ID": "002105291240524728", "QY_ORG_CODE": "911100001000000916", "QY_NAME": "中国石油工程建设有限公司", "QY_FR_NAME": "刘海军", "QY_REGION": "110000", "QY_REGION_NAME": "北京市", "OLD_CODE": "100000091", "COLLECT_TIME": 1622263235000, "QY_SRC_TYPE": "0", "hub_crawl_status": 0}, {"RN": 10, "QY_ID": "002105291240531003", "QY_ORG_CODE": "911101086336174810", "QY_NAME": "北京交科公路勘察设计研究院有限公司", "QY_FR_NAME": "曹鹏", "QY_REGION": "110000", "QY_REGION_NAME": "北京市", "OLD_CODE": "633617481", "COLLECT_TIME": 1622263239000, "QY_SRC_TYPE": "0", "hub_crawl_status": 0}, {"RN": 11, "QY_ID": "002105291240536396", "QY_ORG_CODE": "91110000100011866Y", "QY_NAME": "中交公路规划设计院有限公司", "QY_FR_NAME": "宋晖", "QY_REGION": "110100", "QY_REGION_NAME": "北京市-市辖区", "OLD_CODE": "100011866", "COLLECT_TIME": 1622263243000, "QY_SRC_TYPE": "0", "hub_crawl_status": 0}, {"RN": 12, "QY_ID": "002105291241585164", "QY_ORG_CODE": "91110000400007594G", "QY_NAME": "中交水运规划设计院有限公司", "QY_FR_NAME": "邢佩旭", "QY_REGION": "110000", "QY_REGION_NAME": "北京市", "OLD_CODE": "400007594", "COLLECT_TIME": 1622263276000, "QY_SRC_TYPE": "0", "hub_crawl_status": 0}, {"RN": 13, "QY_ID": "002105291241587210", "QY_ORG_CODE": "91110105625900914T", "QY_NAME": "华杰工程咨询有限公司", "QY_FR_NAME": "宋晖", "QY_REGION": "110000", "QY_REGION_NAME": "北京市", "OLD_CODE": "625900914", "COLLECT_TIME": 1622263277000, "QY_SRC_TYPE": "0", "hub_crawl_status": 0}, {"RN": 14, "QY_ID": "002105291241598307", "QY_ORG_CODE": "911100007461141270", "QY_NAME": "中交基础设施养护集团有限公司", "QY_FR_NAME": "王晓东", "QY_REGION": "110000", "QY_REGION_NAME": "北京市", "OLD_CODE": "746114127", "COLLECT_TIME": 1622263285000, "QY_SRC_TYPE": "0", "hub_crawl_status": 0}, {"RN": 15, "QY_ID": "002105291241606309", "QY_ORG_CODE": "91110000101115237J", "QY_NAME": "中国电建集团北京勘测设计研究院有限公司", "QY_FR_NAME": "郝荣国", "QY_REGION": "110100", "QY_REGION_NAME": "北京市-市辖区", "OLD_CODE": "101115237", "COLLECT_TIME": 1622263294000, "QY_SRC_TYPE": "0", "hub_crawl_status": 0}]