[{"QY_FR_NAME": "马向东", "QY_REGION": "110100", "QY_NAME": "航天建筑设计研究院有限公司", "QY_REGION_NAME": "北京市-市辖区", "QY_ORG_CODE": "911101061021633613", "COLLECT_TIME": 1622263296000, "RN": 16, "QY_ID": "002105291241609151", "QY_SRC_TYPE": "0", "OLD_CODE": "102163361", "hub_crawl_status": 0}, {"QY_FR_NAME": "徐宏声", "QY_REGION": "110000", "QY_NAME": "北京市勘察设计研究院有限公司", "QY_REGION_NAME": "北京市", "QY_ORG_CODE": "91110108668419194P", "COLLECT_TIME": 1622263303000, "RN": 17, "QY_ID": "002105291241616463", "QY_SRC_TYPE": "0", "OLD_CODE": "668419194", "hub_crawl_status": 0}, {"QY_FR_NAME": "王洪宇", "QY_REGION": "110000", "QY_NAME": "中铁工程设计咨询集团有限公司", "QY_REGION_NAME": "北京市", "QY_ORG_CODE": "91110000764205727U", "COLLECT_TIME": 1622263313000, "RN": 18, "QY_ID": "002105291241625351", "QY_SRC_TYPE": "0", "OLD_CODE": "764205727", "hub_crawl_status": 0}, {"QY_FR_NAME": "陈会利", "QY_REGION": "110000", "QY_NAME": "北京东方新星勘察设计有限公司", "QY_REGION_NAME": "北京市", "QY_ORG_CODE": "91110115MA01EMX20U", "COLLECT_TIME": 1622263319000, "RN": 19, "QY_ID": "002105291241629710", "QY_SRC_TYPE": "0", "OLD_CODE": "MA01EMX20", "hub_crawl_status": 0}, {"QY_FR_NAME": "巩卫东", "QY_REGION": "110100", "QY_NAME": "空军研究院工程设计研究所", "QY_REGION_NAME": "北京市-市辖区", "QY_ORG_CODE": "12345678999999189X", "COLLECT_TIME": 1622263334000, "RN": 20, "QY_ID": "002105291242638653", "QY_SRC_TYPE": "0", "OLD_CODE": "999999189", "hub_crawl_status": 0}, {"QY_FR_NAME": "夏向东", "QY_REGION": "110000", "QY_NAME": "中兵勘察设计研究院有限公司", "QY_REGION_NAME": "北京市", "QY_ORG_CODE": "91110102400823911Y", "COLLECT_TIME": 1622263335000, "RN": 21, "QY_ID": "002105291242639096", "QY_SRC_TYPE": "0", "OLD_CODE": "400823911", "hub_crawl_status": 0}, {"QY_FR_NAME": "任有福", "QY_REGION": "110000", "QY_NAME": "中煤科工集团北京华宇工程有限公司", "QY_REGION_NAME": "北京市", "QY_ORG_CODE": "911100007109292609", "COLLECT_TIME": 1622263343000, "RN": 22, "QY_ID": "002105291242642650", "QY_SRC_TYPE": "0", "OLD_CODE": "710929260", "hub_crawl_status": 0}, {"QY_FR_NAME": "郭党生", "QY_REGION": "110000", "QY_NAME": "中材地质工程勘查研究院有限公司", "QY_REGION_NAME": "北京市", "QY_ORG_CODE": "91110000400000974J", "COLLECT_TIME": 1622263346000, "RN": 23, "QY_ID": "002105291242644447", "QY_SRC_TYPE": "0", "OLD_CODE": "400000974", "hub_crawl_status": 0}, {"QY_FR_NAME": "崔玉萍", "QY_REGION": "110100", "QY_NAME": "中国公路工程咨询集团有限公司", "QY_REGION_NAME": "北京市-市辖区", "QY_ORG_CODE": "91110000100001916P", "COLLECT_TIME": 1622263688000, "RN": 24, "QY_ID": "002105291248654923", "QY_SRC_TYPE": "0", "OLD_CODE": "100001916", "hub_crawl_status": 0}, {"QY_FR_NAME": "黄振燕", "QY_REGION": "110100", "QY_NAME": "中交综合规划设计院有限公司", "QY_REGION_NAME": "北京市-市辖区", "QY_ORG_CODE": "91110105101700225C", "COLLECT_TIME": 1622263704000, "RN": 25, "QY_ID": "002105291248672833", "QY_SRC_TYPE": "0", "OLD_CODE": "101700225", "hub_crawl_status": 0}, {"QY_FR_NAME": "彭晓华", "QY_REGION": "110000", "QY_NAME": "中铁华铁工程设计集团有限公司", "QY_REGION_NAME": "北京市", "QY_ORG_CODE": "91110000101112191T", "COLLECT_TIME": 1622263715000, "RN": 26, "QY_ID": "002105291248683051", "QY_SRC_TYPE": "0", "OLD_CODE": "101112191", "hub_crawl_status": 0}, {"QY_FR_NAME": "徐潜", "QY_REGION": "110000", "QY_NAME": "国核电力规划设计研究院有限公司", "QY_REGION_NAME": "北京市", "QY_ORG_CODE": "91110000495570274F", "COLLECT_TIME": 1622263724000, "RN": 27, "QY_ID": "002105291248690121", "QY_SRC_TYPE": "0", "OLD_CODE": "495570274", "hub_crawl_status": 0}, {"QY_FR_NAME": "何运晏", "QY_REGION": "110000", "QY_NAME": "北京市地质工程勘察院", "QY_REGION_NAME": "北京市", "QY_ORG_CODE": "911101081020058063", "COLLECT_TIME": 1622263738000, "RN": 28, "QY_ID": "002105291248699653", "QY_SRC_TYPE": "0", "OLD_CODE": "102005806", "hub_crawl_status": 0}, {"QY_FR_NAME": "陈继平", "QY_REGION": "110000", "QY_NAME": "中国电力建设工程咨询有限公司", "QY_REGION_NAME": "北京市", "QY_ORG_CODE": "91110000100006231N", "COLLECT_TIME": 1622263747000, "RN": 29, "QY_ID": "002105291249706112", "QY_SRC_TYPE": "0", "OLD_CODE": "100006231", "hub_crawl_status": 0}, {"QY_FR_NAME": "马海志", "QY_REGION": "110000", "QY_NAME": "北京城建勘测设计研究院有限责任公司", "QY_REGION_NAME": "北京市", "QY_ORG_CODE": "91110105101720461Y", "COLLECT_TIME": 1622264054000, "RN": 30, "QY_ID": "002105291254724843", "QY_SRC_TYPE": "0", "OLD_CODE": "101720461", "hub_crawl_status": 0}]