[{"RN": 31, "QY_ID": "002105291248656550", "QY_ORG_CODE": "911101147226606414", "QY_NAME": "北京创新景观园林设计有限责任公司", "QY_FR_NAME": "檀馨", "QY_REGION": "110000", "QY_REGION_NAME": "北京市", "OLD_CODE": "722660641", "COLLECT_TIME": 1622263689000, "QY_SRC_TYPE": "0", "hub_crawl_status": 0}, {"RN": 32, "QY_ID": "002105291248673161", "QY_ORG_CODE": "911101081011011775", "QY_NAME": "中外建工程设计与顾问有限公司", "QY_FR_NAME": "张仲良", "QY_REGION": "110000", "QY_REGION_NAME": "北京市", "OLD_CODE": "101101177", "COLLECT_TIME": 1622263705000, "QY_SRC_TYPE": "0", "hub_crawl_status": 0}, {"RN": 33, "QY_ID": "002105291248677774", "QY_ORG_CODE": "91110102101106082E", "QY_NAME": "北京景观园林设计有限公司", "QY_FR_NAME": "吴忆明", "QY_REGION": "110000", "QY_REGION_NAME": "北京市", "OLD_CODE": "101106082", "COLLECT_TIME": 1622263709000, "QY_SRC_TYPE": "0", "hub_crawl_status": 0}, {"RN": 34, "QY_ID": "002105291248691382", "QY_ORG_CODE": "911101084007086733", "QY_NAME": "北京市园林古建设计研究院有限公司", "QY_FR_NAME": "张新宇", "QY_REGION": "110000", "QY_REGION_NAME": "北京市", "OLD_CODE": "400708673", "COLLECT_TIME": 1622263726000, "QY_SRC_TYPE": "0", "hub_crawl_status": 0}, {"RN": 35, "QY_ID": "002105291249701664", "QY_ORG_CODE": "911101098023471022", "QY_NAME": "北京易景道景观设计工程有限公司", "QY_FR_NAME": "刘赓", "QY_REGION": "110000", "QY_REGION_NAME": "北京市", "OLD_CODE": "802347102", "COLLECT_TIME": 1622263740000, "QY_SRC_TYPE": "0", "hub_crawl_status": 0}, {"RN": 36, "QY_ID": "002105291249708331", "QY_ORG_CODE": "91110108102051255W", "QY_NAME": "北京北林地景园林规划设计院有限责任公司", "QY_FR_NAME": "李雷", "QY_REGION": "110000", "QY_REGION_NAME": "北京市", "OLD_CODE": "102051255", "COLLECT_TIME": 1622263751000, "QY_SRC_TYPE": "0", "hub_crawl_status": 0}, {"RN": 37, "QY_ID": "002105291254718848", "QY_ORG_CODE": "911101087400996321", "QY_NAME": "北京中外建建筑设计有限公司", "QY_FR_NAME": "刘方", "QY_REGION": "110000", "QY_REGION_NAME": "北京市", "OLD_CODE": "740099632", "COLLECT_TIME": 1622264047000, "QY_SRC_TYPE": "0", "hub_crawl_status": 0}, {"RN": 38, "QY_ID": "002105291254718915", "QY_ORG_CODE": "911101061021266758", "QY_NAME": "北京中建建筑设计院有限公司", "QY_FR_NAME": "李光庆", "QY_REGION": "110000", "QY_REGION_NAME": "北京市", "OLD_CODE": "102126675", "COLLECT_TIME": 1622264047000, "QY_SRC_TYPE": "0", "hub_crawl_status": 0}, {"RN": 39, "QY_ID": "002105291254720579", "QY_ORG_CODE": "91110108786875529M", "QY_NAME": "北京世纪千府国际工程设计有限公司", "QY_FR_NAME": "张楠", "QY_REGION": "110100", "QY_REGION_NAME": "北京市-市辖区", "OLD_CODE": "786875529", "COLLECT_TIME": 1622264049000, "QY_SRC_TYPE": "0", "hub_crawl_status": 0}, {"RN": 40, "QY_ID": "002105291254739000", "QY_ORG_CODE": "911101081020443890", "QY_NAME": "北京中国风景园林规划设计研究中心", "QY_FR_NAME": "杨忠全", "QY_REGION": "110000", "QY_REGION_NAME": "北京市", "OLD_CODE": "102044389", "COLLECT_TIME": 1622264070000, "QY_SRC_TYPE": "0", "hub_crawl_status": 0}, {"RN": 41, "QY_ID": "002105291254739947", "QY_ORG_CODE": "91110107101631821T", "QY_NAME": "华诚博远工程技术集团有限公司", "QY_FR_NAME": "周伟", "QY_REGION": "110000", "QY_REGION_NAME": "北京市", "OLD_CODE": "101631821", "COLLECT_TIME": 1622264070000, "QY_SRC_TYPE": "0", "hub_crawl_status": 0}, {"RN": 42, "QY_ID": "002105291254740679", "QY_ORG_CODE": "91110108MA001A0G0T", "QY_NAME": "北京住总博地园林发展有限公司", "QY_FR_NAME": "王建", "QY_REGION": "110000", "QY_REGION_NAME": "北京市", "OLD_CODE": "MA001A0G0", "COLLECT_TIME": 1622264071000, "QY_SRC_TYPE": "0", "hub_crawl_status": 0}, {"RN": 43, "QY_ID": "002105291254741379", "QY_ORG_CODE": "91110107746722261A", "QY_NAME": "中外建华诚工程技术集团有限公司", "QY_FR_NAME": "李元", "QY_REGION": "110000", "QY_REGION_NAME": "北京市", "OLD_CODE": "746722261", "COLLECT_TIME": 1622264072000, "QY_SRC_TYPE": "0", "hub_crawl_status": 0}, {"RN": 44, "QY_ID": "002105291254745019", "QY_ORG_CODE": "91110108746708750W", "QY_NAME": "北京炎黄联合国际工程设计有限公司", "QY_FR_NAME": "冈钢", "QY_REGION": "110000", "QY_REGION_NAME": "北京市", "OLD_CODE": "746708750", "COLLECT_TIME": 1622264076000, "QY_SRC_TYPE": "0", "hub_crawl_status": 0}, {"RN": 45, "QY_ID": "002105291254745914", "QY_ORG_CODE": "911102287629851179", "QY_NAME": "易兰（北京）规划设计股份有限公司", "QY_FR_NAME": "陈跃中", "QY_REGION": "110000", "QY_REGION_NAME": "北京市", "OLD_CODE": "762985117", "COLLECT_TIME": 1622264077000, "QY_SRC_TYPE": "0", "hub_crawl_status": 0}]