[{"QY_FR_NAME": "束盈", "QY_REGION": "110000", "QY_NAME": "北京巅峰智业旅游文化创意股份有限公司", "QY_REGION_NAME": "北京市", "QY_ORG_CODE": "91110000802894923B", "COLLECT_TIME": 1622263263000, "RN": 16, "QY_ID": "002105291241567847", "QY_SRC_TYPE": "0", "OLD_CODE": "802894923", "hub_crawl_status": 0}, {"QY_FR_NAME": "纪刚", "QY_REGION": "110000", "QY_NAME": "北京世纪麦田园林设计有限责任公司", "QY_REGION_NAME": "北京市", "QY_ORG_CODE": "9111010675263855XC", "COLLECT_TIME": 1622263263000, "RN": 17, "QY_ID": "002105291241568395", "QY_SRC_TYPE": "0", "OLD_CODE": "75263855X", "hub_crawl_status": 0}, {"QY_FR_NAME": "蔡泓", "QY_REGION": "110100", "QY_NAME": "北京天下原色聚落景观规划设计院有限公司", "QY_REGION_NAME": "北京市-市辖区", "QY_ORG_CODE": "911101058017284807", "COLLECT_TIME": 1622263276000, "RN": 18, "QY_ID": "002105291241586319", "QY_SRC_TYPE": "0", "OLD_CODE": "801728480", "hub_crawl_status": 0}, {"QY_FR_NAME": "宋源", "QY_REGION": "110100", "QY_NAME": "中国建筑设计研究院有限公司", "QY_REGION_NAME": "北京市-市辖区", "QY_ORG_CODE": "91110000717843400B", "COLLECT_TIME": 1622263282000, "RN": 19, "QY_ID": "002105291241593827", "QY_SRC_TYPE": "0", "OLD_CODE": "717843400", "hub_crawl_status": 0}, {"QY_FR_NAME": "章俊华", "QY_REGION": "110000", "QY_NAME": "北京源树景观规划设计事务所", "QY_REGION_NAME": "北京市", "QY_ORG_CODE": "9111010876217949X3", "COLLECT_TIME": 1622263284000, "RN": 20, "QY_ID": "002105291241597108", "QY_SRC_TYPE": "0", "OLD_CODE": "76217949X", "hub_crawl_status": 0}, {"QY_FR_NAME": "谢江", "QY_REGION": "110000", "QY_NAME": "澳斯派克（北京）景观规划设计有限公司", "QY_REGION_NAME": "北京市", "QY_ORG_CODE": "91110108779529548K", "COLLECT_TIME": 1622263285000, "RN": 21, "QY_ID": "002105291241598552", "QY_SRC_TYPE": "0", "OLD_CODE": "779529548", "hub_crawl_status": 0}, {"QY_FR_NAME": "王健", "QY_REGION": "110100", "QY_NAME": "北京北林生态田园景观规划设计有限公司", "QY_REGION_NAME": "北京市-市辖区", "QY_ORG_CODE": "91110108MA007GQ476", "COLLECT_TIME": 1622263300000, "RN": 22, "QY_ID": "002105291241612738", "QY_SRC_TYPE": "0", "OLD_CODE": "MA007GQ47", "hub_crawl_status": 0}, {"QY_FR_NAME": "孙福春", "QY_REGION": "110100", "QY_NAME": "中国中建设计研究院有限公司", "QY_REGION_NAME": "北京市-市辖区", "QY_ORG_CODE": "91110000101132416J", "COLLECT_TIME": 1622263309000, "RN": 23, "QY_ID": "002105291241622469", "QY_SRC_TYPE": "0", "OLD_CODE": "101132416", "hub_crawl_status": 0}, {"QY_FR_NAME": "邹裕波", "QY_REGION": "110000", "QY_NAME": "阿普贝思（北京）建筑景观设计咨询有限公司", "QY_REGION_NAME": "北京市", "QY_ORG_CODE": "91110108668445720G", "COLLECT_TIME": 1622263317000, "RN": 24, "QY_ID": "002105291241627960", "QY_SRC_TYPE": "0", "OLD_CODE": "668445720", "hub_crawl_status": 0}, {"QY_FR_NAME": "袁松亭", "QY_REGION": "110000", "QY_NAME": "笛东规划设计（北京）股份有限公司", "QY_REGION_NAME": "北京市", "QY_ORG_CODE": "9111000079996968X3", "COLLECT_TIME": 1622263347000, "RN": 25, "QY_ID": "002105291242645094", "QY_SRC_TYPE": "0", "OLD_CODE": "79996968X", "hub_crawl_status": 0}, {"QY_FR_NAME": "杨静", "QY_REGION": "110000", "QY_NAME": "北京乾景园林规划设计有限公司", "QY_REGION_NAME": "北京市", "QY_ORG_CODE": "91110108696306197T", "COLLECT_TIME": 1622263683000, "RN": 26, "QY_ID": "002105291248649293", "QY_SRC_TYPE": "0", "OLD_CODE": "696306197", "hub_crawl_status": 0}, {"QY_FR_NAME": "寇航", "QY_REGION": "110000", "QY_NAME": "宝佳丰（北京）国际建筑景观规划设计有限公司", "QY_REGION_NAME": "北京市", "QY_ORG_CODE": "911101147855223347", "COLLECT_TIME": 1622263686000, "RN": 27, "QY_ID": "002105291248653594", "QY_SRC_TYPE": "0", "OLD_CODE": "785522334", "hub_crawl_status": 0}, {"QY_FR_NAME": "刘照清", "QY_REGION": "110100", "QY_NAME": "中资蓝天建筑景观规划设计院（北京）有限公司", "QY_REGION_NAME": "北京市-市辖区", "QY_ORG_CODE": "91110111078525931B", "COLLECT_TIME": 1622263687000, "RN": 28, "QY_ID": "002105291248654197", "QY_SRC_TYPE": "0", "OLD_CODE": "078525931", "hub_crawl_status": 0}, {"QY_FR_NAME": "李飞", "QY_REGION": "110000", "QY_NAME": "北京百绘创景景观设计事务所", "QY_REGION_NAME": "北京市", "QY_ORG_CODE": "91110108798547848K", "COLLECT_TIME": 1622263687000, "RN": 29, "QY_ID": "002105291248654271", "QY_SRC_TYPE": "0", "OLD_CODE": "798547848", "hub_crawl_status": 0}, {"QY_FR_NAME": "杨文", "QY_REGION": "110000", "QY_NAME": "泛华建设集团有限公司", "QY_REGION_NAME": "北京市", "QY_ORG_CODE": "91110000722604658T", "COLLECT_TIME": 1622263687000, "RN": 30, "QY_ID": "002105291248654284", "QY_SRC_TYPE": "0", "OLD_CODE": "722604658", "hub_crawl_status": 0}]