[{"RN": 46, "QY_ID": "002105291254750800", "QY_ORG_CODE": "911101085694927676", "QY_NAME": "北京万合创景国际规划设计研究院有限公司", "QY_FR_NAME": "贺静", "QY_REGION": "110000", "QY_REGION_NAME": "北京市", "OLD_CODE": "569492767", "COLLECT_TIME": 1622264082000, "QY_SRC_TYPE": "0", "hub_crawl_status": 0}, {"RN": 47, "QY_ID": "002105291254752982", "QY_ORG_CODE": "91110000597692141M", "QY_NAME": "北京市建筑设计研究院有限公司", "QY_FR_NAME": "徐全胜", "QY_REGION": "110000", "QY_REGION_NAME": "北京市", "OLD_CODE": "597692141", "COLLECT_TIME": 1622264084000, "QY_SRC_TYPE": "0", "hub_crawl_status": 0}, {"RN": 48, "QY_ID": "002105291254753439", "QY_ORG_CODE": "91110108802011887Q", "QY_NAME": "北京东方畅想建筑设计有限公司", "QY_FR_NAME": "张德林", "QY_REGION": "110000", "QY_REGION_NAME": "北京市", "OLD_CODE": "802011887", "COLLECT_TIME": 1622264085000, "QY_SRC_TYPE": "0", "hub_crawl_status": 0}, {"RN": 49, "QY_ID": "002105291254753441", "QY_ORG_CODE": "9111010572398279XG", "QY_NAME": "北京东方利禾景观设计有限公司", "QY_FR_NAME": "刘旭", "QY_REGION": "110000", "QY_REGION_NAME": "北京市", "OLD_CODE": "72398279X", "COLLECT_TIME": 1622264085000, "QY_SRC_TYPE": "0", "hub_crawl_status": 0}, {"RN": 50, "QY_ID": "002105291254758438", "QY_ORG_CODE": "9111011110280881X0", "QY_NAME": "北京京林园林集团有限公司", "QY_FR_NAME": "方晟", "QY_REGION": "110000", "QY_REGION_NAME": "北京市", "OLD_CODE": "10280881X", "COLLECT_TIME": 1622264090000, "QY_SRC_TYPE": "0", "hub_crawl_status": 0}, {"RN": 51, "QY_ID": "002105291254766042", "QY_ORG_CODE": "91110000802077712D", "QY_NAME": "北京北控生态建设集团有限公司", "QY_FR_NAME": "杜浩", "QY_REGION": "110000", "QY_REGION_NAME": "北京市", "OLD_CODE": "802077712", "COLLECT_TIME": 1622264099000, "QY_SRC_TYPE": "0", "hub_crawl_status": 0}, {"RN": 52, "QY_ID": "002105291255775296", "QY_ORG_CODE": "91110108739398491Y", "QY_NAME": "北京东方华脉工程设计有限公司", "QY_FR_NAME": "乔丛", "QY_REGION": "110000", "QY_REGION_NAME": "北京市", "OLD_CODE": "739398491", "COLLECT_TIME": 1622264110000, "QY_SRC_TYPE": "0", "hub_crawl_status": 0}, {"RN": 53, "QY_ID": "002105291258784554", "QY_ORG_CODE": "91110000717824744L", "QY_NAME": "林产工业规划设计院", "QY_FR_NAME": "周岩", "QY_REGION": "110000", "QY_REGION_NAME": "北京市", "OLD_CODE": "717824744", "COLLECT_TIME": 1622264310000, "QY_SRC_TYPE": "0", "hub_crawl_status": 0}, {"RN": 54, "QY_ID": "002105291258795192", "QY_ORG_CODE": "91110101771589642E", "QY_NAME": "北京绿维文旅科技发展有限公司", "QY_FR_NAME": "林峰", "QY_REGION": "110000", "QY_REGION_NAME": "北京市", "OLD_CODE": "771589642", "COLLECT_TIME": 1622264321000, "QY_SRC_TYPE": "0", "hub_crawl_status": 0}, {"RN": 55, "QY_ID": "002105291258798957", "QY_ORG_CODE": "91110102101424806Q", "QY_NAME": "国信腾远（北京）工程设计有限公司", "QY_FR_NAME": "王胜", "QY_REGION": "110100", "QY_REGION_NAME": "北京市-市辖区", "OLD_CODE": "101424806", "COLLECT_TIME": 1622264325000, "QY_SRC_TYPE": "0", "hub_crawl_status": 0}, {"RN": 56, "QY_ID": "002105291258799617", "QY_ORG_CODE": "91110116MA005GWX17", "QY_NAME": "北京远洋景观规划设计院有限公司", "QY_FR_NAME": "朱锐敏", "QY_REGION": "110000", "QY_REGION_NAME": "北京市", "OLD_CODE": "MA005GWX1", "COLLECT_TIME": 1622264325000, "QY_SRC_TYPE": "0", "hub_crawl_status": 0}, {"RN": 57, "QY_ID": "002105291305863864", "QY_ORG_CODE": "91110108777674231L", "QY_NAME": "青矩工程顾问有限公司", "QY_FR_NAME": "张超", "QY_REGION": "110100", "QY_REGION_NAME": "北京市-市辖区", "OLD_CODE": "777674231", "COLLECT_TIME": 1622264742000, "QY_SRC_TYPE": "0", "hub_crawl_status": 0}, {"RN": 58, "QY_ID": "002105291306890136", "QY_ORG_CODE": "91110108085514691N", "QY_NAME": "北京自由创林景观规划设计有限公司", "QY_FR_NAME": "张亚平", "QY_REGION": "110000", "QY_REGION_NAME": "北京市", "OLD_CODE": "085514691", "COLLECT_TIME": 1622264772000, "QY_SRC_TYPE": "0", "hub_crawl_status": 0}, {"RN": 59, "QY_ID": "002105291313939444", "QY_ORG_CODE": "911100004000011410", "QY_NAME": "中国建筑科学研究院有限公司", "QY_FR_NAME": "王俊", "QY_REGION": "110100", "QY_REGION_NAME": "北京市-市辖区", "OLD_CODE": "400001141", "COLLECT_TIME": 1622265203000, "QY_SRC_TYPE": "0", "hub_crawl_status": 0}, {"RN": 60, "QY_ID": "002105291313940829", "QY_ORG_CODE": "9111011158768077XC", "QY_NAME": "北京城景和市政工程设计有限公司", "QY_FR_NAME": "李文改", "QY_REGION": "110000", "QY_REGION_NAME": "北京市", "OLD_CODE": "58768077X", "COLLECT_TIME": 1622265204000, "QY_SRC_TYPE": "0", "hub_crawl_status": 0}]