[{"RN": 1, "QY_ID": "002105291239453011", "QY_ORG_CODE": "91110000400009055H", "QY_NAME": "中国城市建设研究院有限公司", "QY_FR_NAME": "王敬民", "QY_REGION": "110100", "QY_REGION_NAME": "北京市-市辖区", "OLD_CODE": "400009055", "COLLECT_TIME": 1622263197000, "QY_SRC_TYPE": "0", "hub_crawl_status": 0}, {"RN": 2, "QY_ID": "002105291239453100", "QY_ORG_CODE": "9111011677474963XH", "QY_NAME": "北京山水心源景观设计院有限公司", "QY_FR_NAME": "端木歧", "QY_REGION": "110000", "QY_REGION_NAME": "北京市", "OLD_CODE": "77474963X", "COLLECT_TIME": 1622263197000, "QY_SRC_TYPE": "0", "hub_crawl_status": 0}, {"RN": 3, "QY_ID": "002105291239454060", "QY_ORG_CODE": "911101021000191474", "QY_NAME": "中外园林建设有限公司", "QY_FR_NAME": "郑宜坤", "QY_REGION": "110000", "QY_REGION_NAME": "北京市", "OLD_CODE": "100019147", "COLLECT_TIME": 1622263197000, "QY_SRC_TYPE": "0", "hub_crawl_status": 0}, {"RN": 4, "QY_ID": "002105291240488430", "QY_ORG_CODE": "911101128024631462", "QY_NAME": "北京俪和景观工程设计有限公司", "QY_FR_NAME": "祖一铭", "QY_REGION": "110100", "QY_REGION_NAME": "北京市-市辖区", "OLD_CODE": "802463146", "COLLECT_TIME": 1622263214000, "QY_SRC_TYPE": "0", "hub_crawl_status": 0}, {"RN": 5, "QY_ID": "002105291240508400", "QY_ORG_CODE": "911100004000108304", "QY_NAME": "中国城市规划设计研究院", "QY_FR_NAME": "王凯", "QY_REGION": "110000", "QY_REGION_NAME": "北京市", "OLD_CODE": "400010830", "COLLECT_TIME": 1622263226000, "QY_SRC_TYPE": "0", "hub_crawl_status": 0}, {"RN": 6, "QY_ID": "002105291240514427", "QY_ORG_CODE": "91110105786890796Y", "QY_NAME": "北京顺景园林股份有限公司", "QY_FR_NAME": "刘骅", "QY_REGION": "110000", "QY_REGION_NAME": "北京市", "OLD_CODE": "786890796", "COLLECT_TIME": 1622263229000, "QY_SRC_TYPE": "0", "hub_crawl_status": 0}, {"RN": 7, "QY_ID": "002105291240522236", "QY_ORG_CODE": "91110228762974223L", "QY_NAME": "北京道勤创景规划设计院有限公司", "QY_FR_NAME": "彭世伟", "QY_REGION": "110100", "QY_REGION_NAME": "北京市-市辖区", "OLD_CODE": "762974223", "COLLECT_TIME": 1622263234000, "QY_SRC_TYPE": "0", "hub_crawl_status": 0}, {"RN": 8, "QY_ID": "002105291240528893", "QY_ORG_CODE": "911101146000917433", "QY_NAME": "北京东方易地景观设计有限公司", "QY_FR_NAME": "韩金山", "QY_REGION": "110100", "QY_REGION_NAME": "北京市-市辖区", "OLD_CODE": "600091743", "COLLECT_TIME": 1622263238000, "QY_SRC_TYPE": "0", "hub_crawl_status": 0}, {"RN": 9, "QY_ID": "002105291240543839", "QY_ORG_CODE": "91110000H52625911G", "QY_NAME": "中国建筑标准设计研究院有限公司", "QY_FR_NAME": "李存东", "QY_REGION": "110000", "QY_REGION_NAME": "北京市", "OLD_CODE": "H52625911", "COLLECT_TIME": 1622263247000, "QY_SRC_TYPE": "0", "hub_crawl_status": 0}, {"RN": 10, "QY_ID": "002105291240552446", "QY_ORG_CODE": "91110108102037939T", "QY_NAME": "北京市城美绿化设计工程有限公司", "QY_FR_NAME": "齐如鹏", "QY_REGION": "110100", "QY_REGION_NAME": "北京市-市辖区", "OLD_CODE": "102037939", "COLLECT_TIME": 1622263253000, "QY_SRC_TYPE": "0", "hub_crawl_status": 0}, {"RN": 11, "QY_ID": "002105291240558105", "QY_ORG_CODE": "91110109722692889T", "QY_NAME": "北京和泓风景园林设计院有限公司", "QY_FR_NAME": "杜泓臻", "QY_REGION": "110100", "QY_REGION_NAME": "北京市-市辖区", "OLD_CODE": "722692889", "COLLECT_TIME": 1622263256000, "QY_SRC_TYPE": "0", "hub_crawl_status": 0}, {"RN": 12, "QY_ID": "002105291240560337", "QY_ORG_CODE": "91110108721466070C", "QY_NAME": "北京清华同衡规划设计研究院有限公司", "QY_FR_NAME": "袁昕", "QY_REGION": "110000", "QY_REGION_NAME": "北京市", "OLD_CODE": "721466070", "COLLECT_TIME": 1622263258000, "QY_SRC_TYPE": "0", "hub_crawl_status": 0}, {"RN": 13, "QY_ID": "002105291240561106", "QY_ORG_CODE": "91110108700613115R", "QY_NAME": "北京正和恒基滨水生态环境治理股份有限公司", "QY_FR_NAME": "张熠君", "QY_REGION": "110000", "QY_REGION_NAME": "北京市", "OLD_CODE": "700613115", "COLLECT_TIME": 1622263258000, "QY_SRC_TYPE": "0", "hub_crawl_status": 0}, {"RN": 14, "QY_ID": "002105291240562731", "QY_ORG_CODE": "911101055621025438", "QY_NAME": "中垣联合（北京）城乡规划设计有限公司", "QY_FR_NAME": "李璇", "QY_REGION": "110000", "QY_REGION_NAME": "北京市", "OLD_CODE": "562102543", "COLLECT_TIME": 1622263259000, "QY_SRC_TYPE": "0", "hub_crawl_status": 0}, {"RN": 15, "QY_ID": "002105291241567511", "QY_ORG_CODE": "911101085657742149", "QY_NAME": "北京土人城市规划设计股份有限公司", "QY_FR_NAME": "张志文", "QY_REGION": "110000", "QY_REGION_NAME": "北京市", "OLD_CODE": "565774214", "COLLECT_TIME": 1622263262000, "QY_SRC_TYPE": "0", "hub_crawl_status": 0}]