[{"RN": 1, "QY_ID": "002105291239451366", "QY_ORG_CODE": "101694419", "QY_NAME": "中海实业公司", "QY_FR_NAME": "刘泉", "QY_REGION": "110000", "QY_REGION_NAME": "北京市", "OLD_CODE": "101694419", "COLLECT_TIME": 1622263196000, "QY_SRC_TYPE": "0", "hub_crawl_status": 0}, {"RN": 2, "QY_ID": "002105291239451408", "QY_ORG_CODE": "91110000100010724P", "QY_NAME": "中国电力工程顾问集团华北电力设计院有限公司", "QY_FR_NAME": "王毓", "QY_REGION": "110000", "QY_REGION_NAME": "北京市", "OLD_CODE": "100010724", "COLLECT_TIME": 1622263196000, "QY_SRC_TYPE": "0", "hub_crawl_status": 0}]