[{"RN": 1, "QY_ID": "002105291254754140", "QY_ORG_CODE": "91110111746714747N", "QY_NAME": "北京良乡蓝鑫水利工程设计有限公司", "QY_FR_NAME": "李枫", "QY_REGION": "110000", "QY_REGION_NAME": "北京市", "OLD_CODE": "746714747", "COLLECT_TIME": 1622264085000, "QY_SRC_TYPE": "0", "hub_crawl_status": 0}, {"RN": 2, "QY_ID": "002105291305846819", "QY_ORG_CODE": "91110116MA0083EC6Y", "QY_NAME": "北京渤海嘉实工程咨询有限责任公司", "QY_FR_NAME": "胡朝光", "QY_REGION": "110000", "QY_REGION_NAME": "北京市", "OLD_CODE": "MA0083EC6", "COLLECT_TIME": 1622264722000, "QY_SRC_TYPE": "0", "hub_crawl_status": 0}]