[{"RN": 1, "QY_ID": "002105291248697755", "QY_ORG_CODE": "9111010805363383XT", "QY_NAME": "北京五色金土信息科技有限公司", "QY_FR_NAME": "张文选", "QY_REGION": "110000", "QY_REGION_NAME": "北京市", "OLD_CODE": "05363383X", "COLLECT_TIME": 1622263734000, "QY_SRC_TYPE": "0", "hub_crawl_status": 0}, {"RN": 2, "QY_ID": "002105291306885864", "QY_ORG_CODE": "91110106767508125F", "QY_NAME": "北京舜土规划顾问有限公司", "QY_FR_NAME": "徐国飞", "QY_REGION": "110000", "QY_REGION_NAME": "北京市", "OLD_CODE": "767508125", "COLLECT_TIME": 1622264766000, "QY_SRC_TYPE": "0", "hub_crawl_status": 0}, {"RN": 3, "QY_ID": "002105291321967998", "QY_ORG_CODE": "91110108777073575F", "QY_NAME": "北京佰信蓝图科技有限公司", "QY_FR_NAME": "樊海东", "QY_REGION": "110000", "QY_REGION_NAME": "北京市", "OLD_CODE": "777073575", "COLLECT_TIME": 1622265713000, "QY_SRC_TYPE": "0", "hub_crawl_status": 0}, {"RN": 4, "QY_ID": "002105291322996382", "QY_ORG_CODE": "911101087582328412", "QY_NAME": "北京方圆大地规划设计咨询有限公司", "QY_FR_NAME": "李玉兰", "QY_REGION": "110000", "QY_REGION_NAME": "北京市", "OLD_CODE": "758232841", "COLLECT_TIME": 1622265751000, "QY_SRC_TYPE": "0", "hub_crawl_status": 0}]