[{"RN": 46, "QY_ID": "002105291248655364", "QY_ORG_CODE": "91110108MA003RH21U", "QY_NAME": "中关村海绵城市工程研究院有限公司", "QY_FR_NAME": "潘晓军", "QY_REGION": "110000", "QY_REGION_NAME": "北京市", "OLD_CODE": "MA003RH21", "COLLECT_TIME": 1622263688000, "QY_SRC_TYPE": "0", "hub_crawl_status": 0}, {"RN": 47, "QY_ID": "002105291248657899", "QY_ORG_CODE": "911101146883966200", "QY_NAME": "北京润丰园林绿化工程有限公司", "QY_FR_NAME": "周建忠", "QY_REGION": "110000", "QY_REGION_NAME": "北京市", "OLD_CODE": "688396620", "COLLECT_TIME": 1622263690000, "QY_SRC_TYPE": "0", "hub_crawl_status": 0}, {"RN": 48, "QY_ID": "002105291248666128", "QY_ORG_CODE": "91110102MA0177G07F", "QY_NAME": "北京北建大城市规划设计研究院有限公司", "QY_FR_NAME": "王玮", "QY_REGION": "110000", "QY_REGION_NAME": "北京市", "OLD_CODE": "MA0177G07", "COLLECT_TIME": 1622263697000, "QY_SRC_TYPE": "0", "hub_crawl_status": 0}, {"RN": 49, "QY_ID": "002105291248672833", "QY_ORG_CODE": "91110105101700225C", "QY_NAME": "中交综合规划设计院有限公司", "QY_FR_NAME": "黄振燕", "QY_REGION": "110100", "QY_REGION_NAME": "北京市-市辖区", "OLD_CODE": "101700225", "COLLECT_TIME": 1622263704000, "QY_SRC_TYPE": "0", "hub_crawl_status": 0}, {"RN": 50, "QY_ID": "002105291248683051", "QY_ORG_CODE": "91110000101112191T", "QY_NAME": "中铁华铁工程设计集团有限公司", "QY_FR_NAME": "彭晓华", "QY_REGION": "110000", "QY_REGION_NAME": "北京市", "OLD_CODE": "101112191", "COLLECT_TIME": 1622263715000, "QY_SRC_TYPE": "0", "hub_crawl_status": 0}, {"RN": 51, "QY_ID": "002105291248686068", "QY_ORG_CODE": "91110108802016469A", "QY_NAME": "北京多义景观规划设计事务所", "QY_FR_NAME": "林箐", "QY_REGION": "110000", "QY_REGION_NAME": "北京市", "OLD_CODE": "802016469", "COLLECT_TIME": 1622263718000, "QY_SRC_TYPE": "0", "hub_crawl_status": 0}, {"RN": 52, "QY_ID": "002105291248697267", "QY_ORG_CODE": "91110115MA01FX2Y01", "QY_NAME": "北京智宇天成设计咨询有限公司", "QY_FR_NAME": "李广全", "QY_REGION": "110000", "QY_REGION_NAME": "北京市", "OLD_CODE": "MA01FX2Y0", "COLLECT_TIME": 1622263733000, "QY_SRC_TYPE": "0", "hub_crawl_status": 0}, {"RN": 53, "QY_ID": "002105291248698926", "QY_ORG_CODE": "911101080649266467", "QY_NAME": "北京北林先进生态环保技术研究院有限公司", "QY_FR_NAME": "蔡飞", "QY_REGION": "110000", "QY_REGION_NAME": "北京市", "OLD_CODE": "064926646", "COLLECT_TIME": 1622263736000, "QY_SRC_TYPE": "0", "hub_crawl_status": 0}, {"RN": 54, "QY_ID": "002105291248700408", "QY_ORG_CODE": "91110116753318507H", "QY_NAME": "北京新松建筑设计研究院有限公司", "QY_FR_NAME": "牛晓荣", "QY_REGION": "110000", "QY_REGION_NAME": "北京市", "OLD_CODE": "753318507", "COLLECT_TIME": 1622263739000, "QY_SRC_TYPE": "0", "hub_crawl_status": 0}, {"RN": 55, "QY_ID": "002105291249708847", "QY_ORG_CODE": "9111011510201194X3", "QY_NAME": "北京新纪元建筑工程设计有限公司", "QY_FR_NAME": "曾繁柏", "QY_REGION": "110000", "QY_REGION_NAME": "北京市", "OLD_CODE": "10201194X", "COLLECT_TIME": 1622263752000, "QY_SRC_TYPE": "0", "hub_crawl_status": 0}, {"RN": 56, "QY_ID": "002105291254716282", "QY_ORG_CODE": "91110102600466031Y", "QY_NAME": "北京本土建筑设计有限公司", "QY_FR_NAME": "田永义", "QY_REGION": "110000", "QY_REGION_NAME": "北京市", "OLD_CODE": "600466031", "COLLECT_TIME": 1622264045000, "QY_SRC_TYPE": "0", "hub_crawl_status": 0}, {"RN": 57, "QY_ID": "002105291254724843", "QY_ORG_CODE": "91110105101720461Y", "QY_NAME": "北京城建勘测设计研究院有限责任公司", "QY_FR_NAME": "马海志", "QY_REGION": "110000", "QY_REGION_NAME": "北京市", "OLD_CODE": "101720461", "COLLECT_TIME": 1622264054000, "QY_SRC_TYPE": "0", "hub_crawl_status": 0}, {"RN": 58, "QY_ID": "002105291254734417", "QY_ORG_CODE": "9111010680221924XQ", "QY_NAME": "北京中咨路捷工程技术咨询有限公司", "QY_FR_NAME": "冯松", "QY_REGION": "110000", "QY_REGION_NAME": "北京市", "OLD_CODE": "80221924X", "COLLECT_TIME": 1622264065000, "QY_SRC_TYPE": "0", "hub_crawl_status": 0}, {"RN": 59, "QY_ID": "002105291254736389", "QY_ORG_CODE": "91110105756726813F", "QY_NAME": "都市筑境（北京）景观规划设计院有限公司", "QY_FR_NAME": "刘东云", "QY_REGION": "110000", "QY_REGION_NAME": "北京市", "OLD_CODE": "756726813", "COLLECT_TIME": 1622264067000, "QY_SRC_TYPE": "0", "hub_crawl_status": 0}, {"RN": 60, "QY_ID": "002105291254736646", "QY_ORG_CODE": "91110106748138229G", "QY_NAME": "北京中天正通工程设计有限公司", "QY_FR_NAME": "余友君", "QY_REGION": "110000", "QY_REGION_NAME": "北京市", "OLD_CODE": "748138229", "COLLECT_TIME": 1622264067000, "QY_SRC_TYPE": "0", "hub_crawl_status": 0}]