[{"RN": 61, "QY_ID": "002105291254740316", "QY_ORG_CODE": "9111010869232817X2", "QY_NAME": "新兴生态科技股份有限公司", "QY_FR_NAME": "梁大山", "QY_REGION": "110000", "QY_REGION_NAME": "北京市", "OLD_CODE": "69232817X", "COLLECT_TIME": 1622264071000, "QY_SRC_TYPE": "0", "hub_crawl_status": 0}, {"RN": 62, "QY_ID": "002105291254742714", "QY_ORG_CODE": "911102288029856819", "QY_NAME": "北京建谊高能建筑设计研究院有限公司", "QY_FR_NAME": "李威", "QY_REGION": "110000", "QY_REGION_NAME": "北京市", "OLD_CODE": "802985681", "COLLECT_TIME": 1622264074000, "QY_SRC_TYPE": "0", "hub_crawl_status": 0}, {"RN": 63, "QY_ID": "002105291254746845", "QY_ORG_CODE": "911101081000240691", "QY_NAME": "建学建筑与工程设计所有限公司", "QY_FR_NAME": "高海军", "QY_REGION": "110000", "QY_REGION_NAME": "北京市", "OLD_CODE": "100024069", "COLLECT_TIME": 1622264078000, "QY_SRC_TYPE": "0", "hub_crawl_status": 0}, {"RN": 64, "QY_ID": "002105291254746861", "QY_ORG_CODE": "91110109744711745J", "QY_NAME": "中科建（北京）建筑规划设计有限公司", "QY_FR_NAME": "王增涛", "QY_REGION": "110000", "QY_REGION_NAME": "北京市", "OLD_CODE": "744711745", "COLLECT_TIME": 1622264078000, "QY_SRC_TYPE": "0", "hub_crawl_status": 0}, {"RN": 65, "QY_ID": "002105291254754123", "QY_ORG_CODE": "91110102700203984J", "QY_NAME": "水发绿建（北京）城市科技发展有限公司", "QY_FR_NAME": "孙金礼", "QY_REGION": "110100", "QY_REGION_NAME": "北京市-市辖区", "OLD_CODE": "700203984", "COLLECT_TIME": 1622264085000, "QY_SRC_TYPE": "0", "hub_crawl_status": 0}, {"RN": 66, "QY_ID": "002105291254754139", "QY_ORG_CODE": "911101087848047864", "QY_NAME": "北京中联大地景观设计有限公司", "QY_FR_NAME": "杜欲艺", "QY_REGION": "110000", "QY_REGION_NAME": "北京市", "OLD_CODE": "784804786", "COLLECT_TIME": 1622264085000, "QY_SRC_TYPE": "0", "hub_crawl_status": 0}, {"RN": 67, "QY_ID": "002105291254763866", "QY_ORG_CODE": "911101085636936729", "QY_NAME": "北京中天国际设计集团有限公司", "QY_FR_NAME": "唐海达", "QY_REGION": "110000", "QY_REGION_NAME": "北京市", "OLD_CODE": "563693672", "COLLECT_TIME": 1622264097000, "QY_SRC_TYPE": "0", "hub_crawl_status": 0}, {"RN": 68, "QY_ID": "002105291255776829", "QY_ORG_CODE": "911101081019840614", "QY_NAME": "北京丹青园林绿化有限责任公司", "QY_FR_NAME": "董向忠", "QY_REGION": "110000", "QY_REGION_NAME": "北京市", "OLD_CODE": "101984061", "COLLECT_TIME": 1622264111000, "QY_SRC_TYPE": "0", "hub_crawl_status": 0}, {"RN": 69, "QY_ID": "002105291258787075", "QY_ORG_CODE": "91110108102010461N", "QY_NAME": "清华大学建筑设计研究院有限公司", "QY_FR_NAME": "庄惟敏", "QY_REGION": "110000", "QY_REGION_NAME": "北京市", "OLD_CODE": "102010461", "COLLECT_TIME": 1622264312000, "QY_SRC_TYPE": "0", "hub_crawl_status": 0}, {"RN": 70, "QY_ID": "002105291258791895", "QY_ORG_CODE": "911101086337216416", "QY_NAME": "中科营造（北京）工程设计研究院有限公司", "QY_FR_NAME": "还加顺", "QY_REGION": "110000", "QY_REGION_NAME": "北京市", "OLD_CODE": "633721641", "COLLECT_TIME": 1622264318000, "QY_SRC_TYPE": "0", "hub_crawl_status": 0}, {"RN": 71, "QY_ID": "002105291258804492", "QY_ORG_CODE": "91110114700349940B", "QY_NAME": "华合（北京）国际工程设计有限公司", "QY_FR_NAME": "王默", "QY_REGION": "110000", "QY_REGION_NAME": "北京市", "OLD_CODE": "700349940", "COLLECT_TIME": 1622264330000, "QY_SRC_TYPE": "0", "hub_crawl_status": 0}, {"RN": 72, "QY_ID": "002105291259822679", "QY_ORG_CODE": "911101157214940984", "QY_NAME": "北京乾建绿化工程有限公司", "QY_FR_NAME": "张岩刚", "QY_REGION": "110000", "QY_REGION_NAME": "北京市", "OLD_CODE": "721494098", "COLLECT_TIME": 1622264354000, "QY_SRC_TYPE": "0", "hub_crawl_status": 0}, {"RN": 73, "QY_ID": "002105291305874271", "QY_ORG_CODE": "91110108057328074H", "QY_NAME": "京林风景（北京）规划设计研究院有限公司", "QY_FR_NAME": "李运远", "QY_REGION": "110000", "QY_REGION_NAME": "北京市", "OLD_CODE": "057328074", "COLLECT_TIME": 1622264756000, "QY_SRC_TYPE": "0", "hub_crawl_status": 0}, {"RN": 74, "QY_ID": "002105291306900491", "QY_ORG_CODE": "91110102700362790M", "QY_NAME": "北规院弘都规划建筑设计研究院有限公司", "QY_FR_NAME": "陈子毅", "QY_REGION": "110000", "QY_REGION_NAME": "北京市", "OLD_CODE": "700362790", "COLLECT_TIME": 1622264787000, "QY_SRC_TYPE": "0", "hub_crawl_status": 0}, {"RN": 75, "QY_ID": "002105291306901684", "QY_ORG_CODE": "911101086787895511", "QY_NAME": "北京亚格筑景规划设计有限公司", "QY_FR_NAME": "任海阳", "QY_REGION": "110000", "QY_REGION_NAME": "北京市", "OLD_CODE": "678789551", "COLLECT_TIME": 1622264789000, "QY_SRC_TYPE": "0", "hub_crawl_status": 0}]