[{"RN": 31, "QY_ID": "002105291241599803", "QY_ORG_CODE": "91110105785547072N", "QY_NAME": "北京观筑景观规划设计院有限公司", "QY_FR_NAME": "王玲玲", "QY_REGION": "110000", "QY_REGION_NAME": "北京市", "OLD_CODE": "785547072", "COLLECT_TIME": 1622263286000, "QY_SRC_TYPE": "0", "hub_crawl_status": 0}, {"RN": 32, "QY_ID": "002105291241612507", "QY_ORG_CODE": "911101027002916898", "QY_NAME": "北京华茂中天建筑规划设计有限公司", "QY_FR_NAME": "姜鹏", "QY_REGION": "110000", "QY_REGION_NAME": "北京市", "OLD_CODE": "700291689", "COLLECT_TIME": 1622263299000, "QY_SRC_TYPE": "0", "hub_crawl_status": 0}, {"RN": 33, "QY_ID": "002105291241617653", "QY_ORG_CODE": "911101086621643972", "QY_NAME": "北京中奥建工程设计有限公司", "QY_FR_NAME": "郭玉清", "QY_REGION": "110000", "QY_REGION_NAME": "北京市", "OLD_CODE": "662164397", "COLLECT_TIME": 1622263305000, "QY_SRC_TYPE": "0", "hub_crawl_status": 0}, {"RN": 34, "QY_ID": "002105291241620854", "QY_ORG_CODE": "91110102766269046W", "QY_NAME": "中京方正（北京）工程技术有限公司", "QY_FR_NAME": "陈建明", "QY_REGION": "110000", "QY_REGION_NAME": "北京市", "OLD_CODE": "766269046", "COLLECT_TIME": 1622263308000, "QY_SRC_TYPE": "0", "hub_crawl_status": 0}, {"RN": 35, "QY_ID": "002105291241621309", "QY_ORG_CODE": "911101087667684864", "QY_NAME": "北京汉通建筑规划设计有限公司", "QY_FR_NAME": "谭慧娇", "QY_REGION": "110000", "QY_REGION_NAME": "北京市", "OLD_CODE": "766768486", "COLLECT_TIME": 1622263308000, "QY_SRC_TYPE": "0", "hub_crawl_status": 0}, {"RN": 36, "QY_ID": "002105291241625672", "QY_ORG_CODE": "911101085923568786", "QY_NAME": "北京雨人润科生态技术有限责任公司", "QY_FR_NAME": "赵杨", "QY_REGION": "110000", "QY_REGION_NAME": "北京市", "OLD_CODE": "592356878", "COLLECT_TIME": 1622263314000, "QY_SRC_TYPE": "0", "hub_crawl_status": 0}, {"RN": 37, "QY_ID": "002105291242634124", "QY_ORG_CODE": "91110108753346348K", "QY_NAME": "北京禹冰水利勘测规划设计有限公司", "QY_FR_NAME": "吴震", "QY_REGION": "110000", "QY_REGION_NAME": "北京市", "OLD_CODE": "753346348", "COLLECT_TIME": 1622263326000, "QY_SRC_TYPE": "0", "hub_crawl_status": 0}, {"RN": 38, "QY_ID": "002105291242636632", "QY_ORG_CODE": "911101111028062243", "QY_NAME": "北京市首发天人生态景观有限公司", "QY_FR_NAME": "王少辉", "QY_REGION": "110000", "QY_REGION_NAME": "北京市", "OLD_CODE": "102806224", "COLLECT_TIME": 1622263330000, "QY_SRC_TYPE": "0", "hub_crawl_status": 0}, {"RN": 39, "QY_ID": "002105291242637642", "QY_ORG_CODE": "91110116102599317W", "QY_NAME": "北京云翔建筑设计有限公司", "QY_FR_NAME": "柳少杰", "QY_REGION": "110100", "QY_REGION_NAME": "北京市-市辖区", "OLD_CODE": "102599317", "COLLECT_TIME": 1622263331000, "QY_SRC_TYPE": "0", "hub_crawl_status": 0}, {"RN": 40, "QY_ID": "002105291242644445", "QY_ORG_CODE": "911101086812181351", "QY_NAME": "北京东方奥本建筑规划设计有限公司", "QY_FR_NAME": "辛发林", "QY_REGION": "110000", "QY_REGION_NAME": "北京市", "OLD_CODE": "681218135", "COLLECT_TIME": 1622263346000, "QY_SRC_TYPE": "0", "hub_crawl_status": 0}, {"RN": 41, "QY_ID": "002105291242644447", "QY_ORG_CODE": "91110000400000974J", "QY_NAME": "中材地质工程勘查研究院有限公司", "QY_FR_NAME": "郭党生", "QY_REGION": "110000", "QY_REGION_NAME": "北京市", "OLD_CODE": "400000974", "COLLECT_TIME": 1622263346000, "QY_SRC_TYPE": "0", "hub_crawl_status": 0}, {"RN": 42, "QY_ID": "002105291242644705", "QY_ORG_CODE": "91110115597668846X", "QY_NAME": "北京宏图华构建筑设计有限公司", "QY_FR_NAME": "张荣", "QY_REGION": "110000", "QY_REGION_NAME": "北京市", "OLD_CODE": "597668846", "COLLECT_TIME": 1622263346000, "QY_SRC_TYPE": "0", "hub_crawl_status": 0}, {"RN": 43, "QY_ID": "002105291242644790", "QY_ORG_CODE": "911103027795018608", "QY_NAME": "北京清润国际建筑设计研究有限公司", "QY_FR_NAME": "王立虎", "QY_REGION": "110000", "QY_REGION_NAME": "北京市", "OLD_CODE": "779501860", "COLLECT_TIME": 1622263346000, "QY_SRC_TYPE": "0", "hub_crawl_status": 0}, {"RN": 44, "QY_ID": "002105291248654275", "QY_ORG_CODE": "91110108783964753J", "QY_NAME": "北京清尚建筑设计研究院有限公司", "QY_FR_NAME": "吴晞", "QY_REGION": "110000", "QY_REGION_NAME": "北京市", "OLD_CODE": "783964753", "COLLECT_TIME": 1622263687000, "QY_SRC_TYPE": "0", "hub_crawl_status": 0}, {"RN": 45, "QY_ID": "002105291248654923", "QY_ORG_CODE": "91110000100001916P", "QY_NAME": "中国公路工程咨询集团有限公司", "QY_FR_NAME": "崔玉萍", "QY_REGION": "110100", "QY_REGION_NAME": "北京市-市辖区", "OLD_CODE": "100001916", "COLLECT_TIME": 1622263688000, "QY_SRC_TYPE": "0", "hub_crawl_status": 0}]