[{"RN": 1, "QY_ID": "002105291239451576", "QY_ORG_CODE": "91110101101300846F", "QY_NAME": "北京林业工程咨询公司", "QY_FR_NAME": "刘国强", "QY_REGION": "110000", "QY_REGION_NAME": "北京市", "OLD_CODE": "101300846", "COLLECT_TIME": 1622263196000, "QY_SRC_TYPE": "0", "hub_crawl_status": 0}, {"RN": 2, "QY_ID": "002105291239451823", "QY_ORG_CODE": "911101086000144812", "QY_NAME": "大地建筑事务所（国际）", "QY_FR_NAME": "彭培根", "QY_REGION": "110000", "QY_REGION_NAME": "北京市", "OLD_CODE": "600014481", "COLLECT_TIME": 1622263196000, "QY_SRC_TYPE": "0", "hub_crawl_status": 0}, {"RN": 3, "QY_ID": "002105291239451827", "QY_ORG_CODE": "91110102101416873D", "QY_NAME": "北京东方国兴建筑设计院有限公司", "QY_FR_NAME": "胡炜", "QY_REGION": "110100", "QY_REGION_NAME": "北京市-市辖区", "OLD_CODE": "101416873", "COLLECT_TIME": 1622263196000, "QY_SRC_TYPE": "0", "hub_crawl_status": 0}, {"RN": 4, "QY_ID": "002105291239452140", "QY_ORG_CODE": "91110000400002689G", "QY_NAME": "建设综合勘察研究设计院有限公司", "QY_FR_NAME": "李耀刚", "QY_REGION": "110000", "QY_REGION_NAME": "北京市", "OLD_CODE": "400002689", "COLLECT_TIME": 1622263196000, "QY_SRC_TYPE": "0", "hub_crawl_status": 0}, {"RN": 5, "QY_ID": "002105291239453826", "QY_ORG_CODE": "91110105400615610P", "QY_NAME": "北京维拓时代建筑设计股份有限公司", "QY_FR_NAME": "孙祥恕", "QY_REGION": "110000", "QY_REGION_NAME": "北京市", "OLD_CODE": "400615610", "COLLECT_TIME": 1622263197000, "QY_SRC_TYPE": "0", "hub_crawl_status": 0}, {"RN": 6, "QY_ID": "002105291240459269", "QY_ORG_CODE": "91110107743339849G", "QY_NAME": "北京中环世纪工程设计有限责任公司", "QY_FR_NAME": "黄诚", "QY_REGION": "110000", "QY_REGION_NAME": "北京市", "OLD_CODE": "743339849", "COLLECT_TIME": 1622263200000, "QY_SRC_TYPE": "0", "hub_crawl_status": 0}, {"RN": 7, "QY_ID": "002105291240465738", "QY_ORG_CODE": "911101066717771369", "QY_NAME": "杰恩国际设计（北京）股份有限公司", "QY_FR_NAME": "何鹏", "QY_REGION": "110000", "QY_REGION_NAME": "北京市", "OLD_CODE": "671777136", "COLLECT_TIME": 1622263203000, "QY_SRC_TYPE": "0", "hub_crawl_status": 0}, {"RN": 8, "QY_ID": "002105291240493431", "QY_ORG_CODE": "911101055996975796", "QY_NAME": "北京中合现代工程设计有限公司", "QY_FR_NAME": "邢剑鸣", "QY_REGION": "110000", "QY_REGION_NAME": "北京市", "OLD_CODE": "599697579", "COLLECT_TIME": 1622263217000, "QY_SRC_TYPE": "0", "hub_crawl_status": 0}, {"RN": 9, "QY_ID": "002105291240495422", "QY_ORG_CODE": "91110102055627978E", "QY_NAME": "国策众合（北京）建筑工程设计有限公司", "QY_FR_NAME": "刘玉莲", "QY_REGION": "110100", "QY_REGION_NAME": "北京市-市辖区", "OLD_CODE": "055627978", "COLLECT_TIME": 1622263218000, "QY_SRC_TYPE": "0", "hub_crawl_status": 0}, {"RN": 10, "QY_ID": "002105291240496777", "QY_ORG_CODE": "91110108MA019KBJ7J", "QY_NAME": "北京市水利规划设计研究院", "QY_FR_NAME": "沈来新", "QY_REGION": "110100", "QY_REGION_NAME": "北京市-市辖区", "OLD_CODE": "MA019KBJ7", "COLLECT_TIME": 1622263219000, "QY_SRC_TYPE": "0", "hub_crawl_status": 0}, {"RN": 11, "QY_ID": "002105291240499185", "QY_ORG_CODE": "911101131020418903", "QY_NAME": "北京顺鑫绿洲锦绣园林工程有限公司", "QY_FR_NAME": "国春杰", "QY_REGION": "110000", "QY_REGION_NAME": "北京市", "OLD_CODE": "102041890", "COLLECT_TIME": 1622263221000, "QY_SRC_TYPE": "0", "hub_crawl_status": 0}, {"RN": 12, "QY_ID": "002105291240506671", "QY_ORG_CODE": "91110109101928254L", "QY_NAME": "北京中厦建筑设计研究院有限公司", "QY_FR_NAME": "曹文利", "QY_REGION": "110000", "QY_REGION_NAME": "北京市", "OLD_CODE": "101928254", "COLLECT_TIME": 1622263225000, "QY_SRC_TYPE": "0", "hub_crawl_status": 0}, {"RN": 13, "QY_ID": "002105291240506887", "QY_ORG_CODE": "91110102101158915Q", "QY_NAME": "中国城市发展规划设计咨询有限公司", "QY_FR_NAME": "张扬", "QY_REGION": "110000", "QY_REGION_NAME": "北京市", "OLD_CODE": "101158915", "COLLECT_TIME": 1622263225000, "QY_SRC_TYPE": "0", "hub_crawl_status": 0}, {"RN": 14, "QY_ID": "002105291240509944", "QY_ORG_CODE": "91110115101779156K", "QY_NAME": "华通设计顾问工程有限公司", "QY_FR_NAME": "魏闽红", "QY_REGION": "110000", "QY_REGION_NAME": "北京市", "OLD_CODE": "101779156", "COLLECT_TIME": 1622263227000, "QY_SRC_TYPE": "0", "hub_crawl_status": 0}, {"RN": 15, "QY_ID": "002105291240521732", "QY_ORG_CODE": "911101081014003292", "QY_NAME": "北京五合国际工程设计顾问有限公司", "QY_FR_NAME": "严涛", "QY_REGION": "110000", "QY_REGION_NAME": "北京市", "OLD_CODE": "101400329", "COLLECT_TIME": 1622263233000, "QY_SRC_TYPE": "0", "hub_crawl_status": 0}]