[{"RN": 76, "QY_ID": "002105291313925172", "QY_ORG_CODE": "91110105357926228U", "QY_NAME": "北京大享空间设计有限公司", "QY_FR_NAME": "罗强", "QY_REGION": "110000", "QY_REGION_NAME": "北京市", "OLD_CODE": "357926228", "COLLECT_TIME": 1622265187000, "QY_SRC_TYPE": "0", "hub_crawl_status": 0}, {"RN": 77, "QY_ID": "002105291313931935", "QY_ORG_CODE": "91110105MA006TWB2R", "QY_NAME": "中国电建集团建筑规划设计研究院有限公司", "QY_FR_NAME": "康建民", "QY_REGION": "110000", "QY_REGION_NAME": "北京市", "OLD_CODE": "MA006TWB2", "COLLECT_TIME": 1622265195000, "QY_SRC_TYPE": "0", "hub_crawl_status": 0}, {"RN": 78, "QY_ID": "002105291313939387", "QY_ORG_CODE": "911101087000476197", "QY_NAME": "北京市海淀园林工程设计所有限公司", "QY_FR_NAME": "孙少婧", "QY_REGION": "110000", "QY_REGION_NAME": "北京市", "OLD_CODE": "700047619", "COLLECT_TIME": 1622265203000, "QY_SRC_TYPE": "0", "hub_crawl_status": 0}, {"RN": 79, "QY_ID": "002105291313945008", "QY_ORG_CODE": "911101063303938392", "QY_NAME": "北京元亨凯瑞工程设计有限公司", "QY_FR_NAME": "张景彬", "QY_REGION": "110000", "QY_REGION_NAME": "北京市", "OLD_CODE": "330393839", "COLLECT_TIME": 1622265209000, "QY_SRC_TYPE": "0", "hub_crawl_status": 0}, {"RN": 80, "QY_ID": "002105291313957571", "QY_ORG_CODE": "91110112MA01J3LA52", "QY_NAME": "北京美乡规划设计院有限公司", "QY_FR_NAME": "朱文喆", "QY_REGION": "110000", "QY_REGION_NAME": "北京市", "OLD_CODE": "MA01J3LA5", "COLLECT_TIME": 1622265229000, "QY_SRC_TYPE": "0", "hub_crawl_status": 0}, {"RN": 81, "QY_ID": "002105291313958818", "QY_ORG_CODE": "9111010810204467XX", "QY_NAME": "中规院（北京）规划设计有限公司", "QY_FR_NAME": "张全", "QY_REGION": "110100", "QY_REGION_NAME": "北京市-市辖区", "OLD_CODE": "10204467X", "COLLECT_TIME": 1622265230000, "QY_SRC_TYPE": "0", "hub_crawl_status": 0}, {"RN": 82, "QY_ID": "002105291322974319", "QY_ORG_CODE": "911100001021481963", "QY_NAME": "北京花乡花木集团有限公司", "QY_FR_NAME": "林巧玲", "QY_REGION": "110000", "QY_REGION_NAME": "北京市", "OLD_CODE": "102148196", "COLLECT_TIME": 1622265722000, "QY_SRC_TYPE": "0", "hub_crawl_status": 0}, {"RN": 83, "QY_ID": "002105291322988054", "QY_ORG_CODE": "91110105776384507K", "QY_NAME": "丘禾国际环境景观咨询（北京）有限公司", "QY_FR_NAME": "刘广通", "QY_REGION": "110000", "QY_REGION_NAME": "北京市", "OLD_CODE": "776384507", "COLLECT_TIME": 1622265741000, "QY_SRC_TYPE": "0", "hub_crawl_status": 0}, {"RN": 84, "QY_ID": "002105291328072043", "QY_ORG_CODE": "91110107051374045P", "QY_NAME": "中外建华诚（北京）工程设计咨询有限公司", "QY_FR_NAME": "蔡大千", "QY_REGION": "110000", "QY_REGION_NAME": "北京市", "OLD_CODE": "051374045", "COLLECT_TIME": 1622266138000, "QY_SRC_TYPE": "0", "hub_crawl_status": 0}, {"RN": 85, "QY_ID": "002105291336097605", "QY_ORG_CODE": "91110105799984222B", "QY_NAME": "北京德纳兰景观设计有限公司", "QY_FR_NAME": "陈合金", "QY_REGION": "110000", "QY_REGION_NAME": "北京市", "OLD_CODE": "799984222", "COLLECT_TIME": 1622266569000, "QY_SRC_TYPE": "0", "hub_crawl_status": 0}, {"RN": 86, "QY_ID": "002109240056188993", "QY_ORG_CODE": "911101056900181512", "QY_NAME": "北京福森园林设计有限公司", "QY_FR_NAME": "马存福", "QY_REGION": "110000", "QY_REGION_NAME": "北京市", "OLD_CODE": "690018151", "COLLECT_TIME": 1632416193000, "QY_SRC_TYPE": "0", "hub_crawl_status": 0}, {"RN": 87, "QY_ID": "002110261909205807", "QY_ORG_CODE": "911101057488323252", "QY_NAME": "北京大地风景旅游景观规划设计有限公司", "QY_FR_NAME": "张丽", "QY_REGION": "110000", "QY_REGION_NAME": "北京市", "OLD_CODE": "748832325", "COLLECT_TIME": 1635246581000, "QY_SRC_TYPE": "0", "hub_crawl_status": 0}]