[{"RN": 16, "QY_ID": "002105291240521754", "QY_ORG_CODE": "91110000100006856A", "QY_NAME": "中国建筑技术集团有限公司", "QY_FR_NAME": "冯禄", "QY_REGION": "110100", "QY_REGION_NAME": "北京市-市辖区", "OLD_CODE": "100006856", "COLLECT_TIME": 1622263233000, "QY_SRC_TYPE": "0", "hub_crawl_status": 0}, {"RN": 17, "QY_ID": "002105291240523530", "QY_ORG_CODE": "91110115MA008M465G", "QY_NAME": "华商国际工程有限公司", "QY_FR_NAME": "李晓虎", "QY_REGION": "110000", "QY_REGION_NAME": "北京市", "OLD_CODE": "MA008M465", "COLLECT_TIME": 1622263234000, "QY_SRC_TYPE": "0", "hub_crawl_status": 0}, {"RN": 18, "QY_ID": "002105291240531003", "QY_ORG_CODE": "911101086336174810", "QY_NAME": "北京交科公路勘察设计研究院有限公司", "QY_FR_NAME": "曹鹏", "QY_REGION": "110000", "QY_REGION_NAME": "北京市", "OLD_CODE": "633617481", "COLLECT_TIME": 1622263239000, "QY_SRC_TYPE": "0", "hub_crawl_status": 0}, {"RN": 19, "QY_ID": "002105291240546035", "QY_ORG_CODE": "91110105770407077K", "QY_NAME": "北京意境园林设计有限公司", "QY_FR_NAME": "赵静", "QY_REGION": "110000", "QY_REGION_NAME": "北京市", "OLD_CODE": "770407077", "COLLECT_TIME": 1622263249000, "QY_SRC_TYPE": "0", "hub_crawl_status": 0}, {"RN": 20, "QY_ID": "002105291240547146", "QY_ORG_CODE": "911101087546639278", "QY_NAME": "绿盟（北京）国际工程设计有限公司", "QY_FR_NAME": "武秀军", "QY_REGION": "110000", "QY_REGION_NAME": "北京市", "OLD_CODE": "754663927", "COLLECT_TIME": 1622263249000, "QY_SRC_TYPE": "0", "hub_crawl_status": 0}, {"RN": 21, "QY_ID": "002105291240558080", "QY_ORG_CODE": "911101085731842222", "QY_NAME": "北京清大原点建筑设计有限公司", "QY_FR_NAME": "侯燕华", "QY_REGION": "110000", "QY_REGION_NAME": "北京市", "OLD_CODE": "573184222", "COLLECT_TIME": 1622263256000, "QY_SRC_TYPE": "0", "hub_crawl_status": 0}, {"RN": 22, "QY_ID": "002105291240558604", "QY_ORG_CODE": "91110102700310499B", "QY_NAME": "北京东方华脉建筑设计咨询有限责任公司", "QY_FR_NAME": "孙明军", "QY_REGION": "110000", "QY_REGION_NAME": "北京市", "OLD_CODE": "700310499", "COLLECT_TIME": 1622263257000, "QY_SRC_TYPE": "0", "hub_crawl_status": 0}, {"RN": 23, "QY_ID": "002105291241567567", "QY_ORG_CODE": "911101146996441085", "QY_NAME": "北京德水建筑设计有限公司", "QY_FR_NAME": "王玉莲", "QY_REGION": "110000", "QY_REGION_NAME": "北京市", "OLD_CODE": "699644108", "COLLECT_TIME": 1622263262000, "QY_SRC_TYPE": "0", "hub_crawl_status": 0}, {"RN": 24, "QY_ID": "002105291241568606", "QY_ORG_CODE": "9111011310256734X3", "QY_NAME": "北京天房绿茵园林绿化工程有限公司", "QY_FR_NAME": "李长浩", "QY_REGION": "110000", "QY_REGION_NAME": "北京市", "OLD_CODE": "10256734X", "COLLECT_TIME": 1622263263000, "QY_SRC_TYPE": "0", "hub_crawl_status": 0}, {"RN": 25, "QY_ID": "002105291241568881", "QY_ORG_CODE": "9111010273823126XN", "QY_NAME": "华诚博远工程咨询有限公司", "QY_FR_NAME": "周伟", "QY_REGION": "110000", "QY_REGION_NAME": "北京市", "OLD_CODE": "73823126X", "COLLECT_TIME": 1622263263000, "QY_SRC_TYPE": "0", "hub_crawl_status": 0}, {"RN": 26, "QY_ID": "002105291241575938", "QY_ORG_CODE": "91110000717702712T", "QY_NAME": "北京市工业设计研究院有限公司", "QY_FR_NAME": "付军", "QY_REGION": "110000", "QY_REGION_NAME": "北京市", "OLD_CODE": "717702712", "COLLECT_TIME": 1622263269000, "QY_SRC_TYPE": "0", "hub_crawl_status": 0}, {"RN": 27, "QY_ID": "002105291241582555", "QY_ORG_CODE": "911101021011034390", "QY_NAME": "北京建工建筑设计研究院", "QY_FR_NAME": "边志杰", "QY_REGION": "110000", "QY_REGION_NAME": "北京市", "OLD_CODE": "101103439", "COLLECT_TIME": 1622263273000, "QY_SRC_TYPE": "0", "hub_crawl_status": 0}, {"RN": 28, "QY_ID": "002105291241592889", "QY_ORG_CODE": "9111010262590996X3", "QY_NAME": "北方—汉沙杨建筑工程设计有限公司", "QY_FR_NAME": "宋远征", "QY_REGION": "110000", "QY_REGION_NAME": "北京市", "OLD_CODE": "62590996X", "COLLECT_TIME": 1622263281000, "QY_SRC_TYPE": "0", "hub_crawl_status": 0}, {"RN": 29, "QY_ID": "002105291241595303", "QY_ORG_CODE": "91110107718720736T", "QY_NAME": "北京中联环建文建筑设计有限公司", "QY_FR_NAME": "王卫星", "QY_REGION": "110000", "QY_REGION_NAME": "北京市", "OLD_CODE": "718720736", "COLLECT_TIME": 1622263283000, "QY_SRC_TYPE": "0", "hub_crawl_status": 0}, {"RN": 30, "QY_ID": "002105291241599802", "QY_ORG_CODE": "91110107690002176D", "QY_NAME": "北京爱地园林景观设计有限公司", "QY_FR_NAME": "黄艳丽", "QY_REGION": "110000", "QY_REGION_NAME": "北京市", "OLD_CODE": "690002176", "COLLECT_TIME": 1622263286000, "QY_SRC_TYPE": "0", "hub_crawl_status": 0}]