[{"RN": 1, "QY_ID": "002105291239452219", "QY_ORG_CODE": "91110000400005417D", "QY_NAME": "中广电广播电影电视设计研究院", "QY_FR_NAME": "许秀中", "QY_REGION": "110000", "QY_REGION_NAME": "北京市", "OLD_CODE": "400005417", "COLLECT_TIME": 1622263196000, "QY_SRC_TYPE": "0", "hub_crawl_status": 0}, {"RN": 2, "QY_ID": "002105291239453436", "QY_ORG_CODE": "911101021013989942", "QY_NAME": "北京邮通电信工程设计有限公司", "QY_FR_NAME": "王立勇", "QY_REGION": "110000", "QY_REGION_NAME": "北京市", "OLD_CODE": "101398994", "COLLECT_TIME": 1622263197000, "QY_SRC_TYPE": "0", "hub_crawl_status": 0}, {"RN": 3, "QY_ID": "002105291240527519", "QY_ORG_CODE": "9111010874157153XQ", "QY_NAME": "北京泰尔凯达电信信息咨询有限责任公司", "QY_FR_NAME": "刘丽婷", "QY_REGION": "110100", "QY_REGION_NAME": "北京市-市辖区", "OLD_CODE": "74157153X", "COLLECT_TIME": 1622263237000, "QY_SRC_TYPE": "0", "hub_crawl_status": 0}, {"RN": 4, "QY_ID": "002105291241596944", "QY_ORG_CODE": "12345678999999119X", "QY_NAME": "海军研究院海防工程设计研究所", "QY_FR_NAME": "王全胜", "QY_REGION": "110000", "QY_REGION_NAME": "北京市", "OLD_CODE": "999999119", "COLLECT_TIME": 1622263284000, "QY_SRC_TYPE": "0", "hub_crawl_status": 0}, {"RN": 5, "QY_ID": "002105291248675625", "QY_ORG_CODE": "12345678999999459X", "QY_NAME": "空军研究院通信与导航研究所", "QY_FR_NAME": "左军", "QY_REGION": "110100", "QY_REGION_NAME": "北京市-市辖区", "OLD_CODE": "999999459", "COLLECT_TIME": 1622263706000, "QY_SRC_TYPE": "0", "hub_crawl_status": 0}, {"RN": 6, "QY_ID": "002105291248679307", "QY_ORG_CODE": "9111010830679697XM", "QY_NAME": "北京红海岸通信工程技术有限公司", "QY_FR_NAME": "崔具平", "QY_REGION": "110000", "QY_REGION_NAME": "北京市", "OLD_CODE": "30679697X", "COLLECT_TIME": 1622263710000, "QY_SRC_TYPE": "0", "hub_crawl_status": 0}, {"RN": 7, "QY_ID": "002105291248696679", "QY_ORG_CODE": "91110115558557334N", "QY_NAME": "中润通信集团有限公司", "QY_FR_NAME": "翟卫刚", "QY_REGION": "110100", "QY_REGION_NAME": "北京市-市辖区", "OLD_CODE": "558557334", "COLLECT_TIME": 1622263732000, "QY_SRC_TYPE": "0", "hub_crawl_status": 0}, {"RN": 8, "QY_ID": "002105291248700406", "QY_ORG_CODE": "12345678999999359X", "QY_NAME": "火箭军研究院工程设计研究所", "QY_FR_NAME": "李吉", "QY_REGION": "110100", "QY_REGION_NAME": "北京市-市辖区", "OLD_CODE": "999999359", "COLLECT_TIME": 1622263739000, "QY_SRC_TYPE": "0", "hub_crawl_status": 0}]