[{"QY_FR_NAME": "王敬民", "QY_REGION": "110100", "QY_NAME": "中国城市建设研究院有限公司", "QY_REGION_NAME": "北京市-市辖区", "QY_ORG_CODE": "91110000400009055H", "COLLECT_TIME": 1622263197000, "RN": 1, "QY_ID": "002105291239453011", "QY_SRC_TYPE": "0", "OLD_CODE": "400009055", "hub_crawl_status": 0}, {"QY_FR_NAME": "黄诚", "QY_REGION": "110000", "QY_NAME": "北京中环世纪工程设计有限责任公司", "QY_REGION_NAME": "北京市", "QY_ORG_CODE": "91110107743339849G", "COLLECT_TIME": 1622263200000, "RN": 2, "QY_ID": "002105291240459269", "QY_SRC_TYPE": "0", "OLD_CODE": "743339849", "hub_crawl_status": 0}, {"QY_FR_NAME": "张维民", "QY_REGION": "110100", "QY_NAME": "北京市政建设集团有限责任公司", "QY_REGION_NAME": "北京市-市辖区", "QY_ORG_CODE": "91110000722617424D", "COLLECT_TIME": 1622263203000, "RN": 3, "QY_ID": "002105291240465790", "QY_SRC_TYPE": "0", "OLD_CODE": "722617424", "hub_crawl_status": 0}, {"QY_FR_NAME": "沈来新", "QY_REGION": "110100", "QY_NAME": "北京市水利规划设计研究院", "QY_REGION_NAME": "北京市-市辖区", "QY_ORG_CODE": "91110108MA019KBJ7J", "COLLECT_TIME": 1622263219000, "RN": 4, "QY_ID": "002105291240496777", "QY_SRC_TYPE": "0", "OLD_CODE": "MA019KBJ7", "hub_crawl_status": 0}, {"QY_FR_NAME": "王凯", "QY_REGION": "110000", "QY_NAME": "中国城市规划设计研究院", "QY_REGION_NAME": "北京市", "QY_ORG_CODE": "911100004000108304", "COLLECT_TIME": 1622263226000, "RN": 5, "QY_ID": "002105291240508400", "QY_SRC_TYPE": "0", "OLD_CODE": "400010830", "hub_crawl_status": 0}, {"QY_FR_NAME": "李惊涛", "QY_REGION": "110000", "QY_NAME": "中冶节能环保有限责任公司", "QY_REGION_NAME": "北京市", "QY_ORG_CODE": "9111010810195169X3", "COLLECT_TIME": 1622263229000, "RN": 6, "QY_ID": "002105291240514229", "QY_SRC_TYPE": "0", "OLD_CODE": "10195169X", "hub_crawl_status": 0}, {"QY_FR_NAME": "柳炜", "QY_REGION": "110000", "QY_NAME": "中国中轻国际工程有限公司", "QY_REGION_NAME": "北京市", "QY_ORG_CODE": "91110105710930851H", "COLLECT_TIME": 1622263308000, "RN": 7, "QY_ID": "002105291241621677", "QY_SRC_TYPE": "0", "OLD_CODE": "710930851", "hub_crawl_status": 0}, {"QY_FR_NAME": "崔玉萍", "QY_REGION": "110100", "QY_NAME": "中国公路工程咨询集团有限公司", "QY_REGION_NAME": "北京市-市辖区", "QY_ORG_CODE": "91110000100001916P", "COLLECT_TIME": 1622263688000, "RN": 8, "QY_ID": "002105291248654923", "QY_SRC_TYPE": "0", "OLD_CODE": "100001916", "hub_crawl_status": 0}, {"QY_FR_NAME": "李广全", "QY_REGION": "110000", "QY_NAME": "北京智宇天成设计咨询有限公司", "QY_REGION_NAME": "北京市", "QY_ORG_CODE": "91110115MA01FX2Y01", "COLLECT_TIME": 1622263733000, "RN": 9, "QY_ID": "002105291248697267", "QY_SRC_TYPE": "0", "OLD_CODE": "MA01FX2Y0", "hub_crawl_status": 0}, {"QY_FR_NAME": "顾达", "QY_REGION": "110000", "QY_NAME": "北京中联环工程股份有限公司", "QY_REGION_NAME": "北京市", "QY_ORG_CODE": "91110108102054966E", "COLLECT_TIME": 1622263739000, "RN": 10, "QY_ID": "002105291248700319", "QY_SRC_TYPE": "0", "OLD_CODE": "102054966", "hub_crawl_status": 0}, {"QY_FR_NAME": "李琪", "QY_REGION": "110000", "QY_NAME": "北京京江国际工程咨询有限公司", "QY_REGION_NAME": "北京市", "QY_ORG_CODE": "91110108600014027P", "COLLECT_TIME": 1622263752000, "RN": 11, "QY_ID": "002105291249709315", "QY_SRC_TYPE": "0", "OLD_CODE": "600014027", "hub_crawl_status": 0}, {"QY_FR_NAME": "李元", "QY_REGION": "110000", "QY_NAME": "中外建华诚工程技术集团有限公司", "QY_REGION_NAME": "北京市", "QY_ORG_CODE": "91110107746722261A", "COLLECT_TIME": 1622264072000, "RN": 12, "QY_ID": "002105291254741379", "QY_SRC_TYPE": "0", "OLD_CODE": "746722261", "hub_crawl_status": 0}, {"QY_FR_NAME": "汪诚文", "QY_REGION": "110000", "QY_NAME": "北京国环清华环境工程设计研究院有限公司", "QY_REGION_NAME": "北京市", "QY_ORG_CODE": "911101087001457885", "COLLECT_TIME": 1622264097000, "RN": 13, "QY_ID": "002105291254763913", "QY_SRC_TYPE": "0", "OLD_CODE": "700145788", "hub_crawl_status": 0}, {"QY_FR_NAME": "林秀军", "QY_REGION": "110000", "QY_NAME": "北京市环科环境工程技术有限公司", "QY_REGION_NAME": "北京市", "QY_ORG_CODE": "91110102101335926W", "COLLECT_TIME": 1622264099000, "RN": 14, "QY_ID": "002105291254765982", "QY_SRC_TYPE": "0", "OLD_CODE": "101335926", "hub_crawl_status": 0}]