[{"RN": 1, "QY_ID": "002105291239453490", "QY_ORG_CODE": "91110108749368763X", "QY_NAME": "北京东方华智石油工程有限公司", "QY_FR_NAME": "黄懿雪", "QY_REGION": "110000", "QY_REGION_NAME": "北京市", "OLD_CODE": "749368763", "COLLECT_TIME": 1622263197000, "QY_SRC_TYPE": "0", "hub_crawl_status": 0}, {"RN": 2, "QY_ID": "002105291241588277", "QY_ORG_CODE": "91110108600440229X", "QY_NAME": "北京中陆咨询有限公司", "QY_FR_NAME": "徐英俊", "QY_REGION": "110000", "QY_REGION_NAME": "北京市", "OLD_CODE": "600440229", "COLLECT_TIME": 1622263278000, "QY_SRC_TYPE": "0", "hub_crawl_status": 0}, {"RN": 3, "QY_ID": "002105291248672844", "QY_ORG_CODE": "9111030410276591X2", "QY_NAME": "北京燕山玉龙石化工程股份有限公司", "QY_FR_NAME": "钱文臣", "QY_REGION": "110000", "QY_REGION_NAME": "北京市", "OLD_CODE": "10276591X", "COLLECT_TIME": 1622263704000, "QY_SRC_TYPE": "0", "hub_crawl_status": 0}]