[{"RN": 1, "QY_ID": "002105291248654284", "QY_ORG_CODE": "91110000722604658T", "QY_NAME": "泛华建设集团有限公司", "QY_FR_NAME": "杨文", "QY_REGION": "110000", "QY_REGION_NAME": "北京市", "OLD_CODE": "722604658", "COLLECT_TIME": 1622263687000, "QY_SRC_TYPE": "0", "hub_crawl_status": 0}, {"RN": 2, "QY_ID": "002105291248669576", "QY_ORG_CODE": "9111010210112976XW", "QY_NAME": "北京市市政专业设计院股份公司", "QY_FR_NAME": "刘四田", "QY_REGION": "110000", "QY_REGION_NAME": "北京市", "OLD_CODE": "10112976X", "COLLECT_TIME": 1622263702000, "QY_SRC_TYPE": "0", "hub_crawl_status": 0}]