[{"RN": 1, "QY_ID": "002105291239451661", "QY_ORG_CODE": "91110106102148612N", "QY_NAME": "北京市劳保所科技发展有限责任公司", "QY_FR_NAME": "汪彤", "QY_REGION": "110000", "QY_REGION_NAME": "北京市", "OLD_CODE": "102148612", "COLLECT_TIME": 1622263196000, "QY_SRC_TYPE": "0", "hub_crawl_status": 0}, {"RN": 2, "QY_ID": "002105291240513253", "QY_ORG_CODE": "91110114766755618N", "QY_NAME": "北京绿创声学工程股份有限公司", "QY_FR_NAME": "姜鹏明", "QY_REGION": "110000", "QY_REGION_NAME": "北京市", "OLD_CODE": "766755618", "COLLECT_TIME": 1622263228000, "QY_SRC_TYPE": "0", "hub_crawl_status": 0}, {"RN": 3, "QY_ID": "002105291240514229", "QY_ORG_CODE": "9111010810195169X3", "QY_NAME": "中冶节能环保有限责任公司", "QY_FR_NAME": "李惊涛", "QY_REGION": "110000", "QY_REGION_NAME": "北京市", "OLD_CODE": "10195169X", "COLLECT_TIME": 1622263229000, "QY_SRC_TYPE": "0", "hub_crawl_status": 0}, {"RN": 4, "QY_ID": "002105291241587738", "QY_ORG_CODE": "91110000710931686J", "QY_NAME": "世源科技工程有限公司", "QY_FR_NAME": "黄文胜", "QY_REGION": "110100", "QY_REGION_NAME": "北京市-市辖区", "OLD_CODE": "710931686", "COLLECT_TIME": 1622263278000, "QY_SRC_TYPE": "0", "hub_crawl_status": 0}, {"RN": 5, "QY_ID": "002105291248700319", "QY_ORG_CODE": "91110108102054966E", "QY_NAME": "北京中联环工程股份有限公司", "QY_FR_NAME": "顾达", "QY_REGION": "110000", "QY_REGION_NAME": "北京市", "OLD_CODE": "102054966", "COLLECT_TIME": 1622263739000, "QY_SRC_TYPE": "0", "hub_crawl_status": 0}, {"RN": 6, "QY_ID": "002105291254736622", "QY_ORG_CODE": "911101087334777386", "QY_NAME": "北京北方节能环保有限公司", "QY_FR_NAME": "辛永献", "QY_REGION": "110000", "QY_REGION_NAME": "北京市", "OLD_CODE": "733477738", "COLLECT_TIME": 1622264067000, "QY_SRC_TYPE": "0", "hub_crawl_status": 0}, {"RN": 7, "QY_ID": "002105291254752916", "QY_ORG_CODE": "12100000425008729F", "QY_NAME": "中国船舶重工集团公司第七一一研究所", "QY_FR_NAME": "董建福", "QY_REGION": "110000", "QY_REGION_NAME": "北京市", "OLD_CODE": "425008729", "COLLECT_TIME": 1622264084000, "QY_SRC_TYPE": "0", "hub_crawl_status": 0}, {"RN": 8, "QY_ID": "002105291254752982", "QY_ORG_CODE": "91110000597692141M", "QY_NAME": "北京市建筑设计研究院有限公司", "QY_FR_NAME": "徐全胜", "QY_REGION": "110000", "QY_REGION_NAME": "北京市", "OLD_CODE": "597692141", "COLLECT_TIME": 1622264084000, "QY_SRC_TYPE": "0", "hub_crawl_status": 0}, {"RN": 9, "QY_ID": "002105291322984943", "QY_ORG_CODE": "91110108726367469H", "QY_NAME": "国能朗新明环保科技有限公司", "QY_FR_NAME": "徐志清", "QY_REGION": "110000", "QY_REGION_NAME": "北京市", "OLD_CODE": "726367469", "COLLECT_TIME": 1622265737000, "QY_SRC_TYPE": "0", "hub_crawl_status": 0}]