[{"RN": 16, "QY_ID": "002105291241602216", "QY_ORG_CODE": "911101085604175842", "QY_NAME": "北京禹泰环保工程有限公司", "QY_FR_NAME": "张卿", "QY_REGION": "110000", "QY_REGION_NAME": "北京市", "OLD_CODE": "560417584", "COLLECT_TIME": 1622263289000, "QY_SRC_TYPE": "0", "hub_crawl_status": 0}, {"RN": 17, "QY_ID": "002105291241602362", "QY_ORG_CODE": "91110108670586223N", "QY_NAME": "北京中大能环工程技术有限公司", "QY_FR_NAME": "张志东", "QY_REGION": "110000", "QY_REGION_NAME": "北京市", "OLD_CODE": "670586223", "COLLECT_TIME": 1622263289000, "QY_SRC_TYPE": "0", "hub_crawl_status": 0}, {"RN": 18, "QY_ID": "002105291241621446", "QY_ORG_CODE": "9111011266691460XD", "QY_NAME": "北京翰海青天环保科技有限公司", "QY_FR_NAME": "于延生", "QY_REGION": "110000", "QY_REGION_NAME": "北京市", "OLD_CODE": "66691460X", "COLLECT_TIME": 1622263308000, "QY_SRC_TYPE": "0", "hub_crawl_status": 0}, {"RN": 19, "QY_ID": "002105291248656513", "QY_ORG_CODE": "911101051017174063", "QY_NAME": "中国环境科学研究院环境技术工程有限公司", "QY_FR_NAME": "徐义生", "QY_REGION": "110000", "QY_REGION_NAME": "北京市", "OLD_CODE": "101717406", "COLLECT_TIME": 1622263689000, "QY_SRC_TYPE": "0", "hub_crawl_status": 0}, {"RN": 20, "QY_ID": "002105291248672844", "QY_ORG_CODE": "9111030410276591X2", "QY_NAME": "北京燕山玉龙石化工程股份有限公司", "QY_FR_NAME": "钱文臣", "QY_REGION": "110000", "QY_REGION_NAME": "北京市", "OLD_CODE": "10276591X", "COLLECT_TIME": 1622263704000, "QY_SRC_TYPE": "0", "hub_crawl_status": 0}, {"RN": 21, "QY_ID": "002105291248695906", "QY_ORG_CODE": "91110000100005255X", "QY_NAME": "中国昆仑工程有限公司", "QY_FR_NAME": "王德义", "QY_REGION": "110000", "QY_REGION_NAME": "北京市", "OLD_CODE": "100005255", "COLLECT_TIME": 1622263732000, "QY_SRC_TYPE": "0", "hub_crawl_status": 0}, {"RN": 22, "QY_ID": "002105291248700585", "QY_ORG_CODE": "91110105747535281X", "QY_NAME": "北京汇恒环保工程股份有限公司", "QY_FR_NAME": "李遥", "QY_REGION": "110000", "QY_REGION_NAME": "北京市", "OLD_CODE": "747535281", "COLLECT_TIME": 1622263739000, "QY_SRC_TYPE": "0", "hub_crawl_status": 0}, {"RN": 23, "QY_ID": "002105291249703164", "QY_ORG_CODE": "91110114MA017LLH6Y", "QY_NAME": "神华工程技术有限公司", "QY_FR_NAME": "彭晓春", "QY_REGION": "110000", "QY_REGION_NAME": "北京市", "OLD_CODE": "MA017LLH6", "COLLECT_TIME": 1622263743000, "QY_SRC_TYPE": "0", "hub_crawl_status": 0}, {"RN": 24, "QY_ID": "002105291249710193", "QY_ORG_CODE": "91110101693299315Q", "QY_NAME": "北京汉唐环保科技股份有限公司", "QY_FR_NAME": "董浩骅", "QY_REGION": "110000", "QY_REGION_NAME": "北京市", "OLD_CODE": "693299315", "COLLECT_TIME": 1622263753000, "QY_SRC_TYPE": "0", "hub_crawl_status": 0}, {"RN": 25, "QY_ID": "002105291254737901", "QY_ORG_CODE": "91110108MA00634J9K", "QY_NAME": "北京铝能清新环境技术有限公司", "QY_FR_NAME": "王琰", "QY_REGION": "110000", "QY_REGION_NAME": "北京市", "OLD_CODE": "MA00634J9", "COLLECT_TIME": 1622264068000, "QY_SRC_TYPE": "0", "hub_crawl_status": 0}, {"RN": 26, "QY_ID": "002105291255776074", "QY_ORG_CODE": "91110000400000720M", "QY_NAME": "矿冶科技集团有限公司", "QY_FR_NAME": "韩龙", "QY_REGION": "110000", "QY_REGION_NAME": "北京市", "OLD_CODE": "400000720", "COLLECT_TIME": 1622264111000, "QY_SRC_TYPE": "0", "hub_crawl_status": 0}, {"RN": 27, "QY_ID": "002105291258795919", "QY_ORG_CODE": "91110108670588069G", "QY_NAME": "北京北科环境工程有限公司", "QY_FR_NAME": "陆钢", "QY_REGION": "110000", "QY_REGION_NAME": "北京市", "OLD_CODE": "670588069", "COLLECT_TIME": 1622264322000, "QY_SRC_TYPE": "0", "hub_crawl_status": 0}, {"RN": 28, "QY_ID": "002105291313948100", "QY_ORG_CODE": "91110105599691222Y", "QY_NAME": "北京哈泰克工程技术有限公司", "QY_FR_NAME": "滕俊波", "QY_REGION": "110000", "QY_REGION_NAME": "北京市", "OLD_CODE": "599691222", "COLLECT_TIME": 1622265213000, "QY_SRC_TYPE": "0", "hub_crawl_status": 0}, {"RN": 29, "QY_ID": "002105291323016403", "QY_ORG_CODE": "91110114062812004W", "QY_NAME": "北京华电光大环境股份有限公司", "QY_FR_NAME": "贾文涛", "QY_REGION": "110000", "QY_REGION_NAME": "北京市", "OLD_CODE": "062812004", "COLLECT_TIME": 1622265781000, "QY_SRC_TYPE": "0", "hub_crawl_status": 0}, {"RN": 30, "QY_ID": "002105291328038971", "QY_ORG_CODE": "91110112MA001JDL97", "QY_NAME": "北京晨晰环保工程有限公司", "QY_FR_NAME": "孔庆琛", "QY_REGION": "110000", "QY_REGION_NAME": "北京市", "OLD_CODE": "MA001JDL9", "COLLECT_TIME": 1622266099000, "QY_SRC_TYPE": "0", "hub_crawl_status": 0}]