[{"RN": 1, "QY_ID": "002105291239451661", "QY_ORG_CODE": "91110106102148612N", "QY_NAME": "北京市劳保所科技发展有限责任公司", "QY_FR_NAME": "汪彤", "QY_REGION": "110000", "QY_REGION_NAME": "北京市", "OLD_CODE": "102148612", "COLLECT_TIME": 1622263196000, "QY_SRC_TYPE": "0", "hub_crawl_status": 0}, {"RN": 2, "QY_ID": "002105291239451989", "QY_ORG_CODE": "91110108740402507R", "QY_NAME": "北京京城环保股份有限公司", "QY_FR_NAME": "赵传军", "QY_REGION": "110000", "QY_REGION_NAME": "北京市", "OLD_CODE": "740402507", "COLLECT_TIME": 1622263196000, "QY_SRC_TYPE": "0", "hub_crawl_status": 0}, {"RN": 3, "QY_ID": "002105291239454180", "QY_ORG_CODE": "91110114765007116K", "QY_NAME": "北京力博明科技发展有限公司", "QY_FR_NAME": "张秀颖", "QY_REGION": "110000", "QY_REGION_NAME": "北京市", "OLD_CODE": "765007116", "COLLECT_TIME": 1622263197000, "QY_SRC_TYPE": "0", "hub_crawl_status": 0}, {"RN": 4, "QY_ID": "002105291240466067", "QY_ORG_CODE": "91110108802070297Y", "QY_NAME": "北京纬纶华业环保科技股份有限公司", "QY_FR_NAME": "李国文", "QY_REGION": "110000", "QY_REGION_NAME": "北京市", "OLD_CODE": "802070297", "COLLECT_TIME": 1622263203000, "QY_SRC_TYPE": "0", "hub_crawl_status": 0}, {"RN": 5, "QY_ID": "002105291240480486", "QY_ORG_CODE": "91110105777652403R", "QY_NAME": "蓝星工程有限公司", "QY_FR_NAME": "王立杰", "QY_REGION": "110000", "QY_REGION_NAME": "北京市", "OLD_CODE": "777652403", "COLLECT_TIME": 1622263211000, "QY_SRC_TYPE": "0", "hub_crawl_status": 0}, {"RN": 6, "QY_ID": "002105291240500579", "QY_ORG_CODE": "91110105306600340P", "QY_NAME": "北京中投北方环保科技有限公司", "QY_FR_NAME": "姚吉冬", "QY_REGION": "110000", "QY_REGION_NAME": "北京市", "OLD_CODE": "306600340", "COLLECT_TIME": 1622263222000, "QY_SRC_TYPE": "0", "hub_crawl_status": 0}, {"RN": 7, "QY_ID": "002105291240502275", "QY_ORG_CODE": "911101093067253620", "QY_NAME": "北京瑞达宏信科技有限公司", "QY_FR_NAME": "洪光信", "QY_REGION": "110000", "QY_REGION_NAME": "北京市", "OLD_CODE": "306725362", "COLLECT_TIME": 1622263223000, "QY_SRC_TYPE": "0", "hub_crawl_status": 0}, {"RN": 8, "QY_ID": "002105291240514426", "QY_ORG_CODE": "91110108MA001KRF1U", "QY_NAME": "北京中新国能环保科技有限公司", "QY_FR_NAME": "杨超峰", "QY_REGION": "110000", "QY_REGION_NAME": "北京市", "OLD_CODE": "MA001KRF1", "COLLECT_TIME": 1622263229000, "QY_SRC_TYPE": "0", "hub_crawl_status": 0}, {"RN": 9, "QY_ID": "002105291240515920", "QY_ORG_CODE": "91110115MA0054MEXH", "QY_NAME": "煤科院节能技术有限公司", "QY_FR_NAME": "王翰锋", "QY_REGION": "110000", "QY_REGION_NAME": "北京市", "OLD_CODE": "MA0054MEX", "COLLECT_TIME": 1622263230000, "QY_SRC_TYPE": "0", "hub_crawl_status": 0}, {"RN": 10, "QY_ID": "002105291240521103", "QY_ORG_CODE": "91110108MA00168MXA", "QY_NAME": "凯希能源科技（北京）有限公司", "QY_FR_NAME": "葛亮", "QY_REGION": "110000", "QY_REGION_NAME": "北京市", "OLD_CODE": "MA00168MX", "COLLECT_TIME": 1622263233000, "QY_SRC_TYPE": "0", "hub_crawl_status": 0}, {"RN": 11, "QY_ID": "002105291240524445", "QY_ORG_CODE": "91110229327203459X", "QY_NAME": "北京科博思创环境工程有限公司", "QY_FR_NAME": "李桥英", "QY_REGION": "110000", "QY_REGION_NAME": "北京市", "OLD_CODE": "327203459", "COLLECT_TIME": 1622263235000, "QY_SRC_TYPE": "0", "hub_crawl_status": 0}, {"RN": 12, "QY_ID": "002105291240546768", "QY_ORG_CODE": "91110000400835103T", "QY_NAME": "北京中冶设备研究设计总院有限公司", "QY_FR_NAME": "费利东", "QY_REGION": "110000", "QY_REGION_NAME": "北京市", "OLD_CODE": "400835103", "COLLECT_TIME": 1622263249000, "QY_SRC_TYPE": "0", "hub_crawl_status": 0}, {"RN": 13, "QY_ID": "002105291241568388", "QY_ORG_CODE": "91110101101692704B", "QY_NAME": "京鼎工程建设有限公司", "QY_FR_NAME": "张铁石", "QY_REGION": "110000", "QY_REGION_NAME": "北京市", "OLD_CODE": "101692704", "COLLECT_TIME": 1622263263000, "QY_SRC_TYPE": "0", "hub_crawl_status": 0}, {"RN": 14, "QY_ID": "002105291241575938", "QY_ORG_CODE": "91110000717702712T", "QY_NAME": "北京市工业设计研究院有限公司", "QY_FR_NAME": "付军", "QY_REGION": "110000", "QY_REGION_NAME": "北京市", "OLD_CODE": "717702712", "COLLECT_TIME": 1622263269000, "QY_SRC_TYPE": "0", "hub_crawl_status": 0}, {"RN": 15, "QY_ID": "002105291241581104", "QY_ORG_CODE": "91100000400000712N", "QY_NAME": "中国铁道科学研究院集团有限公司", "QY_FR_NAME": "叶阳升", "QY_REGION": "110000", "QY_REGION_NAME": "北京市", "OLD_CODE": "400000712", "COLLECT_TIME": 1622263272000, "QY_SRC_TYPE": "0", "hub_crawl_status": 0}]