[{"RN": 31, "QY_ID": "002105291313948054", "QY_ORG_CODE": "91110101576862869F", "QY_NAME": "中交三公局工程技术有限公司", "QY_FR_NAME": "李志伟", "QY_REGION": "110000", "QY_REGION_NAME": "北京市", "OLD_CODE": "576862869", "COLLECT_TIME": 1622265213000, "QY_SRC_TYPE": "0", "hub_crawl_status": 0}, {"RN": 32, "QY_ID": "002105291322003880", "QY_ORG_CODE": "91110228103011167R", "QY_NAME": "北京市一零一地质有限公司", "QY_FR_NAME": "段石敦", "QY_REGION": "110000", "QY_REGION_NAME": "北京市", "OLD_CODE": "103011167", "COLLECT_TIME": 1622265762000, "QY_SRC_TYPE": "0", "hub_crawl_status": 0}, {"RN": 33, "QY_ID": "002105291335088769", "QY_ORG_CODE": "91110113MA019QYQ70", "QY_NAME": "北京方圆恒通勘测设计有限公司", "QY_FR_NAME": "白雪峰", "QY_REGION": "110000", "QY_REGION_NAME": "北京市", "OLD_CODE": "MA019QYQ7", "COLLECT_TIME": 1622266557000, "QY_SRC_TYPE": "0", "hub_crawl_status": 0}, {"RN": 34, "QY_ID": "002108121930167127", "QY_ORG_CODE": "91110102064912156G", "QY_NAME": "北京迅联图业科技有限公司", "QY_FR_NAME": "王章永", "QY_REGION": "110000", "QY_REGION_NAME": "北京市", "OLD_CODE": "064912156", "COLLECT_TIME": 1628767835000, "QY_SRC_TYPE": "0", "hub_crawl_status": 0}]