[{"RN": 1, "QY_ID": "002105291239451908", "QY_ORG_CODE": "91110102754193662F", "QY_NAME": "北京国电德安电力工程有限公司", "QY_FR_NAME": "任胜军", "QY_REGION": "110000", "QY_REGION_NAME": "北京市", "OLD_CODE": "754193662", "COLLECT_TIME": 1622263196000, "QY_SRC_TYPE": "0", "hub_crawl_status": 0}, {"RN": 2, "QY_ID": "002105291239452584", "QY_ORG_CODE": "911101051017081201", "QY_NAME": "北京中通公路桥梁工程咨询发展有限公司", "QY_FR_NAME": "彭毅", "QY_REGION": "110000", "QY_REGION_NAME": "北京市", "OLD_CODE": "101708120", "COLLECT_TIME": 1622263196000, "QY_SRC_TYPE": "0", "hub_crawl_status": 0}, {"RN": 3, "QY_ID": "002105291240472894", "QY_ORG_CODE": "9111000059062789XU", "QY_NAME": "中交路桥建设有限公司", "QY_FR_NAME": "郭主龙", "QY_REGION": "110000", "QY_REGION_NAME": "北京市", "OLD_CODE": "59062789X", "COLLECT_TIME": 1622263207000, "QY_SRC_TYPE": "0", "hub_crawl_status": 0}, {"RN": 4, "QY_ID": "002105291240503927", "QY_ORG_CODE": "9111010676994780XX", "QY_NAME": "北京中水利德科技发展有限公司", "QY_FR_NAME": "马金宝", "QY_REGION": "110000", "QY_REGION_NAME": "北京市", "OLD_CODE": "76994780X", "COLLECT_TIME": 1622263224000, "QY_SRC_TYPE": "0", "hub_crawl_status": 0}, {"RN": 5, "QY_ID": "002105291240513868", "QY_ORG_CODE": "91110000102173949P", "QY_NAME": "北京全路通信信号研究设计院集团有限公司", "QY_FR_NAME": "张啸林", "QY_REGION": "110000", "QY_REGION_NAME": "北京市", "OLD_CODE": "102173949", "COLLECT_TIME": 1622263229000, "QY_SRC_TYPE": "0", "hub_crawl_status": 0}, {"RN": 6, "QY_ID": "002105291240542399", "QY_ORG_CODE": "91110000101122912T", "QY_NAME": "中国五洲工程设计集团有限公司", "QY_FR_NAME": "刘志刚", "QY_REGION": "110000", "QY_REGION_NAME": "北京市", "OLD_CODE": "101122912", "COLLECT_TIME": 1622263247000, "QY_SRC_TYPE": "0", "hub_crawl_status": 0}, {"RN": 7, "QY_ID": "002105291240545986", "QY_ORG_CODE": "91110000100011188F", "QY_NAME": "中国航空规划设计研究总院有限公司", "QY_FR_NAME": "廉大为", "QY_REGION": "110000", "QY_REGION_NAME": "北京市", "OLD_CODE": "100011188", "COLLECT_TIME": 1622263249000, "QY_SRC_TYPE": "0", "hub_crawl_status": 0}, {"RN": 8, "QY_ID": "002105291240547397", "QY_ORG_CODE": "91110111102759157K", "QY_NAME": "北京集美勘察设计有限公司", "QY_FR_NAME": "杜丽娟", "QY_REGION": "110000", "QY_REGION_NAME": "北京市", "OLD_CODE": "102759157", "COLLECT_TIME": 1622263250000, "QY_SRC_TYPE": "0", "hub_crawl_status": 0}, {"RN": 9, "QY_ID": "002105291240555739", "QY_ORG_CODE": "91110109700094626E", "QY_NAME": "北京金电联供用电咨询有限公司", "QY_FR_NAME": "张晓颖", "QY_REGION": "110000", "QY_REGION_NAME": "北京市", "OLD_CODE": "700094626", "COLLECT_TIME": 1622263255000, "QY_SRC_TYPE": "0", "hub_crawl_status": 0}, {"RN": 10, "QY_ID": "002105291240560685", "QY_ORG_CODE": "91110106723986889J", "QY_NAME": "北京京西建筑勘察设计院有限公司", "QY_FR_NAME": "张军来", "QY_REGION": "110000", "QY_REGION_NAME": "北京市", "OLD_CODE": "723986889", "COLLECT_TIME": 1622263258000, "QY_SRC_TYPE": "0", "hub_crawl_status": 0}, {"RN": 11, "QY_ID": "002105291241587478", "QY_ORG_CODE": "91110107733468292E", "QY_NAME": "北京华融路通工程咨询有限公司", "QY_FR_NAME": "胡芳芳", "QY_REGION": "110000", "QY_REGION_NAME": "北京市", "OLD_CODE": "733468292", "COLLECT_TIME": 1622263277000, "QY_SRC_TYPE": "0", "hub_crawl_status": 0}, {"RN": 12, "QY_ID": "002105291241597736", "QY_ORG_CODE": "91110102585839302W", "QY_NAME": "龙源（北京）风电工程设计咨询有限公司", "QY_FR_NAME": "贾楠松", "QY_REGION": "110000", "QY_REGION_NAME": "北京市", "OLD_CODE": "585839302", "COLLECT_TIME": 1622263284000, "QY_SRC_TYPE": "0", "hub_crawl_status": 0}, {"RN": 13, "QY_ID": "002105291241627963", "QY_ORG_CODE": "91110102101402893T", "QY_NAME": "北京吉北电力工程咨询有限公司", "QY_FR_NAME": "魏宽民", "QY_REGION": "110000", "QY_REGION_NAME": "北京市", "OLD_CODE": "101402893", "COLLECT_TIME": 1622263317000, "QY_SRC_TYPE": "0", "hub_crawl_status": 0}, {"RN": 14, "QY_ID": "002105291242631602", "QY_ORG_CODE": "91110109597674437E", "QY_NAME": "众信成勘测设计（北京）有限公司", "QY_FR_NAME": "康佃泉", "QY_REGION": "110000", "QY_REGION_NAME": "北京市", "OLD_CODE": "597674437", "COLLECT_TIME": 1622263322000, "QY_SRC_TYPE": "0", "hub_crawl_status": 0}, {"RN": 15, "QY_ID": "002105291242631883", "QY_ORG_CODE": "91110000074130529R", "QY_NAME": "中国电力工程顾问集团新能源有限公司", "QY_FR_NAME": "刘建强", "QY_REGION": "110000", "QY_REGION_NAME": "北京市", "OLD_CODE": "074130529", "COLLECT_TIME": 1622263322000, "QY_SRC_TYPE": "0", "hub_crawl_status": 0}]