[{"RN": 16, "QY_ID": "002105291242644715", "QY_ORG_CODE": "911101147481407831", "QY_NAME": "北京石大东方工程设计有限公司", "QY_FR_NAME": "艾万发", "QY_REGION": "110000", "QY_REGION_NAME": "北京市", "OLD_CODE": "748140783", "COLLECT_TIME": 1622263346000, "QY_SRC_TYPE": "0", "hub_crawl_status": 0}, {"RN": 17, "QY_ID": "002105291248647467", "QY_ORG_CODE": "91110105101141240M", "QY_NAME": "北京京电电力工程设计有限公司", "QY_FR_NAME": "陈晓东", "QY_REGION": "110000", "QY_REGION_NAME": "北京市", "OLD_CODE": "101141240", "COLLECT_TIME": 1622263681000, "QY_SRC_TYPE": "0", "hub_crawl_status": 0}, {"RN": 18, "QY_ID": "002105291248683087", "QY_ORG_CODE": "9111010778996181XM", "QY_NAME": "北京中铁建电气化设计研究院有限公司", "QY_FR_NAME": "阚绍忠", "QY_REGION": "110000", "QY_REGION_NAME": "北京市", "OLD_CODE": "78996181X", "COLLECT_TIME": 1622263715000, "QY_SRC_TYPE": "0", "hub_crawl_status": 0}, {"RN": 19, "QY_ID": "002105291249702631", "QY_ORG_CODE": "9111010866159941X3", "QY_NAME": "北京东冉电力设计有限公司", "QY_FR_NAME": "赵华", "QY_REGION": "110000", "QY_REGION_NAME": "北京市", "OLD_CODE": "66159941X", "COLLECT_TIME": 1622263742000, "QY_SRC_TYPE": "0", "hub_crawl_status": 0}, {"RN": 20, "QY_ID": "002105291254745532", "QY_ORG_CODE": "91110115400962946N", "QY_NAME": "中建装配式建筑设计研究院有限公司", "QY_FR_NAME": "樊则森", "QY_REGION": "110000", "QY_REGION_NAME": "北京市", "OLD_CODE": "400962946", "COLLECT_TIME": 1622264077000, "QY_SRC_TYPE": "0", "hub_crawl_status": 0}, {"RN": 21, "QY_ID": "002105291254761397", "QY_ORG_CODE": "9111010263437838XE", "QY_NAME": "北京市多方建筑勘察设计有限公司", "QY_FR_NAME": "王为", "QY_REGION": "110000", "QY_REGION_NAME": "北京市", "OLD_CODE": "63437838X", "COLLECT_TIME": 1622264094000, "QY_SRC_TYPE": "0", "hub_crawl_status": 0}, {"RN": 22, "QY_ID": "002105291255773133", "QY_ORG_CODE": "91110105061344608W", "QY_NAME": "北京中咨恒通工程咨询有限公司", "QY_FR_NAME": "王振", "QY_REGION": "110000", "QY_REGION_NAME": "北京市", "OLD_CODE": "061344608", "COLLECT_TIME": 1622264107000, "QY_SRC_TYPE": "0", "hub_crawl_status": 0}, {"RN": 23, "QY_ID": "002105291259823840", "QY_ORG_CODE": "91110115796721654Y", "QY_NAME": "北京金地正方建筑勘察设计有限公司", "QY_FR_NAME": "杨金锋", "QY_REGION": "110000", "QY_REGION_NAME": "北京市", "OLD_CODE": "796721654", "COLLECT_TIME": 1622264355000, "QY_SRC_TYPE": "0", "hub_crawl_status": 0}, {"RN": 24, "QY_ID": "002105291259823843", "QY_ORG_CODE": "91110108101986868M", "QY_NAME": "北京交大建筑勘察设计院有限公司", "QY_FR_NAME": "向宏军", "QY_REGION": "110100", "QY_REGION_NAME": "北京市-市辖区", "OLD_CODE": "101986868", "COLLECT_TIME": 1622264355000, "QY_SRC_TYPE": "0", "hub_crawl_status": 0}, {"RN": 25, "QY_ID": "002105291259834675", "QY_ORG_CODE": "911101051017611917", "QY_NAME": "北京工业大学建筑勘察设计院有限公司", "QY_FR_NAME": "张健", "QY_REGION": "110000", "QY_REGION_NAME": "北京市", "OLD_CODE": "101761191", "COLLECT_TIME": 1622264369000, "QY_SRC_TYPE": "0", "hub_crawl_status": 0}, {"RN": 26, "QY_ID": "002105291305846790", "QY_ORG_CODE": "9111011577635800XG", "QY_NAME": "北京道济测绘有限公司", "QY_FR_NAME": "龙澄", "QY_REGION": "110000", "QY_REGION_NAME": "北京市", "OLD_CODE": "77635800X", "COLLECT_TIME": 1622264722000, "QY_SRC_TYPE": "0", "hub_crawl_status": 0}, {"RN": 27, "QY_ID": "002105291305846791", "QY_ORG_CODE": "9111011740097703XJ", "QY_NAME": "北京市平谷区工程勘察有限公司", "QY_FR_NAME": "付燕生", "QY_REGION": "110000", "QY_REGION_NAME": "北京市", "OLD_CODE": "40097703X", "COLLECT_TIME": 1622264722000, "QY_SRC_TYPE": "0", "hub_crawl_status": 0}, {"RN": 28, "QY_ID": "002105291306879489", "QY_ORG_CODE": "91110108668442765E", "QY_NAME": "中地华北（北京）工程技术研究院有限公司", "QY_FR_NAME": "王超凡", "QY_REGION": "110000", "QY_REGION_NAME": "北京市", "OLD_CODE": "668442765", "COLLECT_TIME": 1622264761000, "QY_SRC_TYPE": "0", "hub_crawl_status": 0}, {"RN": 29, "QY_ID": "002105291313925188", "QY_ORG_CODE": "91110111699606443Y", "QY_NAME": "北京杰赫达勘测设计有限公司", "QY_FR_NAME": "潘杰", "QY_REGION": "110000", "QY_REGION_NAME": "北京市", "OLD_CODE": "699606443", "COLLECT_TIME": 1622265187000, "QY_SRC_TYPE": "0", "hub_crawl_status": 0}, {"RN": 30, "QY_ID": "002105291313931952", "QY_ORG_CODE": "91110105774745989Y", "QY_NAME": "沐城测绘（北京）有限公司", "QY_FR_NAME": "张贵春", "QY_REGION": "110000", "QY_REGION_NAME": "北京市", "OLD_CODE": "774745989", "COLLECT_TIME": 1622265195000, "QY_SRC_TYPE": "0", "hub_crawl_status": 0}]