[{"RN": 1, "QY_ID": "002105291240513868", "QY_ORG_CODE": "91110000102173949P", "QY_NAME": "北京全路通信信号研究设计院集团有限公司", "QY_FR_NAME": "张啸林", "QY_REGION": "110000", "QY_REGION_NAME": "北京市", "OLD_CODE": "102173949", "COLLECT_TIME": 1622263229000, "QY_SRC_TYPE": "0", "hub_crawl_status": 0}, {"RN": 2, "QY_ID": "002105291242640312", "QY_ORG_CODE": "91110102101427708Y", "QY_NAME": "中广国际建筑设计有限公司", "QY_FR_NAME": "高会宗", "QY_REGION": "110100", "QY_REGION_NAME": "北京市-市辖区", "OLD_CODE": "101427708", "COLLECT_TIME": 1622263337000, "QY_SRC_TYPE": "0", "hub_crawl_status": 0}]