[{"RN": 1, "QY_ID": "002105291239456837", "QY_ORG_CODE": "91110108101401639B", "QY_NAME": "北京雅林士博建筑工程有限公司", "QY_FR_NAME": "林山", "QY_REGION": "110000", "QY_REGION_NAME": "北京市", "OLD_CODE": "101401639", "COLLECT_TIME": 1622263199000, "QY_SRC_TYPE": "0", "hub_crawl_status": 0}, {"RN": 2, "QY_ID": "002105291241586765", "QY_ORG_CODE": "91110109599653090X", "QY_NAME": "北京国睿建设有限公司", "QY_FR_NAME": "陈秀", "QY_REGION": "110000", "QY_REGION_NAME": "北京市", "OLD_CODE": "599653090", "COLLECT_TIME": 1622263277000, "QY_SRC_TYPE": "0", "hub_crawl_status": 0}, {"RN": 3, "QY_ID": "002105291241615938", "QY_ORG_CODE": "91110106573194260T", "QY_NAME": "北京龙辰泉消防设备安装工程有限公司", "QY_FR_NAME": "李霞", "QY_REGION": "110000", "QY_REGION_NAME": "北京市", "OLD_CODE": "573194260", "COLLECT_TIME": 1622263303000, "QY_SRC_TYPE": "0", "hub_crawl_status": 0}, {"RN": 4, "QY_ID": "002105291241618048", "QY_ORG_CODE": "91110000675726598B", "QY_NAME": "北京弘洁建设集团有限公司", "QY_FR_NAME": "任成群", "QY_REGION": "110000", "QY_REGION_NAME": "北京市", "OLD_CODE": "675726598", "COLLECT_TIME": 1622263305000, "QY_SRC_TYPE": "0", "hub_crawl_status": 0}, {"RN": 5, "QY_ID": "002105291248682394", "QY_ORG_CODE": "91110105101158210W", "QY_NAME": "北京天图设计工程有限公司", "QY_FR_NAME": "王博", "QY_REGION": "110000", "QY_REGION_NAME": "北京市", "OLD_CODE": "101158210", "COLLECT_TIME": 1622263714000, "QY_SRC_TYPE": "0", "hub_crawl_status": 0}, {"RN": 6, "QY_ID": "002105291254741994", "QY_ORG_CODE": "9111010809189669XT", "QY_NAME": "北京秉承工程技术有限公司", "QY_FR_NAME": "温计虎", "QY_REGION": "110000", "QY_REGION_NAME": "北京市", "OLD_CODE": "09189669X", "COLLECT_TIME": 1622264072000, "QY_SRC_TYPE": "0", "hub_crawl_status": 0}, {"RN": 7, "QY_ID": "002105291258795923", "QY_ORG_CODE": "91110105788998880R", "QY_NAME": "北京博晟装饰设计工程有限公司", "QY_FR_NAME": "吴旭东", "QY_REGION": "110000", "QY_REGION_NAME": "北京市", "OLD_CODE": "788998880", "COLLECT_TIME": 1622264322000, "QY_SRC_TYPE": "0", "hub_crawl_status": 0}, {"RN": 8, "QY_ID": "002105291306891794", "QY_ORG_CODE": "91110109MA009XLQ2G", "QY_NAME": "北京鑫培建筑工程有限公司", "QY_FR_NAME": "秦培杰", "QY_REGION": "110000", "QY_REGION_NAME": "北京市", "OLD_CODE": "MA009XLQ2", "COLLECT_TIME": 1622264776000, "QY_SRC_TYPE": "0", "hub_crawl_status": 0}, {"RN": 9, "QY_ID": "002105291313958738", "QY_ORG_CODE": "91110111MA01KB9A6R", "QY_NAME": "北京雅博达建筑工程有限公司", "QY_FR_NAME": "王雅婷", "QY_REGION": "110000", "QY_REGION_NAME": "北京市", "OLD_CODE": "MA01KB9A6", "COLLECT_TIME": 1622265230000, "QY_SRC_TYPE": "0", "hub_crawl_status": 0}, {"RN": 10, "QY_ID": "002105291322992520", "QY_ORG_CODE": "91110109MA01RN1631", "QY_NAME": "规纬设计院（北京）有限公司", "QY_FR_NAME": "张立苗", "QY_REGION": "110000", "QY_REGION_NAME": "北京市", "OLD_CODE": "MA01RN163", "COLLECT_TIME": 1622265746000, "QY_SRC_TYPE": "0", "hub_crawl_status": 0}, {"RN": 11, "QY_ID": "002105291322999802", "QY_ORG_CODE": "911100001023686661", "QY_NAME": "北京兴百建设安装集团有限公司", "QY_FR_NAME": "耿新", "QY_REGION": "110000", "QY_REGION_NAME": "北京市", "OLD_CODE": "102368666", "COLLECT_TIME": 1622265755000, "QY_SRC_TYPE": "0", "hub_crawl_status": 0}]