[{"RN": 1, "QY_ID": "002105291240531654", "QY_ORG_CODE": "91110106763512354E", "QY_NAME": "亮通光电技术（北京）有限公司", "QY_FR_NAME": "张拉明", "QY_REGION": "110000", "QY_REGION_NAME": "北京市", "OLD_CODE": "763512354", "COLLECT_TIME": 1622263240000, "QY_SRC_TYPE": "0", "hub_crawl_status": 0}, {"RN": 2, "QY_ID": "002105291240531763", "QY_ORG_CODE": "91110105736459965H", "QY_NAME": "北京奥尔环境艺术有限公司", "QY_FR_NAME": "李伟光", "QY_REGION": "110000", "QY_REGION_NAME": "北京市", "OLD_CODE": "736459965", "COLLECT_TIME": 1622263240000, "QY_SRC_TYPE": "0", "hub_crawl_status": 0}, {"RN": 3, "QY_ID": "002105291241564873", "QY_ORG_CODE": "91110108348428040T", "QY_NAME": "北京清控人居光电研究院有限公司", "QY_FR_NAME": "袁昕", "QY_REGION": "110000", "QY_REGION_NAME": "北京市", "OLD_CODE": "348428040", "COLLECT_TIME": 1622263261000, "QY_SRC_TYPE": "0", "hub_crawl_status": 0}, {"RN": 4, "QY_ID": "002105291241566567", "QY_ORG_CODE": "91110106562093579N", "QY_NAME": "北京必成创景景观艺术有限公司", "QY_FR_NAME": "刁旭", "QY_REGION": "110000", "QY_REGION_NAME": "北京市", "OLD_CODE": "562093579", "COLLECT_TIME": 1622263262000, "QY_SRC_TYPE": "0", "hub_crawl_status": 0}, {"RN": 5, "QY_ID": "002105291241571938", "QY_ORG_CODE": "91110101741558466W", "QY_NAME": "北京锋尚世纪文化传媒股份有限公司", "QY_FR_NAME": "沙晓岚", "QY_REGION": "110000", "QY_REGION_NAME": "北京市", "OLD_CODE": "741558466", "COLLECT_TIME": 1622263266000, "QY_SRC_TYPE": "0", "hub_crawl_status": 0}, {"RN": 6, "QY_ID": "002105291241595143", "QY_ORG_CODE": "9111011279998699XG", "QY_NAME": "北京金源智控科技股份有限公司", "QY_FR_NAME": "刘志刚", "QY_REGION": "110000", "QY_REGION_NAME": "北京市", "OLD_CODE": "79998699X", "COLLECT_TIME": 1622263283000, "QY_SRC_TYPE": "0", "hub_crawl_status": 0}, {"RN": 7, "QY_ID": "002105291248675879", "QY_ORG_CODE": "9111010577546365X8", "QY_NAME": "北京世纪银雨照明工程技术有限公司", "QY_FR_NAME": "李勇", "QY_REGION": "110000", "QY_REGION_NAME": "北京市", "OLD_CODE": "77546365X", "COLLECT_TIME": 1622263707000, "QY_SRC_TYPE": "0", "hub_crawl_status": 0}, {"RN": 8, "QY_ID": "002105291254743127", "QY_ORG_CODE": "91110112682865166N", "QY_NAME": "北京市通州市政工程设计有限公司", "QY_FR_NAME": "臧国莉", "QY_REGION": "110000", "QY_REGION_NAME": "北京市", "OLD_CODE": "682865166", "COLLECT_TIME": 1622264074000, "QY_SRC_TYPE": "0", "hub_crawl_status": 0}, {"RN": 9, "QY_ID": "002105291258798343", "QY_ORG_CODE": "91110106102187523W", "QY_NAME": "北京路明路灯电气安装有限公司", "QY_FR_NAME": "温大吉", "QY_REGION": "110000", "QY_REGION_NAME": "北京市", "OLD_CODE": "102187523", "COLLECT_TIME": 1622264324000, "QY_SRC_TYPE": "0", "hub_crawl_status": 0}, {"RN": 10, "QY_ID": "002105291258808902", "QY_ORG_CODE": "91110105633639939J", "QY_NAME": "北京海兰齐力照明设备安装工程有限公司", "QY_FR_NAME": "曹戈锋", "QY_REGION": "110000", "QY_REGION_NAME": "北京市", "OLD_CODE": "633639939", "COLLECT_TIME": 1622264337000, "QY_SRC_TYPE": "0", "hub_crawl_status": 0}, {"RN": 11, "QY_ID": "002105291259816393", "QY_ORG_CODE": "91110112662183598H", "QY_NAME": "北京白与黑科技有限公司", "QY_FR_NAME": "刘玉军", "QY_REGION": "110000", "QY_REGION_NAME": "北京市", "OLD_CODE": "662183598", "COLLECT_TIME": 1622264347000, "QY_SRC_TYPE": "0", "hub_crawl_status": 0}, {"RN": 12, "QY_ID": "002105291312915155", "QY_ORG_CODE": "911101087567029349", "QY_NAME": "北京爱尔益地节能科技股份有限公司", "QY_FR_NAME": "王史杰", "QY_REGION": "110000", "QY_REGION_NAME": "北京市", "OLD_CODE": "756702934", "COLLECT_TIME": 1622265177000, "QY_SRC_TYPE": "0", "hub_crawl_status": 0}, {"RN": 13, "QY_ID": "002105291322002661", "QY_ORG_CODE": "91110109MA01N5CU9M", "QY_NAME": "央美筑城（北京）城市规划设计院有限公司", "QY_FR_NAME": "刘子彦", "QY_REGION": "110000", "QY_REGION_NAME": "北京市", "OLD_CODE": "MA01N5CU9", "COLLECT_TIME": 1622265760000, "QY_SRC_TYPE": "0", "hub_crawl_status": 0}, {"RN": 14, "QY_ID": "002105291322988044", "QY_ORG_CODE": "91110108780232055N", "QY_NAME": "爱德光文化（北京）有限公司", "QY_FR_NAME": "颜华", "QY_REGION": "110000", "QY_REGION_NAME": "北京市", "OLD_CODE": "780232055", "COLLECT_TIME": 1622265741000, "QY_SRC_TYPE": "0", "hub_crawl_status": 0}, {"RN": 15, "QY_ID": "002105291328033322", "QY_ORG_CODE": "91110109MA01YW4L82", "QY_NAME": "北京西南建业工程设计有限公司", "QY_FR_NAME": "黄伟", "QY_REGION": "110000", "QY_REGION_NAME": "北京市", "OLD_CODE": "MA01YW4L8", "COLLECT_TIME": 1622266093000, "QY_SRC_TYPE": "0", "hub_crawl_status": 0}]