[{"RN": 16, "QY_ID": "002105291335088911", "QY_ORG_CODE": "911101126963592056", "QY_NAME": "北京钛和照明设计有限公司", "QY_FR_NAME": "张丽", "QY_REGION": "110000", "QY_REGION_NAME": "北京市", "OLD_CODE": "696359205", "COLLECT_TIME": 1622266557000, "QY_SRC_TYPE": "0", "hub_crawl_status": 0}, {"RN": 17, "QY_ID": "002107151911146151", "QY_ORG_CODE": "91110116MA00502315", "QY_NAME": "北京科可瑞照明设计有限公司", "QY_FR_NAME": "黄芳", "QY_REGION": "110000", "QY_REGION_NAME": "北京市", "OLD_CODE": "MA0050231", "COLLECT_TIME": 1626347504000, "QY_SRC_TYPE": "0", "hub_crawl_status": 0}, {"RN": 18, "QY_ID": "002110281915207348", "QY_ORG_CODE": "91110109MA02133W3J", "QY_NAME": "北京恒初工程设计有限公司", "QY_FR_NAME": "孙庆雷", "QY_REGION": "110000", "QY_REGION_NAME": "北京市", "OLD_CODE": "MA02133W3", "COLLECT_TIME": 1635419749000, "QY_SRC_TYPE": "0", "hub_crawl_status": 0}]