[{"RN": 31, "QY_ID": "002105291239454296", "QY_ORG_CODE": "91110101585899524G", "QY_NAME": "北京陆丰建筑有限公司", "QY_FR_NAME": "郭建伟", "QY_REGION": "110000", "QY_REGION_NAME": "北京市", "OLD_CODE": "585899524", "COLLECT_TIME": 1622263197000, "QY_SRC_TYPE": "0", "hub_crawl_status": 0}, {"RN": 32, "QY_ID": "002105291239454297", "QY_ORG_CODE": "91110114059272246T", "QY_NAME": "北京东明电力工程有限公司", "QY_FR_NAME": "应东明", "QY_REGION": "110000", "QY_REGION_NAME": "北京市", "OLD_CODE": "059272246", "COLLECT_TIME": 1622263197000, "QY_SRC_TYPE": "0", "hub_crawl_status": 0}, {"RN": 33, "QY_ID": "002105291239454603", "QY_ORG_CODE": "91110109076590393F", "QY_NAME": "北京盛世瑞成电力市政工程有限公司", "QY_FR_NAME": "马骏", "QY_REGION": "110000", "QY_REGION_NAME": "北京市", "OLD_CODE": "076590393", "COLLECT_TIME": 1622263198000, "QY_SRC_TYPE": "0", "hub_crawl_status": 0}, {"RN": 34, "QY_ID": "002105291239454604", "QY_ORG_CODE": "9111011605557786X6", "QY_NAME": "北京昊宇泽成建筑工程有限公司", "QY_FR_NAME": "郑晓波", "QY_REGION": "110000", "QY_REGION_NAME": "北京市", "OLD_CODE": "05557786X", "COLLECT_TIME": 1622263198000, "QY_SRC_TYPE": "0", "hub_crawl_status": 0}, {"RN": 35, "QY_ID": "002105291239454706", "QY_ORG_CODE": "9111011310256451XM", "QY_NAME": "北京东方雨虹防水工程有限公司", "QY_FR_NAME": "李卫国", "QY_REGION": "110000", "QY_REGION_NAME": "北京市", "OLD_CODE": "10256451X", "COLLECT_TIME": 1622263198000, "QY_SRC_TYPE": "0", "hub_crawl_status": 0}, {"RN": 36, "QY_ID": "002105291239454979", "QY_ORG_CODE": "911101120741149833", "QY_NAME": "北京点创卓信建筑工程有限公司", "QY_FR_NAME": "杨宏志", "QY_REGION": "110000", "QY_REGION_NAME": "北京市", "OLD_CODE": "074114983", "COLLECT_TIME": 1622263198000, "QY_SRC_TYPE": "0", "hub_crawl_status": 0}, {"RN": 37, "QY_ID": "002105291239455002", "QY_ORG_CODE": "91110109096657989D", "QY_NAME": "北京国电中联建设工程有限公司", "QY_FR_NAME": "张涛", "QY_REGION": "110000", "QY_REGION_NAME": "北京市", "OLD_CODE": "096657989", "COLLECT_TIME": 1622263198000, "QY_SRC_TYPE": "0", "hub_crawl_status": 0}, {"RN": 38, "QY_ID": "002105291239455070", "QY_ORG_CODE": "91110108599615916C", "QY_NAME": "华泰铭基工程管理集团有限公司", "QY_FR_NAME": "刘秀娟", "QY_REGION": "110000", "QY_REGION_NAME": "北京市", "OLD_CODE": "599615916", "COLLECT_TIME": 1622263198000, "QY_SRC_TYPE": "0", "hub_crawl_status": 0}, {"RN": 39, "QY_ID": "002105291239455188", "QY_ORG_CODE": "9111011510285930XA", "QY_NAME": "北京兴昊隆达建筑工程有限责任公司", "QY_FR_NAME": "张雷", "QY_REGION": "110000", "QY_REGION_NAME": "北京市", "OLD_CODE": "10285930X", "COLLECT_TIME": 1622263198000, "QY_SRC_TYPE": "0", "hub_crawl_status": 0}, {"RN": 40, "QY_ID": "002105291239455317", "QY_ORG_CODE": "91110106102129710X", "QY_NAME": "北京新宫电力工程施工有限公司", "QY_FR_NAME": "李庆海", "QY_REGION": "110000", "QY_REGION_NAME": "北京市", "OLD_CODE": "102129710", "COLLECT_TIME": 1622263198000, "QY_SRC_TYPE": "0", "hub_crawl_status": 0}, {"RN": 41, "QY_ID": "002105291239455318", "QY_ORG_CODE": "911101117877604670", "QY_NAME": "北京宏业兴达建筑工程有限公司", "QY_FR_NAME": "马红光", "QY_REGION": "110000", "QY_REGION_NAME": "北京市", "OLD_CODE": "787760467", "COLLECT_TIME": 1622263198000, "QY_SRC_TYPE": "0", "hub_crawl_status": 0}, {"RN": 42, "QY_ID": "002105291239455378", "QY_ORG_CODE": "9111011778778301X4", "QY_NAME": "北京盛全畅建筑工程有限公司", "QY_FR_NAME": "张红全", "QY_REGION": "110000", "QY_REGION_NAME": "北京市", "OLD_CODE": "78778301X", "COLLECT_TIME": 1622263198000, "QY_SRC_TYPE": "0", "hub_crawl_status": 0}, {"RN": 43, "QY_ID": "002105291239455380", "QY_ORG_CODE": "9111011770033110XD", "QY_NAME": "北京中基路通电力建设股份有限公司", "QY_FR_NAME": "黄艳红", "QY_REGION": "110000", "QY_REGION_NAME": "北京市", "OLD_CODE": "70033110X", "COLLECT_TIME": 1622263198000, "QY_SRC_TYPE": "0", "hub_crawl_status": 0}, {"RN": 44, "QY_ID": "002105291239455472", "QY_ORG_CODE": "911101110672692662", "QY_NAME": "北京方华电力建设有限公司", "QY_FR_NAME": "严鹏", "QY_REGION": "110000", "QY_REGION_NAME": "北京市", "OLD_CODE": "067269266", "COLLECT_TIME": 1622263198000, "QY_SRC_TYPE": "0", "hub_crawl_status": 0}, {"RN": 45, "QY_ID": "002105291239455473", "QY_ORG_CODE": "911101156950080917", "QY_NAME": "北京宏伟兴业建筑工程有限公司", "QY_FR_NAME": "闫春秀", "QY_REGION": "110000", "QY_REGION_NAME": "北京市", "OLD_CODE": "695008091", "COLLECT_TIME": 1622263198000, "QY_SRC_TYPE": "0", "hub_crawl_status": 0}]