[{"QY_FR_NAME": "牛全立", "QY_REGION": "110000", "QY_NAME": "北京城市亮点电气工程有限公司", "QY_REGION_NAME": "北京市", "QY_ORG_CODE": "91110108717724858X", "COLLECT_TIME": 1622263197000, "RN": 16, "QY_ID": "002105291239453502", "QY_SRC_TYPE": "0", "OLD_CODE": "717724858", "hub_crawl_status": 0}, {"QY_FR_NAME": "孙喜顺", "QY_REGION": "110000", "QY_NAME": "北京市金龙腾装饰股份有限公司", "QY_REGION_NAME": "北京市", "QY_ORG_CODE": "9111010863305739XH", "COLLECT_TIME": 1622263197000, "RN": 17, "QY_ID": "002105291239453528", "QY_SRC_TYPE": "0", "OLD_CODE": "63305739X", "hub_crawl_status": 0}, {"QY_FR_NAME": "刘振华", "QY_REGION": "110000", "QY_NAME": "北京市朝阳三建第六建筑工程公司", "QY_REGION_NAME": "北京市", "QY_ORG_CODE": "911101051017429000", "COLLECT_TIME": 1622263197000, "RN": 18, "QY_ID": "002105291239453547", "QY_SRC_TYPE": "0", "OLD_CODE": "101742900", "hub_crawl_status": 0}, {"QY_FR_NAME": "张友明", "QY_REGION": "110000", "QY_NAME": "北京国煤建装饰有限责任公司", "QY_REGION_NAME": "北京市", "QY_ORG_CODE": "91110109102116792A", "COLLECT_TIME": 1622263197000, "RN": 19, "QY_ID": "002105291239453658", "QY_SRC_TYPE": "0", "OLD_CODE": "102116792", "hub_crawl_status": 0}, {"QY_FR_NAME": "王志强", "QY_REGION": "110000", "QY_NAME": "北京鼎维通电气安装有限公司", "QY_REGION_NAME": "北京市", "QY_ORG_CODE": "91110114700349684T", "COLLECT_TIME": 1622263197000, "RN": 20, "QY_ID": "002105291239453661", "QY_SRC_TYPE": "0", "OLD_CODE": "700349684", "hub_crawl_status": 0}, {"QY_FR_NAME": "涂兴怀", "QY_REGION": "110000", "QY_NAME": "盛润通达（北京）建筑工程有限责任公司", "QY_REGION_NAME": "北京市", "QY_ORG_CODE": "91110108802962340P", "COLLECT_TIME": 1622263197000, "RN": 21, "QY_ID": "002105291239453663", "QY_SRC_TYPE": "0", "OLD_CODE": "802962340", "hub_crawl_status": 0}, {"QY_FR_NAME": "吴国军", "QY_REGION": "110000", "QY_NAME": "北京市通州新兴建筑公司", "QY_REGION_NAME": "北京市", "QY_ORG_CODE": "91110112102458266N", "COLLECT_TIME": 1622263197000, "RN": 22, "QY_ID": "002105291239453669", "QY_SRC_TYPE": "0", "OLD_CODE": "102458266", "hub_crawl_status": 0}, {"QY_FR_NAME": "崔来勇", "QY_REGION": "110000", "QY_NAME": "北京海城华业建筑工程有限公司", "QY_REGION_NAME": "北京市", "QY_ORG_CODE": "9111010872395246XG", "COLLECT_TIME": 1622263197000, "RN": 23, "QY_ID": "002105291239453796", "QY_SRC_TYPE": "0", "OLD_CODE": "72395246X", "hub_crawl_status": 0}, {"QY_FR_NAME": "王飞", "QY_REGION": "110000", "QY_NAME": "北京世润成城建筑工程有限公司", "QY_REGION_NAME": "北京市", "QY_ORG_CODE": "911101067214018594", "COLLECT_TIME": 1622263197000, "RN": 24, "QY_ID": "002105291239453803", "QY_SRC_TYPE": "0", "OLD_CODE": "721401859", "hub_crawl_status": 0}, {"QY_FR_NAME": "刘耀国", "QY_REGION": "110000", "QY_NAME": "北京宝林建筑安装工程有限公司", "QY_REGION_NAME": "北京市", "QY_ORG_CODE": "91110106796727300N", "COLLECT_TIME": 1622263197000, "RN": 25, "QY_ID": "002105291239453807", "QY_SRC_TYPE": "0", "OLD_CODE": "796727300", "hub_crawl_status": 0}, {"QY_FR_NAME": "黄少辉", "QY_REGION": "110000", "QY_NAME": "北京恒安天成建筑工程有限公司", "QY_REGION_NAME": "北京市", "QY_ORG_CODE": "911101116699285131", "COLLECT_TIME": 1622263197000, "RN": 26, "QY_ID": "002105291239453877", "QY_SRC_TYPE": "0", "OLD_CODE": "669928513", "hub_crawl_status": 0}, {"QY_FR_NAME": "秦正才", "QY_REGION": "110000", "QY_NAME": "北京南方红日装饰装潢有限责任公司", "QY_REGION_NAME": "北京市", "QY_ORG_CODE": "91110108X0038151XL", "COLLECT_TIME": 1622263197000, "RN": 27, "QY_ID": "002105291239453924", "QY_SRC_TYPE": "0", "OLD_CODE": "X0038151X", "hub_crawl_status": 0}, {"QY_FR_NAME": "韩松芹", "QY_REGION": "110000", "QY_NAME": "北京松贺电力工程安装有限公司", "QY_REGION_NAME": "北京市", "QY_ORG_CODE": "9111011274006566XC", "COLLECT_TIME": 1622263197000, "RN": 28, "QY_ID": "002105291239454131", "QY_SRC_TYPE": "0", "OLD_CODE": "74006566X", "hub_crawl_status": 0}, {"QY_FR_NAME": "李代群", "QY_REGION": "110000", "QY_NAME": "北京兴群市政园林工程有限责任公司", "QY_REGION_NAME": "北京市", "QY_ORG_CODE": "91110115700357545U", "COLLECT_TIME": 1622263197000, "RN": 29, "QY_ID": "002105291239454178", "QY_SRC_TYPE": "0", "OLD_CODE": "700357545", "hub_crawl_status": 0}, {"QY_FR_NAME": "侯永卓", "QY_REGION": "110000", "QY_NAME": "青旅建筑工程（北京）有限公司", "QY_REGION_NAME": "北京市", "QY_ORG_CODE": "91110109556861586F", "COLLECT_TIME": 1622263197000, "RN": 30, "QY_ID": "002105291239454179", "QY_SRC_TYPE": "0", "OLD_CODE": "556861586", "hub_crawl_status": 0}]