[{"RN": 1, "QY_ID": "002105291239451703", "QY_ORG_CODE": "91110105625907120L", "QY_NAME": "北京扶桑建筑装饰有限公司", "QY_FR_NAME": "王全民", "QY_REGION": "110000", "QY_REGION_NAME": "北京市", "OLD_CODE": "625907120", "COLLECT_TIME": 1622263196000, "QY_SRC_TYPE": "0", "hub_crawl_status": 0}, {"RN": 2, "QY_ID": "002105291239451730", "QY_ORG_CODE": "91110112600015484B", "QY_NAME": "北京燕佳建筑工程有限公司", "QY_FR_NAME": "钟博英", "QY_REGION": "110000", "QY_REGION_NAME": "北京市", "OLD_CODE": "600015484", "COLLECT_TIME": 1622263196000, "QY_SRC_TYPE": "0", "hub_crawl_status": 0}, {"RN": 3, "QY_ID": "002105291239451825", "QY_ORG_CODE": "91110102625902039C", "QY_NAME": "北京菲尼有限公司", "QY_FR_NAME": "白雨", "QY_REGION": "110000", "QY_REGION_NAME": "北京市", "OLD_CODE": "625902039", "COLLECT_TIME": 1622263196000, "QY_SRC_TYPE": "0", "hub_crawl_status": 0}, {"RN": 4, "QY_ID": "002105291239451984", "QY_ORG_CODE": "91110106102124696Y", "QY_NAME": "中建一局集团装饰工程有限公司", "QY_FR_NAME": "毛立臣", "QY_REGION": "110000", "QY_REGION_NAME": "北京市", "OLD_CODE": "102124696", "COLLECT_TIME": 1622263196000, "QY_SRC_TYPE": "0", "hub_crawl_status": 0}, {"RN": 5, "QY_ID": "002105291239451989", "QY_ORG_CODE": "91110108740402507R", "QY_NAME": "北京京城环保股份有限公司", "QY_FR_NAME": "赵传军", "QY_REGION": "110000", "QY_REGION_NAME": "北京市", "OLD_CODE": "740402507", "COLLECT_TIME": 1622263196000, "QY_SRC_TYPE": "0", "hub_crawl_status": 0}, {"RN": 6, "QY_ID": "002105291239452153", "QY_ORG_CODE": "911101026977390238", "QY_NAME": "九源（北京）国际建筑顾问有限公司", "QY_FR_NAME": "江曼", "QY_REGION": "110000", "QY_REGION_NAME": "北京市", "OLD_CODE": "697739023", "COLLECT_TIME": 1622263196000, "QY_SRC_TYPE": "0", "hub_crawl_status": 0}, {"RN": 7, "QY_ID": "002105291239452201", "QY_ORG_CODE": "911101016000418349", "QY_NAME": "北京贝盟国际建筑装饰工程有限公司", "QY_FR_NAME": "苏建青", "QY_REGION": "110000", "QY_REGION_NAME": "北京市", "OLD_CODE": "600041834", "COLLECT_TIME": 1622263196000, "QY_SRC_TYPE": "0", "hub_crawl_status": 0}, {"RN": 8, "QY_ID": "002105291239452341", "QY_ORG_CODE": "911100001017173187", "QY_NAME": "北京住总建设安装工程有限责任公司", "QY_FR_NAME": "王香震", "QY_REGION": "110000", "QY_REGION_NAME": "北京市", "OLD_CODE": "101717318", "COLLECT_TIME": 1622263196000, "QY_SRC_TYPE": "0", "hub_crawl_status": 0}, {"RN": 9, "QY_ID": "002105291239452853", "QY_ORG_CODE": "91110101101124926A", "QY_NAME": "北京华美装饰工程有限责任公司", "QY_FR_NAME": "李忠生", "QY_REGION": "110000", "QY_REGION_NAME": "北京市", "OLD_CODE": "101124926", "COLLECT_TIME": 1622263197000, "QY_SRC_TYPE": "0", "hub_crawl_status": 0}, {"RN": 10, "QY_ID": "002105291239453011", "QY_ORG_CODE": "91110000400009055H", "QY_NAME": "中国城市建设研究院有限公司", "QY_FR_NAME": "王敬民", "QY_REGION": "110100", "QY_REGION_NAME": "北京市-市辖区", "OLD_CODE": "400009055", "COLLECT_TIME": 1622263197000, "QY_SRC_TYPE": "0", "hub_crawl_status": 0}, {"RN": 11, "QY_ID": "002105291239453398", "QY_ORG_CODE": "911101165960658083", "QY_NAME": "北京安顺达建筑工程有限公司", "QY_FR_NAME": "彭明海", "QY_REGION": "110000", "QY_REGION_NAME": "北京市", "OLD_CODE": "596065808", "COLLECT_TIME": 1622263197000, "QY_SRC_TYPE": "0", "hub_crawl_status": 0}, {"RN": 12, "QY_ID": "002105291239453412", "QY_ORG_CODE": "91110116771983703R", "QY_NAME": "北京华瑞建筑工程有限公司", "QY_FR_NAME": "侯立民", "QY_REGION": "110000", "QY_REGION_NAME": "北京市", "OLD_CODE": "771983703", "COLLECT_TIME": 1622263197000, "QY_SRC_TYPE": "0", "hub_crawl_status": 0}, {"RN": 13, "QY_ID": "002105291239453413", "QY_ORG_CODE": "911101067967203797", "QY_NAME": "北京鹏诚汇通建设工程有限责任公司", "QY_FR_NAME": "陶和彪", "QY_REGION": "110000", "QY_REGION_NAME": "北京市", "OLD_CODE": "796720379", "COLLECT_TIME": 1622263197000, "QY_SRC_TYPE": "0", "hub_crawl_status": 0}, {"RN": 14, "QY_ID": "002105291239453415", "QY_ORG_CODE": "9111010674159810X4", "QY_NAME": "北京美恺通达建筑工程有限公司", "QY_FR_NAME": "曲治涛", "QY_REGION": "110000", "QY_REGION_NAME": "北京市", "OLD_CODE": "74159810X", "COLLECT_TIME": 1622263197000, "QY_SRC_TYPE": "0", "hub_crawl_status": 0}, {"RN": 15, "QY_ID": "002105291239453496", "QY_ORG_CODE": "91110108553126981Q", "QY_NAME": "北京中实达装饰工程有限公司", "QY_FR_NAME": "米唯卓", "QY_REGION": "110000", "QY_REGION_NAME": "北京市", "OLD_CODE": "553126981", "COLLECT_TIME": 1622263197000, "QY_SRC_TYPE": "0", "hub_crawl_status": 0}]