[{"RN": 91, "QY_ID": "002105291240461373", "QY_ORG_CODE": "91110113733475783L", "QY_NAME": "北京鹏远电器设备有限公司", "QY_FR_NAME": "勘进宗", "QY_REGION": "110000", "QY_REGION_NAME": "北京市", "OLD_CODE": "733475783", "COLLECT_TIME": 1622263201000, "QY_SRC_TYPE": "0", "hub_crawl_status": 0}, {"RN": 92, "QY_ID": "002105291240461879", "QY_ORG_CODE": "91110111358344940A", "QY_NAME": "北京南尚岗鸿远建筑工程有限公司", "QY_FR_NAME": "龚长红", "QY_REGION": "110000", "QY_REGION_NAME": "北京市", "OLD_CODE": "358344940", "COLLECT_TIME": 1622263201000, "QY_SRC_TYPE": "0", "hub_crawl_status": 0}, {"RN": 93, "QY_ID": "002105291240461880", "QY_ORG_CODE": "911101080627877852", "QY_NAME": "北京昕东方建筑工程有限公司", "QY_FR_NAME": "余庆和", "QY_REGION": "110000", "QY_REGION_NAME": "北京市", "OLD_CODE": "062787785", "COLLECT_TIME": 1622263201000, "QY_SRC_TYPE": "0", "hub_crawl_status": 0}, {"RN": 94, "QY_ID": "002105291240461882", "QY_ORG_CODE": "91110114085527767Y", "QY_NAME": "北京东方昊海建筑工程有限公司", "QY_FR_NAME": "王克民", "QY_REGION": "110000", "QY_REGION_NAME": "北京市", "OLD_CODE": "085527767", "COLLECT_TIME": 1622263201000, "QY_SRC_TYPE": "0", "hub_crawl_status": 0}, {"RN": 95, "QY_ID": "002105291240461962", "QY_ORG_CODE": "911101086835621402", "QY_NAME": "北京中岩大地科技股份有限公司", "QY_FR_NAME": "王立建", "QY_REGION": "110000", "QY_REGION_NAME": "北京市", "OLD_CODE": "683562140", "COLLECT_TIME": 1622263201000, "QY_SRC_TYPE": "0", "hub_crawl_status": 0}, {"RN": 96, "QY_ID": "002105291240461964", "QY_ORG_CODE": "9111010171775765XB", "QY_NAME": "北京综建科技有限公司", "QY_FR_NAME": "武威", "QY_REGION": "110000", "QY_REGION_NAME": "北京市", "OLD_CODE": "71775765X", "COLLECT_TIME": 1622263201000, "QY_SRC_TYPE": "0", "hub_crawl_status": 0}, {"RN": 97, "QY_ID": "002105291240462075", "QY_ORG_CODE": "91110113330285475B", "QY_NAME": "北京佳寓信航置业投资有限公司", "QY_FR_NAME": "贾桂森", "QY_REGION": "110000", "QY_REGION_NAME": "北京市", "OLD_CODE": "330285475", "COLLECT_TIME": 1622263201000, "QY_SRC_TYPE": "0", "hub_crawl_status": 0}, {"RN": 98, "QY_ID": "002105291240462351", "QY_ORG_CODE": "91110117582535725F", "QY_NAME": "北京苍龙建筑工程有限公司", "QY_FR_NAME": "王红启", "QY_REGION": "110000", "QY_REGION_NAME": "北京市", "OLD_CODE": "582535725", "COLLECT_TIME": 1622263202000, "QY_SRC_TYPE": "0", "hub_crawl_status": 0}, {"RN": 99, "QY_ID": "002105291240462359", "QY_ORG_CODE": "911100008029320531", "QY_NAME": "北京东方光大安装工程集团有限公司", "QY_FR_NAME": "贾志学", "QY_REGION": "110000", "QY_REGION_NAME": "北京市", "OLD_CODE": "802932053", "COLLECT_TIME": 1622263202000, "QY_SRC_TYPE": "0", "hub_crawl_status": 0}, {"RN": 100, "QY_ID": "002105291240462363", "QY_ORG_CODE": "911101177000665024", "QY_NAME": "北京腾境装饰工程有限责任公司", "QY_FR_NAME": "吴国荣", "QY_REGION": "110000", "QY_REGION_NAME": "北京市", "OLD_CODE": "700066502", "COLLECT_TIME": 1622263202000, "QY_SRC_TYPE": "0", "hub_crawl_status": 0}, {"RN": 101, "QY_ID": "002105291240462475", "QY_ORG_CODE": "9111010675822215XD", "QY_NAME": "北京中鼎立天电子科技发展有限公司", "QY_FR_NAME": "常建岭", "QY_REGION": "110000", "QY_REGION_NAME": "北京市", "OLD_CODE": "75822215X", "COLLECT_TIME": 1622263202000, "QY_SRC_TYPE": "0", "hub_crawl_status": 0}, {"RN": 102, "QY_ID": "002105291240462689", "QY_ORG_CODE": "91110105064855593F", "QY_NAME": "北京国电佰宏电力安装有限公司", "QY_FR_NAME": "袁志伟", "QY_REGION": "110000", "QY_REGION_NAME": "北京市", "OLD_CODE": "064855593", "COLLECT_TIME": 1622263202000, "QY_SRC_TYPE": "0", "hub_crawl_status": 0}, {"RN": 103, "QY_ID": "002105291240462863", "QY_ORG_CODE": "91110111664602880E", "QY_NAME": "北京金色伟业建设有限公司", "QY_FR_NAME": "李金玲", "QY_REGION": "110000", "QY_REGION_NAME": "北京市", "OLD_CODE": "664602880", "COLLECT_TIME": 1622263202000, "QY_SRC_TYPE": "0", "hub_crawl_status": 0}, {"RN": 104, "QY_ID": "002105291240462972", "QY_ORG_CODE": "91110228666263288N", "QY_NAME": "北京云建城市建设工程有限公司", "QY_FR_NAME": "王俊成", "QY_REGION": "110000", "QY_REGION_NAME": "北京市", "OLD_CODE": "666263288", "COLLECT_TIME": 1622263202000, "QY_SRC_TYPE": "0", "hub_crawl_status": 0}, {"RN": 105, "QY_ID": "002105291240462977", "QY_ORG_CODE": "911101131025139154", "QY_NAME": "北京新奥建筑工程有限公司", "QY_FR_NAME": "刘京涛", "QY_REGION": "110000", "QY_REGION_NAME": "北京市", "OLD_CODE": "102513915", "COLLECT_TIME": 1622263202000, "QY_SRC_TYPE": "0", "hub_crawl_status": 0}]