[{"RN": 331, "QY_ID": "002105291240504919", "QY_ORG_CODE": "91110117556874424D", "QY_NAME": "北京天下一家建筑工程有限公司", "QY_FR_NAME": "张吉辉", "QY_REGION": "110000", "QY_REGION_NAME": "北京市", "OLD_CODE": "556874424", "COLLECT_TIME": 1622263224000, "QY_SRC_TYPE": "0", "hub_crawl_status": 0}, {"RN": 332, "QY_ID": "002105291240504999", "QY_ORG_CODE": "91110108721461165C", "QY_NAME": "北京文豪宏博尔科技股份有限公司", "QY_FR_NAME": "刘玮", "QY_REGION": "110100", "QY_REGION_NAME": "北京市-市辖区", "OLD_CODE": "721461165", "COLLECT_TIME": 1622263224000, "QY_SRC_TYPE": "0", "hub_crawl_status": 0}, {"RN": 333, "QY_ID": "002105291240505026", "QY_ORG_CODE": "91110114697713691W", "QY_NAME": "北京盛聚源建筑工程有限公司", "QY_FR_NAME": "杨振", "QY_REGION": "110000", "QY_REGION_NAME": "北京市", "OLD_CODE": "697713691", "COLLECT_TIME": 1622263224000, "QY_SRC_TYPE": "0", "hub_crawl_status": 0}, {"RN": 334, "QY_ID": "002105291240505114", "QY_ORG_CODE": "911101065712195406", "QY_NAME": "北京临源兴业建筑工程有限公司", "QY_FR_NAME": "程文平", "QY_REGION": "110000", "QY_REGION_NAME": "北京市", "OLD_CODE": "571219540", "COLLECT_TIME": 1622263224000, "QY_SRC_TYPE": "0", "hub_crawl_status": 0}, {"RN": 335, "QY_ID": "002105291240505208", "QY_ORG_CODE": "911101158017831725", "QY_NAME": "北京东方盛业建筑工程有限公司", "QY_FR_NAME": "李华", "QY_REGION": "110000", "QY_REGION_NAME": "北京市", "OLD_CODE": "801783172", "COLLECT_TIME": 1622263224000, "QY_SRC_TYPE": "0", "hub_crawl_status": 0}, {"RN": 336, "QY_ID": "002105291240505210", "QY_ORG_CODE": "911101113273191952", "QY_NAME": "北京稼德政通装饰工程有限公司", "QY_FR_NAME": "李爱国", "QY_REGION": "110000", "QY_REGION_NAME": "北京市", "OLD_CODE": "327319195", "COLLECT_TIME": 1622263224000, "QY_SRC_TYPE": "0", "hub_crawl_status": 0}, {"RN": 337, "QY_ID": "002105291240505216", "QY_ORG_CODE": "91110113MA002UTL6Y", "QY_NAME": "中润卓达建筑工程（北京）有限公司", "QY_FR_NAME": "王玉明", "QY_REGION": "110000", "QY_REGION_NAME": "北京市", "OLD_CODE": "MA002UTL6", "COLLECT_TIME": 1622263224000, "QY_SRC_TYPE": "0", "hub_crawl_status": 0}, {"RN": 338, "QY_ID": "002105291240505353", "QY_ORG_CODE": "91110115358321060X", "QY_NAME": "北京富煜恒建筑工程有限公司", "QY_FR_NAME": "张春喜", "QY_REGION": "110000", "QY_REGION_NAME": "北京市", "OLD_CODE": "358321060", "COLLECT_TIME": 1622263224000, "QY_SRC_TYPE": "0", "hub_crawl_status": 0}, {"RN": 339, "QY_ID": "002105291240505368", "QY_ORG_CODE": "911101155768801000", "QY_NAME": "北京市瀛海市政工程服务中心", "QY_FR_NAME": "李岩", "QY_REGION": "110000", "QY_REGION_NAME": "北京市", "OLD_CODE": "576880100", "COLLECT_TIME": 1622263224000, "QY_SRC_TYPE": "0", "hub_crawl_status": 0}, {"RN": 340, "QY_ID": "002105291240505371", "QY_ORG_CODE": "91110115754685296N", "QY_NAME": "北京华居伟业建筑工程有限公司", "QY_FR_NAME": "尚桂英", "QY_REGION": "110000", "QY_REGION_NAME": "北京市", "OLD_CODE": "754685296", "COLLECT_TIME": 1622263224000, "QY_SRC_TYPE": "0", "hub_crawl_status": 0}, {"RN": 341, "QY_ID": "002105291240505387", "QY_ORG_CODE": "91110117553104651P", "QY_NAME": "佰特卓为节能科技（北京）有限公司", "QY_FR_NAME": "何跃", "QY_REGION": "110000", "QY_REGION_NAME": "北京市", "OLD_CODE": "553104651", "COLLECT_TIME": 1622263224000, "QY_SRC_TYPE": "0", "hub_crawl_status": 0}, {"RN": 342, "QY_ID": "002105291240505734", "QY_ORG_CODE": "91110115802883845U", "QY_NAME": "北京红河伟业市政工程有限公司", "QY_FR_NAME": "洪家珩", "QY_REGION": "110000", "QY_REGION_NAME": "北京市", "OLD_CODE": "802883845", "COLLECT_TIME": 1622263225000, "QY_SRC_TYPE": "0", "hub_crawl_status": 0}, {"RN": 343, "QY_ID": "002105291240505852", "QY_ORG_CODE": "91110109MA006F06XK", "QY_NAME": "中建鑫博（北京）建设工程有限公司", "QY_FR_NAME": "王雪", "QY_REGION": "110000", "QY_REGION_NAME": "北京市", "OLD_CODE": "MA006F06X", "COLLECT_TIME": 1622263225000, "QY_SRC_TYPE": "0", "hub_crawl_status": 0}, {"RN": 344, "QY_ID": "002105291240505877", "QY_ORG_CODE": "91110109306730671J", "QY_NAME": "北京中林永兴建筑工程有限公司", "QY_FR_NAME": "吴中林", "QY_REGION": "110000", "QY_REGION_NAME": "北京市", "OLD_CODE": "306730671", "COLLECT_TIME": 1622263225000, "QY_SRC_TYPE": "0", "hub_crawl_status": 0}, {"RN": 345, "QY_ID": "002105291240505983", "QY_ORG_CODE": "91110117551398844N", "QY_NAME": "北京宏华宇业建筑工程有限公司", "QY_FR_NAME": "刘志远", "QY_REGION": "110000", "QY_REGION_NAME": "北京市", "OLD_CODE": "551398844", "COLLECT_TIME": 1622263225000, "QY_SRC_TYPE": "0", "hub_crawl_status": 0}]