[{"RN": 46, "QY_ID": "002105291239455584", "QY_ORG_CODE": "911101131025470748", "QY_NAME": "北京天海顺工程公司", "QY_FR_NAME": "毕升", "QY_REGION": "110000", "QY_REGION_NAME": "北京市", "OLD_CODE": "102547074", "COLLECT_TIME": 1622263198000, "QY_SRC_TYPE": "0", "hub_crawl_status": 0}, {"RN": 47, "QY_ID": "002105291239455587", "QY_ORG_CODE": "91110111102990295A", "QY_NAME": "北京中加建筑工程有限公司", "QY_FR_NAME": "吴梦", "QY_REGION": "110000", "QY_REGION_NAME": "北京市", "OLD_CODE": "102990295", "COLLECT_TIME": 1622263198000, "QY_SRC_TYPE": "0", "hub_crawl_status": 0}, {"RN": 48, "QY_ID": "002105291239455756", "QY_ORG_CODE": "91110117064903516A", "QY_NAME": "北京国网华商电力工程有限公司", "QY_FR_NAME": "姜锋", "QY_REGION": "110000", "QY_REGION_NAME": "北京市", "OLD_CODE": "064903516", "COLLECT_TIME": 1622263198000, "QY_SRC_TYPE": "0", "hub_crawl_status": 0}, {"RN": 49, "QY_ID": "002105291239455863", "QY_ORG_CODE": "911101131025567717", "QY_NAME": "北京新粤顺装饰工程有限公司", "QY_FR_NAME": "李新", "QY_REGION": "110000", "QY_REGION_NAME": "北京市", "OLD_CODE": "102556771", "COLLECT_TIME": 1622263198000, "QY_SRC_TYPE": "0", "hub_crawl_status": 0}, {"RN": 50, "QY_ID": "002105291239455864", "QY_ORG_CODE": "91110116592348587C", "QY_NAME": "北京鸿远建设工程有限公司", "QY_FR_NAME": "朴桂英", "QY_REGION": "110000", "QY_REGION_NAME": "北京市", "OLD_CODE": "592348587", "COLLECT_TIME": 1622263198000, "QY_SRC_TYPE": "0", "hub_crawl_status": 0}, {"RN": 51, "QY_ID": "002105291239456133", "QY_ORG_CODE": "91110111569461063X", "QY_NAME": "北京丰茂华建筑有限公司", "QY_FR_NAME": "高群生", "QY_REGION": "110000", "QY_REGION_NAME": "北京市", "OLD_CODE": "569461063", "COLLECT_TIME": 1622263198000, "QY_SRC_TYPE": "0", "hub_crawl_status": 0}, {"RN": 52, "QY_ID": "002105291239456138", "QY_ORG_CODE": "91110111358337708H", "QY_NAME": "北京丰懋新建筑工程有限公司", "QY_FR_NAME": "陈忠林", "QY_REGION": "110000", "QY_REGION_NAME": "北京市", "OLD_CODE": "358337708", "COLLECT_TIME": 1622263198000, "QY_SRC_TYPE": "0", "hub_crawl_status": 0}, {"RN": 53, "QY_ID": "002105291239456313", "QY_ORG_CODE": "91110112802897999C", "QY_NAME": "北京拓宏图建筑工程有限公司", "QY_FR_NAME": "彭新生", "QY_REGION": "110000", "QY_REGION_NAME": "北京市", "OLD_CODE": "802897999", "COLLECT_TIME": 1622263198000, "QY_SRC_TYPE": "0", "hub_crawl_status": 0}, {"RN": 54, "QY_ID": "002105291239456431", "QY_ORG_CODE": "91110108780207466E", "QY_NAME": "嘉瑞恒泰建设有限公司", "QY_FR_NAME": "郭红伟", "QY_REGION": "110000", "QY_REGION_NAME": "北京市", "OLD_CODE": "780207466", "COLLECT_TIME": 1622263198000, "QY_SRC_TYPE": "0", "hub_crawl_status": 0}, {"RN": 55, "QY_ID": "002105291239456434", "QY_ORG_CODE": "91110102633746451Q", "QY_NAME": "北京市凯伯特建设工程股份有限公司", "QY_FR_NAME": "窦伟", "QY_REGION": "110000", "QY_REGION_NAME": "北京市", "OLD_CODE": "633746451", "COLLECT_TIME": 1622263198000, "QY_SRC_TYPE": "0", "hub_crawl_status": 0}, {"RN": 56, "QY_ID": "002105291239456545", "QY_ORG_CODE": "911101177404282214", "QY_NAME": "北京振业林建筑工程有限公司", "QY_FR_NAME": "钱建春", "QY_REGION": "110000", "QY_REGION_NAME": "北京市", "OLD_CODE": "740428221", "COLLECT_TIME": 1622263199000, "QY_SRC_TYPE": "0", "hub_crawl_status": 0}, {"RN": 57, "QY_ID": "002105291239456547", "QY_ORG_CODE": "911101177889554935", "QY_NAME": "北京兴旺通达建设工程有限公司", "QY_FR_NAME": "王雅利", "QY_REGION": "110000", "QY_REGION_NAME": "北京市", "OLD_CODE": "788955493", "COLLECT_TIME": 1622263199000, "QY_SRC_TYPE": "0", "hub_crawl_status": 0}, {"RN": 58, "QY_ID": "002105291239456548", "QY_ORG_CODE": "9111011775822493X5", "QY_NAME": "北京路通达峰市政工程有限公司", "QY_FR_NAME": "代志勤", "QY_REGION": "110000", "QY_REGION_NAME": "北京市", "OLD_CODE": "75822493X", "COLLECT_TIME": 1622263199000, "QY_SRC_TYPE": "0", "hub_crawl_status": 0}, {"RN": 59, "QY_ID": "002105291239456562", "QY_ORG_CODE": "9111011567058245XW", "QY_NAME": "北京坤盛腾达建筑工程有限公司", "QY_FR_NAME": "李伟华", "QY_REGION": "110000", "QY_REGION_NAME": "北京市", "OLD_CODE": "67058245X", "COLLECT_TIME": 1622263199000, "QY_SRC_TYPE": "0", "hub_crawl_status": 0}, {"RN": 60, "QY_ID": "002105291239456565", "QY_ORG_CODE": "91110108306634292W", "QY_NAME": "中建汇通（北京）建设工程有限公司", "QY_FR_NAME": "李泽丽", "QY_REGION": "110000", "QY_REGION_NAME": "北京市", "OLD_CODE": "306634292", "COLLECT_TIME": 1622263199000, "QY_SRC_TYPE": "0", "hub_crawl_status": 0}]