[{"RN": 256, "QY_ID": "002105291240498661", "QY_ORG_CODE": "91110302MA0037K0XD", "QY_NAME": "中原五环建设工程有限公司", "QY_FR_NAME": "马春雷", "QY_REGION": "110000", "QY_REGION_NAME": "北京市", "OLD_CODE": "MA0037K0X", "COLLECT_TIME": 1622263220000, "QY_SRC_TYPE": "0", "hub_crawl_status": 0}, {"RN": 257, "QY_ID": "002105291240498960", "QY_ORG_CODE": "91110111593860056A", "QY_NAME": "北京昊天达市政公用工程有限公司", "QY_FR_NAME": "涂家茂", "QY_REGION": "110000", "QY_REGION_NAME": "北京市", "OLD_CODE": "593860056", "COLLECT_TIME": 1622263221000, "QY_SRC_TYPE": "0", "hub_crawl_status": 0}, {"RN": 258, "QY_ID": "002105291240499179", "QY_ORG_CODE": "9111011573347262XG", "QY_NAME": "北京力天宏业建筑工程有限责任公司", "QY_FR_NAME": "张修江", "QY_REGION": "110000", "QY_REGION_NAME": "北京市", "OLD_CODE": "73347262X", "COLLECT_TIME": 1622263221000, "QY_SRC_TYPE": "0", "hub_crawl_status": 0}, {"RN": 259, "QY_ID": "002105291240499186", "QY_ORG_CODE": "91110228330381790H", "QY_NAME": "北京承瀚建设工程有限公司", "QY_FR_NAME": "李长柱", "QY_REGION": "110000", "QY_REGION_NAME": "北京市", "OLD_CODE": "330381790", "COLLECT_TIME": 1622263221000, "QY_SRC_TYPE": "0", "hub_crawl_status": 0}, {"RN": 260, "QY_ID": "002105291240499291", "QY_ORG_CODE": "91110111MA001N4M0P", "QY_NAME": "北京东实建设工程有限公司", "QY_FR_NAME": "杨颖", "QY_REGION": "110000", "QY_REGION_NAME": "北京市", "OLD_CODE": "MA001N4M0", "COLLECT_TIME": 1622263221000, "QY_SRC_TYPE": "0", "hub_crawl_status": 0}, {"RN": 261, "QY_ID": "002105291240499426", "QY_ORG_CODE": "91110112590692739M", "QY_NAME": "北京国润天能新能源科技股份有限公司", "QY_FR_NAME": "薛明明", "QY_REGION": "110000", "QY_REGION_NAME": "北京市", "OLD_CODE": "590692739", "COLLECT_TIME": 1622263221000, "QY_SRC_TYPE": "0", "hub_crawl_status": 0}, {"RN": 262, "QY_ID": "002105291240499432", "QY_ORG_CODE": "91110111MA003WBN97", "QY_NAME": "北京信城宏源建筑工程有限公司", "QY_FR_NAME": "郜磊", "QY_REGION": "110000", "QY_REGION_NAME": "北京市", "OLD_CODE": "MA003WBN9", "COLLECT_TIME": 1622263221000, "QY_SRC_TYPE": "0", "hub_crawl_status": 0}, {"RN": 263, "QY_ID": "002105291240499457", "QY_ORG_CODE": "91110117802942913H", "QY_NAME": "北京诚志成建筑物拆除有限公司", "QY_FR_NAME": "祝永良", "QY_REGION": "110000", "QY_REGION_NAME": "北京市", "OLD_CODE": "802942913", "COLLECT_TIME": 1622263221000, "QY_SRC_TYPE": "0", "hub_crawl_status": 0}, {"RN": 264, "QY_ID": "002105291240499899", "QY_ORG_CODE": "911101131025207285", "QY_NAME": "北京腾飞建筑工程有限公司", "QY_FR_NAME": "张晓东", "QY_REGION": "110000", "QY_REGION_NAME": "北京市", "OLD_CODE": "102520728", "COLLECT_TIME": 1622263221000, "QY_SRC_TYPE": "0", "hub_crawl_status": 0}, {"RN": 265, "QY_ID": "002105291240500124", "QY_ORG_CODE": "911101177177161026", "QY_NAME": "北京达飞奇建筑装饰工程有限公司", "QY_FR_NAME": "朱训学", "QY_REGION": "110000", "QY_REGION_NAME": "北京市", "OLD_CODE": "717716102", "COLLECT_TIME": 1622263221000, "QY_SRC_TYPE": "0", "hub_crawl_status": 0}, {"RN": 266, "QY_ID": "002105291240500125", "QY_ORG_CODE": "91110115327314845A", "QY_NAME": "北京万尚建设工程有限公司", "QY_FR_NAME": "李清香", "QY_REGION": "110000", "QY_REGION_NAME": "北京市", "OLD_CODE": "327314845", "COLLECT_TIME": 1622263221000, "QY_SRC_TYPE": "0", "hub_crawl_status": 0}, {"RN": 267, "QY_ID": "002105291240500129", "QY_ORG_CODE": "91110228071691021H", "QY_NAME": "北京弘润宇建筑工程有限公司", "QY_FR_NAME": "张小闯", "QY_REGION": "110000", "QY_REGION_NAME": "北京市", "OLD_CODE": "071691021", "COLLECT_TIME": 1622263221000, "QY_SRC_TYPE": "0", "hub_crawl_status": 0}, {"RN": 268, "QY_ID": "002105291240500577", "QY_ORG_CODE": "91110105699575958J", "QY_NAME": "北京富雅建设有限公司", "QY_FR_NAME": "杨国文", "QY_REGION": "110000", "QY_REGION_NAME": "北京市", "OLD_CODE": "699575958", "COLLECT_TIME": 1622263222000, "QY_SRC_TYPE": "0", "hub_crawl_status": 0}, {"RN": 269, "QY_ID": "002105291240500580", "QY_ORG_CODE": "91110105101746864R", "QY_NAME": "北京市朝阳昊阳建筑工程公司", "QY_FR_NAME": "刘骞", "QY_REGION": "110000", "QY_REGION_NAME": "北京市", "OLD_CODE": "101746864", "COLLECT_TIME": 1622263222000, "QY_SRC_TYPE": "0", "hub_crawl_status": 0}, {"RN": 270, "QY_ID": "002105291240500718", "QY_ORG_CODE": "91110111569489285T", "QY_NAME": "盛铭吉（北京）建设有限公司", "QY_FR_NAME": "杨建国", "QY_REGION": "110000", "QY_REGION_NAME": "北京市", "OLD_CODE": "569489285", "COLLECT_TIME": 1622263222000, "QY_SRC_TYPE": "0", "hub_crawl_status": 0}]