[{"RN": 376, "QY_ID": "002105291240507750", "QY_ORG_CODE": "91110116634311302T", "QY_NAME": "北京市宋怀建筑工程公司", "QY_FR_NAME": "高建", "QY_REGION": "110000", "QY_REGION_NAME": "北京市", "OLD_CODE": "634311302", "COLLECT_TIME": 1622263226000, "QY_SRC_TYPE": "0", "hub_crawl_status": 0}, {"RN": 377, "QY_ID": "002105291240507754", "QY_ORG_CODE": "911100006691217448", "QY_NAME": "中昌国际建设集团有限公司", "QY_FR_NAME": "陈亨利", "QY_REGION": "110000", "QY_REGION_NAME": "北京市", "OLD_CODE": "669121744", "COLLECT_TIME": 1622263226000, "QY_SRC_TYPE": "0", "hub_crawl_status": 0}, {"RN": 378, "QY_ID": "002105291240507783", "QY_ORG_CODE": "911101051014385119", "QY_NAME": "北京戎信建筑装饰工程有限公司", "QY_FR_NAME": "战威", "QY_REGION": "110000", "QY_REGION_NAME": "北京市", "OLD_CODE": "101438511", "COLLECT_TIME": 1622263226000, "QY_SRC_TYPE": "0", "hub_crawl_status": 0}, {"RN": 379, "QY_ID": "002105291240507862", "QY_ORG_CODE": "9111011255856557XH", "QY_NAME": "北京海通纳商贸有限公司", "QY_FR_NAME": "马海超", "QY_REGION": "110000", "QY_REGION_NAME": "北京市", "OLD_CODE": "55856557X", "COLLECT_TIME": 1622263226000, "QY_SRC_TYPE": "0", "hub_crawl_status": 0}, {"RN": 380, "QY_ID": "002105291240507863", "QY_ORG_CODE": "9111011168514724XJ", "QY_NAME": "北京宏泰翔建筑工程有限公司", "QY_FR_NAME": "邓文方", "QY_REGION": "110000", "QY_REGION_NAME": "北京市", "OLD_CODE": "68514724X", "COLLECT_TIME": 1622263226000, "QY_SRC_TYPE": "0", "hub_crawl_status": 0}, {"RN": 381, "QY_ID": "002105291240507864", "QY_ORG_CODE": "91110111MA007XNT90", "QY_NAME": "北京天泰丰源建筑工程有限公司", "QY_FR_NAME": "王敬涛", "QY_REGION": "110000", "QY_REGION_NAME": "北京市", "OLD_CODE": "MA007XNT9", "COLLECT_TIME": 1622263226000, "QY_SRC_TYPE": "0", "hub_crawl_status": 0}, {"RN": 382, "QY_ID": "002105291240507980", "QY_ORG_CODE": "91110115344338136J", "QY_NAME": "北京吉星枭雄建筑装饰工程有限公司", "QY_FR_NAME": "邢轶非", "QY_REGION": "110000", "QY_REGION_NAME": "北京市", "OLD_CODE": "344338136", "COLLECT_TIME": 1622263226000, "QY_SRC_TYPE": "0", "hub_crawl_status": 0}, {"RN": 383, "QY_ID": "002105291240508103", "QY_ORG_CODE": "91110111MA006UBL3J", "QY_NAME": "北京中州金泰建设工程有限公司", "QY_FR_NAME": "李顺庆", "QY_REGION": "110000", "QY_REGION_NAME": "北京市", "OLD_CODE": "MA006UBL3", "COLLECT_TIME": 1622263226000, "QY_SRC_TYPE": "0", "hub_crawl_status": 0}, {"RN": 384, "QY_ID": "002105291240508248", "QY_ORG_CODE": "91110107580892040Y", "QY_NAME": "北京德方建设工程有限公司", "QY_FR_NAME": "颜海波", "QY_REGION": "110000", "QY_REGION_NAME": "北京市", "OLD_CODE": "580892040", "COLLECT_TIME": 1622263226000, "QY_SRC_TYPE": "0", "hub_crawl_status": 0}, {"RN": 385, "QY_ID": "002105291240508346", "QY_ORG_CODE": "911101146717110069", "QY_NAME": "北京瑞爵建筑工程有限公司", "QY_FR_NAME": "李庆喜", "QY_REGION": "110000", "QY_REGION_NAME": "北京市", "OLD_CODE": "671711006", "COLLECT_TIME": 1622263226000, "QY_SRC_TYPE": "0", "hub_crawl_status": 0}, {"RN": 386, "QY_ID": "002105291240508901", "QY_ORG_CODE": "91110116584488504N", "QY_NAME": "北京青山建筑工程有限公司", "QY_FR_NAME": "谢青山", "QY_REGION": "110000", "QY_REGION_NAME": "北京市", "OLD_CODE": "584488504", "COLLECT_TIME": 1622263226000, "QY_SRC_TYPE": "0", "hub_crawl_status": 0}, {"RN": 387, "QY_ID": "002105291240509010", "QY_ORG_CODE": "91110116742329454E", "QY_NAME": "北京华海天成建筑工程有限公司", "QY_FR_NAME": "于浩龙", "QY_REGION": "110000", "QY_REGION_NAME": "北京市", "OLD_CODE": "742329454", "COLLECT_TIME": 1622263226000, "QY_SRC_TYPE": "0", "hub_crawl_status": 0}, {"RN": 388, "QY_ID": "002105291240509013", "QY_ORG_CODE": "911101051014194686", "QY_NAME": "北京花旗建设有限公司", "QY_FR_NAME": "祁羽", "QY_REGION": "110100", "QY_REGION_NAME": "北京市-市辖区", "OLD_CODE": "101419468", "COLLECT_TIME": 1622263226000, "QY_SRC_TYPE": "0", "hub_crawl_status": 0}, {"RN": 389, "QY_ID": "002105291240509151", "QY_ORG_CODE": "91110111799986981A", "QY_NAME": "北京亚日通科技发展有限公司", "QY_FR_NAME": "李斌文", "QY_REGION": "110000", "QY_REGION_NAME": "北京市", "OLD_CODE": "799986981", "COLLECT_TIME": 1622263226000, "QY_SRC_TYPE": "0", "hub_crawl_status": 0}, {"RN": 390, "QY_ID": "002105291240509152", "QY_ORG_CODE": "91110117082802399E", "QY_NAME": "北京泓基恒业建筑工程有限公司", "QY_FR_NAME": "刘飞", "QY_REGION": "110000", "QY_REGION_NAME": "北京市", "OLD_CODE": "082802399", "COLLECT_TIME": 1622263226000, "QY_SRC_TYPE": "0", "hub_crawl_status": 0}]