[{"RN": 211, "QY_ID": "002105291240482817", "QY_ORG_CODE": "91110108101186000L", "QY_NAME": "北京城建五维建设有限公司", "QY_FR_NAME": "靳水明", "QY_REGION": "110000", "QY_REGION_NAME": "北京市", "OLD_CODE": "101186000", "COLLECT_TIME": 1622263212000, "QY_SRC_TYPE": "0", "hub_crawl_status": 0}, {"RN": 212, "QY_ID": "002105291240482974", "QY_ORG_CODE": "91110109699591843Q", "QY_NAME": "北京鑫润浩达建筑工程有限公司", "QY_FR_NAME": "李春泉", "QY_REGION": "110000", "QY_REGION_NAME": "北京市", "OLD_CODE": "699591843", "COLLECT_TIME": 1622263212000, "QY_SRC_TYPE": "0", "hub_crawl_status": 0}, {"RN": 213, "QY_ID": "002105291240484049", "QY_ORG_CODE": "91110102101399794X", "QY_NAME": "北京中铁建筑公司", "QY_FR_NAME": "潘桂国", "QY_REGION": "110000", "QY_REGION_NAME": "北京市", "OLD_CODE": "101399794", "COLLECT_TIME": 1622263212000, "QY_SRC_TYPE": "0", "hub_crawl_status": 0}, {"RN": 214, "QY_ID": "002105291240484569", "QY_ORG_CODE": "911102287587355454", "QY_NAME": "北京修一装饰工程有限公司", "QY_FR_NAME": "刘雅娟", "QY_REGION": "110000", "QY_REGION_NAME": "北京市", "OLD_CODE": "758735545", "COLLECT_TIME": 1622263213000, "QY_SRC_TYPE": "0", "hub_crawl_status": 0}, {"RN": 215, "QY_ID": "002105291240484573", "QY_ORG_CODE": "9111011410232425X3", "QY_NAME": "北京三环德迅环境工程技术有限公司", "QY_FR_NAME": "赵宏盛", "QY_REGION": "110000", "QY_REGION_NAME": "北京市", "OLD_CODE": "10232425X", "COLLECT_TIME": 1622263213000, "QY_SRC_TYPE": "0", "hub_crawl_status": 0}, {"RN": 216, "QY_ID": "002105291240484683", "QY_ORG_CODE": "91110115700062560A", "QY_NAME": "北京北恒建筑装饰工程有限公司", "QY_FR_NAME": "齐洪庆", "QY_REGION": "110000", "QY_REGION_NAME": "北京市", "OLD_CODE": "700062560", "COLLECT_TIME": 1622263213000, "QY_SRC_TYPE": "0", "hub_crawl_status": 0}, {"RN": 217, "QY_ID": "002105291240484853", "QY_ORG_CODE": "911101136675147040", "QY_NAME": "北京富源泉建设发展有限公司", "QY_FR_NAME": "陈良富", "QY_REGION": "110000", "QY_REGION_NAME": "北京市", "OLD_CODE": "667514704", "COLLECT_TIME": 1622263213000, "QY_SRC_TYPE": "0", "hub_crawl_status": 0}, {"RN": 218, "QY_ID": "002105291240485408", "QY_ORG_CODE": "91110109747528903B", "QY_NAME": "北京宏越建设工程有限公司", "QY_FR_NAME": "齐红", "QY_REGION": "110000", "QY_REGION_NAME": "北京市", "OLD_CODE": "747528903", "COLLECT_TIME": 1622263213000, "QY_SRC_TYPE": "0", "hub_crawl_status": 0}, {"RN": 219, "QY_ID": "002105291240485410", "QY_ORG_CODE": "91110113102486283N", "QY_NAME": "北京四通建设工程总公司", "QY_FR_NAME": "王晓雷", "QY_REGION": "110000", "QY_REGION_NAME": "北京市", "OLD_CODE": "102486283", "COLLECT_TIME": 1622263213000, "QY_SRC_TYPE": "0", "hub_crawl_status": 0}, {"RN": 220, "QY_ID": "002105291240485730", "QY_ORG_CODE": "91110112102386776A", "QY_NAME": "北京鑫宏宇建筑安装有限公司", "QY_FR_NAME": "蒋福强", "QY_REGION": "110000", "QY_REGION_NAME": "北京市", "OLD_CODE": "102386776", "COLLECT_TIME": 1622263213000, "QY_SRC_TYPE": "0", "hub_crawl_status": 0}, {"RN": 221, "QY_ID": "002105291240485742", "QY_ORG_CODE": "9111011780293661X6", "QY_NAME": "北京凯基建筑工程有限公司", "QY_FR_NAME": "雷振成", "QY_REGION": "110000", "QY_REGION_NAME": "北京市", "OLD_CODE": "80293661X", "COLLECT_TIME": 1622263213000, "QY_SRC_TYPE": "0", "hub_crawl_status": 0}, {"RN": 222, "QY_ID": "002105291240486235", "QY_ORG_CODE": "9111011278171198XC", "QY_NAME": "北京普天博润建筑装饰工程有限公司", "QY_FR_NAME": "胡秀艳", "QY_REGION": "110000", "QY_REGION_NAME": "北京市", "OLD_CODE": "78171198X", "COLLECT_TIME": 1622263213000, "QY_SRC_TYPE": "0", "hub_crawl_status": 0}, {"RN": 223, "QY_ID": "002105291240486238", "QY_ORG_CODE": "91110101053619034N", "QY_NAME": "中开宏业（北京）建设工程有限公司", "QY_FR_NAME": "谢传祯", "QY_REGION": "110000", "QY_REGION_NAME": "北京市", "OLD_CODE": "053619034", "COLLECT_TIME": 1622263213000, "QY_SRC_TYPE": "0", "hub_crawl_status": 0}, {"RN": 224, "QY_ID": "002105291240486802", "QY_ORG_CODE": "91110109569538155T", "QY_NAME": "北京众望锦天建筑工程有限公司", "QY_FR_NAME": "王晓东", "QY_REGION": "110000", "QY_REGION_NAME": "北京市", "OLD_CODE": "569538155", "COLLECT_TIME": 1622263214000, "QY_SRC_TYPE": "0", "hub_crawl_status": 0}, {"RN": 225, "QY_ID": "002105291240488131", "QY_ORG_CODE": "9111011670004029XN", "QY_NAME": "北京飞达顺鑫建筑工程有限责任公司", "QY_FR_NAME": "崔迎军", "QY_REGION": "110000", "QY_REGION_NAME": "北京市", "OLD_CODE": "70004029X", "COLLECT_TIME": 1622263214000, "QY_SRC_TYPE": "0", "hub_crawl_status": 0}]