[{"RN": 106, "QY_ID": "002105291240463892", "QY_ORG_CODE": "91110115102914751Y", "QY_NAME": "北京德茂建筑工程有限公司", "QY_FR_NAME": "张俊山", "QY_REGION": "110000", "QY_REGION_NAME": "北京市", "OLD_CODE": "102914751", "COLLECT_TIME": 1622263202000, "QY_SRC_TYPE": "0", "hub_crawl_status": 0}, {"RN": 107, "QY_ID": "002105291240464120", "QY_ORG_CODE": "91110108102060602M", "QY_NAME": "北京中建工程顾问有限公司", "QY_FR_NAME": "徐良平", "QY_REGION": "110000", "QY_REGION_NAME": "北京市", "OLD_CODE": "102060602", "COLLECT_TIME": 1622263202000, "QY_SRC_TYPE": "0", "hub_crawl_status": 0}, {"RN": 108, "QY_ID": "002105291240464221", "QY_ORG_CODE": "91110102723583940E", "QY_NAME": "北京嘉朋建筑装饰工程有限公司", "QY_FR_NAME": "杨世敏", "QY_REGION": "110000", "QY_REGION_NAME": "北京市", "OLD_CODE": "723583940", "COLLECT_TIME": 1622263202000, "QY_SRC_TYPE": "0", "hub_crawl_status": 0}, {"RN": 109, "QY_ID": "002105291240464227", "QY_ORG_CODE": "911101056621653302", "QY_NAME": "建研（北京）结构工程有限公司", "QY_FR_NAME": "冯大斌", "QY_REGION": "110000", "QY_REGION_NAME": "北京市", "OLD_CODE": "662165330", "COLLECT_TIME": 1622263202000, "QY_SRC_TYPE": "0", "hub_crawl_status": 0}, {"RN": 110, "QY_ID": "002105291240464451", "QY_ORG_CODE": "91110108690805702L", "QY_NAME": "中磐信业建设工程有限公司", "QY_FR_NAME": "梁建平", "QY_REGION": "110000", "QY_REGION_NAME": "北京市", "OLD_CODE": "690805702", "COLLECT_TIME": 1622263203000, "QY_SRC_TYPE": "0", "hub_crawl_status": 0}, {"RN": 111, "QY_ID": "002105291240464454", "QY_ORG_CODE": "91110115796746755B", "QY_NAME": "北京康丹建筑装饰有限公司", "QY_FR_NAME": "李康", "QY_REGION": "110000", "QY_REGION_NAME": "北京市", "OLD_CODE": "796746755", "COLLECT_TIME": 1622263203000, "QY_SRC_TYPE": "0", "hub_crawl_status": 0}, {"RN": 112, "QY_ID": "002105291240464657", "QY_ORG_CODE": "9111022910305380XB", "QY_NAME": "北京昊达建筑工程有限公司", "QY_FR_NAME": "吕松岩", "QY_REGION": "110000", "QY_REGION_NAME": "北京市", "OLD_CODE": "10305380X", "COLLECT_TIME": 1622263203000, "QY_SRC_TYPE": "0", "hub_crawl_status": 0}, {"RN": 113, "QY_ID": "002105291240464825", "QY_ORG_CODE": "91110106796726519P", "QY_NAME": "北京中星建设工程有限公司", "QY_FR_NAME": "祝兆源", "QY_REGION": "110000", "QY_REGION_NAME": "北京市", "OLD_CODE": "796726519", "COLLECT_TIME": 1622263203000, "QY_SRC_TYPE": "0", "hub_crawl_status": 0}, {"RN": 114, "QY_ID": "002105291240465230", "QY_ORG_CODE": "9111011780295413XW", "QY_NAME": "岳通建设投资集团有限公司", "QY_FR_NAME": "刘洪安", "QY_REGION": "110000", "QY_REGION_NAME": "北京市", "OLD_CODE": "80295413X", "COLLECT_TIME": 1622263203000, "QY_SRC_TYPE": "0", "hub_crawl_status": 0}, {"RN": 115, "QY_ID": "002105291240465414", "QY_ORG_CODE": "91110112669105496H", "QY_NAME": "北京中电泽通电力工程有限公司", "QY_FR_NAME": "丁庆连", "QY_REGION": "110000", "QY_REGION_NAME": "北京市", "OLD_CODE": "669105496", "COLLECT_TIME": 1622263203000, "QY_SRC_TYPE": "0", "hub_crawl_status": 0}, {"RN": 116, "QY_ID": "002105291240465626", "QY_ORG_CODE": "91110000699609652T", "QY_NAME": "北京汉江建筑工程有限公司", "QY_FR_NAME": "何志民", "QY_REGION": "110000", "QY_REGION_NAME": "北京市", "OLD_CODE": "699609652", "COLLECT_TIME": 1622263203000, "QY_SRC_TYPE": "0", "hub_crawl_status": 0}, {"RN": 117, "QY_ID": "002105291240465637", "QY_ORG_CODE": "911101080805225025", "QY_NAME": "北京鑫山世源工程建设有限公司", "QY_FR_NAME": "刘雪亮", "QY_REGION": "110000", "QY_REGION_NAME": "北京市", "OLD_CODE": "080522502", "COLLECT_TIME": 1622263203000, "QY_SRC_TYPE": "0", "hub_crawl_status": 0}, {"RN": 118, "QY_ID": "002105291240465638", "QY_ORG_CODE": "911101178029504118", "QY_NAME": "北京市跃远华建筑工程有限公司", "QY_FR_NAME": "路东旭", "QY_REGION": "110000", "QY_REGION_NAME": "北京市", "OLD_CODE": "802950411", "COLLECT_TIME": 1622263203000, "QY_SRC_TYPE": "0", "hub_crawl_status": 0}, {"RN": 119, "QY_ID": "002105291240465639", "QY_ORG_CODE": "91110108399889330B", "QY_NAME": "北京杏林建设工程有限公司", "QY_FR_NAME": "范玉海", "QY_REGION": "110000", "QY_REGION_NAME": "北京市", "OLD_CODE": "399889330", "COLLECT_TIME": 1622263203000, "QY_SRC_TYPE": "0", "hub_crawl_status": 0}, {"RN": 120, "QY_ID": "002105291240465809", "QY_ORG_CODE": "911101086330535326", "QY_NAME": "北京中材国建建筑工程有限责任公司", "QY_FR_NAME": "张辉", "QY_REGION": "110000", "QY_REGION_NAME": "北京市", "OLD_CODE": "633053532", "COLLECT_TIME": 1622263203000, "QY_SRC_TYPE": "0", "hub_crawl_status": 0}]