[{"RN": 286, "QY_ID": "002105291240502214", "QY_ORG_CODE": "91110117MA004B615C", "QY_NAME": "北京扶平建设发展有限公司", "QY_FR_NAME": "扶瑶", "QY_REGION": "110000", "QY_REGION_NAME": "北京市", "OLD_CODE": "MA004B615", "COLLECT_TIME": 1622263223000, "QY_SRC_TYPE": "0", "hub_crawl_status": 0}, {"RN": 287, "QY_ID": "002105291240502349", "QY_ORG_CODE": "91110112348410158H", "QY_NAME": "北京弘朝建设工程有限责任公司", "QY_FR_NAME": "宋柏", "QY_REGION": "110000", "QY_REGION_NAME": "北京市", "OLD_CODE": "348410158", "COLLECT_TIME": 1622263223000, "QY_SRC_TYPE": "0", "hub_crawl_status": 0}, {"RN": 288, "QY_ID": "002105291240502350", "QY_ORG_CODE": "91110112681215065H", "QY_NAME": "北京永乐恒基建筑工程有限公司", "QY_FR_NAME": "吕志旺", "QY_REGION": "110000", "QY_REGION_NAME": "北京市", "OLD_CODE": "681215065", "COLLECT_TIME": 1622263223000, "QY_SRC_TYPE": "0", "hub_crawl_status": 0}, {"RN": 289, "QY_ID": "002105291240502352", "QY_ORG_CODE": "91110105101630116D", "QY_NAME": "北京市长建燕城建筑工程有限公司", "QY_FR_NAME": "李瑞丰", "QY_REGION": "110000", "QY_REGION_NAME": "北京市", "OLD_CODE": "101630116", "COLLECT_TIME": 1622263223000, "QY_SRC_TYPE": "0", "hub_crawl_status": 0}, {"RN": 290, "QY_ID": "002105291240502476", "QY_ORG_CODE": "91110116097105588U", "QY_NAME": "北京市力通建筑工程有限公司", "QY_FR_NAME": "李燕征", "QY_REGION": "110000", "QY_REGION_NAME": "北京市", "OLD_CODE": "097105588", "COLLECT_TIME": 1622263223000, "QY_SRC_TYPE": "0", "hub_crawl_status": 0}, {"RN": 291, "QY_ID": "002105291240502483", "QY_ORG_CODE": "91110105102852319B", "QY_NAME": "北京迪迈建筑装饰工程有限公司", "QY_FR_NAME": "周玉波", "QY_REGION": "110000", "QY_REGION_NAME": "北京市", "OLD_CODE": "102852319", "COLLECT_TIME": 1622263223000, "QY_SRC_TYPE": "0", "hub_crawl_status": 0}, {"RN": 292, "QY_ID": "002105291240502502", "QY_ORG_CODE": "91110111MA004NDUX2", "QY_NAME": "北京弘扬兴业建筑工程有限公司", "QY_FR_NAME": "张洋", "QY_REGION": "110000", "QY_REGION_NAME": "北京市", "OLD_CODE": "MA004NDUX", "COLLECT_TIME": 1622263223000, "QY_SRC_TYPE": "0", "hub_crawl_status": 0}, {"RN": 293, "QY_ID": "002105291240502582", "QY_ORG_CODE": "91110111MA006MQ72G", "QY_NAME": "北京广信建筑工程有限公司", "QY_FR_NAME": "郭广钦", "QY_REGION": "110000", "QY_REGION_NAME": "北京市", "OLD_CODE": "MA006MQ72", "COLLECT_TIME": 1622263223000, "QY_SRC_TYPE": "0", "hub_crawl_status": 0}, {"RN": 294, "QY_ID": "002105291240502596", "QY_ORG_CODE": "91110228MA001M1T61", "QY_NAME": "玉宽建筑工程（北京）有限公司", "QY_FR_NAME": "胡玉宽", "QY_REGION": "110000", "QY_REGION_NAME": "北京市", "OLD_CODE": "MA001M1T6", "COLLECT_TIME": 1622263223000, "QY_SRC_TYPE": "0", "hub_crawl_status": 0}, {"RN": 295, "QY_ID": "002105291240502647", "QY_ORG_CODE": "91110113749366039E", "QY_NAME": "北京住总钢结构工程有限责任公司", "QY_FR_NAME": "徐显辉", "QY_REGION": "110000", "QY_REGION_NAME": "北京市", "OLD_CODE": "749366039", "COLLECT_TIME": 1622263223000, "QY_SRC_TYPE": "0", "hub_crawl_status": 0}, {"RN": 296, "QY_ID": "002105291240502696", "QY_ORG_CODE": "91110106102130666N", "QY_NAME": "北京市丰台航南金属结构制造厂", "QY_FR_NAME": "张卓如", "QY_REGION": "110000", "QY_REGION_NAME": "北京市", "OLD_CODE": "102130666", "COLLECT_TIME": 1622263223000, "QY_SRC_TYPE": "0", "hub_crawl_status": 0}, {"RN": 297, "QY_ID": "002105291240502868", "QY_ORG_CODE": "91110114802659624U", "QY_NAME": "北京广都建设投资有限公司", "QY_FR_NAME": "张爱东", "QY_REGION": "110000", "QY_REGION_NAME": "北京市", "OLD_CODE": "802659624", "COLLECT_TIME": 1622263223000, "QY_SRC_TYPE": "0", "hub_crawl_status": 0}, {"RN": 298, "QY_ID": "002105291240502992", "QY_ORG_CODE": "91110111327208014F", "QY_NAME": "北京斌利建设工程有限公司", "QY_FR_NAME": "周学斌", "QY_REGION": "110000", "QY_REGION_NAME": "北京市", "OLD_CODE": "327208014", "COLLECT_TIME": 1622263223000, "QY_SRC_TYPE": "0", "hub_crawl_status": 0}, {"RN": 299, "QY_ID": "002105291240503091", "QY_ORG_CODE": "91110108059221975Y", "QY_NAME": "京皖佳业（北京）建筑工程有限公司", "QY_FR_NAME": "李军生", "QY_REGION": "110000", "QY_REGION_NAME": "北京市", "OLD_CODE": "059221975", "COLLECT_TIME": 1622263223000, "QY_SRC_TYPE": "0", "hub_crawl_status": 0}, {"RN": 300, "QY_ID": "002105291240503095", "QY_ORG_CODE": "91110000690845843P", "QY_NAME": "京桥基业建设集团有限公司", "QY_FR_NAME": "韩双桥", "QY_REGION": "110000", "QY_REGION_NAME": "北京市", "OLD_CODE": "690845843", "COLLECT_TIME": 1622263223000, "QY_SRC_TYPE": "0", "hub_crawl_status": 0}]