[{"RN": 406, "QY_ID": "002105291240510241", "QY_ORG_CODE": "91110111596013266K", "QY_NAME": "北京宏达易腾建筑工程有限公司", "QY_FR_NAME": "张洋", "QY_REGION": "110000", "QY_REGION_NAME": "北京市", "OLD_CODE": "596013266", "COLLECT_TIME": 1622263227000, "QY_SRC_TYPE": "0", "hub_crawl_status": 0}, {"RN": 407, "QY_ID": "002105291240510371", "QY_ORG_CODE": "91110114721445448P", "QY_NAME": "北京全业兴市政建筑工程有限公司", "QY_FR_NAME": "刘全厚", "QY_REGION": "110000", "QY_REGION_NAME": "北京市", "OLD_CODE": "721445448", "COLLECT_TIME": 1622263227000, "QY_SRC_TYPE": "0", "hub_crawl_status": 0}, {"RN": 408, "QY_ID": "002105291240510372", "QY_ORG_CODE": "91110112102461553J", "QY_NAME": "北京市燕永建筑公司", "QY_FR_NAME": "张玺", "QY_REGION": "110000", "QY_REGION_NAME": "北京市", "OLD_CODE": "102461553", "COLLECT_TIME": 1622263227000, "QY_SRC_TYPE": "0", "hub_crawl_status": 0}, {"RN": 409, "QY_ID": "002105291240510624", "QY_ORG_CODE": "911101143273155061", "QY_NAME": "北京城乡隧盾国际建设工程有限公司", "QY_FR_NAME": "张林", "QY_REGION": "110000", "QY_REGION_NAME": "北京市", "OLD_CODE": "327315506", "COLLECT_TIME": 1622263227000, "QY_SRC_TYPE": "0", "hub_crawl_status": 0}, {"RN": 410, "QY_ID": "002105291240510733", "QY_ORG_CODE": "91110109MA0083QE9Y", "QY_NAME": "中建神州（北京）建设工程有限公司", "QY_FR_NAME": "吴志超", "QY_REGION": "110000", "QY_REGION_NAME": "北京市", "OLD_CODE": "MA0083QE9", "COLLECT_TIME": 1622263227000, "QY_SRC_TYPE": "0", "hub_crawl_status": 0}, {"RN": 411, "QY_ID": "002105291240510739", "QY_ORG_CODE": "91110112661562465W", "QY_NAME": "北京天信亿元建筑有限公司", "QY_FR_NAME": "汪永利", "QY_REGION": "110000", "QY_REGION_NAME": "北京市", "OLD_CODE": "661562465", "COLLECT_TIME": 1622263227000, "QY_SRC_TYPE": "0", "hub_crawl_status": 0}, {"RN": 412, "QY_ID": "002105291240511045", "QY_ORG_CODE": "91110115069550924L", "QY_NAME": "北京京泰华建筑装饰工程有限公司", "QY_FR_NAME": "王亮臣", "QY_REGION": "110000", "QY_REGION_NAME": "北京市", "OLD_CODE": "069550924", "COLLECT_TIME": 1622263227000, "QY_SRC_TYPE": "0", "hub_crawl_status": 0}, {"RN": 413, "QY_ID": "002105291240511183", "QY_ORG_CODE": "91110108100026486Y", "QY_NAME": "中外建工程建设有限责任公司", "QY_FR_NAME": "周云", "QY_REGION": "110000", "QY_REGION_NAME": "北京市", "OLD_CODE": "100026486", "COLLECT_TIME": 1622263227000, "QY_SRC_TYPE": "0", "hub_crawl_status": 0}, {"RN": 414, "QY_ID": "002105291240511221", "QY_ORG_CODE": "91110117MA0087DTXA", "QY_NAME": "北京泰施德建筑工程有限公司", "QY_FR_NAME": "张建华", "QY_REGION": "110000", "QY_REGION_NAME": "北京市", "OLD_CODE": "MA0087DTX", "COLLECT_TIME": 1622263227000, "QY_SRC_TYPE": "0", "hub_crawl_status": 0}, {"RN": 415, "QY_ID": "002105291240511354", "QY_ORG_CODE": "911101158028755037", "QY_NAME": "北京华林建业市政建筑工程有限公司", "QY_FR_NAME": "谢继平", "QY_REGION": "110000", "QY_REGION_NAME": "北京市", "OLD_CODE": "802875503", "COLLECT_TIME": 1622263227000, "QY_SRC_TYPE": "0", "hub_crawl_status": 0}, {"RN": 416, "QY_ID": "002105291240511357", "QY_ORG_CODE": "9111011159527152XN", "QY_NAME": "北京凤凰电力工程有限公司", "QY_FR_NAME": "吕金富", "QY_REGION": "110000", "QY_REGION_NAME": "北京市", "OLD_CODE": "59527152X", "COLLECT_TIME": 1622263227000, "QY_SRC_TYPE": "0", "hub_crawl_status": 0}, {"RN": 417, "QY_ID": "002105291240511533", "QY_ORG_CODE": "911101126977332463", "QY_NAME": "北京隆昌达电力工程有限公司", "QY_FR_NAME": "何俊山", "QY_REGION": "110000", "QY_REGION_NAME": "北京市", "OLD_CODE": "697733246", "COLLECT_TIME": 1622263228000, "QY_SRC_TYPE": "0", "hub_crawl_status": 0}, {"RN": 418, "QY_ID": "002105291240511652", "QY_ORG_CODE": "91110114071729456J", "QY_NAME": "北京桥牧建筑工程有限责任公司", "QY_FR_NAME": "刘书桥", "QY_REGION": "110000", "QY_REGION_NAME": "北京市", "OLD_CODE": "071729456", "COLLECT_TIME": 1622263228000, "QY_SRC_TYPE": "0", "hub_crawl_status": 0}, {"RN": 419, "QY_ID": "002105291240511653", "QY_ORG_CODE": "91110000634358477D", "QY_NAME": "北京万邦达环保技术股份有限公司", "QY_FR_NAME": "王长荣", "QY_REGION": "110000", "QY_REGION_NAME": "北京市", "OLD_CODE": "634358477", "COLLECT_TIME": 1622263228000, "QY_SRC_TYPE": "0", "hub_crawl_status": 0}, {"RN": 420, "QY_ID": "002105291240511874", "QY_ORG_CODE": "911102280765518108", "QY_NAME": "北京利协嘉园建筑装饰有限公司", "QY_FR_NAME": "王庆", "QY_REGION": "110000", "QY_REGION_NAME": "北京市", "OLD_CODE": "076551810", "COLLECT_TIME": 1622263228000, "QY_SRC_TYPE": "0", "hub_crawl_status": 0}]