[{"RN": 301, "QY_ID": "002105291240503100", "QY_ORG_CODE": "911101157916223580", "QY_NAME": "北京峰宇魁元建设工程有限公司", "QY_FR_NAME": "仇维军", "QY_REGION": "110000", "QY_REGION_NAME": "北京市", "OLD_CODE": "791622358", "COLLECT_TIME": 1622263223000, "QY_SRC_TYPE": "0", "hub_crawl_status": 0}, {"RN": 302, "QY_ID": "002105291240503180", "QY_ORG_CODE": "91110228102967482G", "QY_NAME": "北京京密建筑工程有限公司", "QY_FR_NAME": "许岩", "QY_REGION": "110000", "QY_REGION_NAME": "北京市", "OLD_CODE": "102967482", "COLLECT_TIME": 1622263223000, "QY_SRC_TYPE": "0", "hub_crawl_status": 0}, {"RN": 303, "QY_ID": "002105291240503194", "QY_ORG_CODE": "91110228335473280C", "QY_NAME": "北京高科建设工程有限公司", "QY_FR_NAME": "薄凌芝", "QY_REGION": "110000", "QY_REGION_NAME": "北京市", "OLD_CODE": "335473280", "COLLECT_TIME": 1622263223000, "QY_SRC_TYPE": "0", "hub_crawl_status": 0}, {"RN": 304, "QY_ID": "002105291240503257", "QY_ORG_CODE": "91110304783962731C", "QY_NAME": "北京燕房力源建筑工程有限公司", "QY_FR_NAME": "陈子明", "QY_REGION": "110000", "QY_REGION_NAME": "北京市", "OLD_CODE": "783962731", "COLLECT_TIME": 1622263223000, "QY_SRC_TYPE": "0", "hub_crawl_status": 0}, {"RN": 305, "QY_ID": "002105291240503309", "QY_ORG_CODE": "911101093996591139", "QY_NAME": "北京艺金星装饰有限公司", "QY_FR_NAME": "章华", "QY_REGION": "110000", "QY_REGION_NAME": "北京市", "OLD_CODE": "399659113", "COLLECT_TIME": 1622263223000, "QY_SRC_TYPE": "0", "hub_crawl_status": 0}, {"RN": 306, "QY_ID": "002105291240503310", "QY_ORG_CODE": "91110228318031341P", "QY_NAME": "北京博越建筑装饰工程有限责任公司", "QY_FR_NAME": "唐宏", "QY_REGION": "110000", "QY_REGION_NAME": "北京市", "OLD_CODE": "318031341", "COLLECT_TIME": 1622263223000, "QY_SRC_TYPE": "0", "hub_crawl_status": 0}, {"RN": 307, "QY_ID": "002105291240503383", "QY_ORG_CODE": "911102294010218064", "QY_NAME": "北京庆隆市政工程有限公司", "QY_FR_NAME": "韩丰", "QY_REGION": "110000", "QY_REGION_NAME": "北京市", "OLD_CODE": "401021806", "COLLECT_TIME": 1622263223000, "QY_SRC_TYPE": "0", "hub_crawl_status": 0}, {"RN": 308, "QY_ID": "002105291240503384", "QY_ORG_CODE": "911102286932460885", "QY_NAME": "北京发达永兴建筑工程有限公司", "QY_FR_NAME": "王晓成", "QY_REGION": "110000", "QY_REGION_NAME": "北京市", "OLD_CODE": "693246088", "COLLECT_TIME": 1622263223000, "QY_SRC_TYPE": "0", "hub_crawl_status": 0}, {"RN": 309, "QY_ID": "002105291240503571", "QY_ORG_CODE": "9111010606957597XR", "QY_NAME": "北京泰平神州建设工程有限公司", "QY_FR_NAME": "何海燕", "QY_REGION": "110000", "QY_REGION_NAME": "北京市", "OLD_CODE": "06957597X", "COLLECT_TIME": 1622263223000, "QY_SRC_TYPE": "0", "hub_crawl_status": 0}, {"RN": 310, "QY_ID": "002105291240503685", "QY_ORG_CODE": "911101156963223226", "QY_NAME": "北京宏伟建业建筑工程有限公司", "QY_FR_NAME": "周晓立", "QY_REGION": "110000", "QY_REGION_NAME": "北京市", "OLD_CODE": "696322322", "COLLECT_TIME": 1622263223000, "QY_SRC_TYPE": "0", "hub_crawl_status": 0}, {"RN": 311, "QY_ID": "002105291240503806", "QY_ORG_CODE": "91110106733475484J", "QY_NAME": "北京宏兴东升防水施工有限公司", "QY_FR_NAME": "李勇", "QY_REGION": "110000", "QY_REGION_NAME": "北京市", "OLD_CODE": "733475484", "COLLECT_TIME": 1622263224000, "QY_SRC_TYPE": "0", "hub_crawl_status": 0}, {"RN": 312, "QY_ID": "002105291240503807", "QY_ORG_CODE": "91110117348403177N", "QY_NAME": "北京康鸿建筑工程有限公司", "QY_FR_NAME": "李泊谚", "QY_REGION": "110000", "QY_REGION_NAME": "北京市", "OLD_CODE": "348403177", "COLLECT_TIME": 1622263224000, "QY_SRC_TYPE": "0", "hub_crawl_status": 0}, {"RN": 313, "QY_ID": "002105291240503808", "QY_ORG_CODE": "911101125960460412", "QY_NAME": "北京荣盛顺达市政工程有限公司", "QY_FR_NAME": "崔秀阁", "QY_REGION": "110000", "QY_REGION_NAME": "北京市", "OLD_CODE": "596046041", "COLLECT_TIME": 1622263224000, "QY_SRC_TYPE": "0", "hub_crawl_status": 0}, {"RN": 314, "QY_ID": "002105291240503984", "QY_ORG_CODE": "91110109575215694L", "QY_NAME": "北京定宏伟业建设工程有限公司", "QY_FR_NAME": "尹定洪", "QY_REGION": "110000", "QY_REGION_NAME": "北京市", "OLD_CODE": "575215694", "COLLECT_TIME": 1622263224000, "QY_SRC_TYPE": "0", "hub_crawl_status": 0}, {"RN": 315, "QY_ID": "002105291240503985", "QY_ORG_CODE": "91110102679601434P", "QY_NAME": "北京双驰建设工程有限公司", "QY_FR_NAME": "王子富", "QY_REGION": "110000", "QY_REGION_NAME": "北京市", "OLD_CODE": "679601434", "COLLECT_TIME": 1622263224000, "QY_SRC_TYPE": "0", "hub_crawl_status": 0}]