[{"RN": 61, "QY_ID": "002105291239456761", "QY_ORG_CODE": "91110108100024798Q", "QY_NAME": "中智建设技术工程有限责任公司", "QY_FR_NAME": "林颖", "QY_REGION": "110000", "QY_REGION_NAME": "北京市", "OLD_CODE": "100024798", "COLLECT_TIME": 1622263199000, "QY_SRC_TYPE": "0", "hub_crawl_status": 0}, {"RN": 62, "QY_ID": "002105291239456837", "QY_ORG_CODE": "91110108101401639B", "QY_NAME": "北京雅林士博建筑工程有限公司", "QY_FR_NAME": "林山", "QY_REGION": "110000", "QY_REGION_NAME": "北京市", "OLD_CODE": "101401639", "COLLECT_TIME": 1622263199000, "QY_SRC_TYPE": "0", "hub_crawl_status": 0}, {"RN": 63, "QY_ID": "002105291239456894", "QY_ORG_CODE": "911101080805334472", "QY_NAME": "中杰联建设工程有限公司", "QY_FR_NAME": "余红杰", "QY_REGION": "110000", "QY_REGION_NAME": "北京市", "OLD_CODE": "080533447", "COLLECT_TIME": 1622263199000, "QY_SRC_TYPE": "0", "hub_crawl_status": 0}, {"RN": 64, "QY_ID": "002105291239457055", "QY_ORG_CODE": "91110101600031855N", "QY_NAME": "北京龙头国际建筑装饰工程有限公司", "QY_FR_NAME": "肖宇", "QY_REGION": "110000", "QY_REGION_NAME": "北京市", "OLD_CODE": "600031855", "COLLECT_TIME": 1622263199000, "QY_SRC_TYPE": "0", "hub_crawl_status": 0}, {"RN": 65, "QY_ID": "002105291239457058", "QY_ORG_CODE": "91110111579054015L", "QY_NAME": "北京燕开电力科技发展有限公司", "QY_FR_NAME": "周星亮", "QY_REGION": "110000", "QY_REGION_NAME": "北京市", "OLD_CODE": "579054015", "COLLECT_TIME": 1622263199000, "QY_SRC_TYPE": "0", "hub_crawl_status": 0}, {"RN": 66, "QY_ID": "002105291239457059", "QY_ORG_CODE": "91110304102768192Y", "QY_NAME": "北京燕山建兴建筑安装工程有限公司", "QY_FR_NAME": "张允和", "QY_REGION": "110000", "QY_REGION_NAME": "北京市", "OLD_CODE": "102768192", "COLLECT_TIME": 1622263199000, "QY_SRC_TYPE": "0", "hub_crawl_status": 0}, {"RN": 67, "QY_ID": "002105291239457060", "QY_ORG_CODE": "91110111069649393Q", "QY_NAME": "北京安邦宏业建筑安装工程有限公司", "QY_FR_NAME": "魏尚德", "QY_REGION": "110000", "QY_REGION_NAME": "北京市", "OLD_CODE": "069649393", "COLLECT_TIME": 1622263199000, "QY_SRC_TYPE": "0", "hub_crawl_status": 0}, {"RN": 68, "QY_ID": "002105291239457316", "QY_ORG_CODE": "911101167886361695", "QY_NAME": "北京誉华通达市政工程有限公司", "QY_FR_NAME": "杨桂利", "QY_REGION": "110000", "QY_REGION_NAME": "北京市", "OLD_CODE": "788636169", "COLLECT_TIME": 1622263199000, "QY_SRC_TYPE": "0", "hub_crawl_status": 0}, {"RN": 69, "QY_ID": "002105291239457318", "QY_ORG_CODE": "91110106078558709B", "QY_NAME": "北京龙元建筑工程管理有限公司", "QY_FR_NAME": "狄阳", "QY_REGION": "110000", "QY_REGION_NAME": "北京市", "OLD_CODE": "078558709", "COLLECT_TIME": 1622263199000, "QY_SRC_TYPE": "0", "hub_crawl_status": 0}, {"RN": 70, "QY_ID": "002105291239457470", "QY_ORG_CODE": "91110108082815181M", "QY_NAME": "中新基源建设工程有限责任公司", "QY_FR_NAME": "罗建", "QY_REGION": "110000", "QY_REGION_NAME": "北京市", "OLD_CODE": "082815181", "COLLECT_TIME": 1622263199000, "QY_SRC_TYPE": "0", "hub_crawl_status": 0}, {"RN": 71, "QY_ID": "002105291239457831", "QY_ORG_CODE": "91110108306634196K", "QY_NAME": "中建宏远（北京）建设工程有限公司", "QY_FR_NAME": "吕忠杰", "QY_REGION": "110000", "QY_REGION_NAME": "北京市", "OLD_CODE": "306634196", "COLLECT_TIME": 1622263199000, "QY_SRC_TYPE": "0", "hub_crawl_status": 0}, {"RN": 72, "QY_ID": "002105291239458146", "QY_ORG_CODE": "911100000943666275", "QY_NAME": "北京翱源股份有限公司", "QY_FR_NAME": "王玉刚", "QY_REGION": "110000", "QY_REGION_NAME": "北京市", "OLD_CODE": "094366627", "COLLECT_TIME": 1622263199000, "QY_SRC_TYPE": "0", "hub_crawl_status": 0}, {"RN": 73, "QY_ID": "002105291239458150", "QY_ORG_CODE": "911101117934415695", "QY_NAME": "北京长阳建业建筑工程有限公司", "QY_FR_NAME": "焦杨", "QY_REGION": "110000", "QY_REGION_NAME": "北京市", "OLD_CODE": "793441569", "COLLECT_TIME": 1622263199000, "QY_SRC_TYPE": "0", "hub_crawl_status": 0}, {"RN": 74, "QY_ID": "002105291239458498", "QY_ORG_CODE": "91110116700042674C", "QY_NAME": "北京恒华建筑有限责任公司", "QY_FR_NAME": "赵强", "QY_REGION": "110000", "QY_REGION_NAME": "北京市", "OLD_CODE": "700042674", "COLLECT_TIME": 1622263199000, "QY_SRC_TYPE": "0", "hub_crawl_status": 0}, {"RN": 75, "QY_ID": "002105291240458501", "QY_ORG_CODE": "91110116796749331A", "QY_NAME": "北京赛福特道路建设有限公司", "QY_FR_NAME": "彭光芳", "QY_REGION": "110000", "QY_REGION_NAME": "北京市", "OLD_CODE": "796749331", "COLLECT_TIME": 1622263200000, "QY_SRC_TYPE": "0", "hub_crawl_status": 0}]