[{"RN": 346, "QY_ID": "002105291240506054", "QY_ORG_CODE": "91110109102329798F", "QY_NAME": "北京市京西宏通建筑有限公司", "QY_FR_NAME": "曹桂启", "QY_REGION": "110000", "QY_REGION_NAME": "北京市", "OLD_CODE": "102329798", "COLLECT_TIME": 1622263225000, "QY_SRC_TYPE": "0", "hub_crawl_status": 0}, {"RN": 347, "QY_ID": "002105291240506055", "QY_ORG_CODE": "91110112573207164R", "QY_NAME": "北京天时兴业电力工程有限公司", "QY_FR_NAME": "雷宝平", "QY_REGION": "110000", "QY_REGION_NAME": "北京市", "OLD_CODE": "573207164", "COLLECT_TIME": 1622263225000, "QY_SRC_TYPE": "0", "hub_crawl_status": 0}, {"RN": 348, "QY_ID": "002105291240506060", "QY_ORG_CODE": "91110117MA007LNP30", "QY_NAME": "中泰恒远（北京）建设工程有限公司", "QY_FR_NAME": "高润虎", "QY_REGION": "110000", "QY_REGION_NAME": "北京市", "OLD_CODE": "MA007LNP3", "COLLECT_TIME": 1622263225000, "QY_SRC_TYPE": "0", "hub_crawl_status": 0}, {"RN": 349, "QY_ID": "002105291240506178", "QY_ORG_CODE": "9111011372637313XD", "QY_NAME": "北京当代工程管理有限公司", "QY_FR_NAME": "袁友伦", "QY_REGION": "110000", "QY_REGION_NAME": "北京市", "OLD_CODE": "72637313X", "COLLECT_TIME": 1622263225000, "QY_SRC_TYPE": "0", "hub_crawl_status": 0}, {"RN": 350, "QY_ID": "002105291240506375", "QY_ORG_CODE": "911101157601092019", "QY_NAME": "北京博路通房屋拆除有限公司", "QY_FR_NAME": "汪志军", "QY_REGION": "110000", "QY_REGION_NAME": "北京市", "OLD_CODE": "760109201", "COLLECT_TIME": 1622263225000, "QY_SRC_TYPE": "0", "hub_crawl_status": 0}, {"RN": 351, "QY_ID": "002105291240506422", "QY_ORG_CODE": "91110114MA001P035G", "QY_NAME": "铭诚佳业（北京）投资管理有限责任公司", "QY_FR_NAME": "张馨予", "QY_REGION": "110000", "QY_REGION_NAME": "北京市", "OLD_CODE": "MA001P035", "COLLECT_TIME": 1622263225000, "QY_SRC_TYPE": "0", "hub_crawl_status": 0}, {"RN": 352, "QY_ID": "002105291240506517", "QY_ORG_CODE": "91110112700234967P", "QY_NAME": "北京百正威建筑工程有限公司", "QY_FR_NAME": "邱广艳", "QY_REGION": "110000", "QY_REGION_NAME": "北京市", "OLD_CODE": "700234967", "COLLECT_TIME": 1622263225000, "QY_SRC_TYPE": "0", "hub_crawl_status": 0}, {"RN": 353, "QY_ID": "002105291240506532", "QY_ORG_CODE": "91110107686912249B", "QY_NAME": "北京泰程市政工程有限责任公司", "QY_FR_NAME": "张文军", "QY_REGION": "110000", "QY_REGION_NAME": "北京市", "OLD_CODE": "686912249", "COLLECT_TIME": 1622263225000, "QY_SRC_TYPE": "0", "hub_crawl_status": 0}, {"RN": 354, "QY_ID": "002105291240506632", "QY_ORG_CODE": "91110116MA006Y1F1C", "QY_NAME": "北京诚美建筑工程有限公司", "QY_FR_NAME": "贾俊水", "QY_REGION": "110000", "QY_REGION_NAME": "北京市", "OLD_CODE": "MA006Y1F1", "COLLECT_TIME": 1622263225000, "QY_SRC_TYPE": "0", "hub_crawl_status": 0}, {"RN": 355, "QY_ID": "002105291240506642", "QY_ORG_CODE": "91110111MA0077W085", "QY_NAME": "北京豪庭华悦建筑有限公司", "QY_FR_NAME": "任化刚", "QY_REGION": "110000", "QY_REGION_NAME": "北京市", "OLD_CODE": "MA0077W08", "COLLECT_TIME": 1622263225000, "QY_SRC_TYPE": "0", "hub_crawl_status": 0}, {"RN": 356, "QY_ID": "002105291240506769", "QY_ORG_CODE": "91110228MA005YG410", "QY_NAME": "北京融顺达建筑工程有限公司", "QY_FR_NAME": "高干", "QY_REGION": "110000", "QY_REGION_NAME": "北京市", "OLD_CODE": "MA005YG41", "COLLECT_TIME": 1622263225000, "QY_SRC_TYPE": "0", "hub_crawl_status": 0}, {"RN": 357, "QY_ID": "002105291240506770", "QY_ORG_CODE": "91110228573227069E", "QY_NAME": "北京时代居美装饰工程有限公司", "QY_FR_NAME": "吴正福", "QY_REGION": "110000", "QY_REGION_NAME": "北京市", "OLD_CODE": "573227069", "COLLECT_TIME": 1622263225000, "QY_SRC_TYPE": "0", "hub_crawl_status": 0}, {"RN": 358, "QY_ID": "002105291240506779", "QY_ORG_CODE": "911101087426100430", "QY_NAME": "北京国信泰能电气工程有限公司", "QY_FR_NAME": "刘健", "QY_REGION": "110000", "QY_REGION_NAME": "北京市", "OLD_CODE": "742610043", "COLLECT_TIME": 1622263225000, "QY_SRC_TYPE": "0", "hub_crawl_status": 0}, {"RN": 359, "QY_ID": "002105291240506782", "QY_ORG_CODE": "91110117358336406R", "QY_NAME": "北京万瑞恒建筑工程有限公司", "QY_FR_NAME": "郭先方", "QY_REGION": "110000", "QY_REGION_NAME": "北京市", "OLD_CODE": "358336406", "COLLECT_TIME": 1622263225000, "QY_SRC_TYPE": "0", "hub_crawl_status": 0}, {"RN": 360, "QY_ID": "002105291240506890", "QY_ORG_CODE": "9111011775261198X2", "QY_NAME": "北京忠轩伟业建设工程有限公司", "QY_FR_NAME": "戚建忠", "QY_REGION": "110000", "QY_REGION_NAME": "北京市", "OLD_CODE": "75261198X", "COLLECT_TIME": 1622263225000, "QY_SRC_TYPE": "0", "hub_crawl_status": 0}]