[{"RN": 181, "QY_ID": "002105291240477261", "QY_ORG_CODE": "911101121024587764", "QY_NAME": "北京新建建筑工程有限公司", "QY_FR_NAME": "律存义", "QY_REGION": "110000", "QY_REGION_NAME": "北京市", "OLD_CODE": "102458776", "COLLECT_TIME": 1622263209000, "QY_SRC_TYPE": "0", "hub_crawl_status": 0}, {"RN": 182, "QY_ID": "002105291240477278", "QY_ORG_CODE": "9111011210245963XQ", "QY_NAME": "北京市永乐店建筑工程公司", "QY_FR_NAME": "宋文东", "QY_REGION": "110000", "QY_REGION_NAME": "北京市", "OLD_CODE": "10245963X", "COLLECT_TIME": 1622263209000, "QY_SRC_TYPE": "0", "hub_crawl_status": 0}, {"RN": 183, "QY_ID": "002105291240477287", "QY_ORG_CODE": "91110105745484919P", "QY_NAME": "天地金草田（北京）科技有限公司", "QY_FR_NAME": "周华群", "QY_REGION": "110000", "QY_REGION_NAME": "北京市", "OLD_CODE": "745484919", "COLLECT_TIME": 1622263209000, "QY_SRC_TYPE": "0", "hub_crawl_status": 0}, {"RN": 184, "QY_ID": "002105291240477289", "QY_ORG_CODE": "91110228062802332H", "QY_NAME": "北新轻钢房屋（北京）有限公司", "QY_FR_NAME": "尹稷华", "QY_REGION": "110000", "QY_REGION_NAME": "北京市", "OLD_CODE": "062802332", "COLLECT_TIME": 1622263209000, "QY_SRC_TYPE": "0", "hub_crawl_status": 0}, {"RN": 185, "QY_ID": "002105291240477291", "QY_ORG_CODE": "9111011166992386XK", "QY_NAME": "北京通畅苑建筑装饰工程有限公司", "QY_FR_NAME": "李刚", "QY_REGION": "110000", "QY_REGION_NAME": "北京市", "OLD_CODE": "66992386X", "COLLECT_TIME": 1622263209000, "QY_SRC_TYPE": "0", "hub_crawl_status": 0}, {"RN": 186, "QY_ID": "002105291240477293", "QY_ORG_CODE": "91110112102452278J", "QY_NAME": "北京华正天地建筑有限公司", "QY_FR_NAME": "徐平", "QY_REGION": "110000", "QY_REGION_NAME": "北京市", "OLD_CODE": "102452278", "COLLECT_TIME": 1622263209000, "QY_SRC_TYPE": "0", "hub_crawl_status": 0}, {"RN": 187, "QY_ID": "002105291240477704", "QY_ORG_CODE": "91110111306382195B", "QY_NAME": "北京昊隆兴泽建筑工程有限公司", "QY_FR_NAME": "田浩", "QY_REGION": "110000", "QY_REGION_NAME": "北京市", "OLD_CODE": "306382195", "COLLECT_TIME": 1622263209000, "QY_SRC_TYPE": "0", "hub_crawl_status": 0}, {"RN": 188, "QY_ID": "002105291240477707", "QY_ORG_CODE": "91110111102795262W", "QY_NAME": "北京良乡飞跃建筑有限责任公司", "QY_FR_NAME": "闫志庆", "QY_REGION": "110000", "QY_REGION_NAME": "北京市", "OLD_CODE": "102795262", "COLLECT_TIME": 1622263209000, "QY_SRC_TYPE": "0", "hub_crawl_status": 0}, {"RN": 189, "QY_ID": "002105291240477719", "QY_ORG_CODE": "91110106567467955X", "QY_NAME": "北京万昊达生态建设工程有限公司", "QY_FR_NAME": "祝永锋", "QY_REGION": "110000", "QY_REGION_NAME": "北京市", "OLD_CODE": "567467955", "COLLECT_TIME": 1622263209000, "QY_SRC_TYPE": "0", "hub_crawl_status": 0}, {"RN": 190, "QY_ID": "002105291240478755", "QY_ORG_CODE": "911101095938351688", "QY_NAME": "北京福昌隆建设有限公司", "QY_FR_NAME": "胡贤涛", "QY_REGION": "110000", "QY_REGION_NAME": "北京市", "OLD_CODE": "593835168", "COLLECT_TIME": 1622263210000, "QY_SRC_TYPE": "0", "hub_crawl_status": 0}, {"RN": 191, "QY_ID": "002105291240478756", "QY_ORG_CODE": "91110116061322484D", "QY_NAME": "北京天祚市政工程有限公司", "QY_FR_NAME": "张丽", "QY_REGION": "110000", "QY_REGION_NAME": "北京市", "OLD_CODE": "061322484", "COLLECT_TIME": 1622263210000, "QY_SRC_TYPE": "0", "hub_crawl_status": 0}, {"RN": 192, "QY_ID": "002105291240479170", "QY_ORG_CODE": "9111011267963931XX", "QY_NAME": "北京闳顺禹建筑工程有限公司", "QY_FR_NAME": "蔡长利", "QY_REGION": "110000", "QY_REGION_NAME": "北京市", "OLD_CODE": "67963931X", "COLLECT_TIME": 1622263210000, "QY_SRC_TYPE": "0", "hub_crawl_status": 0}, {"RN": 193, "QY_ID": "002105291240479171", "QY_ORG_CODE": "911101141027094830", "QY_NAME": "北京鸿宝嘉建筑装饰有限公司", "QY_FR_NAME": "尹京成", "QY_REGION": "110000", "QY_REGION_NAME": "北京市", "OLD_CODE": "102709483", "COLLECT_TIME": 1622263210000, "QY_SRC_TYPE": "0", "hub_crawl_status": 0}, {"RN": 194, "QY_ID": "002105291240479981", "QY_ORG_CODE": "91110114690031081D", "QY_NAME": "北京利泽杰建筑工程有限公司", "QY_FR_NAME": "宋立军", "QY_REGION": "110000", "QY_REGION_NAME": "北京市", "OLD_CODE": "690031081", "COLLECT_TIME": 1622263211000, "QY_SRC_TYPE": "0", "hub_crawl_status": 0}, {"RN": 195, "QY_ID": "002105291240480039", "QY_ORG_CODE": "91110106680461475C", "QY_NAME": "北京晨洲装饰工程设计有限公司", "QY_FR_NAME": "闫海江", "QY_REGION": "110100", "QY_REGION_NAME": "北京市-市辖区", "OLD_CODE": "680461475", "COLLECT_TIME": 1622263211000, "QY_SRC_TYPE": "0", "hub_crawl_status": 0}]