[{"RN": 151, "QY_ID": "002105291240470750", "QY_ORG_CODE": "9111010967507434X9", "QY_NAME": "北京金源嘉成电力安装有限公司", "QY_FR_NAME": "袁博", "QY_REGION": "110000", "QY_REGION_NAME": "北京市", "OLD_CODE": "67507434X", "COLLECT_TIME": 1622263206000, "QY_SRC_TYPE": "0", "hub_crawl_status": 0}, {"RN": 152, "QY_ID": "002105291240471195", "QY_ORG_CODE": "911101177351055591", "QY_NAME": "北京中建嘉业建筑工程有限公司", "QY_FR_NAME": "孙志东", "QY_REGION": "110000", "QY_REGION_NAME": "北京市", "OLD_CODE": "735105559", "COLLECT_TIME": 1622263206000, "QY_SRC_TYPE": "0", "hub_crawl_status": 0}, {"RN": 153, "QY_ID": "002105291240471245", "QY_ORG_CODE": "91110117102957997J", "QY_NAME": "玛雅森林（北京）建筑装饰工程有限公司", "QY_FR_NAME": "戴玮霆", "QY_REGION": "110000", "QY_REGION_NAME": "北京市", "OLD_CODE": "102957997", "COLLECT_TIME": 1622263206000, "QY_SRC_TYPE": "0", "hub_crawl_status": 0}, {"RN": 154, "QY_ID": "002105291240471247", "QY_ORG_CODE": "91110113082839060E", "QY_NAME": "北京顺安兴业市政工程有限公司", "QY_FR_NAME": "崔秀军", "QY_REGION": "110000", "QY_REGION_NAME": "北京市", "OLD_CODE": "082839060", "COLLECT_TIME": 1622263206000, "QY_SRC_TYPE": "0", "hub_crawl_status": 0}, {"RN": 155, "QY_ID": "002105291240472146", "QY_ORG_CODE": "9111011156209757XQ", "QY_NAME": "北京中润泰建筑工程有限公司", "QY_FR_NAME": "李怀东", "QY_REGION": "110000", "QY_REGION_NAME": "北京市", "OLD_CODE": "56209757X", "COLLECT_TIME": 1622263206000, "QY_SRC_TYPE": "0", "hub_crawl_status": 0}, {"RN": 156, "QY_ID": "002105291240472147", "QY_ORG_CODE": "91110109306339904C", "QY_NAME": "北京中晟辉煌建筑有限公司", "QY_FR_NAME": "单社山", "QY_REGION": "110000", "QY_REGION_NAME": "北京市", "OLD_CODE": "306339904", "COLLECT_TIME": 1622263206000, "QY_SRC_TYPE": "0", "hub_crawl_status": 0}, {"RN": 157, "QY_ID": "002105291240472446", "QY_ORG_CODE": "91110106556808961D", "QY_NAME": "北京中冶大成建筑工程有限公司", "QY_FR_NAME": "孟令民", "QY_REGION": "110000", "QY_REGION_NAME": "北京市", "OLD_CODE": "556808961", "COLLECT_TIME": 1622263207000, "QY_SRC_TYPE": "0", "hub_crawl_status": 0}, {"RN": 158, "QY_ID": "002105291240472449", "QY_ORG_CODE": "911102287704316670", "QY_NAME": "北京怡景至成环境装饰工程设计有限公司", "QY_FR_NAME": "徐秀丽", "QY_REGION": "110000", "QY_REGION_NAME": "北京市", "OLD_CODE": "770431667", "COLLECT_TIME": 1622263207000, "QY_SRC_TYPE": "0", "hub_crawl_status": 0}, {"RN": 159, "QY_ID": "002105291240472453", "QY_ORG_CODE": "91110114758708176K", "QY_NAME": "北京中青建设有限公司", "QY_FR_NAME": "杨红正", "QY_REGION": "110000", "QY_REGION_NAME": "北京市", "OLD_CODE": "758708176", "COLLECT_TIME": 1622263207000, "QY_SRC_TYPE": "0", "hub_crawl_status": 0}, {"RN": 160, "QY_ID": "002105291240472504", "QY_ORG_CODE": "91110109757717548G", "QY_NAME": "北京路桥方舟交通科技发展有限公司", "QY_FR_NAME": "文梦野", "QY_REGION": "110000", "QY_REGION_NAME": "北京市", "OLD_CODE": "757717548", "COLLECT_TIME": 1622263207000, "QY_SRC_TYPE": "0", "hub_crawl_status": 0}, {"RN": 161, "QY_ID": "002105291240472800", "QY_ORG_CODE": "91110115766798298B", "QY_NAME": "北京金珠满江建筑装饰工程有限公司", "QY_FR_NAME": "金耀辉", "QY_REGION": "110000", "QY_REGION_NAME": "北京市", "OLD_CODE": "766798298", "COLLECT_TIME": 1622263207000, "QY_SRC_TYPE": "0", "hub_crawl_status": 0}, {"RN": 162, "QY_ID": "002105291240473132", "QY_ORG_CODE": "9111011259964918XA", "QY_NAME": "北京嘉盛德合市政工程有限公司", "QY_FR_NAME": "袁朝辉", "QY_REGION": "110000", "QY_REGION_NAME": "北京市", "OLD_CODE": "59964918X", "COLLECT_TIME": 1622263207000, "QY_SRC_TYPE": "0", "hub_crawl_status": 0}, {"RN": 163, "QY_ID": "002105291240473149", "QY_ORG_CODE": "91110000592389346L", "QY_NAME": "北京环卫集团环卫服务有限公司", "QY_FR_NAME": "刘庆祥", "QY_REGION": "110000", "QY_REGION_NAME": "北京市", "OLD_CODE": "592389346", "COLLECT_TIME": 1622263207000, "QY_SRC_TYPE": "0", "hub_crawl_status": 0}, {"RN": 164, "QY_ID": "002105291240473577", "QY_ORG_CODE": "91110111306539316J", "QY_NAME": "北京腾远汇业建筑工程有限公司", "QY_FR_NAME": "张亚俊", "QY_REGION": "110000", "QY_REGION_NAME": "北京市", "OLD_CODE": "306539316", "COLLECT_TIME": 1622263207000, "QY_SRC_TYPE": "0", "hub_crawl_status": 0}, {"RN": 165, "QY_ID": "002105291240473655", "QY_ORG_CODE": "91110115787798270T", "QY_NAME": "北京京兴源建设工程有限公司", "QY_FR_NAME": "孔垂贵", "QY_REGION": "110000", "QY_REGION_NAME": "北京市", "OLD_CODE": "787798270", "COLLECT_TIME": 1622263207000, "QY_SRC_TYPE": "0", "hub_crawl_status": 0}]