[{"RN": 361, "QY_ID": "002105291240506892", "QY_ORG_CODE": "91110108318218472P", "QY_NAME": "中建国诚建设有限公司", "QY_FR_NAME": "见伟", "QY_REGION": "110000", "QY_REGION_NAME": "北京市", "OLD_CODE": "318218472", "COLLECT_TIME": 1622263225000, "QY_SRC_TYPE": "0", "hub_crawl_status": 0}, {"RN": 362, "QY_ID": "002105291240506958", "QY_ORG_CODE": "911100001000027404", "QY_NAME": "中国装饰股份有限公司", "QY_FR_NAME": "秦钊", "QY_REGION": "110000", "QY_REGION_NAME": "北京市", "OLD_CODE": "100002740", "COLLECT_TIME": 1622263225000, "QY_SRC_TYPE": "0", "hub_crawl_status": 0}, {"RN": 363, "QY_ID": "002105291240507137", "QY_ORG_CODE": "91110109MA007CH496", "QY_NAME": "中建恒翔（北京）建设工程有限公司", "QY_FR_NAME": "刘建辉", "QY_REGION": "110000", "QY_REGION_NAME": "北京市", "OLD_CODE": "MA007CH49", "COLLECT_TIME": 1622263225000, "QY_SRC_TYPE": "0", "hub_crawl_status": 0}, {"RN": 364, "QY_ID": "002105291240507223", "QY_ORG_CODE": "91110106750103615Y", "QY_NAME": "北京山湖建筑工程有限公司", "QY_FR_NAME": "郝红忠", "QY_REGION": "110000", "QY_REGION_NAME": "北京市", "OLD_CODE": "750103615", "COLLECT_TIME": 1622263225000, "QY_SRC_TYPE": "0", "hub_crawl_status": 0}, {"RN": 365, "QY_ID": "002105291240507252", "QY_ORG_CODE": "91110116744708271U", "QY_NAME": "北京大湖建设工程有限公司", "QY_FR_NAME": "沈光浩", "QY_REGION": "110100", "QY_REGION_NAME": "北京市-市辖区", "OLD_CODE": "744708271", "COLLECT_TIME": 1622263225000, "QY_SRC_TYPE": "0", "hub_crawl_status": 0}, {"RN": 366, "QY_ID": "002105291240507325", "QY_ORG_CODE": "91110117MA006QTN3T", "QY_NAME": "中建利智（北京）建设工程有限公司", "QY_FR_NAME": "王东明", "QY_REGION": "110000", "QY_REGION_NAME": "北京市", "OLD_CODE": "MA006QTN3", "COLLECT_TIME": 1622263225000, "QY_SRC_TYPE": "0", "hub_crawl_status": 0}, {"RN": 367, "QY_ID": "002105291240507412", "QY_ORG_CODE": "911101097481205552", "QY_NAME": "北京天鑫吉建设工程有限公司", "QY_FR_NAME": "安卫东", "QY_REGION": "110000", "QY_REGION_NAME": "北京市", "OLD_CODE": "748120555", "COLLECT_TIME": 1622263226000, "QY_SRC_TYPE": "0", "hub_crawl_status": 0}, {"RN": 368, "QY_ID": "002105291240507414", "QY_ORG_CODE": "91110117685765208L", "QY_NAME": "北京中建通远建设工程有限公司", "QY_FR_NAME": "聂春玲", "QY_REGION": "110000", "QY_REGION_NAME": "北京市", "OLD_CODE": "685765208", "COLLECT_TIME": 1622263226000, "QY_SRC_TYPE": "0", "hub_crawl_status": 0}, {"RN": 369, "QY_ID": "002105291240507415", "QY_ORG_CODE": "911101060990231642", "QY_NAME": "北京固宏远大建设工程有限公司", "QY_FR_NAME": "周涛", "QY_REGION": "110000", "QY_REGION_NAME": "北京市", "OLD_CODE": "099023164", "COLLECT_TIME": 1622263226000, "QY_SRC_TYPE": "0", "hub_crawl_status": 0}, {"RN": 370, "QY_ID": "002105291240507417", "QY_ORG_CODE": "91110114768458860Q", "QY_NAME": "北京国信建筑工程有限责任公司", "QY_FR_NAME": "高峰", "QY_REGION": "110000", "QY_REGION_NAME": "北京市", "OLD_CODE": "768458860", "COLLECT_TIME": 1622263226000, "QY_SRC_TYPE": "0", "hub_crawl_status": 0}, {"RN": 371, "QY_ID": "002105291240507422", "QY_ORG_CODE": "91110114MA003B5W7M", "QY_NAME": "北京博城汇鼎建设工程有限公司", "QY_FR_NAME": "赵成路", "QY_REGION": "110000", "QY_REGION_NAME": "北京市", "OLD_CODE": "MA003B5W7", "COLLECT_TIME": 1622263226000, "QY_SRC_TYPE": "0", "hub_crawl_status": 0}, {"RN": 372, "QY_ID": "002105291240507429", "QY_ORG_CODE": "91110112MA0069FD6P", "QY_NAME": "北京汇通时光建筑工程有限责任公司", "QY_FR_NAME": "周广民", "QY_REGION": "110000", "QY_REGION_NAME": "北京市", "OLD_CODE": "MA0069FD6", "COLLECT_TIME": 1622263226000, "QY_SRC_TYPE": "0", "hub_crawl_status": 0}, {"RN": 373, "QY_ID": "002105291240507431", "QY_ORG_CODE": "91110228MA003GFR3H", "QY_NAME": "北京昆信达建筑装饰工程有限责任公司", "QY_FR_NAME": "王家杰", "QY_REGION": "110000", "QY_REGION_NAME": "北京市", "OLD_CODE": "MA003GFR3", "COLLECT_TIME": 1622263226000, "QY_SRC_TYPE": "0", "hub_crawl_status": 0}, {"RN": 374, "QY_ID": "002105291240507432", "QY_ORG_CODE": "91110228MA0030QC70", "QY_NAME": "北京中成岩林建设工程有限公司", "QY_FR_NAME": "张海龙", "QY_REGION": "110000", "QY_REGION_NAME": "北京市", "OLD_CODE": "MA0030QC7", "COLLECT_TIME": 1622263226000, "QY_SRC_TYPE": "0", "hub_crawl_status": 0}, {"RN": 375, "QY_ID": "002105291240507645", "QY_ORG_CODE": "91110116MA004GDF8H", "QY_NAME": "北京楠楠顺达建筑工程有限公司", "QY_FR_NAME": "孙凤连", "QY_REGION": "110000", "QY_REGION_NAME": "北京市", "OLD_CODE": "MA004GDF8", "COLLECT_TIME": 1622263226000, "QY_SRC_TYPE": "0", "hub_crawl_status": 0}]