[{"RN": 121, "QY_ID": "002105291240466063", "QY_ORG_CODE": "9111022805737939X4", "QY_NAME": "北京铧圣鑫杰电力工程有限责任公司", "QY_FR_NAME": "张德鹏", "QY_REGION": "110000", "QY_REGION_NAME": "北京市", "OLD_CODE": "05737939X", "COLLECT_TIME": 1622263203000, "QY_SRC_TYPE": "0", "hub_crawl_status": 0}, {"RN": 122, "QY_ID": "002105291240466105", "QY_ORG_CODE": "91110105101759286D", "QY_NAME": "金舟消防工程（北京）股份有限公司", "QY_FR_NAME": "田桂兰", "QY_REGION": "110000", "QY_REGION_NAME": "北京市", "OLD_CODE": "101759286", "COLLECT_TIME": 1622263204000, "QY_SRC_TYPE": "0", "hub_crawl_status": 0}, {"RN": 123, "QY_ID": "002105291240466233", "QY_ORG_CODE": "91110115802861048R", "QY_NAME": "北京郑兴建筑工程有限公司", "QY_FR_NAME": "寇润廷", "QY_REGION": "110000", "QY_REGION_NAME": "北京市", "OLD_CODE": "802861048", "COLLECT_TIME": 1622263204000, "QY_SRC_TYPE": "0", "hub_crawl_status": 0}, {"RN": 124, "QY_ID": "002105291240466288", "QY_ORG_CODE": "91110102700240654P", "QY_NAME": "北京东华绿源建筑装饰工程技术有限公司", "QY_FR_NAME": "李东", "QY_REGION": "110000", "QY_REGION_NAME": "北京市", "OLD_CODE": "700240654", "COLLECT_TIME": 1622263204000, "QY_SRC_TYPE": "0", "hub_crawl_status": 0}, {"RN": 125, "QY_ID": "002105291240466433", "QY_ORG_CODE": "911103027239709833", "QY_NAME": "北京朴优装饰工程有限公司", "QY_FR_NAME": "凌增秀", "QY_REGION": "110000", "QY_REGION_NAME": "北京市", "OLD_CODE": "723970983", "COLLECT_TIME": 1622263204000, "QY_SRC_TYPE": "0", "hub_crawl_status": 0}, {"RN": 126, "QY_ID": "002105291240467265", "QY_ORG_CODE": "91110115695009027R", "QY_NAME": "北京鸿泰天工建设有限公司", "QY_FR_NAME": "朱占辉", "QY_REGION": "110000", "QY_REGION_NAME": "北京市", "OLD_CODE": "695009027", "COLLECT_TIME": 1622263204000, "QY_SRC_TYPE": "0", "hub_crawl_status": 0}, {"RN": 127, "QY_ID": "002105291240467715", "QY_ORG_CODE": "911101151028520528", "QY_NAME": "北京兴鹏建筑工程有限责任公司", "QY_FR_NAME": "孙立武", "QY_REGION": "110000", "QY_REGION_NAME": "北京市", "OLD_CODE": "102852052", "COLLECT_TIME": 1622263204000, "QY_SRC_TYPE": "0", "hub_crawl_status": 0}, {"RN": 128, "QY_ID": "002105291240468164", "QY_ORG_CODE": "911101111028060486", "QY_NAME": "北京恒立伟兴建筑工程有限责任公司", "QY_FR_NAME": "张立文", "QY_REGION": "110000", "QY_REGION_NAME": "北京市", "OLD_CODE": "102806048", "COLLECT_TIME": 1622263205000, "QY_SRC_TYPE": "0", "hub_crawl_status": 0}, {"RN": 129, "QY_ID": "002105291240468165", "QY_ORG_CODE": "91110115735574531J", "QY_NAME": "北京东方业之峰建筑工程有限公司", "QY_FR_NAME": "于后辰", "QY_REGION": "110000", "QY_REGION_NAME": "北京市", "OLD_CODE": "735574531", "COLLECT_TIME": 1622263205000, "QY_SRC_TYPE": "0", "hub_crawl_status": 0}, {"RN": 130, "QY_ID": "002105291240468172", "QY_ORG_CODE": "9111011179161987XG", "QY_NAME": "北京路发建设工程有限公司", "QY_FR_NAME": "于永柱", "QY_REGION": "110000", "QY_REGION_NAME": "北京市", "OLD_CODE": "79161987X", "COLLECT_TIME": 1622263205000, "QY_SRC_TYPE": "0", "hub_crawl_status": 0}, {"RN": 131, "QY_ID": "002105291240468389", "QY_ORG_CODE": "911101026337809757", "QY_NAME": "北京中然建筑工程有限公司", "QY_FR_NAME": "张建兵", "QY_REGION": "110000", "QY_REGION_NAME": "北京市", "OLD_CODE": "633780975", "COLLECT_TIME": 1622263205000, "QY_SRC_TYPE": "0", "hub_crawl_status": 0}, {"RN": 132, "QY_ID": "002105291240468390", "QY_ORG_CODE": "911101175657950661", "QY_NAME": "北京兴隆朝通建设工程有限公司", "QY_FR_NAME": "李小艳", "QY_REGION": "110000", "QY_REGION_NAME": "北京市", "OLD_CODE": "565795066", "COLLECT_TIME": 1622263205000, "QY_SRC_TYPE": "0", "hub_crawl_status": 0}, {"RN": 133, "QY_ID": "002105291240468396", "QY_ORG_CODE": "911101177235608295", "QY_NAME": "北京缘和兴建筑工程有限公司", "QY_FR_NAME": "杨全有", "QY_REGION": "110000", "QY_REGION_NAME": "北京市", "OLD_CODE": "723560829", "COLLECT_TIME": 1622263205000, "QY_SRC_TYPE": "0", "hub_crawl_status": 0}, {"RN": 134, "QY_ID": "002105291240469039", "QY_ORG_CODE": "91110115596092769R", "QY_NAME": "北京兴业昊达建筑工程有限公司", "QY_FR_NAME": "蔡红雨", "QY_REGION": "110000", "QY_REGION_NAME": "北京市", "OLD_CODE": "596092769", "COLLECT_TIME": 1622263205000, "QY_SRC_TYPE": "0", "hub_crawl_status": 0}, {"RN": 135, "QY_ID": "002105291240469040", "QY_ORG_CODE": "91110115693251151M", "QY_NAME": "北京奥帆体育设施工程有限公司", "QY_FR_NAME": "郑浩杰", "QY_REGION": "110000", "QY_REGION_NAME": "北京市", "OLD_CODE": "693251151", "COLLECT_TIME": 1622263205000, "QY_SRC_TYPE": "0", "hub_crawl_status": 0}]