[{"RN": 421, "QY_ID": "002105291240511894", "QY_ORG_CODE": "91110109661576605C", "QY_NAME": "北京惠民腾达机械施工有限公司", "QY_FR_NAME": "任化民", "QY_REGION": "110000", "QY_REGION_NAME": "北京市", "OLD_CODE": "661576605", "COLLECT_TIME": 1622263228000, "QY_SRC_TYPE": "0", "hub_crawl_status": 0}, {"RN": 422, "QY_ID": "002105291240511915", "QY_ORG_CODE": "91110115306353140G", "QY_NAME": "北京中春阳和环保科技有限公司", "QY_FR_NAME": "肖跃昆", "QY_REGION": "110000", "QY_REGION_NAME": "北京市", "OLD_CODE": "306353140", "COLLECT_TIME": 1622263228000, "QY_SRC_TYPE": "0", "hub_crawl_status": 0}, {"RN": 423, "QY_ID": "002105291240512170", "QY_ORG_CODE": "9111011578480927X6", "QY_NAME": "北京中体亚兴体育设施工程有限公司", "QY_FR_NAME": "郭建梅", "QY_REGION": "110000", "QY_REGION_NAME": "北京市", "OLD_CODE": "78480927X", "COLLECT_TIME": 1622263228000, "QY_SRC_TYPE": "0", "hub_crawl_status": 0}, {"RN": 424, "QY_ID": "002105291240512171", "QY_ORG_CODE": "911101158028795122", "QY_NAME": "北京华融经纬装饰工程有限公司", "QY_FR_NAME": "陈俊任", "QY_REGION": "110000", "QY_REGION_NAME": "北京市", "OLD_CODE": "802879512", "COLLECT_TIME": 1622263228000, "QY_SRC_TYPE": "0", "hub_crawl_status": 0}, {"RN": 425, "QY_ID": "002105291240512311", "QY_ORG_CODE": "9111011155858931XX", "QY_NAME": "北京长宁兴业市政工程有限责任公司", "QY_FR_NAME": "苏立权", "QY_REGION": "110000", "QY_REGION_NAME": "北京市", "OLD_CODE": "55858931X", "COLLECT_TIME": 1622263228000, "QY_SRC_TYPE": "0", "hub_crawl_status": 0}, {"RN": 426, "QY_ID": "002105291240512457", "QY_ORG_CODE": "91110114579068169U", "QY_NAME": "北京国鑫伟业建设工程有限公司", "QY_FR_NAME": "张国才", "QY_REGION": "110000", "QY_REGION_NAME": "北京市", "OLD_CODE": "579068169", "COLLECT_TIME": 1622263228000, "QY_SRC_TYPE": "0", "hub_crawl_status": 0}, {"RN": 427, "QY_ID": "002105291240512877", "QY_ORG_CODE": "91110111MA0090364X", "QY_NAME": "北京忠信安达建筑工程有限公司", "QY_FR_NAME": "韩孟岭", "QY_REGION": "110000", "QY_REGION_NAME": "北京市", "OLD_CODE": "MA0090364", "COLLECT_TIME": 1622263228000, "QY_SRC_TYPE": "0", "hub_crawl_status": 0}, {"RN": 428, "QY_ID": "002105291240512898", "QY_ORG_CODE": "91110105101778911N", "QY_NAME": "绿茵天地体育产业股份有限公司", "QY_FR_NAME": "王深", "QY_REGION": "110000", "QY_REGION_NAME": "北京市", "OLD_CODE": "101778911", "COLLECT_TIME": 1622263228000, "QY_SRC_TYPE": "0", "hub_crawl_status": 0}, {"RN": 429, "QY_ID": "002105291240512902", "QY_ORG_CODE": "91110113762952219B", "QY_NAME": "北京顺平佳美装饰工程设计有限公司", "QY_FR_NAME": "万长平", "QY_REGION": "110000", "QY_REGION_NAME": "北京市", "OLD_CODE": "762952219", "COLLECT_TIME": 1622263228000, "QY_SRC_TYPE": "0", "hub_crawl_status": 0}, {"RN": 430, "QY_ID": "002105291240512960", "QY_ORG_CODE": "911101127699449323", "QY_NAME": "北京诺金伟业机电设备安装工程有限公司", "QY_FR_NAME": "田洪顺", "QY_REGION": "110000", "QY_REGION_NAME": "北京市", "OLD_CODE": "769944932", "COLLECT_TIME": 1622263228000, "QY_SRC_TYPE": "0", "hub_crawl_status": 0}, {"RN": 431, "QY_ID": "002105291240512963", "QY_ORG_CODE": "91110228348305841P", "QY_NAME": "北京鑫磊日晟市政工程有限公司", "QY_FR_NAME": "司晓磊", "QY_REGION": "110000", "QY_REGION_NAME": "北京市", "OLD_CODE": "348305841", "COLLECT_TIME": 1622263228000, "QY_SRC_TYPE": "0", "hub_crawl_status": 0}, {"RN": 432, "QY_ID": "002105291240513438", "QY_ORG_CODE": "911101165636968655", "QY_NAME": "北京中海博大国际建设有限公司", "QY_FR_NAME": "付烜", "QY_REGION": "110000", "QY_REGION_NAME": "北京市", "OLD_CODE": "563696865", "COLLECT_TIME": 1622263229000, "QY_SRC_TYPE": "0", "hub_crawl_status": 0}, {"RN": 433, "QY_ID": "002105291240513644", "QY_ORG_CODE": "91110109MA0084300L", "QY_NAME": "中建兴隆（北京）建设工程有限公司", "QY_FR_NAME": "杨同兴", "QY_REGION": "110000", "QY_REGION_NAME": "北京市", "OLD_CODE": "MA0084300", "COLLECT_TIME": 1622263229000, "QY_SRC_TYPE": "0", "hub_crawl_status": 0}, {"RN": 434, "QY_ID": "002105291240513769", "QY_ORG_CODE": "9111010959766890X1", "QY_NAME": "北京陇东建业建筑工程有限公司", "QY_FR_NAME": "路娟娟", "QY_REGION": "110000", "QY_REGION_NAME": "北京市", "OLD_CODE": "59766890X", "COLLECT_TIME": 1622263229000, "QY_SRC_TYPE": "0", "hub_crawl_status": 0}, {"RN": 435, "QY_ID": "002105291240513809", "QY_ORG_CODE": "91110117700035861R", "QY_NAME": "北京义联建筑工程有限公司", "QY_FR_NAME": "崔继东", "QY_REGION": "110000", "QY_REGION_NAME": "北京市", "OLD_CODE": "700035861", "COLLECT_TIME": 1622263229000, "QY_SRC_TYPE": "0", "hub_crawl_status": 0}]