[{"QY_FR_NAME": "王玉生", "QY_REGION": "110000", "QY_NAME": "北京中航世纪医疗净化工程有限公司", "QY_REGION_NAME": "北京市", "QY_ORG_CODE": "91110105700186811Q", "COLLECT_TIME": 1622263200000, "RN": 76, "QY_ID": "002105291240458505", "QY_SRC_TYPE": "0", "OLD_CODE": "700186811", "hub_crawl_status": 0}, {"QY_FR_NAME": "吕洪升", "QY_REGION": "110000", "QY_NAME": "北京普远轻钢彩板有限公司", "QY_REGION_NAME": "北京市", "QY_ORG_CODE": "911101117795430322", "COLLECT_TIME": 1622263200000, "RN": 77, "QY_ID": "002105291240458662", "QY_SRC_TYPE": "0", "OLD_CODE": "779543032", "hub_crawl_status": 0}, {"QY_FR_NAME": "赵明", "QY_REGION": "110000", "QY_NAME": "北京天明城钰建筑工程有限公司", "QY_REGION_NAME": "北京市", "QY_ORG_CODE": "911101135658065038", "COLLECT_TIME": 1622263200000, "RN": 78, "QY_ID": "002105291240458939", "QY_SRC_TYPE": "0", "OLD_CODE": "565806503", "hub_crawl_status": 0}, {"QY_FR_NAME": "秦文", "QY_REGION": "110000", "QY_NAME": "北京环氧环保科技发展有限公司", "QY_REGION_NAME": "北京市", "QY_ORG_CODE": "911101096787644503", "COLLECT_TIME": 1622263200000, "RN": 79, "QY_ID": "002105291240459036", "QY_SRC_TYPE": "0", "OLD_CODE": "678764450", "hub_crawl_status": 0}, {"QY_FR_NAME": "王建", "QY_REGION": "110000", "QY_NAME": "北京市佳兴园建筑工程有限公司", "QY_REGION_NAME": "北京市", "QY_ORG_CODE": "9111011580287384XE", "COLLECT_TIME": 1622263200000, "RN": 80, "QY_ID": "002105291240459302", "QY_SRC_TYPE": "0", "OLD_CODE": "80287384X", "hub_crawl_status": 0}, {"QY_FR_NAME": "王占付", "QY_REGION": "110000", "QY_NAME": "北京熠汇鸿瀛电力安装有限公司", "QY_REGION_NAME": "北京市", "QY_ORG_CODE": "91110114069591179K", "COLLECT_TIME": 1622263200000, "RN": 81, "QY_ID": "002105291240459817", "QY_SRC_TYPE": "0", "OLD_CODE": "069591179", "hub_crawl_status": 0}, {"QY_FR_NAME": "王金良", "QY_REGION": "110000", "QY_NAME": "中良华龙（北京）建筑工程有限公司", "QY_REGION_NAME": "北京市", "QY_ORG_CODE": "911101130627711186", "COLLECT_TIME": 1622263200000, "RN": 82, "QY_ID": "002105291240460249", "QY_SRC_TYPE": "0", "OLD_CODE": "062771118", "hub_crawl_status": 0}, {"QY_FR_NAME": "朱庆付", "QY_REGION": "110000", "QY_NAME": "北京安东兴盛市政建设工程有限公司", "QY_REGION_NAME": "北京市", "QY_ORG_CODE": "91110115681233511Q", "COLLECT_TIME": 1622263200000, "RN": 83, "QY_ID": "002105291240460252", "QY_SRC_TYPE": "0", "OLD_CODE": "681233511", "hub_crawl_status": 0}, {"QY_FR_NAME": "刘杨", "QY_REGION": "110000", "QY_NAME": "北京华越建筑工程有限公司", "QY_REGION_NAME": "北京市", "QY_ORG_CODE": "91110113802889681N", "COLLECT_TIME": 1622263201000, "RN": 84, "QY_ID": "002105291240460465", "QY_SRC_TYPE": "0", "OLD_CODE": "802889681", "hub_crawl_status": 0}, {"QY_FR_NAME": "崔志成", "QY_REGION": "110000", "QY_NAME": "北京隆兴顺达市政建筑工程有限公司", "QY_REGION_NAME": "北京市", "QY_ORG_CODE": "91110117760140049M", "COLLECT_TIME": 1622263201000, "RN": 85, "QY_ID": "002105291240460624", "QY_SRC_TYPE": "0", "OLD_CODE": "760140049", "hub_crawl_status": 0}, {"QY_FR_NAME": "胡南松", "QY_REGION": "110000", "QY_NAME": "弈宸能源科技有限公司", "QY_REGION_NAME": "北京市", "QY_ORG_CODE": "91110302317982372C", "COLLECT_TIME": 1622263201000, "RN": 86, "QY_ID": "002105291240460753", "QY_SRC_TYPE": "0", "OLD_CODE": "317982372", "hub_crawl_status": 0}, {"QY_FR_NAME": "侯万升", "QY_REGION": "110000", "QY_NAME": "北京顺威建设工程有限公司", "QY_REGION_NAME": "北京市", "QY_ORG_CODE": "911101136923243711", "COLLECT_TIME": 1622263201000, "RN": 87, "QY_ID": "002105291240460870", "QY_SRC_TYPE": "0", "OLD_CODE": "692324371", "hub_crawl_status": 0}, {"QY_FR_NAME": "严汉军", "QY_REGION": "110000", "QY_NAME": "北京中绿建建设工程有限公司", "QY_REGION_NAME": "北京市", "QY_ORG_CODE": "911101130573621250", "COLLECT_TIME": 1622263201000, "RN": 88, "QY_ID": "002105291240460871", "QY_SRC_TYPE": "0", "OLD_CODE": "057362125", "hub_crawl_status": 0}, {"QY_FR_NAME": "赵春汉", "QY_REGION": "110000", "QY_NAME": "北京万云通建筑工程有限公司", "QY_REGION_NAME": "北京市", "QY_ORG_CODE": "91110113569504174E", "COLLECT_TIME": 1622263201000, "RN": 89, "QY_ID": "002105291240460875", "QY_SRC_TYPE": "0", "OLD_CODE": "569504174", "hub_crawl_status": 0}, {"QY_FR_NAME": "任清涛", "QY_REGION": "110000", "QY_NAME": "北京福海新华建筑工程有限公司", "QY_REGION_NAME": "北京市", "QY_ORG_CODE": "91110106770435625H", "COLLECT_TIME": 1622263201000, "RN": 90, "QY_ID": "002105291240461331", "QY_SRC_TYPE": "0", "OLD_CODE": "770435625", "hub_crawl_status": 0}]