[{"RN": 136, "QY_ID": "002105291240469042", "QY_ORG_CODE": "91110115097319674F", "QY_NAME": "北京兴亦建筑工程有限公司", "QY_FR_NAME": "孙涛", "QY_REGION": "110000", "QY_REGION_NAME": "北京市", "OLD_CODE": "097319674", "COLLECT_TIME": 1622263205000, "QY_SRC_TYPE": "0", "hub_crawl_status": 0}, {"RN": 137, "QY_ID": "002105291240469286", "QY_ORG_CODE": "911100007355683851", "QY_NAME": "北京东方中远市政工程有限责任公司", "QY_FR_NAME": "曹义元", "QY_REGION": "110100", "QY_REGION_NAME": "北京市-市辖区", "OLD_CODE": "735568385", "COLLECT_TIME": 1622263205000, "QY_SRC_TYPE": "0", "hub_crawl_status": 0}, {"RN": 138, "QY_ID": "002105291240469952", "QY_ORG_CODE": "91110109696377980D", "QY_NAME": "北京天衡泰建设工程有限公司", "QY_FR_NAME": "任志勋", "QY_REGION": "110000", "QY_REGION_NAME": "北京市", "OLD_CODE": "696377980", "COLLECT_TIME": 1622263205000, "QY_SRC_TYPE": "0", "hub_crawl_status": 0}, {"RN": 139, "QY_ID": "002105291240469958", "QY_ORG_CODE": "911101131025618107", "QY_NAME": "北京博强建筑工程有限公司", "QY_FR_NAME": "单德民", "QY_REGION": "110000", "QY_REGION_NAME": "北京市", "OLD_CODE": "102561810", "COLLECT_TIME": 1622263205000, "QY_SRC_TYPE": "0", "hub_crawl_status": 0}, {"RN": 140, "QY_ID": "002105291240470322", "QY_ORG_CODE": "91110112802010905H", "QY_NAME": "北京天筑华清建筑工程有限公司", "QY_FR_NAME": "郭永山", "QY_REGION": "110000", "QY_REGION_NAME": "北京市", "OLD_CODE": "802010905", "COLLECT_TIME": 1622263206000, "QY_SRC_TYPE": "0", "hub_crawl_status": 0}, {"RN": 141, "QY_ID": "002105291240470326", "QY_ORG_CODE": "91110112589130245R", "QY_NAME": "北京悦通建筑工程有限公司", "QY_FR_NAME": "韩永豪", "QY_REGION": "110000", "QY_REGION_NAME": "北京市", "OLD_CODE": "589130245", "COLLECT_TIME": 1622263206000, "QY_SRC_TYPE": "0", "hub_crawl_status": 0}, {"RN": 142, "QY_ID": "002105291240470328", "QY_ORG_CODE": "91110112102395031F", "QY_NAME": "北京恒基建筑有限公司", "QY_FR_NAME": "陈福庆", "QY_REGION": "110000", "QY_REGION_NAME": "北京市", "OLD_CODE": "102395031", "COLLECT_TIME": 1622263206000, "QY_SRC_TYPE": "0", "hub_crawl_status": 0}, {"RN": 143, "QY_ID": "002105291240470527", "QY_ORG_CODE": "91110114102692052K", "QY_NAME": "北京昌园建筑工程有限责任公司", "QY_FR_NAME": "贾晓东", "QY_REGION": "110000", "QY_REGION_NAME": "北京市", "OLD_CODE": "102692052", "COLLECT_TIME": 1622263206000, "QY_SRC_TYPE": "0", "hub_crawl_status": 0}, {"RN": 144, "QY_ID": "002105291240470560", "QY_ORG_CODE": "911101067747416387", "QY_NAME": "吉姆净化工程（北京）有限公司", "QY_FR_NAME": "麻耀锋", "QY_REGION": "110000", "QY_REGION_NAME": "北京市", "OLD_CODE": "774741638", "COLLECT_TIME": 1622263206000, "QY_SRC_TYPE": "0", "hub_crawl_status": 0}, {"RN": 145, "QY_ID": "002105291240470561", "QY_ORG_CODE": "911101123066340816", "QY_NAME": "中机国建（北京）建设有限公司", "QY_FR_NAME": "杜增", "QY_REGION": "110000", "QY_REGION_NAME": "北京市", "OLD_CODE": "306634081", "COLLECT_TIME": 1622263206000, "QY_SRC_TYPE": "0", "hub_crawl_status": 0}, {"RN": 146, "QY_ID": "002105291240470562", "QY_ORG_CODE": "9111010810190384X1", "QY_NAME": "北京京铁路达市政工程处", "QY_FR_NAME": "徐亮", "QY_REGION": "110000", "QY_REGION_NAME": "北京市", "OLD_CODE": "10190384X", "COLLECT_TIME": 1622263206000, "QY_SRC_TYPE": "0", "hub_crawl_status": 0}, {"RN": 147, "QY_ID": "002105291240470564", "QY_ORG_CODE": "911101166343112302", "QY_NAME": "北京明珠建筑工程有限公司", "QY_FR_NAME": "魏征", "QY_REGION": "110000", "QY_REGION_NAME": "北京市", "OLD_CODE": "634311230", "COLLECT_TIME": 1622263206000, "QY_SRC_TYPE": "0", "hub_crawl_status": 0}, {"RN": 148, "QY_ID": "002105291240470744", "QY_ORG_CODE": "91110111590682223F", "QY_NAME": "北京市九方弘业建筑工程有限责任公司", "QY_FR_NAME": "李杏珍", "QY_REGION": "110000", "QY_REGION_NAME": "北京市", "OLD_CODE": "590682223", "COLLECT_TIME": 1622263206000, "QY_SRC_TYPE": "0", "hub_crawl_status": 0}, {"RN": 149, "QY_ID": "002105291240470748", "QY_ORG_CODE": "91110105101780958E", "QY_NAME": "北京实惠建筑装饰工程有限公司", "QY_FR_NAME": "温佐良", "QY_REGION": "110000", "QY_REGION_NAME": "北京市", "OLD_CODE": "101780958", "COLLECT_TIME": 1622263206000, "QY_SRC_TYPE": "0", "hub_crawl_status": 0}, {"RN": 150, "QY_ID": "002105291240470749", "QY_ORG_CODE": "91110111573207156G", "QY_NAME": "北京智远腾达建筑有限公司", "QY_FR_NAME": "陈东亮", "QY_REGION": "110000", "QY_REGION_NAME": "北京市", "OLD_CODE": "573207156", "COLLECT_TIME": 1622263206000, "QY_SRC_TYPE": "0", "hub_crawl_status": 0}]