[{"RN": 166, "QY_ID": "002105291240473878", "QY_ORG_CODE": "91110112717737894U", "QY_NAME": "北京恒通苑建筑工程有限公司", "QY_FR_NAME": "赵启", "QY_REGION": "110000", "QY_REGION_NAME": "北京市", "OLD_CODE": "717737894", "COLLECT_TIME": 1622263207000, "QY_SRC_TYPE": "0", "hub_crawl_status": 0}, {"RN": 167, "QY_ID": "002105291240474194", "QY_ORG_CODE": "911101086699034985", "QY_NAME": "五矿国际工程技术有限公司", "QY_FR_NAME": "何流", "QY_REGION": "110000", "QY_REGION_NAME": "北京市", "OLD_CODE": "669903498", "COLLECT_TIME": 1622263208000, "QY_SRC_TYPE": "0", "hub_crawl_status": 0}, {"RN": 168, "QY_ID": "002105291240474495", "QY_ORG_CODE": "911101170627677413", "QY_NAME": "北京国网中电电力工程有限公司", "QY_FR_NAME": "王利伟", "QY_REGION": "110000", "QY_REGION_NAME": "北京市", "OLD_CODE": "062767741", "COLLECT_TIME": 1622263208000, "QY_SRC_TYPE": "0", "hub_crawl_status": 0}, {"RN": 169, "QY_ID": "002105291240474517", "QY_ORG_CODE": "91110108679627562U", "QY_NAME": "北京赢海欣泉工程建设有限公司", "QY_FR_NAME": "陆洪地", "QY_REGION": "110000", "QY_REGION_NAME": "北京市", "OLD_CODE": "679627562", "COLLECT_TIME": 1622263208000, "QY_SRC_TYPE": "0", "hub_crawl_status": 0}, {"RN": 170, "QY_ID": "002105291240474519", "QY_ORG_CODE": "91110115676610802X", "QY_NAME": "北京修刚畜牧科技有限公司", "QY_FR_NAME": "许井林", "QY_REGION": "110000", "QY_REGION_NAME": "北京市", "OLD_CODE": "676610802", "COLLECT_TIME": 1622263208000, "QY_SRC_TYPE": "0", "hub_crawl_status": 0}, {"RN": 171, "QY_ID": "002105291240474520", "QY_ORG_CODE": "91110113762967015F", "QY_NAME": "北京华晟兴业建设工程有限责任公司", "QY_FR_NAME": "卢自君", "QY_REGION": "110000", "QY_REGION_NAME": "北京市", "OLD_CODE": "762967015", "COLLECT_TIME": 1622263208000, "QY_SRC_TYPE": "0", "hub_crawl_status": 0}, {"RN": 172, "QY_ID": "002105291240474523", "QY_ORG_CODE": "911101131025224839", "QY_NAME": "北京市龙湾屯建筑工程公司", "QY_FR_NAME": "张恩利", "QY_REGION": "110000", "QY_REGION_NAME": "北京市", "OLD_CODE": "102522483", "COLLECT_TIME": 1622263208000, "QY_SRC_TYPE": "0", "hub_crawl_status": 0}, {"RN": 173, "QY_ID": "002105291240474524", "QY_ORG_CODE": "911101153977404609", "QY_NAME": "北京首诚嘉业工程技术有限公司", "QY_FR_NAME": "谷海涛", "QY_REGION": "110000", "QY_REGION_NAME": "北京市", "OLD_CODE": "397740460", "COLLECT_TIME": 1622263208000, "QY_SRC_TYPE": "0", "hub_crawl_status": 0}, {"RN": 174, "QY_ID": "002105291240475039", "QY_ORG_CODE": "911101123512900389", "QY_NAME": "北京兆通源市政工程有限公司", "QY_FR_NAME": "霍明燃", "QY_REGION": "110000", "QY_REGION_NAME": "北京市", "OLD_CODE": "351290038", "COLLECT_TIME": 1622263208000, "QY_SRC_TYPE": "0", "hub_crawl_status": 0}, {"RN": 175, "QY_ID": "002105291240475387", "QY_ORG_CODE": "91110228744713783L", "QY_NAME": "北京隆昌兴业市政工程有限公司", "QY_FR_NAME": "支秀方", "QY_REGION": "110000", "QY_REGION_NAME": "北京市", "OLD_CODE": "744713783", "COLLECT_TIME": 1622263208000, "QY_SRC_TYPE": "0", "hub_crawl_status": 0}, {"RN": 176, "QY_ID": "002105291240475391", "QY_ORG_CODE": "911101176977057472", "QY_NAME": "北京昊之凯建筑工程有限公司", "QY_FR_NAME": "于慧永", "QY_REGION": "110000", "QY_REGION_NAME": "北京市", "OLD_CODE": "697705747", "COLLECT_TIME": 1622263208000, "QY_SRC_TYPE": "0", "hub_crawl_status": 0}, {"RN": 177, "QY_ID": "002105291240475394", "QY_ORG_CODE": "91110228MA002Q6G8N", "QY_NAME": "北京中景信建筑工程有限公司", "QY_FR_NAME": "詹新伟", "QY_REGION": "110000", "QY_REGION_NAME": "北京市", "OLD_CODE": "MA002Q6G8", "COLLECT_TIME": 1622263208000, "QY_SRC_TYPE": "0", "hub_crawl_status": 0}, {"RN": 178, "QY_ID": "002105291240475800", "QY_ORG_CODE": "911101060627917411", "QY_NAME": "北京润泽正标建筑工程有限公司", "QY_FR_NAME": "张正标", "QY_REGION": "110000", "QY_REGION_NAME": "北京市", "OLD_CODE": "062791741", "COLLECT_TIME": 1622263208000, "QY_SRC_TYPE": "0", "hub_crawl_status": 0}, {"RN": 179, "QY_ID": "002105291240476281", "QY_ORG_CODE": "911101146662938151", "QY_NAME": "北京开疆拓展建筑工程有限公司", "QY_FR_NAME": "汪洋", "QY_REGION": "110000", "QY_REGION_NAME": "北京市", "OLD_CODE": "666293815", "COLLECT_TIME": 1622263209000, "QY_SRC_TYPE": "0", "hub_crawl_status": 0}, {"RN": 180, "QY_ID": "002105291240476865", "QY_ORG_CODE": "91110113335510782G", "QY_NAME": "北京中鑫宇瑞建设工程有限公司", "QY_FR_NAME": "杨旭", "QY_REGION": "110000", "QY_REGION_NAME": "北京市", "OLD_CODE": "335510782", "COLLECT_TIME": 1622263209000, "QY_SRC_TYPE": "0", "hub_crawl_status": 0}]