[{"RN": 196, "QY_ID": "002105291240480041", "QY_ORG_CODE": "91110106553052871W", "QY_NAME": "北京千山幕墙装饰工程有限公司", "QY_FR_NAME": "杨文轻", "QY_REGION": "110000", "QY_REGION_NAME": "北京市", "OLD_CODE": "553052871", "COLLECT_TIME": 1622263211000, "QY_SRC_TYPE": "0", "hub_crawl_status": 0}, {"RN": 197, "QY_ID": "002105291240480205", "QY_ORG_CODE": "91110000771577350E", "QY_NAME": "北京政平建设投资集团有限公司", "QY_FR_NAME": "李政", "QY_REGION": "110000", "QY_REGION_NAME": "北京市", "OLD_CODE": "771577350", "COLLECT_TIME": 1622263211000, "QY_SRC_TYPE": "0", "hub_crawl_status": 0}, {"RN": 198, "QY_ID": "002105291240480484", "QY_ORG_CODE": "911101085621061577", "QY_NAME": "中博国鑫国际工程有限公司", "QY_FR_NAME": "贾发东", "QY_REGION": "110000", "QY_REGION_NAME": "北京市", "OLD_CODE": "562106157", "COLLECT_TIME": 1622263211000, "QY_SRC_TYPE": "0", "hub_crawl_status": 0}, {"RN": 199, "QY_ID": "002105291240480759", "QY_ORG_CODE": "911101146857700159", "QY_NAME": "北京安航建设工程有限公司", "QY_FR_NAME": "叶健楠", "QY_REGION": "110000", "QY_REGION_NAME": "北京市", "OLD_CODE": "685770015", "COLLECT_TIME": 1622263211000, "QY_SRC_TYPE": "0", "hub_crawl_status": 0}, {"RN": 200, "QY_ID": "002105291240481264", "QY_ORG_CODE": "911101150613329654", "QY_NAME": "北京远翔建筑装饰工程有限公司", "QY_FR_NAME": "魏玉武", "QY_REGION": "110000", "QY_REGION_NAME": "北京市", "OLD_CODE": "061332965", "COLLECT_TIME": 1622263211000, "QY_SRC_TYPE": "0", "hub_crawl_status": 0}, {"RN": 201, "QY_ID": "002105291240481269", "QY_ORG_CODE": "911101086605271740", "QY_NAME": "北京龙鼎建筑工程有限公司", "QY_FR_NAME": "王大军", "QY_REGION": "110000", "QY_REGION_NAME": "北京市", "OLD_CODE": "660527174", "COLLECT_TIME": 1622263211000, "QY_SRC_TYPE": "0", "hub_crawl_status": 0}, {"RN": 202, "QY_ID": "002105291240481270", "QY_ORG_CODE": "911101028020917098", "QY_NAME": "北京百年经典建设工程有限公司", "QY_FR_NAME": "张全", "QY_REGION": "110000", "QY_REGION_NAME": "北京市", "OLD_CODE": "802091709", "COLLECT_TIME": 1622263211000, "QY_SRC_TYPE": "0", "hub_crawl_status": 0}, {"RN": 203, "QY_ID": "002105291240481675", "QY_ORG_CODE": "911101110627706924", "QY_NAME": "北京首建开元建筑工程有限公司", "QY_FR_NAME": "李鑫硕", "QY_REGION": "110000", "QY_REGION_NAME": "北京市", "OLD_CODE": "062770692", "COLLECT_TIME": 1622263211000, "QY_SRC_TYPE": "0", "hub_crawl_status": 0}, {"RN": 204, "QY_ID": "002105291240481676", "QY_ORG_CODE": "9111011168835106XD", "QY_NAME": "中港新能源环保科技有限公司", "QY_FR_NAME": "高海军", "QY_REGION": "110000", "QY_REGION_NAME": "北京市", "OLD_CODE": "68835106X", "COLLECT_TIME": 1622263211000, "QY_SRC_TYPE": "0", "hub_crawl_status": 0}, {"RN": 205, "QY_ID": "002105291240481686", "QY_ORG_CODE": "91110111MA00410F4N", "QY_NAME": "北京瑞蓝合力建设工程有限公司", "QY_FR_NAME": "王永平", "QY_REGION": "110000", "QY_REGION_NAME": "北京市", "OLD_CODE": "MA00410F4", "COLLECT_TIME": 1622263211000, "QY_SRC_TYPE": "0", "hub_crawl_status": 0}, {"RN": 206, "QY_ID": "002105291240481879", "QY_ORG_CODE": "911101113183516605", "QY_NAME": "北京利通华程建筑工程有限公司", "QY_FR_NAME": "彭雪燕", "QY_REGION": "110000", "QY_REGION_NAME": "北京市", "OLD_CODE": "318351660", "COLLECT_TIME": 1622263211000, "QY_SRC_TYPE": "0", "hub_crawl_status": 0}, {"RN": 207, "QY_ID": "002105291240482353", "QY_ORG_CODE": "91110106790654227J", "QY_NAME": "圣龙恒基（北京）工程技术有限公司", "QY_FR_NAME": "郭玉杰", "QY_REGION": "110000", "QY_REGION_NAME": "北京市", "OLD_CODE": "790654227", "COLLECT_TIME": 1622263212000, "QY_SRC_TYPE": "0", "hub_crawl_status": 0}, {"RN": 208, "QY_ID": "002105291240482720", "QY_ORG_CODE": "91110228089685025N", "QY_NAME": "北京乾诚恒远建设工程有限公司", "QY_FR_NAME": "廖林春", "QY_REGION": "110000", "QY_REGION_NAME": "北京市", "OLD_CODE": "089685025", "COLLECT_TIME": 1622263212000, "QY_SRC_TYPE": "0", "hub_crawl_status": 0}, {"RN": 209, "QY_ID": "002105291240482722", "QY_ORG_CODE": "91110228692309227A", "QY_NAME": "北京凯琳建筑工程有限公司", "QY_FR_NAME": "尚荣民", "QY_REGION": "110000", "QY_REGION_NAME": "北京市", "OLD_CODE": "692309227", "COLLECT_TIME": 1622263212000, "QY_SRC_TYPE": "0", "hub_crawl_status": 0}, {"RN": 210, "QY_ID": "002105291240482731", "QY_ORG_CODE": "91110114696382966Q", "QY_NAME": "北京华电华商电力技术有限公司", "QY_FR_NAME": "袁煜飞", "QY_REGION": "110000", "QY_REGION_NAME": "北京市", "OLD_CODE": "696382966", "COLLECT_TIME": 1622263212000, "QY_SRC_TYPE": "0", "hub_crawl_status": 0}]