[{"RN": 316, "QY_ID": "002105291240504095", "QY_ORG_CODE": "911101076908391608", "QY_NAME": "北京占薪昊林建设工程有限公司", "QY_FR_NAME": "程健", "QY_REGION": "110000", "QY_REGION_NAME": "北京市", "OLD_CODE": "690839160", "COLLECT_TIME": 1622263224000, "QY_SRC_TYPE": "0", "hub_crawl_status": 0}, {"RN": 317, "QY_ID": "002105291240504265", "QY_ORG_CODE": "91110111MA005Q2R9R", "QY_NAME": "北京华鼎众星建筑工程有限公司", "QY_FR_NAME": "王靖烽", "QY_REGION": "110000", "QY_REGION_NAME": "北京市", "OLD_CODE": "MA005Q2R9", "COLLECT_TIME": 1622263224000, "QY_SRC_TYPE": "0", "hub_crawl_status": 0}, {"RN": 318, "QY_ID": "002105291240504388", "QY_ORG_CODE": "91110115678219428Y", "QY_NAME": "北京静坤德润建筑工程有限公司", "QY_FR_NAME": "刘鹏", "QY_REGION": "110000", "QY_REGION_NAME": "北京市", "OLD_CODE": "678219428", "COLLECT_TIME": 1622263224000, "QY_SRC_TYPE": "0", "hub_crawl_status": 0}, {"RN": 319, "QY_ID": "002105291240504406", "QY_ORG_CODE": "91110113MA004DY35B", "QY_NAME": "北京康弘顺泰建筑工程有限公司", "QY_FR_NAME": "李振宪", "QY_REGION": "110000", "QY_REGION_NAME": "北京市", "OLD_CODE": "MA004DY35", "COLLECT_TIME": 1622263224000, "QY_SRC_TYPE": "0", "hub_crawl_status": 0}, {"RN": 320, "QY_ID": "002105291240504498", "QY_ORG_CODE": "9111010663370215XC", "QY_NAME": "北京建兴泰建设科技有限责任公司", "QY_FR_NAME": "夏春阳", "QY_REGION": "110000", "QY_REGION_NAME": "北京市", "OLD_CODE": "63370215X", "COLLECT_TIME": 1622263224000, "QY_SRC_TYPE": "0", "hub_crawl_status": 0}, {"RN": 321, "QY_ID": "002105291240504526", "QY_ORG_CODE": "9111011310253779XP", "QY_NAME": "北京市跃畅金属门窗有限公司", "QY_FR_NAME": "柴华明", "QY_REGION": "110000", "QY_REGION_NAME": "北京市", "OLD_CODE": "10253779X", "COLLECT_TIME": 1622263224000, "QY_SRC_TYPE": "0", "hub_crawl_status": 0}, {"RN": 322, "QY_ID": "002105291240504702", "QY_ORG_CODE": "91110109MA003R8WXQ", "QY_NAME": "中冶信达（北京）建设工程有限公司", "QY_FR_NAME": "尹雪", "QY_REGION": "110000", "QY_REGION_NAME": "北京市", "OLD_CODE": "MA003R8WX", "COLLECT_TIME": 1622263224000, "QY_SRC_TYPE": "0", "hub_crawl_status": 0}, {"RN": 323, "QY_ID": "002105291240504705", "QY_ORG_CODE": "9111022910305591XG", "QY_NAME": "北京市京强建筑有限责任公司", "QY_FR_NAME": "翟宏辉", "QY_REGION": "110000", "QY_REGION_NAME": "北京市", "OLD_CODE": "10305591X", "COLLECT_TIME": 1622263224000, "QY_SRC_TYPE": "0", "hub_crawl_status": 0}, {"RN": 324, "QY_ID": "002105291240504706", "QY_ORG_CODE": "9111022807655240XH", "QY_NAME": "北京鹏云建筑工程有限公司", "QY_FR_NAME": "何森", "QY_REGION": "110000", "QY_REGION_NAME": "北京市", "OLD_CODE": "07655240X", "COLLECT_TIME": 1622263224000, "QY_SRC_TYPE": "0", "hub_crawl_status": 0}, {"RN": 325, "QY_ID": "002105291240504729", "QY_ORG_CODE": "91110302339781037T", "QY_NAME": "北京顺祥隆建设工程有限公司", "QY_FR_NAME": "苏洁", "QY_REGION": "110000", "QY_REGION_NAME": "北京市", "OLD_CODE": "339781037", "COLLECT_TIME": 1622263224000, "QY_SRC_TYPE": "0", "hub_crawl_status": 0}, {"RN": 326, "QY_ID": "002105291240504801", "QY_ORG_CODE": "91110109MA0067LN02", "QY_NAME": "北京晨鑫建设工程有限公司", "QY_FR_NAME": "杨先端", "QY_REGION": "110000", "QY_REGION_NAME": "北京市", "OLD_CODE": "MA0067LN0", "COLLECT_TIME": 1622263224000, "QY_SRC_TYPE": "0", "hub_crawl_status": 0}, {"RN": 327, "QY_ID": "002105291240504836", "QY_ORG_CODE": "911101145858849044", "QY_NAME": "北京国电京网电力工程有限公司", "QY_FR_NAME": "黄永红", "QY_REGION": "110000", "QY_REGION_NAME": "北京市", "OLD_CODE": "585884904", "COLLECT_TIME": 1622263224000, "QY_SRC_TYPE": "0", "hub_crawl_status": 0}, {"RN": 328, "QY_ID": "002105291240504898", "QY_ORG_CODE": "91110109MA0013F06X", "QY_NAME": "中工建业（北京）建设有限公司", "QY_FR_NAME": "陈凤年", "QY_REGION": "110000", "QY_REGION_NAME": "北京市", "OLD_CODE": "MA0013F06", "COLLECT_TIME": 1622263224000, "QY_SRC_TYPE": "0", "hub_crawl_status": 0}, {"RN": 329, "QY_ID": "002105291240504899", "QY_ORG_CODE": "91110109MA003R8AX6", "QY_NAME": "中泰华远（北京）建设工程有限公司", "QY_FR_NAME": "孟建城", "QY_REGION": "110000", "QY_REGION_NAME": "北京市", "OLD_CODE": "MA003R8AX", "COLLECT_TIME": 1622263224000, "QY_SRC_TYPE": "0", "hub_crawl_status": 0}, {"RN": 330, "QY_ID": "002105291240504901", "QY_ORG_CODE": "91110109599626308W", "QY_NAME": "北京金博盛华建筑工程有限公司", "QY_FR_NAME": "王亮亮", "QY_REGION": "110000", "QY_REGION_NAME": "北京市", "OLD_CODE": "599626308", "COLLECT_TIME": 1622263224000, "QY_SRC_TYPE": "0", "hub_crawl_status": 0}]