[{"RN": 391, "QY_ID": "002105291240509161", "QY_ORG_CODE": "91110109MA0084D12L", "QY_NAME": "中工益强建设工程（北京）有限公司", "QY_FR_NAME": "李强", "QY_REGION": "110000", "QY_REGION_NAME": "北京市", "OLD_CODE": "MA0084D12", "COLLECT_TIME": 1622263226000, "QY_SRC_TYPE": "0", "hub_crawl_status": 0}, {"RN": 392, "QY_ID": "002105291240509249", "QY_ORG_CODE": "911101157355976108", "QY_NAME": "北京鑫业永华体育设施有限责任公司", "QY_FR_NAME": "温倩", "QY_REGION": "110000", "QY_REGION_NAME": "北京市", "OLD_CODE": "735597610", "COLLECT_TIME": 1622263226000, "QY_SRC_TYPE": "0", "hub_crawl_status": 0}, {"RN": 393, "QY_ID": "002105291240509413", "QY_ORG_CODE": "911101163442780305", "QY_NAME": "北京恒昊建设工程有限公司", "QY_FR_NAME": "苑艳华", "QY_REGION": "110000", "QY_REGION_NAME": "北京市", "OLD_CODE": "344278030", "COLLECT_TIME": 1622263227000, "QY_SRC_TYPE": "0", "hub_crawl_status": 0}, {"RN": 394, "QY_ID": "002105291240509414", "QY_ORG_CODE": "91110114666288733K", "QY_NAME": "北京源立伟业建筑工程有限责任公司", "QY_FR_NAME": "赵加勤", "QY_REGION": "110000", "QY_REGION_NAME": "北京市", "OLD_CODE": "666288733", "COLLECT_TIME": 1622263227000, "QY_SRC_TYPE": "0", "hub_crawl_status": 0}, {"RN": 395, "QY_ID": "002105291240509626", "QY_ORG_CODE": "91110109399659172C", "QY_NAME": "中核众力（北京）建设有限公司", "QY_FR_NAME": "张晓凯", "QY_REGION": "110000", "QY_REGION_NAME": "北京市", "OLD_CODE": "399659172", "COLLECT_TIME": 1622263227000, "QY_SRC_TYPE": "0", "hub_crawl_status": 0}, {"RN": 396, "QY_ID": "002105291240509733", "QY_ORG_CODE": "91110117MA006QR45Q", "QY_NAME": "中建燕京（北京）建设工程有限公司", "QY_FR_NAME": "卢章平", "QY_REGION": "110000", "QY_REGION_NAME": "北京市", "OLD_CODE": "MA006QR45", "COLLECT_TIME": 1622263227000, "QY_SRC_TYPE": "0", "hub_crawl_status": 0}, {"RN": 397, "QY_ID": "002105291240509736", "QY_ORG_CODE": "91110115633082958M", "QY_NAME": "北京长丰源建设集团有限公司", "QY_FR_NAME": "赵长江", "QY_REGION": "110000", "QY_REGION_NAME": "北京市", "OLD_CODE": "633082958", "COLLECT_TIME": 1622263227000, "QY_SRC_TYPE": "0", "hub_crawl_status": 0}, {"RN": 398, "QY_ID": "002105291240509737", "QY_ORG_CODE": "911101087861633292", "QY_NAME": "北京古悦金来古建筑装修装饰工程有限公司", "QY_FR_NAME": "李新盛", "QY_REGION": "110000", "QY_REGION_NAME": "北京市", "OLD_CODE": "786163329", "COLLECT_TIME": 1622263227000, "QY_SRC_TYPE": "0", "hub_crawl_status": 0}, {"RN": 399, "QY_ID": "002105291240509975", "QY_ORG_CODE": "91110116MA004F00X2", "QY_NAME": "北京北特建筑装饰工程有限公司", "QY_FR_NAME": "白兰", "QY_REGION": "110000", "QY_REGION_NAME": "北京市", "OLD_CODE": "MA004F00X", "COLLECT_TIME": 1622263227000, "QY_SRC_TYPE": "0", "hub_crawl_status": 0}, {"RN": 400, "QY_ID": "002105291240509989", "QY_ORG_CODE": "911101086259072431", "QY_NAME": "北京中建海外装饰工程有限公司", "QY_FR_NAME": "褚军", "QY_REGION": "110000", "QY_REGION_NAME": "北京市", "OLD_CODE": "625907243", "COLLECT_TIME": 1622263227000, "QY_SRC_TYPE": "0", "hub_crawl_status": 0}, {"RN": 401, "QY_ID": "002105291240510073", "QY_ORG_CODE": "91110114788996172R", "QY_NAME": "筑九城（北京）建设有限公司", "QY_FR_NAME": "丁继永", "QY_REGION": "110000", "QY_REGION_NAME": "北京市", "OLD_CODE": "788996172", "COLLECT_TIME": 1622263227000, "QY_SRC_TYPE": "0", "hub_crawl_status": 0}, {"RN": 402, "QY_ID": "002105291240510075", "QY_ORG_CODE": "91110106306726867P", "QY_NAME": "天弘伟业（北京）建设工程有限公司", "QY_FR_NAME": "程小宾", "QY_REGION": "110000", "QY_REGION_NAME": "北京市", "OLD_CODE": "306726867", "COLLECT_TIME": 1622263227000, "QY_SRC_TYPE": "0", "hub_crawl_status": 0}, {"RN": 403, "QY_ID": "002105291240510088", "QY_ORG_CODE": "91110114MA006RKL2R", "QY_NAME": "北京国丰盛祥建设有限公司", "QY_FR_NAME": "孟庆国", "QY_REGION": "110000", "QY_REGION_NAME": "北京市", "OLD_CODE": "MA006RKL2", "COLLECT_TIME": 1622263227000, "QY_SRC_TYPE": "0", "hub_crawl_status": 0}, {"RN": 404, "QY_ID": "002105291240510092", "QY_ORG_CODE": "911101137899622143", "QY_NAME": "北京宏运嘉建筑工程有限公司", "QY_FR_NAME": "商广梁", "QY_REGION": "110000", "QY_REGION_NAME": "北京市", "OLD_CODE": "789962214", "COLLECT_TIME": 1622263227000, "QY_SRC_TYPE": "0", "hub_crawl_status": 0}, {"RN": 405, "QY_ID": "002105291240510214", "QY_ORG_CODE": "911101085548762748", "QY_NAME": "北京阳光普迪建筑工程有限公司", "QY_FR_NAME": "孙世磊", "QY_REGION": "110000", "QY_REGION_NAME": "北京市", "OLD_CODE": "554876274", "COLLECT_TIME": 1622263227000, "QY_SRC_TYPE": "0", "hub_crawl_status": 0}]