[{"RN": 226, "QY_ID": "002105291240488855", "QY_ORG_CODE": "91110109306339939Y", "QY_NAME": "北京中天嘉园建筑有限公司", "QY_FR_NAME": "鲍振波", "QY_REGION": "110000", "QY_REGION_NAME": "北京市", "OLD_CODE": "306339939", "COLLECT_TIME": 1622263215000, "QY_SRC_TYPE": "0", "hub_crawl_status": 0}, {"RN": 227, "QY_ID": "002105291240488901", "QY_ORG_CODE": "911101166782343296", "QY_NAME": "北京鼎立吉业建筑工程有限公司", "QY_FR_NAME": "王长纲", "QY_REGION": "110000", "QY_REGION_NAME": "北京市", "OLD_CODE": "678234329", "COLLECT_TIME": 1622263215000, "QY_SRC_TYPE": "0", "hub_crawl_status": 0}, {"RN": 228, "QY_ID": "002105291240489579", "QY_ORG_CODE": "91110113778620083E", "QY_NAME": "北京中鑫元泰建设工程有限公司", "QY_FR_NAME": "苏补全", "QY_REGION": "110000", "QY_REGION_NAME": "北京市", "OLD_CODE": "778620083", "COLLECT_TIME": 1622263215000, "QY_SRC_TYPE": "0", "hub_crawl_status": 0}, {"RN": 229, "QY_ID": "002105291240490180", "QY_ORG_CODE": "91110302755280346E", "QY_NAME": "北京高丰建筑工程有限公司", "QY_FR_NAME": "余雷", "QY_REGION": "110000", "QY_REGION_NAME": "北京市", "OLD_CODE": "755280346", "COLLECT_TIME": 1622263215000, "QY_SRC_TYPE": "0", "hub_crawl_status": 0}, {"RN": 230, "QY_ID": "002105291240490204", "QY_ORG_CODE": "911101151028582949", "QY_NAME": "北京市大兴区庞各庄建筑工程公司", "QY_FR_NAME": "王飞", "QY_REGION": "110000", "QY_REGION_NAME": "北京市", "OLD_CODE": "102858294", "COLLECT_TIME": 1622263215000, "QY_SRC_TYPE": "0", "hub_crawl_status": 0}, {"RN": 231, "QY_ID": "002105291240491611", "QY_ORG_CODE": "91110112772582274J", "QY_NAME": "瑞德浩特国际建筑工程（北京）有限公司", "QY_FR_NAME": "师海峰", "QY_REGION": "110000", "QY_REGION_NAME": "北京市", "OLD_CODE": "772582274", "COLLECT_TIME": 1622263216000, "QY_SRC_TYPE": "0", "hub_crawl_status": 0}, {"RN": 232, "QY_ID": "002105291240492360", "QY_ORG_CODE": "9111010863371437XW", "QY_NAME": "北京城建弘志拆迁工程有限责任公司", "QY_FR_NAME": "王立才", "QY_REGION": "110000", "QY_REGION_NAME": "北京市", "OLD_CODE": "63371437X", "COLLECT_TIME": 1622263216000, "QY_SRC_TYPE": "0", "hub_crawl_status": 0}, {"RN": 233, "QY_ID": "002105291240492375", "QY_ORG_CODE": "91110115788963370G", "QY_NAME": "北京龙熙伟业建筑装饰工程有限公司", "QY_FR_NAME": "张建彪", "QY_REGION": "110000", "QY_REGION_NAME": "北京市", "OLD_CODE": "788963370", "COLLECT_TIME": 1622263216000, "QY_SRC_TYPE": "0", "hub_crawl_status": 0}, {"RN": 234, "QY_ID": "002105291240492377", "QY_ORG_CODE": "91110115102865806A", "QY_NAME": "北京兴广厦建筑工程有限责任公司", "QY_FR_NAME": "李久峰", "QY_REGION": "110000", "QY_REGION_NAME": "北京市", "OLD_CODE": "102865806", "COLLECT_TIME": 1622263216000, "QY_SRC_TYPE": "0", "hub_crawl_status": 0}, {"RN": 235, "QY_ID": "002105291240493292", "QY_ORG_CODE": "91110105777070438X", "QY_NAME": "北京四环天泰建筑装饰工程有限公司", "QY_FR_NAME": "赵宝路", "QY_REGION": "110000", "QY_REGION_NAME": "北京市", "OLD_CODE": "777070438", "COLLECT_TIME": 1622263217000, "QY_SRC_TYPE": "0", "hub_crawl_status": 0}, {"RN": 236, "QY_ID": "002105291240493311", "QY_ORG_CODE": "91110228752157473L", "QY_NAME": "北京中海德建设工程有限公司", "QY_FR_NAME": "闫勤霞", "QY_REGION": "110000", "QY_REGION_NAME": "北京市", "OLD_CODE": "752157473", "COLLECT_TIME": 1622263217000, "QY_SRC_TYPE": "0", "hub_crawl_status": 0}, {"RN": 237, "QY_ID": "002105291240493313", "QY_ORG_CODE": "91110109575189780D", "QY_NAME": "光大远通建设工程有限公司", "QY_FR_NAME": "王乃全", "QY_REGION": "110000", "QY_REGION_NAME": "北京市", "OLD_CODE": "575189780", "COLLECT_TIME": 1622263217000, "QY_SRC_TYPE": "0", "hub_crawl_status": 0}, {"RN": 238, "QY_ID": "002105291240493314", "QY_ORG_CODE": "91110228769949311B", "QY_NAME": "北京益都建筑工程有限责任公司", "QY_FR_NAME": "陈良虎", "QY_REGION": "110000", "QY_REGION_NAME": "北京市", "OLD_CODE": "769949311", "COLLECT_TIME": 1622263217000, "QY_SRC_TYPE": "0", "hub_crawl_status": 0}, {"RN": 239, "QY_ID": "002105291240493446", "QY_ORG_CODE": "91110302672804757X", "QY_NAME": "北京健安诚岩土工程有限公司", "QY_FR_NAME": "石健", "QY_REGION": "110000", "QY_REGION_NAME": "北京市", "OLD_CODE": "672804757", "COLLECT_TIME": 1622263217000, "QY_SRC_TYPE": "0", "hub_crawl_status": 0}, {"RN": 240, "QY_ID": "002105291240494828", "QY_ORG_CODE": "91110228MA00286248", "QY_NAME": "北京华腾兴业建设工程有限公司", "QY_FR_NAME": "余华童", "QY_REGION": "110000", "QY_REGION_NAME": "北京市", "OLD_CODE": "MA0028624", "COLLECT_TIME": 1622263218000, "QY_SRC_TYPE": "0", "hub_crawl_status": 0}]