[{"RN": 241, "QY_ID": "002105291240495266", "QY_ORG_CODE": "91110106744716327Q", "QY_NAME": "北京国电富通科技发展有限责任公司", "QY_FR_NAME": "俞葆青", "QY_REGION": "110000", "QY_REGION_NAME": "北京市", "OLD_CODE": "744716327", "COLLECT_TIME": 1622263218000, "QY_SRC_TYPE": "0", "hub_crawl_status": 0}, {"RN": 242, "QY_ID": "002105291240495406", "QY_ORG_CODE": "911101078021062965", "QY_NAME": "北京北方诚信装饰工程有限公司", "QY_FR_NAME": "徐衡", "QY_REGION": "110000", "QY_REGION_NAME": "北京市", "OLD_CODE": "802106296", "COLLECT_TIME": 1622263218000, "QY_SRC_TYPE": "0", "hub_crawl_status": 0}, {"RN": 243, "QY_ID": "002105291240495560", "QY_ORG_CODE": "91110117357957702E", "QY_NAME": "北京中润宏通建筑工程有限公司", "QY_FR_NAME": "胡润宏", "QY_REGION": "110000", "QY_REGION_NAME": "北京市", "OLD_CODE": "357957702", "COLLECT_TIME": 1622263218000, "QY_SRC_TYPE": "0", "hub_crawl_status": 0}, {"RN": 244, "QY_ID": "002105291240495765", "QY_ORG_CODE": "91110102600454647E", "QY_NAME": "北京北方天宇医疗建筑科技有限公司", "QY_FR_NAME": "曹海", "QY_REGION": "110000", "QY_REGION_NAME": "北京市", "OLD_CODE": "600454647", "COLLECT_TIME": 1622263219000, "QY_SRC_TYPE": "0", "hub_crawl_status": 0}, {"RN": 245, "QY_ID": "002105291240495766", "QY_ORG_CODE": "91110229786180102B", "QY_NAME": "北京金安泰路桥工程有限责任公司", "QY_FR_NAME": "司艳华", "QY_REGION": "110000", "QY_REGION_NAME": "北京市", "OLD_CODE": "786180102", "COLLECT_TIME": 1622263219000, "QY_SRC_TYPE": "0", "hub_crawl_status": 0}, {"RN": 246, "QY_ID": "002105291240496706", "QY_ORG_CODE": "911101173303130938", "QY_NAME": "北京红景天成建筑工程有限公司", "QY_FR_NAME": "张联众", "QY_REGION": "110000", "QY_REGION_NAME": "北京市", "OLD_CODE": "330313093", "COLLECT_TIME": 1622263219000, "QY_SRC_TYPE": "0", "hub_crawl_status": 0}, {"RN": 247, "QY_ID": "002105291240496707", "QY_ORG_CODE": "91110112352943838X", "QY_NAME": "北京京电华光电力建设有限公司", "QY_FR_NAME": "郑洪艳", "QY_REGION": "110000", "QY_REGION_NAME": "北京市", "OLD_CODE": "352943838", "COLLECT_TIME": 1622263219000, "QY_SRC_TYPE": "0", "hub_crawl_status": 0}, {"RN": 248, "QY_ID": "002105291240497029", "QY_ORG_CODE": "91110115573161370M", "QY_NAME": "北京远洲鼎诚建筑工程有限公司", "QY_FR_NAME": "封艳兵", "QY_REGION": "110000", "QY_REGION_NAME": "北京市", "OLD_CODE": "573161370", "COLLECT_TIME": 1622263219000, "QY_SRC_TYPE": "0", "hub_crawl_status": 0}, {"RN": 249, "QY_ID": "002105291240497030", "QY_ORG_CODE": "91110111795996648R", "QY_NAME": "北京华风诚信建筑工程有限公司", "QY_FR_NAME": "袁军", "QY_REGION": "110000", "QY_REGION_NAME": "北京市", "OLD_CODE": "795996648", "COLLECT_TIME": 1622263219000, "QY_SRC_TYPE": "0", "hub_crawl_status": 0}, {"RN": 250, "QY_ID": "002105291240497299", "QY_ORG_CODE": "91110101771963411C", "QY_NAME": "中隧隧盾国际建设工程有限公司", "QY_FR_NAME": "李平", "QY_REGION": "110000", "QY_REGION_NAME": "北京市", "OLD_CODE": "771963411", "COLLECT_TIME": 1622263219000, "QY_SRC_TYPE": "0", "hub_crawl_status": 0}, {"RN": 251, "QY_ID": "002105291240497605", "QY_ORG_CODE": "91110117723562496T", "QY_NAME": "北京新腾建设工程有限公司", "QY_FR_NAME": "李宇东", "QY_REGION": "110000", "QY_REGION_NAME": "北京市", "OLD_CODE": "723562496", "COLLECT_TIME": 1622263220000, "QY_SRC_TYPE": "0", "hub_crawl_status": 0}, {"RN": 252, "QY_ID": "002105291240497790", "QY_ORG_CODE": "91110109MA004QNU11", "QY_NAME": "北京兴超宏扬机电安装工程有限公司", "QY_FR_NAME": "张超", "QY_REGION": "110000", "QY_REGION_NAME": "北京市", "OLD_CODE": "MA004QNU1", "COLLECT_TIME": 1622263220000, "QY_SRC_TYPE": "0", "hub_crawl_status": 0}, {"RN": 253, "QY_ID": "002105291240498077", "QY_ORG_CODE": "91110111MA00463Y25", "QY_NAME": "北京和顺昌鑫建筑工程有限公司", "QY_FR_NAME": "高来学", "QY_REGION": "110000", "QY_REGION_NAME": "北京市", "OLD_CODE": "MA00463Y2", "COLLECT_TIME": 1622263220000, "QY_SRC_TYPE": "0", "hub_crawl_status": 0}, {"RN": 254, "QY_ID": "002105291240498374", "QY_ORG_CODE": "9111011705922966X2", "QY_NAME": "北京众扩装饰工程有限公司", "QY_FR_NAME": "周大鹏", "QY_REGION": "110000", "QY_REGION_NAME": "北京市", "OLD_CODE": "05922966X", "COLLECT_TIME": 1622263220000, "QY_SRC_TYPE": "0", "hub_crawl_status": 0}, {"RN": 255, "QY_ID": "002105291240498541", "QY_ORG_CODE": "91110116MA003MWA91", "QY_NAME": "北京钱江建设工程有限公司", "QY_FR_NAME": "张永江", "QY_REGION": "110000", "QY_REGION_NAME": "北京市", "OLD_CODE": "MA003MWA9", "COLLECT_TIME": 1622263220000, "QY_SRC_TYPE": "0", "hub_crawl_status": 0}]