[{"RN": 271, "QY_ID": "002105291240501051", "QY_ORG_CODE": "91110115788606760M", "QY_NAME": "北京天恒宇建筑工程有限公司", "QY_FR_NAME": "袁光军", "QY_REGION": "110000", "QY_REGION_NAME": "北京市", "OLD_CODE": "788606760", "COLLECT_TIME": 1622263222000, "QY_SRC_TYPE": "0", "hub_crawl_status": 0}, {"RN": 272, "QY_ID": "002105291240501157", "QY_ORG_CODE": "91110109MA0042AF0E", "QY_NAME": "中建信恒（北京）建设工程有限公司", "QY_FR_NAME": "胡龙风", "QY_REGION": "110000", "QY_REGION_NAME": "北京市", "OLD_CODE": "MA0042AF0", "COLLECT_TIME": 1622263222000, "QY_SRC_TYPE": "0", "hub_crawl_status": 0}, {"RN": 273, "QY_ID": "002105291240501270", "QY_ORG_CODE": "91110114MA003TME7E", "QY_NAME": "北京宏成建设工程有限公司", "QY_FR_NAME": "高博", "QY_REGION": "110000", "QY_REGION_NAME": "北京市", "OLD_CODE": "MA003TME7", "COLLECT_TIME": 1622263222000, "QY_SRC_TYPE": "0", "hub_crawl_status": 0}, {"RN": 274, "QY_ID": "002105291240501277", "QY_ORG_CODE": "911101145768614953", "QY_NAME": "北京环铁兴业建筑安装有限责任公司", "QY_FR_NAME": "章江涛", "QY_REGION": "110000", "QY_REGION_NAME": "北京市", "OLD_CODE": "576861495", "COLLECT_TIME": 1622263222000, "QY_SRC_TYPE": "0", "hub_crawl_status": 0}, {"RN": 275, "QY_ID": "002105291240501486", "QY_ORG_CODE": "91110302MA004YUL40", "QY_NAME": "北京城建强丽建设有限公司", "QY_FR_NAME": "张卫强", "QY_REGION": "110000", "QY_REGION_NAME": "北京市", "OLD_CODE": "MA004YUL4", "COLLECT_TIME": 1622263222000, "QY_SRC_TYPE": "0", "hub_crawl_status": 0}, {"RN": 276, "QY_ID": "002105291240501577", "QY_ORG_CODE": "91110114102711647H", "QY_NAME": "北京百环建筑装饰装璜有限公司", "QY_FR_NAME": "赵晓月", "QY_REGION": "110000", "QY_REGION_NAME": "北京市", "OLD_CODE": "102711647", "COLLECT_TIME": 1622263222000, "QY_SRC_TYPE": "0", "hub_crawl_status": 0}, {"RN": 277, "QY_ID": "002105291240501831", "QY_ORG_CODE": "91110115789963495X", "QY_NAME": "北京万象伟业建筑工程有限公司", "QY_FR_NAME": "吴正涛", "QY_REGION": "110000", "QY_REGION_NAME": "北京市", "OLD_CODE": "789963495", "COLLECT_TIME": 1622263223000, "QY_SRC_TYPE": "0", "hub_crawl_status": 0}, {"RN": 278, "QY_ID": "002105291240501943", "QY_ORG_CODE": "91110117740090515J", "QY_NAME": "北京凯捷体育场地设施工程有限公司", "QY_FR_NAME": "沈洁", "QY_REGION": "110000", "QY_REGION_NAME": "北京市", "OLD_CODE": "740090515", "COLLECT_TIME": 1622263223000, "QY_SRC_TYPE": "0", "hub_crawl_status": 0}, {"RN": 279, "QY_ID": "002105291240502046", "QY_ORG_CODE": "91110112MA0029X109", "QY_NAME": "北京小象建筑装饰工程有限公司", "QY_FR_NAME": "王昆仑", "QY_REGION": "110000", "QY_REGION_NAME": "北京市", "OLD_CODE": "MA0029X10", "COLLECT_TIME": 1622263223000, "QY_SRC_TYPE": "0", "hub_crawl_status": 0}, {"RN": 280, "QY_ID": "002105291240502114", "QY_ORG_CODE": "9111010755683254XM", "QY_NAME": "北京金翅鸟建筑装饰工程有限公司", "QY_FR_NAME": "徐辉", "QY_REGION": "110000", "QY_REGION_NAME": "北京市", "OLD_CODE": "55683254X", "COLLECT_TIME": 1622263223000, "QY_SRC_TYPE": "0", "hub_crawl_status": 0}, {"RN": 281, "QY_ID": "002105291240502118", "QY_ORG_CODE": "91110115MA0052TC2R", "QY_NAME": "北京宏洋立通市政工程有限公司", "QY_FR_NAME": "史有红", "QY_REGION": "110000", "QY_REGION_NAME": "北京市", "OLD_CODE": "MA0052TC2", "COLLECT_TIME": 1622263223000, "QY_SRC_TYPE": "0", "hub_crawl_status": 0}, {"RN": 282, "QY_ID": "002105291240502122", "QY_ORG_CODE": "91110111792125193E", "QY_NAME": "北京富宏建设有限公司", "QY_FR_NAME": "程富远", "QY_REGION": "110000", "QY_REGION_NAME": "北京市", "OLD_CODE": "792125193", "COLLECT_TIME": 1622263223000, "QY_SRC_TYPE": "0", "hub_crawl_status": 0}, {"RN": 283, "QY_ID": "002105291240502126", "QY_ORG_CODE": "91110116MA001HA964", "QY_NAME": "北京对外建设工程有限公司", "QY_FR_NAME": "栾建伟", "QY_REGION": "110000", "QY_REGION_NAME": "北京市", "OLD_CODE": "MA001HA96", "COLLECT_TIME": 1622263223000, "QY_SRC_TYPE": "0", "hub_crawl_status": 0}, {"RN": 284, "QY_ID": "002105291240502136", "QY_ORG_CODE": "911103025585581935", "QY_NAME": "中交四公局第二工程有限公司", "QY_FR_NAME": "唐峰", "QY_REGION": "110000", "QY_REGION_NAME": "北京市", "OLD_CODE": "558558193", "COLLECT_TIME": 1622263223000, "QY_SRC_TYPE": "0", "hub_crawl_status": 0}, {"RN": 285, "QY_ID": "002105291240502196", "QY_ORG_CODE": "91110114755283555F", "QY_NAME": "北京市明十三陵建筑工程中心", "QY_FR_NAME": "宋新兴", "QY_REGION": "110000", "QY_REGION_NAME": "北京市", "OLD_CODE": "755283555", "COLLECT_TIME": 1622263223000, "QY_SRC_TYPE": "0", "hub_crawl_status": 0}]