[{"QY_FR_NAME": "李玉刚", "QY_REGION": "110000", "QY_NAME": "北京中领工程设计咨询有限公司", "QY_REGION_NAME": "北京市", "QY_ORG_CODE": "911101026336335962", "COLLECT_TIME": 1622263278000, "RN": 1, "QY_ID": "002105291241587807", "QY_SRC_TYPE": "0", "OLD_CODE": "633633596", "hub_crawl_status": 0}, {"QY_FR_NAME": "徐宏声", "QY_REGION": "110000", "QY_NAME": "北京市勘察设计研究院有限公司", "QY_REGION_NAME": "北京市", "QY_ORG_CODE": "91110108668419194P", "COLLECT_TIME": 1622263303000, "RN": 2, "QY_ID": "002105291241616463", "QY_SRC_TYPE": "0", "OLD_CODE": "668419194", "hub_crawl_status": 0}, {"QY_FR_NAME": "艾万发", "QY_REGION": "110000", "QY_NAME": "北京石大东方工程设计有限公司", "QY_REGION_NAME": "北京市", "QY_ORG_CODE": "911101147481407831", "COLLECT_TIME": 1622263346000, "RN": 3, "QY_ID": "002105291242644715", "QY_SRC_TYPE": "0", "OLD_CODE": "748140783", "hub_crawl_status": 0}, {"QY_FR_NAME": "余友君", "QY_REGION": "110000", "QY_NAME": "北京中天正通工程设计有限公司", "QY_REGION_NAME": "北京市", "QY_ORG_CODE": "91110106748138229G", "COLLECT_TIME": 1622264067000, "RN": 4, "QY_ID": "002105291254736646", "QY_SRC_TYPE": "0", "OLD_CODE": "748138229", "hub_crawl_status": 0}, {"QY_FR_NAME": "臧国莉", "QY_REGION": "110000", "QY_NAME": "北京市通州市政工程设计有限公司", "QY_REGION_NAME": "北京市", "QY_ORG_CODE": "91110112682865166N", "COLLECT_TIME": 1622264074000, "RN": 5, "QY_ID": "002105291254743127", "QY_SRC_TYPE": "0", "OLD_CODE": "682865166", "hub_crawl_status": 0}, {"QY_FR_NAME": "刘宝华", "QY_REGION": "110000", "QY_NAME": "北京市顺政市政设计有限公司", "QY_REGION_NAME": "北京市", "QY_ORG_CODE": "91110113102555269B", "COLLECT_TIME": 1622265211000, "RN": 6, "QY_ID": "002105291313946894", "QY_SRC_TYPE": "0", "OLD_CODE": "102555269", "hub_crawl_status": 0}]