[{"QY_FR_NAME": "李丞鹏", "QY_REGION": "110000", "QY_NAME": "北京中天路通工程勘测有限公司", "QY_REGION_NAME": "北京市", "QY_ORG_CODE": "911101177003359791", "COLLECT_TIME": 1622263196000, "RN": 1, "QY_ID": "002105291239452139", "QY_SRC_TYPE": "0", "OLD_CODE": "700335979", "hub_crawl_status": 0}, {"QY_FR_NAME": "王敬民", "QY_REGION": "110100", "QY_NAME": "中国城市建设研究院有限公司", "QY_REGION_NAME": "北京市-市辖区", "QY_ORG_CODE": "91110000400009055H", "COLLECT_TIME": 1622263197000, "RN": 2, "QY_ID": "002105291239453011", "QY_SRC_TYPE": "0", "OLD_CODE": "400009055", "hub_crawl_status": 0}, {"QY_FR_NAME": "王立勇", "QY_REGION": "110000", "QY_NAME": "北京邮通电信工程设计有限公司", "QY_REGION_NAME": "北京市", "QY_ORG_CODE": "911101021013989942", "COLLECT_TIME": 1622263197000, "RN": 3, "QY_ID": "002105291239453436", "QY_SRC_TYPE": "0", "OLD_CODE": "101398994", "hub_crawl_status": 0}, {"QY_FR_NAME": "武威", "QY_REGION": "110000", "QY_NAME": "北京综建科技有限公司", "QY_REGION_NAME": "北京市", "QY_ORG_CODE": "9111010171775765XB", "COLLECT_TIME": 1622263201000, "RN": 4, "QY_ID": "002105291240461964", "QY_SRC_TYPE": "0", "OLD_CODE": "71775765X", "hub_crawl_status": 0}, {"QY_FR_NAME": "郭主龙", "QY_REGION": "110000", "QY_NAME": "中交路桥建设有限公司", "QY_REGION_NAME": "北京市", "QY_ORG_CODE": "9111000059062789XU", "COLLECT_TIME": 1622263207000, "RN": 5, "QY_ID": "002105291240472894", "QY_SRC_TYPE": "0", "OLD_CODE": "59062789X", "hub_crawl_status": 0}, {"QY_FR_NAME": "王波", "QY_REGION": "110000", "QY_NAME": "中国京冶工程技术有限公司", "QY_REGION_NAME": "北京市", "QY_ORG_CODE": "91110108102055141N", "COLLECT_TIME": 1622263223000, "RN": 6, "QY_ID": "002105291240503530", "QY_SRC_TYPE": "0", "OLD_CODE": "102055141", "hub_crawl_status": 0}, {"QY_FR_NAME": "马金宝", "QY_REGION": "110000", "QY_NAME": "北京中水利德科技发展有限公司", "QY_REGION_NAME": "北京市", "QY_ORG_CODE": "9111010676994780XX", "COLLECT_TIME": 1622263224000, "RN": 7, "QY_ID": "002105291240503927", "QY_SRC_TYPE": "0", "OLD_CODE": "76994780X", "hub_crawl_status": 0}, {"QY_FR_NAME": "张啸林", "QY_REGION": "110000", "QY_NAME": "北京全路通信信号研究设计院集团有限公司", "QY_REGION_NAME": "北京市", "QY_ORG_CODE": "91110000102173949P", "COLLECT_TIME": 1622263229000, "RN": 8, "QY_ID": "002105291240513868", "QY_SRC_TYPE": "0", "OLD_CODE": "102173949", "hub_crawl_status": 0}, {"QY_FR_NAME": "董俊伟", "QY_REGION": "110000", "QY_NAME": "北京华晋中通电力工程设计有限公司", "QY_REGION_NAME": "北京市", "QY_ORG_CODE": "91110112569523666R", "COLLECT_TIME": 1622263230000, "RN": 9, "QY_ID": "002105291240516477", "QY_SRC_TYPE": "0", "OLD_CODE": "569523666", "hub_crawl_status": 0}, {"QY_FR_NAME": "王月红", "QY_REGION": "110000", "QY_NAME": "北京华瑞博远电力工程设计有限公司", "QY_REGION_NAME": "北京市", "QY_ORG_CODE": "91110302567484069J", "COLLECT_TIME": 1622263231000, "RN": 10, "QY_ID": "002105291240517101", "QY_SRC_TYPE": "0", "OLD_CODE": "567484069", "hub_crawl_status": 0}, {"QY_FR_NAME": "蒋剑彪", "QY_REGION": "110000", "QY_NAME": "北京九通衢检测技术股份有限公司", "QY_REGION_NAME": "北京市", "QY_ORG_CODE": "911101147533173287", "COLLECT_TIME": 1622263240000, "RN": 11, "QY_ID": "002105291240531822", "QY_SRC_TYPE": "0", "OLD_CODE": "753317328", "hub_crawl_status": 0}, {"QY_FR_NAME": "戴大军", "QY_REGION": "110000", "QY_NAME": "北京锦程前方科技有限公司", "QY_REGION_NAME": "北京市", "QY_ORG_CODE": "91110108767525662D", "COLLECT_TIME": 1622263244000, "RN": 12, "QY_ID": "002105291240537604", "QY_SRC_TYPE": "0", "OLD_CODE": "767525662", "hub_crawl_status": 0}, {"QY_FR_NAME": "罗新伟", "QY_REGION": "110000", "QY_NAME": "北京恒华伟业科技股份有限公司", "QY_REGION_NAME": "北京市", "QY_ORG_CODE": "91110000801210593B", "COLLECT_TIME": 1622263249000, "RN": 13, "QY_ID": "002105291240546807", "QY_SRC_TYPE": "0", "OLD_CODE": "801210593", "hub_crawl_status": 0}, {"QY_FR_NAME": "岳文朝", "QY_REGION": "110000", "QY_NAME": "中勘天成（北京）科技有限公司", "QY_REGION_NAME": "北京市", "QY_ORG_CODE": "91110108MA001EX00U", "COLLECT_TIME": 1622263251000, "RN": 14, "QY_ID": "002105291240549468", "QY_SRC_TYPE": "0", "OLD_CODE": "MA001EX00", "hub_crawl_status": 0}, {"QY_FR_NAME": "张印宗", "QY_REGION": "110000", "QY_NAME": "北京交达工程管理集团有限公司", "QY_REGION_NAME": "北京市", "QY_ORG_CODE": "91110108788627801T", "COLLECT_TIME": 1622263257000, "RN": 15, "QY_ID": "002105291240558634", "QY_SRC_TYPE": "0", "OLD_CODE": "788627801", "hub_crawl_status": 0}]