[{"RN": 31, "QY_ID": "002105291248700397", "QY_ORG_CODE": "91110108085494096F", "QY_NAME": "北京睿恩工程咨询有限责任公司", "QY_FR_NAME": "王久菊", "QY_REGION": "110000", "QY_REGION_NAME": "北京市", "OLD_CODE": "085494096", "COLLECT_TIME": 1622263739000, "QY_SRC_TYPE": "0", "hub_crawl_status": 0}, {"RN": 32, "QY_ID": "002105291254729715", "QY_ORG_CODE": "91110109736463278A", "QY_NAME": "北京国庄国际经济技术咨询有限公司", "QY_FR_NAME": "肖乐健", "QY_REGION": "110000", "QY_REGION_NAME": "北京市", "OLD_CODE": "736463278", "COLLECT_TIME": 1622264060000, "QY_SRC_TYPE": "0", "hub_crawl_status": 0}, {"RN": 33, "QY_ID": "002105291254759685", "QY_ORG_CODE": "9111011475528550X3", "QY_NAME": "北京特希达交通勘察设计院有限公司", "QY_FR_NAME": "蒋剑彪", "QY_REGION": "110000", "QY_REGION_NAME": "北京市", "OLD_CODE": "75528550X", "COLLECT_TIME": 1622264091000, "QY_SRC_TYPE": "0", "hub_crawl_status": 0}, {"RN": 34, "QY_ID": "002105291254759776", "QY_ORG_CODE": "911101076330946096", "QY_NAME": "北京京侨通信工程设计院有限公司", "QY_FR_NAME": "冯杰", "QY_REGION": "110000", "QY_REGION_NAME": "北京市", "OLD_CODE": "633094609", "COLLECT_TIME": 1622264091000, "QY_SRC_TYPE": "0", "hub_crawl_status": 0}, {"RN": 35, "QY_ID": "002105291255773133", "QY_ORG_CODE": "91110105061344608W", "QY_NAME": "北京中咨恒通工程咨询有限公司", "QY_FR_NAME": "王振", "QY_REGION": "110000", "QY_REGION_NAME": "北京市", "OLD_CODE": "061344608", "COLLECT_TIME": 1622264107000, "QY_SRC_TYPE": "0", "hub_crawl_status": 0}, {"RN": 36, "QY_ID": "002105291255773824", "QY_ORG_CODE": "9111010110150788XJ", "QY_NAME": "北京市电信工程设计院有限公司", "QY_FR_NAME": "江琪", "QY_REGION": "110000", "QY_REGION_NAME": "北京市", "OLD_CODE": "10150788X", "COLLECT_TIME": 1622264108000, "QY_SRC_TYPE": "0", "hub_crawl_status": 0}, {"RN": 37, "QY_ID": "002105291258783853", "QY_ORG_CODE": "91110105101251722G", "QY_NAME": "北京市热力工程设计有限责任公司", "QY_FR_NAME": "丁军", "QY_REGION": "110000", "QY_REGION_NAME": "北京市", "OLD_CODE": "101251722", "COLLECT_TIME": 1622264309000, "QY_SRC_TYPE": "0", "hub_crawl_status": 0}, {"RN": 38, "QY_ID": "002105291259823843", "QY_ORG_CODE": "91110108101986868M", "QY_NAME": "北京交大建筑勘察设计院有限公司", "QY_FR_NAME": "向宏军", "QY_REGION": "110100", "QY_REGION_NAME": "北京市-市辖区", "OLD_CODE": "101986868", "COLLECT_TIME": 1622264355000, "QY_SRC_TYPE": "0", "hub_crawl_status": 0}, {"RN": 39, "QY_ID": "002105291306879471", "QY_ORG_CODE": "91110114634389871E", "QY_NAME": "北京京昌工程测绘技术有限公司", "QY_FR_NAME": "余庆", "QY_REGION": "110000", "QY_REGION_NAME": "北京市", "OLD_CODE": "634389871", "COLLECT_TIME": 1622264761000, "QY_SRC_TYPE": "0", "hub_crawl_status": 0}, {"RN": 40, "QY_ID": "002105291306889817", "QY_ORG_CODE": "911101091023177976", "QY_NAME": "北京京能地质工程有限公司", "QY_FR_NAME": "王文考", "QY_REGION": "110000", "QY_REGION_NAME": "北京市", "OLD_CODE": "102317797", "COLLECT_TIME": 1622264771000, "QY_SRC_TYPE": "0", "hub_crawl_status": 0}, {"RN": 41, "QY_ID": "002105291312911371", "QY_ORG_CODE": "91110105747520776W", "QY_NAME": "北京大地航星测绘科技有限公司", "QY_FR_NAME": "张广文", "QY_REGION": "110000", "QY_REGION_NAME": "北京市", "OLD_CODE": "747520776", "COLLECT_TIME": 1622265171000, "QY_SRC_TYPE": "0", "hub_crawl_status": 0}, {"RN": 42, "QY_ID": "002105291322996359", "QY_ORG_CODE": "911101147635026902", "QY_NAME": "北京帝测科技股份有限公司", "QY_FR_NAME": "张向前", "QY_REGION": "110000", "QY_REGION_NAME": "北京市", "OLD_CODE": "763502690", "COLLECT_TIME": 1622265751000, "QY_SRC_TYPE": "0", "hub_crawl_status": 0}, {"RN": 43, "QY_ID": "002105291335088769", "QY_ORG_CODE": "91110113MA019QYQ70", "QY_NAME": "北京方圆恒通勘测设计有限公司", "QY_FR_NAME": "白雪峰", "QY_REGION": "110000", "QY_REGION_NAME": "北京市", "OLD_CODE": "MA019QYQ7", "COLLECT_TIME": 1622266557000, "QY_SRC_TYPE": "0", "hub_crawl_status": 0}]