[{"RN": 16, "QY_ID": "002105291241578353", "QY_ORG_CODE": "91110302757700076U", "QY_NAME": "中冶京诚工程技术有限公司", "QY_FR_NAME": "岳文彦", "QY_REGION": "110000", "QY_REGION_NAME": "北京市", "OLD_CODE": "757700076", "COLLECT_TIME": 1622263270000, "QY_SRC_TYPE": "0", "hub_crawl_status": 0}, {"RN": 17, "QY_ID": "002105291241587478", "QY_ORG_CODE": "91110107733468292E", "QY_NAME": "北京华融路通工程咨询有限公司", "QY_FR_NAME": "胡芳芳", "QY_REGION": "110000", "QY_REGION_NAME": "北京市", "OLD_CODE": "733468292", "COLLECT_TIME": 1622263277000, "QY_SRC_TYPE": "0", "hub_crawl_status": 0}, {"RN": 18, "QY_ID": "002105291241591588", "QY_ORG_CODE": "91110111MA0094UC6F", "QY_NAME": "北京房勘金地工程勘察设计有限公司", "QY_FR_NAME": "苗海良", "QY_REGION": "110000", "QY_REGION_NAME": "北京市", "OLD_CODE": "MA0094UC6", "COLLECT_TIME": 1622263280000, "QY_SRC_TYPE": "0", "hub_crawl_status": 0}, {"RN": 19, "QY_ID": "002105291241595331", "QY_ORG_CODE": "91110302700218692J", "QY_NAME": "北京逸群工程咨询有限公司", "QY_FR_NAME": "陈尚和", "QY_REGION": "110000", "QY_REGION_NAME": "北京市", "OLD_CODE": "700218692", "COLLECT_TIME": 1622263283000, "QY_SRC_TYPE": "0", "hub_crawl_status": 0}, {"RN": 20, "QY_ID": "002105291241605978", "QY_ORG_CODE": "911101075712703544", "QY_NAME": "北京意诚远耀勘测设计有限公司", "QY_FR_NAME": "冯振民", "QY_REGION": "110000", "QY_REGION_NAME": "北京市", "OLD_CODE": "571270354", "COLLECT_TIME": 1622263293000, "QY_SRC_TYPE": "0", "hub_crawl_status": 0}, {"RN": 21, "QY_ID": "002105291241626580", "QY_ORG_CODE": "911101027802218828", "QY_NAME": "北京乾华科技发展有限公司", "QY_FR_NAME": "陈晨", "QY_REGION": "110000", "QY_REGION_NAME": "北京市", "OLD_CODE": "780221882", "COLLECT_TIME": 1622263316000, "QY_SRC_TYPE": "0", "hub_crawl_status": 0}, {"RN": 22, "QY_ID": "002105291242631607", "QY_ORG_CODE": "911101020696178501", "QY_NAME": "北京启力岩土工程有限公司", "QY_FR_NAME": "朱寰", "QY_REGION": "110000", "QY_REGION_NAME": "北京市", "OLD_CODE": "069617850", "COLLECT_TIME": 1622263322000, "QY_SRC_TYPE": "0", "hub_crawl_status": 0}, {"RN": 23, "QY_ID": "002105291242631883", "QY_ORG_CODE": "91110000074130529R", "QY_NAME": "中国电力工程顾问集团新能源有限公司", "QY_FR_NAME": "刘建强", "QY_REGION": "110000", "QY_REGION_NAME": "北京市", "OLD_CODE": "074130529", "COLLECT_TIME": 1622263322000, "QY_SRC_TYPE": "0", "hub_crawl_status": 0}, {"RN": 24, "QY_ID": "002105291242634124", "QY_ORG_CODE": "91110108753346348K", "QY_NAME": "北京禹冰水利勘测规划设计有限公司", "QY_FR_NAME": "吴震", "QY_REGION": "110000", "QY_REGION_NAME": "北京市", "OLD_CODE": "753346348", "COLLECT_TIME": 1622263326000, "QY_SRC_TYPE": "0", "hub_crawl_status": 0}, {"RN": 25, "QY_ID": "002105291242644715", "QY_ORG_CODE": "911101147481407831", "QY_NAME": "北京石大东方工程设计有限公司", "QY_FR_NAME": "艾万发", "QY_REGION": "110000", "QY_REGION_NAME": "北京市", "OLD_CODE": "748140783", "COLLECT_TIME": 1622263346000, "QY_SRC_TYPE": "0", "hub_crawl_status": 0}, {"RN": 26, "QY_ID": "002105291248647467", "QY_ORG_CODE": "91110105101141240M", "QY_NAME": "北京京电电力工程设计有限公司", "QY_FR_NAME": "陈晓东", "QY_REGION": "110000", "QY_REGION_NAME": "北京市", "OLD_CODE": "101141240", "COLLECT_TIME": 1622263681000, "QY_SRC_TYPE": "0", "hub_crawl_status": 0}, {"RN": 27, "QY_ID": "002105291248656518", "QY_ORG_CODE": "91110105067290612P", "QY_NAME": "北京智慧宏图勘察测绘有限公司", "QY_FR_NAME": "崔智", "QY_REGION": "110000", "QY_REGION_NAME": "北京市", "OLD_CODE": "067290612", "COLLECT_TIME": 1622263689000, "QY_SRC_TYPE": "0", "hub_crawl_status": 0}, {"RN": 28, "QY_ID": "002105291248669576", "QY_ORG_CODE": "9111010210112976XW", "QY_NAME": "北京市市政专业设计院股份公司", "QY_FR_NAME": "刘四田", "QY_REGION": "110000", "QY_REGION_NAME": "北京市", "OLD_CODE": "10112976X", "COLLECT_TIME": 1622263702000, "QY_SRC_TYPE": "0", "hub_crawl_status": 0}, {"RN": 29, "QY_ID": "002105291248679307", "QY_ORG_CODE": "9111010830679697XM", "QY_NAME": "北京红海岸通信工程技术有限公司", "QY_FR_NAME": "崔具平", "QY_REGION": "110000", "QY_REGION_NAME": "北京市", "OLD_CODE": "30679697X", "COLLECT_TIME": 1622263710000, "QY_SRC_TYPE": "0", "hub_crawl_status": 0}, {"RN": 30, "QY_ID": "002105291248692339", "QY_ORG_CODE": "91110000102306211Q", "QY_NAME": "北京首钢国际工程技术有限公司", "QY_FR_NAME": "李杨", "QY_REGION": "110000", "QY_REGION_NAME": "北京市", "OLD_CODE": "102306211", "COLLECT_TIME": 1622263728000, "QY_SRC_TYPE": "0", "hub_crawl_status": 0}]