[{"RN": 16, "QY_ID": "002105291241618099", "QY_ORG_CODE": "911101051016586378", "QY_NAME": "北京石油化工工程有限公司", "QY_FR_NAME": "许缄涛", "QY_REGION": "110000", "QY_REGION_NAME": "北京市", "OLD_CODE": "101658637", "COLLECT_TIME": 1622263305000, "QY_SRC_TYPE": "0", "hub_crawl_status": 0}, {"RN": 17, "QY_ID": "002105291241618663", "QY_ORG_CODE": "91110108MA003KWF4M", "QY_NAME": "北京清源华建环境科技有限公司", "QY_FR_NAME": "刘树模", "QY_REGION": "110000", "QY_REGION_NAME": "北京市", "OLD_CODE": "MA003KWF4", "COLLECT_TIME": 1622263306000, "QY_SRC_TYPE": "0", "hub_crawl_status": 0}, {"RN": 18, "QY_ID": "002105291241621309", "QY_ORG_CODE": "911101087667684864", "QY_NAME": "北京汉通建筑规划设计有限公司", "QY_FR_NAME": "谭慧娇", "QY_REGION": "110000", "QY_REGION_NAME": "北京市", "OLD_CODE": "766768486", "COLLECT_TIME": 1622263308000, "QY_SRC_TYPE": "0", "hub_crawl_status": 0}, {"RN": 19, "QY_ID": "002105291242634124", "QY_ORG_CODE": "91110108753346348K", "QY_NAME": "北京禹冰水利勘测规划设计有限公司", "QY_FR_NAME": "吴震", "QY_REGION": "110000", "QY_REGION_NAME": "北京市", "OLD_CODE": "753346348", "COLLECT_TIME": 1622263326000, "QY_SRC_TYPE": "0", "hub_crawl_status": 0}, {"RN": 20, "QY_ID": "002105291242635453", "QY_ORG_CODE": "911101011012447766", "QY_NAME": "北京市住宅建筑设计研究院有限公司", "QY_FR_NAME": "李群", "QY_REGION": "110000", "QY_REGION_NAME": "北京市", "OLD_CODE": "101244776", "COLLECT_TIME": 1622263328000, "QY_SRC_TYPE": "0", "hub_crawl_status": 0}, {"RN": 21, "QY_ID": "002105291242642650", "QY_ORG_CODE": "911100007109292609", "QY_NAME": "中煤科工集团北京华宇工程有限公司", "QY_FR_NAME": "任有福", "QY_REGION": "110000", "QY_REGION_NAME": "北京市", "OLD_CODE": "710929260", "COLLECT_TIME": 1622263343000, "QY_SRC_TYPE": "0", "hub_crawl_status": 0}, {"RN": 22, "QY_ID": "002105291248672810", "QY_ORG_CODE": "911101057065650114", "QY_NAME": "中机十院国际工程有限公司", "QY_FR_NAME": "郝宏伟", "QY_REGION": "110000", "QY_REGION_NAME": "北京市", "OLD_CODE": "706565011", "COLLECT_TIME": 1622263704000, "QY_SRC_TYPE": "0", "hub_crawl_status": 0}, {"RN": 23, "QY_ID": "002105291248672833", "QY_ORG_CODE": "91110105101700225C", "QY_NAME": "中交综合规划设计院有限公司", "QY_FR_NAME": "黄振燕", "QY_REGION": "110100", "QY_REGION_NAME": "北京市-市辖区", "OLD_CODE": "101700225", "COLLECT_TIME": 1622263704000, "QY_SRC_TYPE": "0", "hub_crawl_status": 0}, {"RN": 24, "QY_ID": "002105291248683051", "QY_ORG_CODE": "91110000101112191T", "QY_NAME": "中铁华铁工程设计集团有限公司", "QY_FR_NAME": "彭晓华", "QY_REGION": "110000", "QY_REGION_NAME": "北京市", "OLD_CODE": "101112191", "COLLECT_TIME": 1622263715000, "QY_SRC_TYPE": "0", "hub_crawl_status": 0}, {"RN": 25, "QY_ID": "002105291249703164", "QY_ORG_CODE": "91110114MA017LLH6Y", "QY_NAME": "神华工程技术有限公司", "QY_FR_NAME": "彭晓春", "QY_REGION": "110000", "QY_REGION_NAME": "北京市", "OLD_CODE": "MA017LLH6", "COLLECT_TIME": 1622263743000, "QY_SRC_TYPE": "0", "hub_crawl_status": 0}, {"RN": 26, "QY_ID": "002105291249713693", "QY_ORG_CODE": "91110000726362369Y", "QY_NAME": "北京国道通公路设计研究院股份有限公司", "QY_FR_NAME": "景飒", "QY_REGION": "110100", "QY_REGION_NAME": "北京市-市辖区", "OLD_CODE": "726362369", "COLLECT_TIME": 1622263758000, "QY_SRC_TYPE": "0", "hub_crawl_status": 0}, {"RN": 27, "QY_ID": "002105291254718858", "QY_ORG_CODE": "91110000100009432T", "QY_NAME": "中国航空工业新能源投资有限公司", "QY_FR_NAME": "方近勇", "QY_REGION": "110000", "QY_REGION_NAME": "北京市", "OLD_CODE": "100009432", "COLLECT_TIME": 1622264047000, "QY_SRC_TYPE": "0", "hub_crawl_status": 0}, {"RN": 28, "QY_ID": "002105291254734417", "QY_ORG_CODE": "9111010680221924XQ", "QY_NAME": "北京中咨路捷工程技术咨询有限公司", "QY_FR_NAME": "冯松", "QY_REGION": "110000", "QY_REGION_NAME": "北京市", "OLD_CODE": "80221924X", "COLLECT_TIME": 1622264065000, "QY_SRC_TYPE": "0", "hub_crawl_status": 0}, {"RN": 29, "QY_ID": "002105291254739947", "QY_ORG_CODE": "91110107101631821T", "QY_NAME": "华诚博远工程技术集团有限公司", "QY_FR_NAME": "周伟", "QY_REGION": "110000", "QY_REGION_NAME": "北京市", "OLD_CODE": "101631821", "COLLECT_TIME": 1622264070000, "QY_SRC_TYPE": "0", "hub_crawl_status": 0}, {"RN": 30, "QY_ID": "002105291254741378", "QY_ORG_CODE": "911101081019461619", "QY_NAME": "北京海淀中京工程设计软件技术有限公司", "QY_FR_NAME": "王小强", "QY_REGION": "110000", "QY_REGION_NAME": "北京市", "OLD_CODE": "101946161", "COLLECT_TIME": 1622264072000, "QY_SRC_TYPE": "0", "hub_crawl_status": 0}]