[{"QY_FR_NAME": "李耀刚", "QY_REGION": "110000", "QY_NAME": "建设综合勘察研究设计院有限公司", "QY_REGION_NAME": "北京市", "QY_ORG_CODE": "91110000400002689G", "COLLECT_TIME": 1622263196000, "RN": 1, "QY_ID": "002105291239452140", "QY_SRC_TYPE": "0", "OLD_CODE": "400002689", "hub_crawl_status": 0}, {"QY_FR_NAME": "金永生", "QY_REGION": "110000", "QY_NAME": "北京永新环保有限公司", "QY_REGION_NAME": "北京市", "QY_ORG_CODE": "91110108700007035U", "COLLECT_TIME": 1622263197000, "RN": 2, "QY_ID": "002105291239453281", "QY_SRC_TYPE": "0", "OLD_CODE": "700007035", "hub_crawl_status": 0}, {"QY_FR_NAME": "王立杰", "QY_REGION": "110000", "QY_NAME": "蓝星工程有限公司", "QY_REGION_NAME": "北京市", "QY_ORG_CODE": "91110105777652403R", "COLLECT_TIME": 1622263211000, "RN": 3, "QY_ID": "002105291240480486", "QY_SRC_TYPE": "0", "OLD_CODE": "777652403", "hub_crawl_status": 0}, {"QY_FR_NAME": "刘玉莲", "QY_REGION": "110100", "QY_NAME": "国策众合（北京）建筑工程设计有限公司", "QY_REGION_NAME": "北京市-市辖区", "QY_ORG_CODE": "91110102055627978E", "COLLECT_TIME": 1622263218000, "RN": 4, "QY_ID": "002105291240495422", "QY_SRC_TYPE": "0", "OLD_CODE": "055627978", "hub_crawl_status": 0}, {"QY_FR_NAME": "李星文", "QY_REGION": "110000", "QY_NAME": "浦华控股有限公司", "QY_REGION_NAME": "北京市", "QY_ORG_CODE": "91110108765019221B", "COLLECT_TIME": 1622263222000, "RN": 5, "QY_ID": "002105291240501578", "QY_SRC_TYPE": "0", "OLD_CODE": "765019221", "hub_crawl_status": 0}, {"QY_FR_NAME": "曹文利", "QY_REGION": "110000", "QY_NAME": "北京中厦建筑设计研究院有限公司", "QY_REGION_NAME": "北京市", "QY_ORG_CODE": "91110109101928254L", "COLLECT_TIME": 1622263225000, "RN": 6, "QY_ID": "002105291240506671", "QY_SRC_TYPE": "0", "OLD_CODE": "101928254", "hub_crawl_status": 0}, {"QY_FR_NAME": "曹鹏", "QY_REGION": "110000", "QY_NAME": "北京交科公路勘察设计研究院有限公司", "QY_REGION_NAME": "北京市", "QY_ORG_CODE": "911101086336174810", "COLLECT_TIME": 1622263239000, "RN": 7, "QY_ID": "002105291240531003", "QY_SRC_TYPE": "0", "OLD_CODE": "633617481", "hub_crawl_status": 0}, {"QY_FR_NAME": "马汉东", "QY_REGION": "110000", "QY_NAME": "北京市建筑工程设计有限责任公司", "QY_REGION_NAME": "北京市", "QY_ORG_CODE": "91110000101386731Y", "COLLECT_TIME": 1622263269000, "RN": 8, "QY_ID": "002105291241575888", "QY_SRC_TYPE": "0", "OLD_CODE": "101386731", "hub_crawl_status": 0}, {"QY_FR_NAME": "付军", "QY_REGION": "110000", "QY_NAME": "北京市工业设计研究院有限公司", "QY_REGION_NAME": "北京市", "QY_ORG_CODE": "91110000717702712T", "COLLECT_TIME": 1622263269000, "RN": 9, "QY_ID": "002105291241575938", "QY_SRC_TYPE": "0", "OLD_CODE": "717702712", "hub_crawl_status": 0}, {"QY_FR_NAME": "赵笠钧", "QY_REGION": "110100", "QY_NAME": "博天环境集团股份有限公司", "QY_REGION_NAME": "北京市-市辖区", "QY_ORG_CODE": "91110108101609659C", "COLLECT_TIME": 1622263272000, "RN": 10, "QY_ID": "002105291241580598", "QY_SRC_TYPE": "0", "OLD_CODE": "101609659", "hub_crawl_status": 0}, {"QY_FR_NAME": "马征", "QY_REGION": "110000", "QY_NAME": "首煜建筑设计院（北京）有限公司", "QY_REGION_NAME": "北京市", "QY_ORG_CODE": "91110114MA00CDHR7T", "COLLECT_TIME": 1622263273000, "RN": 11, "QY_ID": "002105291241582557", "QY_SRC_TYPE": "0", "OLD_CODE": "MA00CDHR7", "hub_crawl_status": 0}, {"QY_FR_NAME": "李玉刚", "QY_REGION": "110000", "QY_NAME": "北京中领工程设计咨询有限公司", "QY_REGION_NAME": "北京市", "QY_ORG_CODE": "911101026336335962", "COLLECT_TIME": 1622263278000, "RN": 12, "QY_ID": "002105291241587807", "QY_SRC_TYPE": "0", "OLD_CODE": "633633596", "hub_crawl_status": 0}, {"QY_FR_NAME": "王建国", "QY_REGION": "110000", "QY_NAME": "北京市煤气热力工程设计院有限公司", "QY_REGION_NAME": "北京市", "QY_ORG_CODE": "91110102400708526T", "COLLECT_TIME": 1622263286000, "RN": 13, "QY_ID": "002105291241599514", "QY_SRC_TYPE": "0", "OLD_CODE": "400708526", "hub_crawl_status": 0}, {"QY_FR_NAME": "文一波", "QY_REGION": "110000", "QY_NAME": "北京桑德环境工程有限公司", "QY_REGION_NAME": "北京市", "QY_ORG_CODE": "911101087002363642", "COLLECT_TIME": 1622263286000, "RN": 14, "QY_ID": "002105291241599944", "QY_SRC_TYPE": "0", "OLD_CODE": "700236364", "hub_crawl_status": 0}, {"QY_FR_NAME": "姜鹏", "QY_REGION": "110000", "QY_NAME": "北京华茂中天建筑规划设计有限公司", "QY_REGION_NAME": "北京市", "QY_ORG_CODE": "911101027002916898", "COLLECT_TIME": 1622263299000, "RN": 15, "QY_ID": "002105291241612507", "QY_SRC_TYPE": "0", "OLD_CODE": "700291689", "hub_crawl_status": 0}]