[{"RN": 31, "QY_ID": "002105291254742659", "QY_ORG_CODE": "91110228MA01KK837K", "QY_NAME": "北京中夏工程设计有限公司", "QY_FR_NAME": "陈洪波", "QY_REGION": "110000", "QY_REGION_NAME": "北京市", "OLD_CODE": "MA01KK837", "COLLECT_TIME": 1622264074000, "QY_SRC_TYPE": "0", "hub_crawl_status": 0}, {"RN": 32, "QY_ID": "002105291254746927", "QY_ORG_CODE": "91110105101739779J", "QY_NAME": "北京北化研石化设计院有限公司", "QY_FR_NAME": "张韬毅", "QY_REGION": "110000", "QY_REGION_NAME": "北京市", "OLD_CODE": "101739779", "COLLECT_TIME": 1622264078000, "QY_SRC_TYPE": "0", "hub_crawl_status": 0}, {"RN": 33, "QY_ID": "002105291254753441", "QY_ORG_CODE": "9111010572398279XG", "QY_NAME": "北京东方利禾景观设计有限公司", "QY_FR_NAME": "刘旭", "QY_REGION": "110000", "QY_REGION_NAME": "北京市", "OLD_CODE": "72398279X", "COLLECT_TIME": 1622264085000, "QY_SRC_TYPE": "0", "hub_crawl_status": 0}, {"RN": 34, "QY_ID": "002105291254754123", "QY_ORG_CODE": "91110102700203984J", "QY_NAME": "水发绿建（北京）城市科技发展有限公司", "QY_FR_NAME": "孙金礼", "QY_REGION": "110100", "QY_REGION_NAME": "北京市-市辖区", "OLD_CODE": "700203984", "COLLECT_TIME": 1622264085000, "QY_SRC_TYPE": "0", "hub_crawl_status": 0}, {"RN": 35, "QY_ID": "002105291254759685", "QY_ORG_CODE": "9111011475528550X3", "QY_NAME": "北京特希达交通勘察设计院有限公司", "QY_FR_NAME": "蒋剑彪", "QY_REGION": "110000", "QY_REGION_NAME": "北京市", "OLD_CODE": "75528550X", "COLLECT_TIME": 1622264091000, "QY_SRC_TYPE": "0", "hub_crawl_status": 0}, {"RN": 36, "QY_ID": "002105291254761442", "QY_ORG_CODE": "91110109102336955F", "QY_NAME": "北京建达道桥咨询有限公司", "QY_FR_NAME": "杨征宇", "QY_REGION": "110000", "QY_REGION_NAME": "北京市", "OLD_CODE": "102336955", "COLLECT_TIME": 1622264094000, "QY_SRC_TYPE": "0", "hub_crawl_status": 0}, {"RN": 37, "QY_ID": "002105291255767228", "QY_ORG_CODE": "91110107685142000C", "QY_NAME": "国咨（北京）规划设计有限公司", "QY_FR_NAME": "何新", "QY_REGION": "110000", "QY_REGION_NAME": "北京市", "OLD_CODE": "685142000", "COLLECT_TIME": 1622264101000, "QY_SRC_TYPE": "0", "hub_crawl_status": 0}, {"RN": 38, "QY_ID": "002105291258783221", "QY_ORG_CODE": "9111010172143575X8", "QY_NAME": "北京远浪潮生态建设有限公司", "QY_FR_NAME": "王跃昌", "QY_REGION": "110000", "QY_REGION_NAME": "北京市", "OLD_CODE": "72143575X", "COLLECT_TIME": 1622264309000, "QY_SRC_TYPE": "0", "hub_crawl_status": 0}, {"RN": 39, "QY_ID": "002105291258784554", "QY_ORG_CODE": "91110000717824744L", "QY_NAME": "林产工业规划设计院", "QY_FR_NAME": "周岩", "QY_REGION": "110000", "QY_REGION_NAME": "北京市", "OLD_CODE": "717824744", "COLLECT_TIME": 1622264310000, "QY_SRC_TYPE": "0", "hub_crawl_status": 0}, {"RN": 40, "QY_ID": "002105291258786093", "QY_ORG_CODE": "91110105MA01ALLB3M", "QY_NAME": "南水工程勘察设计院有限责任公司", "QY_FR_NAME": "司道芬", "QY_REGION": "110000", "QY_REGION_NAME": "北京市", "OLD_CODE": "MA01ALLB3", "COLLECT_TIME": 1622264311000, "QY_SRC_TYPE": "0", "hub_crawl_status": 0}, {"RN": 41, "QY_ID": "002105291258794752", "QY_ORG_CODE": "91110115MA01G7L405", "QY_NAME": "北京中铁生态环境设计院有限公司", "QY_FR_NAME": "邓学燊", "QY_REGION": "110000", "QY_REGION_NAME": "北京市", "OLD_CODE": "MA01G7L40", "COLLECT_TIME": 1622264321000, "QY_SRC_TYPE": "0", "hub_crawl_status": 0}, {"RN": 42, "QY_ID": "002105291305846806", "QY_ORG_CODE": "91110102580865018T", "QY_NAME": "北京北排水务设计研究院有限公司", "QY_FR_NAME": "刘立超", "QY_REGION": "110000", "QY_REGION_NAME": "北京市", "OLD_CODE": "580865018", "COLLECT_TIME": 1622264722000, "QY_SRC_TYPE": "0", "hub_crawl_status": 0}, {"RN": 43, "QY_ID": "002105291313940829", "QY_ORG_CODE": "9111011158768077XC", "QY_NAME": "北京城景和市政工程设计有限公司", "QY_FR_NAME": "李文改", "QY_REGION": "110000", "QY_REGION_NAME": "北京市", "OLD_CODE": "58768077X", "COLLECT_TIME": 1622265204000, "QY_SRC_TYPE": "0", "hub_crawl_status": 0}, {"RN": 44, "QY_ID": "002105291313958818", "QY_ORG_CODE": "9111010810204467XX", "QY_NAME": "中规院（北京）规划设计有限公司", "QY_FR_NAME": "张全", "QY_REGION": "110100", "QY_REGION_NAME": "北京市-市辖区", "OLD_CODE": "10204467X", "COLLECT_TIME": 1622265230000, "QY_SRC_TYPE": "0", "hub_crawl_status": 0}, {"RN": 45, "QY_ID": "002105291322984943", "QY_ORG_CODE": "91110108726367469H", "QY_NAME": "国能朗新明环保科技有限公司", "QY_FR_NAME": "徐志清", "QY_REGION": "110000", "QY_REGION_NAME": "北京市", "OLD_CODE": "726367469", "COLLECT_TIME": 1622265737000, "QY_SRC_TYPE": "0", "hub_crawl_status": 0}]