[{"RN": 1, "QY_ID": "002105291248672833", "QY_ORG_CODE": "91110105101700225C", "QY_NAME": "中交综合规划设计院有限公司", "QY_FR_NAME": "黄振燕", "QY_REGION": "110100", "QY_REGION_NAME": "北京市-市辖区", "OLD_CODE": "101700225", "COLLECT_TIME": 1622263704000, "QY_SRC_TYPE": "0", "hub_crawl_status": 0}, {"RN": 2, "QY_ID": "002105291255773133", "QY_ORG_CODE": "91110105061344608W", "QY_NAME": "北京中咨恒通工程咨询有限公司", "QY_FR_NAME": "王振", "QY_REGION": "110000", "QY_REGION_NAME": "北京市", "OLD_CODE": "061344608", "COLLECT_TIME": 1622264107000, "QY_SRC_TYPE": "0", "hub_crawl_status": 0}]