[{"RN": 1, "QY_ID": "002105291242638653", "QY_ORG_CODE": "12345678999999189X", "QY_NAME": "空军研究院工程设计研究所", "QY_FR_NAME": "巩卫东", "QY_REGION": "110100", "QY_REGION_NAME": "北京市-市辖区", "OLD_CODE": "999999189", "COLLECT_TIME": 1622263334000, "QY_SRC_TYPE": "0", "hub_crawl_status": 0}, {"RN": 2, "QY_ID": "002105291254756169", "QY_ORG_CODE": "91110113MA01K8T2XG", "QY_NAME": "民航机场规划设计研究总院有限公司", "QY_FR_NAME": "马力", "QY_REGION": "110000", "QY_REGION_NAME": "北京市", "OLD_CODE": "MA01K8T2X", "COLLECT_TIME": 1622264087000, "QY_SRC_TYPE": "0", "hub_crawl_status": 0}]