[{"RN": 1, "QY_ID": "002105291241583159", "QY_ORG_CODE": "911101077715535355", "QY_NAME": "北京首钢矿山建设工程有限责任公司", "QY_FR_NAME": "周新林", "QY_REGION": "110000", "QY_REGION_NAME": "北京市", "OLD_CODE": "771553535", "COLLECT_TIME": 1622263274000, "QY_SRC_TYPE": "0", "hub_crawl_status": 0}, {"RN": 2, "QY_ID": "002105291241595302", "QY_ORG_CODE": "911101026717114014", "QY_NAME": "北京金润德工程技术有限公司", "QY_FR_NAME": "张振东", "QY_REGION": "110000", "QY_REGION_NAME": "北京市", "OLD_CODE": "671711401", "COLLECT_TIME": 1622263283000, "QY_SRC_TYPE": "0", "hub_crawl_status": 0}, {"RN": 3, "QY_ID": "002105291248655366", "QY_ORG_CODE": "911101057567190749", "QY_NAME": "北京华德创业环保设备有限公司", "QY_FR_NAME": "冯炳坤", "QY_REGION": "110000", "QY_REGION_NAME": "北京市", "OLD_CODE": "756719074", "COLLECT_TIME": 1622263688000, "QY_SRC_TYPE": "0", "hub_crawl_status": 0}]