[{"RN": 1, "QY_ID": "002105291239452267", "QY_ORG_CODE": "91110108747542254H", "QY_NAME": "北京李韫世纪结构设计事务所（普通合伙）", "QY_FR_NAME": "***", "QY_REGION": "110000", "QY_REGION_NAME": "北京市", "OLD_CODE": "747542254", "COLLECT_TIME": 1622263196000, "QY_SRC_TYPE": "0", "hub_crawl_status": 0}, {"RN": 2, "QY_ID": "002105291240494106", "QY_ORG_CODE": "91110105710931280N", "QY_NAME": "建研（北京）抗震工程结构设计事务所有限公司", "QY_FR_NAME": "杨沈", "QY_REGION": "110000", "QY_REGION_NAME": "北京市", "OLD_CODE": "710931280", "COLLECT_TIME": 1622263217000, "QY_SRC_TYPE": "0", "hub_crawl_status": 0}, {"RN": 3, "QY_ID": "002105291241568396", "QY_ORG_CODE": "91110108668436787U", "QY_NAME": "中天伟业（北京）结构设计事务所有限公司", "QY_FR_NAME": "薛世勇", "QY_REGION": "110000", "QY_REGION_NAME": "北京市", "OLD_CODE": "668436787", "COLLECT_TIME": 1622263263000, "QY_SRC_TYPE": "0", "hub_crawl_status": 0}, {"RN": 4, "QY_ID": "002105291249706151", "QY_ORG_CODE": "91110106MA004EEE0F", "QY_NAME": "北京中研中建建筑结构设计事务所有限公司", "QY_FR_NAME": "王宾", "QY_REGION": "110000", "QY_REGION_NAME": "北京市", "OLD_CODE": "MA004EEE0", "COLLECT_TIME": 1622263747000, "QY_SRC_TYPE": "0", "hub_crawl_status": 0}, {"RN": 5, "QY_ID": "002105291254740731", "QY_ORG_CODE": "9111010277199754XE", "QY_NAME": "北京九合正中结构设计事务所（普通合伙）", "QY_FR_NAME": "张小玲", "QY_REGION": "110000", "QY_REGION_NAME": "北京市", "OLD_CODE": "77199754X", "COLLECT_TIME": 1622264071000, "QY_SRC_TYPE": "0", "hub_crawl_status": 0}]