[{"RN": 1, "QY_ID": "002105291241577441", "QY_ORG_CODE": "91110102774741689M", "QY_NAME": "北京圆之翰工程技术有限公司", "QY_FR_NAME": "王结义", "QY_REGION": "110000", "QY_REGION_NAME": "北京市", "OLD_CODE": "774741689", "COLLECT_TIME": 1622263270000, "QY_SRC_TYPE": "0", "hub_crawl_status": 0}, {"RN": 2, "QY_ID": "002105291241610532", "QY_ORG_CODE": "911100007109261826", "QY_NAME": "天地科技股份有限公司", "QY_FR_NAME": "胡善亭", "QY_REGION": "110000", "QY_REGION_NAME": "北京市", "OLD_CODE": "710926182", "COLLECT_TIME": 1622263298000, "QY_SRC_TYPE": "0", "hub_crawl_status": 0}]