[{"QY_FR_NAME": "周国华", "QY_REGION": "110000", "QY_NAME": "北京中伟新辉电力技术有限公司", "QY_REGION_NAME": "北京市", "QY_ORG_CODE": "91110106MA004CJ965", "COLLECT_TIME": 1622263256000, "RN": 16, "QY_ID": "002105291240558077", "QY_SRC_TYPE": "0", "OLD_CODE": "MA004CJ96", "hub_crawl_status": 0}, {"QY_FR_NAME": "李宝贤", "QY_REGION": "110000", "QY_NAME": "北京德能电力勘察设计有限公司", "QY_REGION_NAME": "北京市", "QY_ORG_CODE": "91110105MA009RFUOA", "COLLECT_TIME": 1622263256000, "RN": 17, "QY_ID": "002105291240558078", "QY_SRC_TYPE": "0", "OLD_CODE": "MA009RFUO", "hub_crawl_status": 0}, {"QY_FR_NAME": "王树丽", "QY_REGION": "110000", "QY_NAME": "北京恒远电力设计有限公司", "QY_REGION_NAME": "北京市", "QY_ORG_CODE": "91110117MA0048P85E", "COLLECT_TIME": 1622263258000, "RN": 18, "QY_ID": "002105291240560494", "QY_SRC_TYPE": "0", "OLD_CODE": "MA0048P85", "hub_crawl_status": 0}, {"QY_FR_NAME": "马相君", "QY_REGION": "110000", "QY_NAME": "北京百和科信电力咨询有限公司", "QY_REGION_NAME": "北京市", "QY_ORG_CODE": "91110117592316737B", "COLLECT_TIME": 1622263261000, "RN": 19, "QY_ID": "002105291241565031", "QY_SRC_TYPE": "0", "OLD_CODE": "592316737", "hub_crawl_status": 0}, {"QY_FR_NAME": "刘晓民", "QY_REGION": "110000", "QY_NAME": "北京华商三优新能源科技有限公司", "QY_REGION_NAME": "北京市", "QY_ORG_CODE": "91110112551433697H", "COLLECT_TIME": 1622263273000, "RN": 20, "QY_ID": "002105291241582648", "QY_SRC_TYPE": "0", "OLD_CODE": "551433697", "hub_crawl_status": 0}, {"QY_FR_NAME": "李勇", "QY_REGION": "110000", "QY_NAME": "北京国能汇达电力设计咨询有限公司", "QY_REGION_NAME": "北京市", "QY_ORG_CODE": "91110106MA00BTUN5X", "COLLECT_TIME": 1622263284000, "RN": 21, "QY_ID": "002105291241597729", "QY_SRC_TYPE": "0", "OLD_CODE": "MA00BTUN5", "hub_crawl_status": 0}, {"QY_FR_NAME": "郝强", "QY_REGION": "110000", "QY_NAME": "北京全汇兴电力设计有限公司", "QY_REGION_NAME": "北京市", "QY_ORG_CODE": "91110112699646875C", "COLLECT_TIME": 1622263289000, "RN": 22, "QY_ID": "002105291241602218", "QY_SRC_TYPE": "0", "OLD_CODE": "699646875", "hub_crawl_status": 0}, {"QY_FR_NAME": "张硕", "QY_REGION": "110000", "QY_NAME": "北京优安捷电力设计咨询有限公司", "QY_REGION_NAME": "北京市", "QY_ORG_CODE": "911101150592403834", "COLLECT_TIME": 1622263300000, "RN": 23, "QY_ID": "002105291241612728", "QY_SRC_TYPE": "0", "OLD_CODE": "059240383", "hub_crawl_status": 0}, {"QY_FR_NAME": "饶明琪", "QY_REGION": "110000", "QY_NAME": "国能京源（北京）咨询有限公司", "QY_REGION_NAME": "北京市", "QY_ORG_CODE": "91110117351646890B", "COLLECT_TIME": 1622263316000, "RN": 24, "QY_ID": "002105291241626557", "QY_SRC_TYPE": "0", "OLD_CODE": "351646890", "hub_crawl_status": 0}, {"QY_FR_NAME": "张浩", "QY_REGION": "110000", "QY_NAME": "北京建芳伟业建筑工程有限责任公司", "QY_REGION_NAME": "北京市", "QY_ORG_CODE": "91110112592325852U", "COLLECT_TIME": 1622263329000, "RN": 25, "QY_ID": "002105291242636171", "QY_SRC_TYPE": "0", "OLD_CODE": "592325852", "hub_crawl_status": 0}, {"QY_FR_NAME": "阴爱泊", "QY_REGION": "110000", "QY_NAME": "北京科电电力工程设计有限公司", "QY_REGION_NAME": "北京市", "QY_ORG_CODE": "911101157916315024", "COLLECT_TIME": 1622263683000, "RN": 26, "QY_ID": "002105291248649347", "QY_SRC_TYPE": "0", "OLD_CODE": "791631502", "hub_crawl_status": 0}, {"QY_FR_NAME": "史紫云", "QY_REGION": "110000", "QY_NAME": "北京国电天瑞工程勘测设计有限公司", "QY_REGION_NAME": "北京市", "QY_ORG_CODE": "91110115MA00A2QG3C", "COLLECT_TIME": 1622263685000, "RN": 27, "QY_ID": "002105291248652493", "QY_SRC_TYPE": "0", "OLD_CODE": "MA00A2QG3", "hub_crawl_status": 0}, {"QY_FR_NAME": "姜楠", "QY_REGION": "110000", "QY_NAME": "北京开元诚迅电力工程设计有限公司", "QY_REGION_NAME": "北京市", "QY_ORG_CODE": "91110117660518307X", "COLLECT_TIME": 1622263706000, "RN": 28, "QY_ID": "002105291248675715", "QY_SRC_TYPE": "0", "OLD_CODE": "660518307", "hub_crawl_status": 0}, {"QY_FR_NAME": "许凤贤", "QY_REGION": "110000", "QY_NAME": "北京信海通工程设计有限公司", "QY_REGION_NAME": "北京市", "QY_ORG_CODE": "91110105584433052G", "COLLECT_TIME": 1622263710000, "RN": 29, "QY_ID": "002105291248679292", "QY_SRC_TYPE": "0", "OLD_CODE": "584433052", "hub_crawl_status": 0}, {"QY_FR_NAME": "施雷", "QY_REGION": "110000", "QY_NAME": "北京瑞奇利工程设计咨询有限公司", "QY_REGION_NAME": "北京市", "QY_ORG_CODE": "911101086605282574", "COLLECT_TIME": 1622263718000, "RN": 30, "QY_ID": "002105291248686061", "QY_SRC_TYPE": "0", "OLD_CODE": "660528257", "hub_crawl_status": 0}]