[{"RN": 31, "QY_ID": "002105291248697267", "QY_ORG_CODE": "91110115MA01FX2Y01", "QY_NAME": "北京智宇天成设计咨询有限公司", "QY_FR_NAME": "李广全", "QY_REGION": "110000", "QY_REGION_NAME": "北京市", "OLD_CODE": "MA01FX2Y0", "COLLECT_TIME": 1622263733000, "QY_SRC_TYPE": "0", "hub_crawl_status": 0}, {"RN": 32, "QY_ID": "002105291248697760", "QY_ORG_CODE": "91110116085497975M", "QY_NAME": "北京京电发电力工程设计有限公司", "QY_FR_NAME": "李会", "QY_REGION": "110000", "QY_REGION_NAME": "北京市", "OLD_CODE": "085497975", "COLLECT_TIME": 1622263734000, "QY_SRC_TYPE": "0", "hub_crawl_status": 0}, {"RN": 33, "QY_ID": "002105291248698447", "QY_ORG_CODE": "911101027355940142", "QY_NAME": "北京华商远大电力建设有限公司", "QY_FR_NAME": "王大为", "QY_REGION": "110000", "QY_REGION_NAME": "北京市", "OLD_CODE": "735594014", "COLLECT_TIME": 1622263735000, "QY_SRC_TYPE": "0", "hub_crawl_status": 0}, {"RN": 34, "QY_ID": "002105291249703164", "QY_ORG_CODE": "91110114MA017LLH6Y", "QY_NAME": "神华工程技术有限公司", "QY_FR_NAME": "彭晓春", "QY_REGION": "110000", "QY_REGION_NAME": "北京市", "OLD_CODE": "MA017LLH6", "COLLECT_TIME": 1622263743000, "QY_SRC_TYPE": "0", "hub_crawl_status": 0}, {"RN": 35, "QY_ID": "002105291249713694", "QY_ORG_CODE": "91110105737676363E", "QY_NAME": "北京科瑞基工程设计咨询有限公司", "QY_FR_NAME": "王春增", "QY_REGION": "110000", "QY_REGION_NAME": "北京市", "OLD_CODE": "737676363", "COLLECT_TIME": 1622263758000, "QY_SRC_TYPE": "0", "hub_crawl_status": 0}, {"RN": 36, "QY_ID": "002105291254721105", "QY_ORG_CODE": "91110106MA01LJ4936", "QY_NAME": "北京中京惠工程设计有限公司", "QY_FR_NAME": "李涛", "QY_REGION": "110000", "QY_REGION_NAME": "北京市", "OLD_CODE": "MA01LJ493", "COLLECT_TIME": 1622264049000, "QY_SRC_TYPE": "0", "hub_crawl_status": 0}, {"RN": 37, "QY_ID": "002105291254735285", "QY_ORG_CODE": "91110106760125447W", "QY_NAME": "北京国电远方工程技术服务中心", "QY_FR_NAME": "杜淑琴", "QY_REGION": "110000", "QY_REGION_NAME": "北京市", "OLD_CODE": "760125447", "COLLECT_TIME": 1622264066000, "QY_SRC_TYPE": "0", "hub_crawl_status": 0}, {"RN": 38, "QY_ID": "002105291254736646", "QY_ORG_CODE": "91110106748138229G", "QY_NAME": "北京中天正通工程设计有限公司", "QY_FR_NAME": "余友君", "QY_REGION": "110000", "QY_REGION_NAME": "北京市", "OLD_CODE": "748138229", "COLLECT_TIME": 1622264067000, "QY_SRC_TYPE": "0", "hub_crawl_status": 0}, {"RN": 39, "QY_ID": "002105291254738009", "QY_ORG_CODE": "91110115082849429H", "QY_NAME": "北京京盛兴烨电力工程设计有限公司", "QY_FR_NAME": "王帆", "QY_REGION": "110000", "QY_REGION_NAME": "北京市", "OLD_CODE": "082849429", "COLLECT_TIME": 1622264068000, "QY_SRC_TYPE": "0", "hub_crawl_status": 0}, {"RN": 40, "QY_ID": "002105291254738015", "QY_ORG_CODE": "911101020627769202", "QY_NAME": "北京国网合创电力工程设计有限公司", "QY_FR_NAME": "王浜", "QY_REGION": "110000", "QY_REGION_NAME": "北京市", "OLD_CODE": "062776920", "COLLECT_TIME": 1622264068000, "QY_SRC_TYPE": "0", "hub_crawl_status": 0}, {"RN": 41, "QY_ID": "002105291254742158", "QY_ORG_CODE": "9111011110282625X3", "QY_NAME": "北京盛佳捷电力工程设计有限公司", "QY_FR_NAME": "郭建鹏", "QY_REGION": "110000", "QY_REGION_NAME": "北京市", "OLD_CODE": "10282625X", "COLLECT_TIME": 1622264073000, "QY_SRC_TYPE": "0", "hub_crawl_status": 0}, {"RN": 42, "QY_ID": "002105291254752982", "QY_ORG_CODE": "91110000597692141M", "QY_NAME": "北京市建筑设计研究院有限公司", "QY_FR_NAME": "徐全胜", "QY_REGION": "110000", "QY_REGION_NAME": "北京市", "OLD_CODE": "597692141", "COLLECT_TIME": 1622264084000, "QY_SRC_TYPE": "0", "hub_crawl_status": 0}, {"RN": 43, "QY_ID": "002105291258798343", "QY_ORG_CODE": "91110106102187523W", "QY_NAME": "北京路明路灯电气安装有限公司", "QY_FR_NAME": "温大吉", "QY_REGION": "110000", "QY_REGION_NAME": "北京市", "OLD_CODE": "102187523", "COLLECT_TIME": 1622264324000, "QY_SRC_TYPE": "0", "hub_crawl_status": 0}, {"RN": 44, "QY_ID": "002105291258804492", "QY_ORG_CODE": "91110114700349940B", "QY_NAME": "华合（北京）国际工程设计有限公司", "QY_FR_NAME": "王默", "QY_REGION": "110000", "QY_REGION_NAME": "北京市", "OLD_CODE": "700349940", "COLLECT_TIME": 1622264330000, "QY_SRC_TYPE": "0", "hub_crawl_status": 0}, {"RN": 45, "QY_ID": "002105291258809833", "QY_ORG_CODE": "91110102666937166M", "QY_NAME": "北京万弘佳景电力工程设计有限公司", "QY_FR_NAME": "郭成英", "QY_REGION": "110000", "QY_REGION_NAME": "北京市", "OLD_CODE": "666937166", "COLLECT_TIME": 1622264338000, "QY_SRC_TYPE": "0", "hub_crawl_status": 0}]